
#if defined(LV_LVGL_H_INCLUDE_SIMPLE)
#include "lvgl.h"
#elif defined(LV_LVGL_H_INCLUDE_SYSTEM)
#include <lvgl.h>
#elif defined(LV_BUILD_TEST)
#include "../lvgl.h"
#else
#include "lvgl.h"
#endif

#ifndef LV_ATTRIBUTE_MEM_ALIGN
#define LV_ATTRIBUTE_MEM_ALIGN
#endif

#ifndef LV_ATTRIBUTE_FOLOTOY_POMODORO_SCENE_NIGHT_FOCUS
#define LV_ATTRIBUTE_FOLOTOY_POMODORO_SCENE_NIGHT_FOCUS
#endif

static const
LV_ATTRIBUTE_MEM_ALIGN LV_ATTRIBUTE_LARGE_CONST LV_ATTRIBUTE_FOLOTOY_POMODORO_SCENE_NIGHT_FOCUS
uint8_t folotoy_pomodoro_scene_night_focus_map[] = {
    0x19,0xdf,0x19,0xdf,0x19,0xdf,0x19,0xdf,0x19,0xdf,0x19,0xdf,0x19,0xdf,0x19,0xdf,0x19,0xdf,0x19,0xdf,0x19,0xdf,0x19,0xdf,0x19,0xdf,0x19,0xdf,0x19,0xdf,0x19,0xdf,
    0x19,0xdf,0x19,0xdf,0x19,0xdf,0x19,0xdf,0x19,0xdf,0x19,0xdf,0x19,0xdf,0x19,0xdf,0x19,0xdf,0x19,0xdf,0x19,0xdf,0x19,0xdf,0x19,0xdf,0x19,0xdf,0x19,0xdf,0x19,0xdf,
    0x19,0xdf,0x19,0xdf,0x19,0xdf,0x19,0xdf,0x19,0xdf,0x19,0xdf,0x19,0xdf,0x19,0xdf,0x19,0xdf,0x19,0xdf,0x19,0xdf,0x19,0xdf,0x19,0xdf,0x19,0xdf,0x19,0xdf,0x19,0xdf,
    0x19,0xdf,0x19,0xdf,0x19,0xdf,0x19,0xdf,0x19,0xdf,0x19,0xdf,0x19,0xdf,0x19,0xdf,0x19,0xdf,0x19,0xdf,0x19,0xdf,0x19,0xdf,0x19,0xdf,0x19,0xdf,0x19,0xdf,0x19,0xdf,
    0x19,0xdf,0x19,0xdf,0x19,0xdf,0x19,0xdf,0x19,0xdf,0x19,0xdf,0x19,0xdf,0x19,0xdf,0x19,0xdf,0x19,0xdf,0x19,0xdf,0x19,0xdf,0x19,0xdf,0x19,0xdf,0x19,0xdf,0x19,0xdf,
    0x19,0xdf,0x19,0xdf,0x19,0xdf,0x19,0xdf,0x19,0xdf,0x19,0xdf,0x19,0xdf,0x19,0xdf,0x19,0xdf,0x19,0xdf,0x19,0xdf,0x19,0xdf,0x19,0xdf,0x19,0xdf,0x19,0xdf,0x19,0xdf,
    0x19,0xdf,0x19,0xdf,0x19,0xdf,0x19,0xdf,0x19,0xdf,0x19,0xdf,0x19,0xdf,0x19,0xdf,0x19,0xdf,0x19,0xdf,0x19,0xdf,0x19,0xdf,0x19,0xdf,0x19,0xdf,0x19,0xdf,0x19,0xdf,
    0x19,0xdf,0x19,0xdf,0x19,0xdf,0x19,0xdf,0x19,0xdf,0x19,0xdf,0x19,0xdf,0x19,0xdf,0x19,0xdf,0x19,0xdf,0x19,0xdf,0x19,0xdf,0x19,0xdf,0x19,0xdf,0x19,0xdf,0x19,0xdf,
    0x19,0xdf,0x19,0xdf,0x19,0xdf,0x19,0xdf,0x19,0xdf,0x19,0xdf,0x19,0xdf,0x19,0xdf,0x19,0xdf,0x19,0xdf,0x19,0xdf,0x19,0xdf,0x19,0xdf,0x19,0xdf,0x19,0xdf,0x19,0xdf,
    0x19,0xdf,0x19,0xdf,0x19,0xdf,0x19,0xdf,0x19,0xdf,0x19,0xdf,0x19,0xdf,0x19,0xdf,0x19,0xdf,0x19,0xdf,0x19,0xdf,0x19,0xdf,0x19,0xdf,0x19,0xdf,0x19,0xdf,0x19,0xdf,
    0x19,0xdf,0x19,0xdf,0x19,0xdf,0x19,0xdf,0x19,0xdf,0x19,0xdf,0x19,0xdf,0x19,0xdf,0x19,0xdf,0x19,0xdf,0x19,0xdf,0x19,0xdf,0x19,0xdf,0x19,0xdf,0x19,0xdf,0x19,0xdf,
    0x19,0xdf,0x19,0xdf,0x19,0xdf,0x19,0xdf,0x19,0xdf,0x19,0xdf,0x19,0xdf,0x19,0xdf,0x19,0xdf,0x19,0xdf,0x19,0xdf,0x19,0xdf,0x19,0xdf,0x19,0xdf,0x19,0xdf,0x19,0xdf,
    0x19,0xdf,0x19,0xdf,0x19,0xdf,0x19,0xdf,0x19,0xdf,0x19,0xdf,0x19,0xdf,0x19,0xdf,0x19,0xdf,0x19,0xdf,0x19,0xdf,0x19,0xdf,0x19,0xdf,0x19,0xdf,0x19,0xdf,0x19,0xdf,
    0x19,0xdf,0x19,0xdf,0x19,0xdf,0x19,0xdf,0x19,0xdf,0x19,0xdf,0x19,0xdf,0x19,0xdf,0x19,0xdf,0x19,0xdf,0x19,0xdf,0x19,0xdf,0x19,0xdf,0x19,0xdf,0x19,0xdf,0x19,0xdf,
    0x19,0xdf,0x19,0xdf,0x19,0xdf,0x19,0xdf,0x19,0xdf,0x19,0xdf,0x19,0xdf,0x19,0xdf,0x19,0xdf,0x19,0xdf,0x19,0xdf,0x19,0xdf,0x19,0xdf,0x19,0xdf,0x19,0xdf,0x19,0xdf,
    0x19,0xdf,0x19,0xdf,0x19,0xdf,0x19,0xdf,0x19,0xdf,0x19,0xdf,0x19,0xdf,0x19,0xdf,0x19,0xdf,0x19,0xdf,0x19,0xdf,0x19,0xdf,0x19,0xdf,0x19,0xdf,0x19,0xdf,0x19,0xdf,
    0x19,0xdf,0x19,0xdf,0x19,0xdf,0x19,0xdf,0x19,0xdf,0x19,0xdf,0x19,0xdf,0x19,0xdf,0x19,0xdf,0x19,0xdf,0x19,0xdf,0x19,0xdf,0x19,0xdf,0x19,0xdf,0x19,0xdf,0x19,0xdf,
    0x19,0xdf,0x19,0xdf,0x19,0xdf,0x19,0xdf,0x19,0xdf,0x19,0xdf,0x19,0xdf,0x19,0xdf,0x19,0xdf,0x19,0xdf,0x19,0xdf,0x19,0xdf,0x19,0xdf,0x19,0xdf,0x19,0xdf,0x19,0xdf,
    0x19,0xdf,0x19,0xdf,0x19,0xdf,0x19,0xdf,0x19,0xdf,0x19,0xdf,0x19,0xdf,0x19,0xdf,0x19,0xdf,0x19,0xdf,0x19,0xdf,0x19,0xdf,0x19,0xdf,0x19,0xdf,0x19,0xdf,0x19,0xdf,
    0x19,0xdf,0x19,0xdf,0x19,0xdf,0x19,0xdf,0x19,0xdf,0x19,0xdf,0x19,0xdf,0x19,0xdf,0x19,0xdf,0x19,0xdf,0x19,0xdf,0x19,0xdf,0x19,0xdf,0x19,0xdf,0x19,0xdf,0x19,0xdf,
    0x19,0xdf,0x19,0xdf,0x19,0xdf,0x19,0xdf,0x19,0xdf,0x19,0xdf,0x19,0xdf,0x19,0xdf,0x19,0xdf,0x19,0xdf,0x19,0xdf,0x19,0xdf,0x19,0xdf,0x19,0xdf,0x19,0xdf,0x19,0xdf,
    0x19,0xdf,0x19,0xdf,0x19,0xdf,0x19,0xdf,0x19,0xdf,0x19,0xdf,0x19,0xdf,0x19,0xdf,0x19,0xdf,0x19,0xdf,0x19,0xdf,0x19,0xdf,0x19,0xdf,0x19,0xdf,0x19,0xdf,0x19,0xdf,
    0x19,0xdf,0x19,0xdf,0x19,0xdf,0x19,0xdf,0x19,0xdf,0x19,0xdf,0x19,0xdf,0x19,0xdf,0x19,0xdf,0x19,0xdf,0x19,0xdf,0x19,0xdf,0x19,0xdf,0x19,0xdf,0x19,0xdf,0x19,0xdf,
    0x19,0xdf,0x19,0xdf,0x19,0xdf,0x19,0xdf,0x19,0xdf,0x19,0xdf,0x19,0xdf,0x19,0xdf,0x19,0xdf,0x19,0xdf,0x19,0xdf,0x19,0xdf,0x19,0xdf,0x19,0xdf,0x19,0xdf,0x19,0xdf,
    0x19,0xdf,0x19,0xdf,0x19,0xdf,0x19,0xdf,0x19,0xdf,0x19,0xdf,0x19,0xdf,0x19,0xdf,0x19,0xdf,0x19,0xdf,0x19,0xdf,0x19,0xdf,0x19,0xdf,0x19,0xdf,0x19,0xdf,0x19,0xdf,
    0x19,0xdf,0x19,0xdf,0x19,0xdf,0x19,0xdf,0x19,0xdf,0x19,0xdf,0x19,0xdf,0x19,0xdf,0x19,0xdf,0x19,0xdf,0x19,0xdf,0x19,0xdf,0x19,0xdf,0x19,0xdf,0x19,0xdf,0x19,0xdf,
    0x19,0xdf,0x19,0xdf,0x19,0xdf,0x19,0xdf,0x19,0xdf,0x19,0xdf,0x19,0xdf,0x19,0xdf,0x19,0xdf,0x19,0xdf,0x19,0xdf,0x19,0xdf,0x19,0xdf,0x19,0xdf,0x19,0xdf,0x19,0xdf,
    0x19,0xdf,0x19,0xdf,0x19,0xdf,0x19,0xdf,0x19,0xdf,0x19,0xdf,0x19,0xdf,0x19,0xdf,0x19,0xdf,0x19,0xdf,0x19,0xdf,0x19,0xdf,0x19,0xdf,0x19,0xdf,0x19,0xdf,0x19,0xdf,
    0x19,0xdf,0x19,0xdf,0x19,0xdf,0x19,0xdf,0x19,0xdf,0x19,0xdf,0x19,0xdf,0x19,0xdf,0x19,0xdf,0x19,0xdf,0x19,0xdf,0x19,0xdf,0x19,0xdf,0x19,0xdf,0x19,0xdf,0x19,0xdf,
    0x19,0xdf,0x19,0xdf,0x19,0xdf,0x19,0xdf,0x19,0xdf,0x19,0xdf,0x19,0xdf,0x19,0xdf,0x19,0xdf,0x19,0xdf,0x19,0xdf,0x19,0xdf,0x19,0xdf,0x19,0xdf,0x19,0xdf,0x19,0xdf,
    0x19,0xdf,0x19,0xdf,0x19,0xdf,0x19,0xdf,0x19,0xdf,0x19,0xdf,0x19,0xdf,0x19,0xdf,0x19,0xdf,0x19,0xdf,0x19,0xdf,0x19,0xdf,0x19,0xdf,0x19,0xdf,0x19,0xdf,0x19,0xdf,
    0x19,0xdf,0x19,0xdf,0x19,0xdf,0x19,0xdf,0x19,0xdf,0x19,0xdf,0x19,0xdf,0x19,0xdf,0x19,0xdf,0x19,0xdf,0x19,0xdf,0x19,0xdf,0x19,0xdf,0x19,0xdf,0x19,0xdf,0x19,0xdf,
    0x19,0xdf,0x19,0xdf,0x19,0xdf,0x19,0xdf,0x19,0xdf,0x19,0xdf,0x19,0xdf,0x19,0xdf,0x19,0xdf,0x19,0xdf,0x19,0xdf,0x19,0xdf,0x19,0xdf,0x19,0xdf,0x19,0xdf,0x19,0xdf,
    0x19,0xdf,0x19,0xdf,0x19,0xdf,0x19,0xdf,0x19,0xdf,0x19,0xdf,0x19,0xdf,0x19,0xdf,0x19,0xdf,0x19,0xdf,0x19,0xdf,0x19,0xdf,0x19,0xdf,0x19,0xdf,0x19,0xdf,0x19,0xdf,
    0x19,0xdf,0x19,0xdf,0x19,0xdf,0x19,0xdf,0x19,0xdf,0x19,0xdf,0x19,0xdf,0x19,0xdf,0x19,0xdf,0x19,0xdf,0x19,0xdf,0x19,0xdf,0x19,0xdf,0x19,0xdf,0x19,0xdf,0x19,0xdf,
    0x19,0xdf,0x19,0xdf,0x19,0xdf,0x19,0xdf,0x19,0xdf,0x19,0xdf,0x19,0xdf,0x19,0xdf,0x19,0xdf,0x19,0xdf,0x19,0xdf,0x19,0xdf,0x19,0xdf,0x19,0xdf,0x19,0xdf,0x19,0xdf,
    0x19,0xdf,0x19,0xdf,0x19,0xdf,0x19,0xdf,0x19,0xdf,0x19,0xdf,0x19,0xdf,0x19,0xdf,0x19,0xdf,0x19,0xdf,0x19,0xdf,0x19,0xdf,0x19,0xdf,0x19,0xdf,0x19,0xdf,0x19,0xdf,
    0x19,0xdf,0x19,0xdf,0x19,0xdf,0x19,0xdf,0x19,0xdf,0x19,0xdf,0x19,0xdf,0x19,0xdf,0x19,0xdf,0x19,0xdf,0x19,0xdf,0x19,0xdf,0x19,0xdf,0x19,0xdf,0x19,0xdf,0x19,0xdf,
    0x19,0xdf,0x19,0xdf,0x19,0xdf,0x19,0xdf,0x19,0xdf,0x19,0xdf,0x19,0xdf,0x19,0xdf,0x19,0xdf,0x19,0xdf,0x19,0xdf,0x19,0xdf,0x19,0xdf,0x19,0xdf,0x19,0xdf,0x19,0xdf,
    0x19,0xdf,0x19,0xdf,0x19,0xdf,0x19,0xdf,0x19,0xdf,0x19,0xdf,0x19,0xdf,0x19,0xdf,0x19,0xdf,0x19,0xdf,0x19,0xdf,0x19,0xdf,0x19,0xdf,0x19,0xdf,0x19,0xdf,0x19,0xdf,
    0x19,0xdf,0x19,0xdf,0x19,0xdf,0x19,0xdf,0x19,0xdf,0x19,0xdf,0x19,0xdf,0x19,0xdf,0x19,0xdf,0x19,0xdf,0x19,0xdf,0x19,0xdf,0x19,0xdf,0x19,0xdf,0x19,0xdf,0x19,0xdf,
    0x19,0xdf,0x19,0xdf,0x19,0xdf,0x19,0xdf,0x19,0xdf,0x19,0xdf,0x19,0xdf,0x19,0xdf,0x19,0xdf,0x19,0xdf,0x19,0xdf,0x19,0xdf,0x19,0xdf,0x19,0xdf,0x19,0xdf,0x19,0xdf,
    0x19,0xdf,0x19,0xdf,0x19,0xdf,0x19,0xdf,0x19,0xdf,0x19,0xdf,0x19,0xdf,0x19,0xdf,0x19,0xdf,0x19,0xdf,0x19,0xdf,0x19,0xdf,0x19,0xdf,0x19,0xdf,0x19,0xdf,0x19,0xdf,
    0x19,0xdf,0x19,0xdf,0x19,0xdf,0x19,0xdf,0x19,0xdf,0x19,0xdf,0x19,0xdf,0x19,0xdf,0x19,0xdf,0x19,0xdf,0x19,0xdf,0x19,0xdf,0x19,0xdf,0x19,0xdf,0x19,0xdf,0x19,0xdf,
    0x19,0xdf,0x19,0xdf,0x19,0xdf,0x19,0xdf,0x19,0xdf,0x19,0xdf,0x19,0xdf,0x19,0xdf,0x19,0xdf,0x19,0xdf,0x19,0xdf,0x19,0xdf,0x19,0xdf,0x19,0xdf,0x19,0xdf,0x19,0xdf,
    0x19,0xdf,0x19,0xdf,0x19,0xdf,0x19,0xdf,0x19,0xdf,0x19,0xdf,0x19,0xdf,0x19,0xdf,0x19,0xdf,0x19,0xdf,0x19,0xdf,0x19,0xdf,0x19,0xdf,0x19,0xdf,0x19,0xdf,0x19,0xdf,
    0x19,0xdf,0x19,0xdf,0x19,0xdf,0x19,0xdf,0x19,0xdf,0x19,0xdf,0x19,0xdf,0x19,0xdf,0x19,0xdf,0x19,0xdf,0x19,0xdf,0x19,0xdf,0x19,0xdf,0x19,0xdf,0x19,0xdf,0x19,0xdf,
    0x19,0xdf,0x19,0xdf,0x19,0xdf,0x19,0xdf,0x19,0xdf,0x19,0xdf,0x19,0xdf,0x19,0xdf,0x19,0xdf,0x19,0xdf,0x19,0xdf,0x19,0xdf,0x19,0xdf,0x19,0xdf,0x19,0xdf,0x19,0xdf,
    0x19,0xdf,0x19,0xdf,0x19,0xdf,0x19,0xdf,0x19,0xdf,0x19,0xdf,0x19,0xdf,0x19,0xdf,0x19,0xdf,0x19,0xdf,0x19,0xdf,0x19,0xdf,0x19,0xdf,0x19,0xdf,0x19,0xdf,0x19,0xdf,
    0x19,0xdf,0x19,0xdf,0x19,0xdf,0x19,0xdf,0x19,0xdf,0x19,0xdf,0x19,0xdf,0x19,0xdf,0x19,0xdf,0x19,0xdf,0x19,0xdf,0x19,0xdf,0x19,0xdf,0x19,0xdf,0x19,0xdf,0x19,0xdf,
    0x19,0xdf,0x19,0xdf,0x19,0xdf,0x19,0xdf,0x19,0xdf,0x19,0xdf,0x19,0xdf,0x19,0xdf,0x19,0xdf,0x19,0xdf,0x19,0xdf,0x19,0xdf,0x19,0xdf,0x19,0xdf,0x19,0xdf,0x19,0xdf,
    0x19,0xdf,0x19,0xdf,0x19,0xdf,0x19,0xdf,0x19,0xdf,0x19,0xdf,0x19,0xdf,0x19,0xdf,0x19,0xdf,0x19,0xdf,0x19,0xdf,0x19,0xdf,0x19,0xdf,0x19,0xdf,0x19,0xdf,0x19,0xdf,
    0x19,0xdf,0x19,0xdf,0x19,0xdf,0x19,0xdf,0x19,0xdf,0x19,0xdf,0x19,0xdf,0x19,0xdf,0x19,0xdf,0x19,0xdf,0x19,0xdf,0x19,0xdf,0x19,0xdf,0x19,0xdf,0x19,0xdf,0x19,0xdf,
    0x19,0xdf,0x19,0xdf,0x19,0xdf,0x19,0xdf,0x19,0xdf,0x19,0xdf,0x19,0xdf,0x19,0xdf,0x19,0xdf,0x19,0xdf,0x19,0xdf,0x19,0xdf,0x19,0xdf,0x19,0xdf,0x19,0xdf,0x19,0xdf,
    0x19,0xdf,0x19,0xdf,0x19,0xdf,0x19,0xdf,0x19,0xdf,0x19,0xdf,0x19,0xdf,0x19,0xdf,0x19,0xdf,0x19,0xdf,0x19,0xdf,0x19,0xdf,0x19,0xdf,0x19,0xdf,0x19,0xdf,0x19,0xdf,
    0x19,0xdf,0x19,0xdf,0x19,0xdf,0x19,0xdf,0x19,0xdf,0x19,0xdf,0x19,0xdf,0x19,0xdf,0x19,0xdf,0x19,0xdf,0x19,0xdf,0x19,0xdf,0x19,0xdf,0x19,0xdf,0x19,0xdf,0x19,0xdf,
    0x19,0xdf,0x19,0xdf,0x19,0xdf,0x19,0xdf,0x19,0xdf,0x19,0xdf,0x19,0xdf,0x19,0xdf,0x19,0xdf,0x19,0xdf,0x19,0xdf,0x19,0xdf,0x19,0xdf,0x19,0xdf,0x19,0xdf,0x19,0xdf,
    0x19,0xdf,0x19,0xdf,0x19,0xdf,0x19,0xdf,0x19,0xdf,0x19,0xdf,0x19,0xdf,0x19,0xdf,0x19,0xdf,0x19,0xdf,0x19,0xdf,0x19,0xdf,0x19,0xdf,0x19,0xdf,0x19,0xdf,0x19,0xdf,
    0x19,0xdf,0x19,0xdf,0x19,0xdf,0x19,0xdf,0x19,0xdf,0x19,0xdf,0x19,0xdf,0x19,0xdf,0x19,0xdf,0x19,0xdf,0x19,0xdf,0x19,0xdf,0x19,0xdf,0x19,0xdf,0x19,0xdf,0x19,0xdf,
    0x19,0xdf,0x19,0xdf,0x19,0xdf,0x19,0xdf,0x19,0xdf,0x19,0xdf,0x19,0xdf,0x19,0xdf,0x19,0xdf,0x19,0xdf,0x19,0xdf,0x19,0xdf,0x19,0xdf,0x19,0xdf,0x19,0xdf,0x19,0xdf,
    0x19,0xdf,0x19,0xdf,0x19,0xdf,0x19,0xdf,0x19,0xdf,0x19,0xdf,0x19,0xdf,0x19,0xdf,0x19,0xdf,0x19,0xdf,0x19,0xdf,0x19,0xdf,0x19,0xdf,0x19,0xdf,0x19,0xdf,0x19,0xdf,
    0x19,0xdf,0x19,0xdf,0x19,0xdf,0x19,0xdf,0x19,0xdf,0x19,0xdf,0x19,0xdf,0x19,0xdf,0x19,0xdf,0x19,0xdf,0x19,0xdf,0x19,0xdf,0x19,0xdf,0x19,0xdf,0x19,0xdf,0x19,0xdf,
    0x19,0xdf,0x19,0xdf,0x19,0xdf,0x19,0xdf,0x19,0xdf,0x19,0xdf,0x19,0xdf,0x19,0xdf,0x19,0xdf,0x19,0xdf,0x19,0xdf,0x19,0xdf,0x19,0xdf,0x19,0xdf,0x19,0xdf,0x19,0xdf,
    0x19,0xdf,0x19,0xdf,0x19,0xdf,0x19,0xdf,0x19,0xdf,0x19,0xdf,0x19,0xdf,0x19,0xdf,0x19,0xdf,0x19,0xdf,0x19,0xdf,0x19,0xdf,0x19,0xdf,0x19,0xdf,0x19,0xdf,0x19,0xdf,
    0x19,0xdf,0x19,0xdf,0x19,0xdf,0x19,0xdf,0x19,0xdf,0x19,0xdf,0x19,0xdf,0x19,0xdf,0x19,0xdf,0x19,0xdf,0x19,0xdf,0x19,0xdf,0x19,0xdf,0x19,0xdf,0x19,0xdf,0x19,0xdf,
    0x19,0xdf,0x19,0xdf,0x19,0xdf,0x19,0xdf,0x19,0xdf,0x19,0xdf,0x19,0xdf,0x19,0xdf,0x19,0xdf,0x19,0xdf,0x19,0xdf,0x19,0xdf,0x19,0xdf,0x19,0xdf,0x19,0xdf,0x19,0xdf,
    0x19,0xdf,0x19,0xdf,0x19,0xdf,0x19,0xdf,0x19,0xdf,0x19,0xdf,0x19,0xdf,0x19,0xdf,0x19,0xdf,0x19,0xdf,0x19,0xdf,0x39,0xdf,0x39,0xdf,0x19,0xdf,0x19,0xdf,0x19,0xdf,
    0x19,0xdf,0x19,0xdf,0x19,0xdf,0x19,0xdf,0x19,0xdf,0x19,0xdf,0x19,0xdf,0x19,0xdf,0x19,0xdf,0x19,0xdf,0x19,0xdf,0x19,0xdf,0x19,0xdf,0x19,0xdf,0x19,0xdf,0x19,0xdf,
    0x19,0xdf,0x19,0xdf,0x19,0xdf,0x19,0xdf,0x19,0xdf,0x19,0xdf,0x19,0xdf,0x19,0xdf,0x19,0xdf,0x19,0xdf,0x19,0xdf,0x19,0xdf,0x19,0xdf,0x19,0xdf,0x19,0xdf,0x19,0xdf,
    0x19,0xdf,0x19,0xdf,0x19,0xdf,0x19,0xdf,0x19,0xdf,0x19,0xdf,0x19,0xdf,0x19,0xdf,0x19,0xdf,0x19,0xdf,0x19,0xdf,0x19,0xdf,0x19,0xdf,0x19,0xdf,0x19,0xdf,0x19,0xdf,
    0x19,0xdf,0x19,0xdf,0x19,0xdf,0x19,0xdf,0x19,0xdf,0x19,0xdf,0x19,0xdf,0x19,0xdf,0x19,0xdf,0x19,0xdf,0x19,0xdf,0x19,0xdf,0x19,0xdf,0x19,0xdf,0x19,0xdf,0x19,0xdf,
    0x19,0xdf,0x19,0xdf,0x19,0xdf,0x19,0xdf,0x19,0xdf,0x19,0xdf,0x19,0xdf,0x19,0xdf,0x19,0xdf,0x19,0xdf,0x19,0xdf,0x19,0xdf,0x19,0xdf,0x19,0xdf,0x19,0xdf,0x19,0xdf,
    0x19,0xdf,0x19,0xdf,0x19,0xdf,0x19,0xdf,0x19,0xdf,0x19,0xdf,0x19,0xdf,0x19,0xdf,0x19,0xdf,0x19,0xdf,0x19,0xdf,0x19,0xdf,0x19,0xdf,0x19,0xdf,0x19,0xdf,0x19,0xdf,
    0x19,0xdf,0x19,0xdf,0x19,0xdf,0x19,0xdf,0x19,0xdf,0x19,0xdf,0x19,0xdf,0x19,0xdf,0x19,0xdf,0x19,0xdf,0x19,0xdf,0x19,0xdf,0x19,0xdf,0x19,0xdf,0x19,0xdf,0x19,0xdf,
    0x19,0xdf,0x19,0xdf,0x19,0xdf,0x19,0xdf,0x19,0xdf,0x19,0xdf,0x19,0xdf,0x19,0xdf,0x19,0xdf,0x19,0xdf,0x19,0xdf,0x19,0xdf,0x19,0xdf,0x19,0xdf,0x19,0xdf,0x19,0xdf,
    0x19,0xdf,0x19,0xdf,0x19,0xdf,0x19,0xdf,0x19,0xdf,0x19,0xdf,0x19,0xdf,0x19,0xdf,0x19,0xdf,0x19,0xdf,0x19,0xdf,0x19,0xdf,0x19,0xdf,0x19,0xdf,0x19,0xdf,0x19,0xdf,
    0x19,0xdf,0x19,0xdf,0x39,0xdf,0x39,0xe7,0x39,0xe7,0x39,0xe7,0x39,0xe7,0x39,0xe7,0x39,0xe7,0x19,0xdf,0x19,0xdf,0x19,0xdf,0x19,0xdf,0x19,0xdf,0x19,0xdf,0x19,0xdf,
    0x19,0xdf,0x19,0xdf,0x19,0xdf,0x19,0xdf,0x19,0xdf,0x19,0xdf,0x19,0xdf,0x19,0xdf,0x19,0xdf,0x19,0xdf,0x19,0xdf,0x19,0xdf,0x19,0xdf,0x19,0xdf,0x19,0xdf,0x19,0xdf,
    0x19,0xdf,0x19,0xdf,0x19,0xdf,0x19,0xdf,0x19,0xdf,0x19,0xdf,0x19,0xdf,0x19,0xdf,0x19,0xdf,0x19,0xdf,0x19,0xdf,0x19,0xdf,0x19,0xdf,0x19,0xdf,0x19,0xdf,0x19,0xdf,
    0x19,0xdf,0x19,0xdf,0x19,0xdf,0x19,0xdf,0x19,0xdf,0x19,0xdf,0x19,0xdf,0x19,0xdf,0x19,0xdf,0x19,0xdf,0x19,0xdf,0x19,0xdf,0x19,0xdf,0x19,0xdf,0x19,0xdf,0x19,0xdf,
    0x19,0xdf,0x19,0xdf,0x19,0xdf,0x19,0xdf,0x19,0xdf,0x19,0xdf,0x19,0xdf,0x19,0xdf,0x19,0xdf,0x19,0xdf,0x19,0xdf,0x19,0xdf,0x19,0xdf,0x19,0xdf,0x19,0xdf,0x19,0xdf,
    0xf9,0xde,0x19,0xdf,0x19,0xdf,0x19,0xdf,0x19,0xdf,0x19,0xdf,0x19,0xdf,0x19,0xdf,0xf9,0xde,0x19,0xdf,0x19,0xdf,0x19,0xdf,0x19,0xdf,0x19,0xdf,0x19,0xdf,0x19,0xdf,
    0x19,0xdf,0x19,0xdf,0x19,0xdf,0x19,0xdf,0x19,0xdf,0x19,0xdf,0x19,0xdf,0x19,0xdf,0x19,0xdf,0x19,0xdf,0x19,0xdf,0x19,0xdf,0x19,0xdf,0x19,0xdf,0x19,0xdf,0x19,0xdf,
    0x19,0xdf,0x19,0xdf,0x19,0xdf,0x19,0xdf,0x19,0xdf,0x19,0xdf,0x19,0xdf,0x19,0xdf,0x19,0xdf,0x19,0xdf,0x19,0xdf,0x19,0xdf,0x19,0xdf,0x19,0xdf,0x19,0xdf,0x19,0xdf,
    0x19,0xdf,0x19,0xdf,0x19,0xdf,0x19,0xdf,0x19,0xdf,0x19,0xdf,0x19,0xdf,0x19,0xdf,0x19,0xdf,0x19,0xdf,0x19,0xdf,0x19,0xdf,0x19,0xdf,0x19,0xdf,0x19,0xdf,0x19,0xdf,
    0x19,0xdf,0x19,0xdf,0x19,0xdf,0x19,0xdf,0x19,0xdf,0x19,0xdf,0x19,0xdf,0x19,0xdf,0x19,0xdf,0x19,0xdf,0x19,0xdf,0x19,0xdf,0x19,0xdf,0x19,0xdf,0x19,0xdf,0x19,0xdf,
    0x19,0xdf,0x19,0xdf,0x19,0xdf,0x19,0xdf,0x19,0xdf,0x19,0xdf,0x19,0xdf,0x19,0xdf,0x19,0xdf,0x19,0xdf,0x19,0xdf,0x19,0xdf,0x19,0xdf,0x19,0xdf,0x19,0xdf,0x19,0xdf,
    0x19,0xdf,0x19,0xdf,0x19,0xdf,0x19,0xdf,0x19,0xdf,0x19,0xdf,0x19,0xdf,0x19,0xdf,0x19,0xdf,0x19,0xdf,0x19,0xdf,0x19,0xdf,0x19,0xdf,0x19,0xdf,0x19,0xdf,0x19,0xdf,
    0x19,0xdf,0x19,0xdf,0x19,0xdf,0x19,0xdf,0x19,0xdf,0x19,0xdf,0x19,0xdf,0x19,0xdf,0x19,0xdf,0x19,0xdf,0x19,0xdf,0x19,0xdf,0x19,0xdf,0x19,0xdf,0x19,0xdf,0x19,0xdf,
    0x19,0xdf,0x19,0xdf,0x19,0xdf,0x19,0xdf,0x19,0xdf,0x19,0xdf,0x19,0xdf,0x19,0xdf,0x19,0xdf,0x19,0xdf,0x19,0xdf,0x19,0xdf,0x19,0xdf,0x19,0xdf,0x19,0xdf,0x19,0xdf,
    0x19,0xdf,0x19,0xdf,0x19,0xdf,0x19,0xdf,0x19,0xdf,0x19,0xdf,0x19,0xdf,0x19,0xdf,0x8d,0x63,0x89,0x42,0xaa,0x42,0xca,0x42,0xca,0x42,0xca,0x42,0xca,0x42,0xca,0x42,
    0xca,0x42,0xaa,0x42,0xaa,0x3a,0xaa,0x3a,0xaa,0x3a,0xaa,0x3a,0xaa,0x3a,0xaa,0x3a,0xaa,0x3a,0xaa,0x3a,0xca,0x42,0xca,0x42,0xaa,0x3a,0xaa,0x3a,0xaa,0x3a,0xaa,0x3a,
    0xaa,0x3a,0xaa,0x3a,0xaa,0x3a,0xaa,0x3a,0xaa,0x3a,0xaa,0x3a,0xaa,0x3a,0xaa,0x3a,0xaa,0x3a,0xaa,0x3a,0xaa,0x3a,0xaa,0x3a,0xaa,0x3a,0xaa,0x3a,0xaa,0x3a,0xaa,0x3a,
    0xaa,0x3a,0xaa,0x3a,0x89,0x3a,0xaa,0x3a,0xaa,0x3a,0xaa,0x3a,0xaa,0x3a,0x8a,0x3a,0x89,0x3a,0x8a,0x3a,0xaa,0x3a,0xaa,0x3a,0xaa,0x3a,0xaa,0x3a,0xaa,0x3a,0xaa,0x3a,
    0xaa,0x3a,0xaa,0x3a,0xaa,0x3a,0xaa,0x3a,0xaa,0x3a,0xaa,0x3a,0xaa,0x3a,0xaa,0x3a,0xaa,0x3a,0x8a,0x3a,0x89,0x3a,0x8a,0x3a,0xaa,0x3a,0x8a,0x3a,0x8a,0x3a,0x8a,0x3a,
    0x8a,0x3a,0x8a,0x3a,0x8a,0x3a,0x8a,0x3a,0x89,0x32,0x89,0x32,0x89,0x32,0x89,0x32,0x89,0x32,0x89,0x3a,0xaa,0x3a,0xaa,0x3a,0xaa,0x3a,0x89,0x3a,0x89,0x3a,0x89,0x3a,
    0x8a,0x3a,0x8a,0x3a,0xaa,0x3a,0x89,0x3a,0x53,0x9d,0x5a,0xe7,0x19,0xdf,0x19,0xdf,0x19,0xdf,0x19,0xdf,0x19,0xdf,0x19,0xdf,0x19,0xdf,0x19,0xdf,0x19,0xdf,0x19,0xdf,
    0x19,0xdf,0x19,0xdf,0x19,0xdf,0x19,0xdf,0x19,0xdf,0x19,0xdf,0x19,0xdf,0x19,0xdf,0x19,0xdf,0x19,0xdf,0x19,0xdf,0x19,0xdf,0x19,0xdf,0x19,0xdf,0x19,0xdf,0x19,0xdf,
    0x19,0xdf,0x19,0xdf,0x19,0xdf,0x19,0xdf,0x19,0xdf,0x19,0xdf,0x19,0xdf,0x19,0xdf,0x19,0xdf,0x19,0xdf,0x19,0xdf,0x19,0xdf,0x19,0xdf,0x19,0xdf,0x19,0xdf,0x19,0xdf,
    0x19,0xdf,0x19,0xdf,0x19,0xdf,0x19,0xdf,0x19,0xdf,0x19,0xdf,0x19,0xdf,0x19,0xdf,0x19,0xdf,0x19,0xdf,0x19,0xdf,0x19,0xdf,0x19,0xdf,0x19,0xdf,0x19,0xdf,0x19,0xdf,
    0x19,0xdf,0x19,0xdf,0x19,0xdf,0x19,0xdf,0x19,0xdf,0x19,0xdf,0x19,0xdf,0x19,0xdf,0x19,0xdf,0x19,0xdf,0x19,0xdf,0x19,0xdf,0x19,0xdf,0x19,0xdf,0x19,0xdf,0x19,0xdf,
    0x19,0xdf,0x19,0xdf,0x19,0xdf,0x19,0xdf,0x19,0xdf,0x19,0xdf,0x19,0xdf,0x19,0xdf,0x19,0xdf,0x19,0xdf,0x19,0xdf,0x19,0xdf,0x19,0xdf,0x19,0xdf,0x19,0xdf,0x19,0xdf,
    0x19,0xdf,0x19,0xdf,0x19,0xdf,0x19,0xdf,0x19,0xdf,0x19,0xdf,0x19,0xdf,0x19,0xdf,0x19,0xdf,0x19,0xdf,0x19,0xdf,0x19,0xdf,0x19,0xdf,0x19,0xdf,0x19,0xdf,0x19,0xdf,
    0x19,0xdf,0x19,0xdf,0x19,0xdf,0x19,0xdf,0x19,0xdf,0x19,0xdf,0x19,0xdf,0x19,0xdf,0x19,0xdf,0x19,0xdf,0x19,0xdf,0x19,0xdf,0x19,0xdf,0x19,0xdf,0x19,0xdf,0x19,0xdf,
    0x19,0xdf,0x19,0xdf,0x19,0xdf,0x19,0xdf,0x19,0xdf,0x19,0xdf,0x19,0xdf,0x19,0xdf,0x19,0xdf,0x19,0xdf,0x19,0xdf,0x19,0xdf,0x19,0xdf,0xf9,0xde,0x48,0x32,0xe4,0x00,
    0x64,0x21,0x64,0x21,0x65,0x21,0x85,0x21,0x85,0x21,0x85,0x21,0xa5,0x21,0xa5,0x21,0xa5,0x21,0xa5,0x21,0xa5,0x21,0xa5,0x21,0xa5,0x21,0xa5,0x21,0xa5,0x21,0xa5,0x21,
    0xa5,0x21,0xa5,0x21,0xa6,0x21,0xa6,0x21,0xa6,0x21,0xa6,0x21,0xa5,0x21,0xa5,0x21,0xa6,0x21,0xa6,0x21,0xa5,0x21,0x85,0x21,0xa5,0x21,0xa5,0x21,0xa5,0x21,0x85,0x21,
    0x85,0x21,0xa5,0x21,0xa5,0x21,0xa5,0x21,0xa6,0x21,0xa5,0x21,0xa5,0x21,0xa5,0x29,0xc6,0x29,0xc6,0x29,0xc6,0x29,0xa5,0x29,0xa5,0x21,0xa5,0x21,0xa5,0x29,0xa5,0x29,
    0xc5,0x29,0xc6,0x29,0xc6,0x29,0xc6,0x29,0xc6,0x29,0xc6,0x29,0xa5,0x21,0xa5,0x21,0xa5,0x29,0xc6,0x29,0xc6,0x29,0xc6,0x29,0xc6,0x29,0xc6,0x29,0xa5,0x29,0xa5,0x29,
    0xa5,0x21,0xa5,0x21,0xa5,0x21,0xa5,0x21,0xa5,0x21,0xa5,0x21,0xc6,0x29,0xa5,0x29,0xa5,0x29,0xa5,0x29,0xa5,0x29,0xa5,0x29,0xa5,0x29,0xa5,0x29,0xa5,0x29,0xa5,0x29,
    0xa5,0x21,0xa5,0x21,0xa5,0x21,0xa5,0x21,0xa5,0x21,0xa5,0x21,0xa6,0x21,0xc6,0x29,0xa6,0x21,0x45,0x09,0xd1,0x8c,0x5a,0xe7,0x19,0xdf,0x19,0xdf,0x19,0xdf,0x19,0xdf,
    0x19,0xdf,0x19,0xdf,0x19,0xdf,0x19,0xdf,0x19,0xdf,0x19,0xdf,0x19,0xdf,0x19,0xdf,0x19,0xdf,0x19,0xdf,0x19,0xdf,0x19,0xdf,0x19,0xdf,0x19,0xdf,0x19,0xdf,0x19,0xdf,
    0x19,0xdf,0x19,0xdf,0x19,0xdf,0x19,0xdf,0x19,0xdf,0x19,0xdf,0x19,0xdf,0x19,0xdf,0x19,0xdf,0x19,0xdf,0x19,0xdf,0x19,0xdf,0x19,0xdf,0x19,0xdf,0x19,0xdf,0x19,0xdf,
    0x19,0xdf,0x19,0xdf,0x19,0xdf,0x19,0xdf,0x19,0xdf,0x19,0xdf,0x19,0xdf,0x19,0xdf,0x19,0xdf,0x19,0xdf,0x19,0xdf,0x19,0xdf,0x19,0xdf,0x19,0xdf,0x19,0xdf,0x19,0xdf,
    0x19,0xdf,0x19,0xdf,0x19,0xdf,0x19,0xdf,0x19,0xdf,0x19,0xdf,0x19,0xdf,0x19,0xdf,0x19,0xdf,0x19,0xdf,0x19,0xdf,0x19,0xdf,0x19,0xdf,0x19,0xdf,0x19,0xdf,0x19,0xdf,
    0x19,0xdf,0x19,0xdf,0x19,0xdf,0x19,0xdf,0x19,0xdf,0x19,0xdf,0x19,0xdf,0x19,0xdf,0x19,0xdf,0x19,0xdf,0x19,0xdf,0x19,0xdf,0x19,0xdf,0x19,0xdf,0x19,0xdf,0x19,0xdf,
    0x19,0xdf,0x19,0xdf,0x19,0xdf,0x19,0xdf,0x19,0xdf,0x19,0xdf,0x19,0xdf,0x19,0xdf,0x19,0xdf,0x19,0xdf,0x19,0xdf,0x19,0xdf,0x19,0xdf,0x19,0xdf,0x19,0xdf,0x19,0xdf,
    0x19,0xdf,0x19,0xdf,0x19,0xdf,0x19,0xdf,0x19,0xdf,0x19,0xdf,0x19,0xdf,0x19,0xdf,0x19,0xdf,0x19,0xdf,0x19,0xdf,0x19,0xdf,0x19,0xdf,0x19,0xdf,0x19,0xdf,0x19,0xdf,
    0x19,0xdf,0x19,0xdf,0x19,0xdf,0x19,0xdf,0x19,0xdf,0x19,0xdf,0x19,0xdf,0x19,0xdf,0x19,0xdf,0x19,0xdf,0x19,0xdf,0x19,0xdf,0x19,0xdf,0x19,0xdf,0x19,0xdf,0x19,0xdf,
    0x19,0xdf,0x19,0xdf,0x19,0xdf,0xf9,0xde,0x69,0x32,0x24,0x11,0xe6,0x8a,0x26,0x9b,0x26,0x9b,0x26,0x93,0x26,0x93,0x26,0x93,0x26,0x93,0x27,0x93,0x26,0x93,0x27,0x93,
    0x27,0x93,0x27,0x93,0x27,0x93,0x26,0x93,0x26,0x93,0x06,0x8b,0x27,0x93,0x27,0x93,0x26,0x93,0x27,0x93,0x26,0x93,0x26,0x93,0x26,0x93,0x26,0x93,0x06,0x8b,0x06,0x8b,
    0x06,0x8b,0xe6,0x7a,0xe6,0x82,0xe6,0x82,0xe6,0x82,0xe6,0x82,0xe6,0x82,0xe6,0x82,0x06,0x8b,0x06,0x8b,0x07,0x8b,0x06,0x8b,0x06,0x8b,0x26,0x8b,0x27,0x93,0x47,0x93,
    0x26,0x93,0x26,0x93,0x26,0x93,0x26,0x93,0x46,0x9b,0x46,0x9b,0x46,0x9b,0x47,0x9b,0x47,0x9b,0x47,0x9b,0x47,0x9b,0x47,0x93,0x47,0x93,0x47,0x93,0x26,0x93,0x47,0x9b,
    0x47,0x9b,0x47,0x9b,0x47,0x9b,0x47,0x9b,0x46,0x9b,0x47,0x9b,0x47,0x93,0x06,0x8b,0x06,0x83,0x06,0x83,0x27,0x8b,0x27,0x93,0x47,0x93,0x47,0x9b,0x26,0x93,0x26,0x93,
    0x26,0x93,0x27,0x93,0x27,0x93,0x26,0x93,0x26,0x93,0x26,0x9b,0x47,0x9b,0x27,0x93,0x27,0x93,0x26,0x93,0x26,0x93,0x27,0x93,0x47,0x9b,0x67,0xa3,0x66,0x5a,0x25,0x01,
    0xd1,0x8c,0x5a,0xe7,0x19,0xdf,0x19,0xdf,0x19,0xdf,0x19,0xdf,0x19,0xdf,0x19,0xdf,0x19,0xdf,0x19,0xdf,0x19,0xdf,0x19,0xdf,0x19,0xdf,0x19,0xdf,0x19,0xdf,0x19,0xdf,
    0x19,0xdf,0x19,0xdf,0x19,0xdf,0x19,0xdf,0x19,0xdf,0x19,0xdf,0x19,0xdf,0x19,0xdf,0x19,0xdf,0x19,0xdf,0x19,0xdf,0x19,0xdf,0x19,0xdf,0x19,0xdf,0x19,0xdf,0x19,0xdf,
    0x19,0xdf,0x19,0xdf,0x19,0xdf,0x19,0xdf,0x19,0xdf,0x19,0xdf,0x19,0xdf,0x19,0xdf,0x19,0xdf,0x19,0xdf,0x19,0xdf,0x19,0xdf,0x19,0xdf,0x19,0xdf,0x19,0xdf,0x19,0xdf,
    0x19,0xdf,0x19,0xdf,0x19,0xdf,0x19,0xdf,0x19,0xdf,0x19,0xdf,0x19,0xdf,0x19,0xdf,0x19,0xdf,0x19,0xdf,0x19,0xdf,0x19,0xdf,0x19,0xdf,0x19,0xdf,0x19,0xdf,0x19,0xdf,
    0x19,0xdf,0x19,0xdf,0x19,0xdf,0x19,0xdf,0x19,0xdf,0x19,0xdf,0x19,0xdf,0x19,0xdf,0x19,0xdf,0x19,0xdf,0x19,0xdf,0x19,0xdf,0x19,0xdf,0x19,0xdf,0x19,0xdf,0x19,0xdf,
    0x19,0xdf,0x19,0xdf,0x19,0xdf,0x19,0xdf,0x19,0xdf,0x19,0xdf,0x19,0xdf,0x19,0xdf,0x19,0xdf,0x19,0xdf,0x19,0xdf,0x19,0xdf,0x19,0xdf,0x19,0xdf,0x19,0xdf,0x19,0xdf,
    0x19,0xdf,0x19,0xdf,0x19,0xdf,0x19,0xdf,0x19,0xdf,0x19,0xdf,0x19,0xdf,0x19,0xdf,0x19,0xdf,0x19,0xdf,0x19,0xdf,0x19,0xdf,0x19,0xdf,0x19,0xdf,0x19,0xdf,0x19,0xdf,
    0x19,0xdf,0x19,0xdf,0x19,0xdf,0x19,0xdf,0x19,0xdf,0x19,0xdf,0x19,0xdf,0x19,0xdf,0x19,0xdf,0x19,0xdf,0x19,0xdf,0x19,0xdf,0x19,0xdf,0x19,0xdf,0x19,0xdf,0x19,0xdf,
    0x19,0xdf,0x19,0xdf,0x19,0xdf,0x19,0xdf,0x19,0xdf,0x19,0xdf,0x19,0xdf,0x19,0xdf,0x19,0xdf,0xf9,0xde,0x48,0x32,0x24,0x11,0x86,0x72,0xe6,0x8a,0x27,0x93,0x47,0x9b,
    0x47,0x9b,0x47,0x9b,0x26,0x93,0x26,0x93,0x27,0x93,0x27,0x93,0x27,0x93,0x27,0x93,0x27,0x93,0x26,0x93,0x26,0x93,0x26,0x93,0x26,0x93,0x26,0x93,0x26,0x93,0x26,0x93,
    0x26,0x93,0x26,0x93,0x26,0x93,0x26,0x93,0x06,0x93,0x06,0x8b,0x26,0x93,0x26,0x93,0x26,0x93,0x26,0x93,0x26,0x93,0x26,0x93,0x06,0x93,0x06,0x8b,0x06,0x8b,0x06,0x8b,
    0x26,0x8b,0x26,0x93,0x26,0x93,0x26,0x93,0x26,0x93,0x26,0x93,0x26,0x93,0x26,0x93,0x26,0x93,0x26,0x93,0x26,0x93,0x26,0x93,0x26,0x93,0x26,0x93,0x26,0x93,0x26,0x93,
    0x26,0x93,0x26,0x93,0x26,0x93,0x26,0x93,0x26,0x93,0x47,0x93,0x47,0x9b,0x47,0x9b,0x47,0x93,0x26,0x93,0x46,0x93,0x26,0x93,0x26,0x93,0x06,0x8b,0x06,0x8b,0x06,0x8b,
    0x26,0x93,0x26,0x93,0x26,0x93,0x26,0x93,0x06,0x93,0x06,0x93,0x26,0x93,0x26,0x93,0x26,0x93,0x26,0x93,0x26,0x93,0x26,0x93,0x26,0x93,0x27,0x93,0x27,0x93,0x26,0x93,
    0x26,0x93,0x06,0x93,0xe6,0x8a,0x06,0x93,0x46,0x52,0x25,0x01,0xd1,0x8c,0x5a,0xe7,0x19,0xdf,0x19,0xdf,0x19,0xdf,0x19,0xdf,0x19,0xdf,0x19,0xdf,0x19,0xdf,0x19,0xdf,
    0x19,0xdf,0x19,0xdf,0x19,0xdf,0x19,0xdf,0x19,0xdf,0x19,0xdf,0x19,0xdf,0x19,0xdf,0x19,0xdf,0x19,0xdf,0x19,0xdf,0x19,0xdf,0x19,0xdf,0x19,0xdf,0x19,0xdf,0x19,0xdf,
    0x19,0xdf,0x19,0xdf,0x19,0xdf,0x19,0xdf,0x19,0xdf,0x19,0xdf,0x19,0xdf,0x19,0xdf,0x19,0xdf,0x19,0xdf,0x19,0xdf,0x19,0xdf,0x19,0xdf,0x19,0xdf,0x19,0xdf,0x19,0xdf,
    0x19,0xdf,0x19,0xdf,0x19,0xdf,0x19,0xdf,0x19,0xdf,0x19,0xdf,0x19,0xdf,0x19,0xdf,0x19,0xdf,0x19,0xdf,0x19,0xdf,0x19,0xdf,0x19,0xdf,0x19,0xdf,0x19,0xdf,0x19,0xdf,
    0x19,0xdf,0x19,0xdf,0x19,0xdf,0x19,0xdf,0x19,0xdf,0x19,0xdf,0x19,0xdf,0x19,0xdf,0x19,0xdf,0x19,0xdf,0x19,0xdf,0x19,0xdf,0x19,0xdf,0x19,0xdf,0x19,0xdf,0x19,0xdf,
    0x19,0xdf,0x19,0xdf,0x19,0xdf,0x19,0xdf,0x19,0xdf,0x19,0xdf,0x19,0xdf,0x19,0xdf,0x19,0xdf,0x19,0xdf,0x19,0xdf,0x19,0xdf,0x19,0xdf,0x19,0xdf,0x19,0xdf,0x19,0xdf,
    0x19,0xdf,0x19,0xdf,0x19,0xdf,0x19,0xdf,0x19,0xdf,0x19,0xdf,0x19,0xdf,0x19,0xdf,0x19,0xdf,0x19,0xdf,0x19,0xdf,0x19,0xdf,0x19,0xdf,0x19,0xdf,0x19,0xdf,0x19,0xdf,
    0x19,0xdf,0x19,0xdf,0x19,0xdf,0x19,0xdf,0x19,0xdf,0x19,0xdf,0x19,0xdf,0x19,0xdf,0x19,0xdf,0x19,0xdf,0x19,0xdf,0x19,0xdf,0x19,0xdf,0x19,0xdf,0x19,0xdf,0x19,0xdf,
    0x19,0xdf,0x19,0xdf,0x19,0xdf,0x19,0xdf,0x19,0xdf,0x19,0xdf,0x19,0xdf,0x19,0xdf,0x19,0xdf,0x19,0xdf,0x19,0xdf,0x19,0xdf,0x19,0xdf,0x19,0xdf,0x19,0xdf,0xf9,0xde,
    0x48,0x32,0x04,0x11,0x05,0x5a,0xa6,0x7a,0x27,0x8b,0x27,0x93,0x47,0x93,0x47,0x93,0x47,0x93,0x47,0x93,0x27,0x93,0x47,0x93,0x47,0x93,0x47,0x93,0x47,0x93,0x27,0x93,
    0x26,0x93,0x26,0x93,0x27,0x93,0x27,0x93,0x26,0x93,0x27,0x93,0x26,0x93,0x26,0x93,0x26,0x8b,0x26,0x93,0x26,0x93,0x26,0x93,0x27,0x93,0x27,0x93,0x47,0x9b,0x47,0x9b,
    0x47,0x9b,0x47,0x9b,0x26,0x93,0x26,0x93,0x06,0x8b,0x27,0x8b,0x27,0x93,0x27,0x93,0x26,0x8b,0x26,0x8b,0x26,0x8b,0x27,0x8b,0x26,0x8b,0x06,0x8b,0x06,0x8b,0x06,0x8b,
    0x06,0x8b,0x06,0x8b,0x06,0x8b,0x26,0x8b,0x06,0x8b,0x06,0x8b,0x06,0x8b,0x06,0x8b,0x06,0x83,0xe6,0x82,0xe6,0x82,0x06,0x8b,0x27,0x8b,0x27,0x93,0x27,0x93,0x26,0x93,
    0x26,0x93,0x26,0x93,0x26,0x93,0x27,0x93,0x27,0x8b,0x07,0x8b,0x06,0x8b,0x26,0x8b,0x06,0x8b,0xe6,0x82,0xe6,0x82,0xe6,0x82,0xe6,0x82,0x06,0x8b,0x06,0x8b,0x06,0x8b,
    0x06,0x8b,0x26,0x8b,0x26,0x8b,0x27,0x8b,0x27,0x93,0x27,0x93,0x27,0x8b,0xc6,0x82,0xa6,0x7a,0xc6,0x82,0x26,0x52,0x25,0x01,0xb1,0x8c,0x5a,0xe7,0x19,0xdf,0x19,0xdf,
    0x19,0xdf,0x19,0xdf,0x19,0xdf,0x19,0xdf,0x19,0xdf,0x19,0xdf,0x19,0xdf,0x19,0xdf,0x19,0xdf,0x19,0xdf,0x19,0xdf,0x19,0xdf,0x19,0xdf,0x19,0xdf,0x19,0xdf,0x19,0xdf,
    0x19,0xdf,0x19,0xdf,0x19,0xdf,0x19,0xdf,0x19,0xdf,0x19,0xdf,0x19,0xdf,0x19,0xdf,0x19,0xdf,0x19,0xdf,0x19,0xdf,0x19,0xdf,0x19,0xdf,0x19,0xdf,0x19,0xdf,0x19,0xdf,
    0x19,0xdf,0x19,0xdf,0x19,0xdf,0x19,0xdf,0x19,0xdf,0x19,0xdf,0x19,0xdf,0x19,0xdf,0x19,0xdf,0x19,0xdf,0x19,0xdf,0x19,0xdf,0x19,0xdf,0x19,0xdf,0x19,0xdf,0x19,0xdf,
    0x19,0xdf,0x19,0xdf,0x19,0xdf,0x19,0xdf,0x19,0xdf,0x19,0xdf,0x19,0xdf,0x19,0xdf,0x19,0xdf,0x19,0xdf,0x19,0xdf,0x19,0xdf,0x19,0xdf,0x19,0xdf,0x19,0xdf,0x19,0xdf,
    0x19,0xdf,0x19,0xdf,0x19,0xdf,0x19,0xdf,0x19,0xdf,0x19,0xdf,0x19,0xdf,0x19,0xdf,0x19,0xdf,0x19,0xdf,0x19,0xdf,0x19,0xdf,0x19,0xdf,0x19,0xdf,0x19,0xdf,0x19,0xdf,
    0x19,0xdf,0x19,0xdf,0x19,0xdf,0x19,0xdf,0x19,0xdf,0x19,0xdf,0x19,0xdf,0x19,0xdf,0x19,0xdf,0x19,0xdf,0x19,0xdf,0x19,0xdf,0x19,0xdf,0x19,0xdf,0x19,0xdf,0x19,0xdf,
    0x19,0xdf,0x19,0xdf,0x19,0xdf,0x19,0xdf,0x19,0xdf,0x19,0xdf,0x19,0xdf,0x19,0xdf,0x19,0xdf,0x19,0xdf,0x19,0xdf,0x19,0xdf,0x19,0xdf,0x19,0xdf,0x19,0xdf,0x19,0xdf,
    0x19,0xdf,0x19,0xdf,0x19,0xdf,0x19,0xdf,0x19,0xdf,0x19,0xdf,0x19,0xdf,0x19,0xdf,0x19,0xdf,0x19,0xdf,0x19,0xdf,0x19,0xdf,0x19,0xdf,0x19,0xdf,0x19,0xdf,0x19,0xdf,
    0x19,0xdf,0x19,0xdf,0x19,0xdf,0x19,0xdf,0x19,0xdf,0xf9,0xde,0x49,0x32,0x24,0x11,0x05,0x5a,0x86,0x72,0x27,0x93,0xc6,0x7a,0x26,0x4a,0x26,0x52,0x46,0x52,0x46,0x5a,
    0x46,0x5a,0x45,0x5a,0x45,0x5a,0x46,0x5a,0x46,0x5a,0x46,0x5a,0x46,0x5a,0x45,0x62,0x65,0x62,0x66,0x62,0x66,0x62,0x66,0x62,0x46,0x62,0x46,0x62,0x45,0x5a,0x25,0x5a,
    0x26,0x5a,0x25,0x5a,0x25,0x5a,0x25,0x5a,0x25,0x5a,0x25,0x5a,0x45,0x5a,0x25,0x5a,0x25,0x5a,0x25,0x5a,0x26,0x52,0x26,0x52,0x25,0x5a,0x25,0x5a,0x25,0x52,0x25,0x5a,
    0x45,0x5a,0x46,0x5a,0x45,0x5a,0x45,0x62,0x25,0x5a,0x45,0x62,0x25,0x5a,0x25,0x52,0x25,0x5a,0x25,0x5a,0x25,0x5a,0x25,0x5a,0x25,0x5a,0x46,0x5a,0x46,0x5a,0x46,0x5a,
    0x45,0x5a,0x45,0x62,0x46,0x62,0x45,0x62,0x45,0x5a,0x45,0x5a,0x45,0x5a,0x25,0x5a,0x25,0x5a,0x45,0x62,0x45,0x62,0x45,0x62,0x45,0x62,0x45,0x62,0x25,0x5a,0x25,0x5a,
    0x25,0x5a,0x26,0x5a,0x26,0x52,0x26,0x5a,0x25,0x52,0x25,0x5a,0x26,0x5a,0x46,0x5a,0x46,0x5a,0x46,0x5a,0x46,0x5a,0x46,0x5a,0x26,0x52,0x86,0x72,0xa6,0x7a,0xa6,0x82,
    0x26,0x4a,0x25,0x01,0xb1,0x8c,0x5a,0xe7,0x19,0xdf,0x19,0xdf,0x19,0xdf,0x19,0xdf,0x19,0xdf,0x19,0xdf,0x19,0xdf,0x19,0xdf,0x19,0xdf,0x19,0xdf,0x19,0xdf,0x19,0xdf,
    0x19,0xdf,0x19,0xdf,0x19,0xdf,0x19,0xdf,0x19,0xdf,0x19,0xdf,0x19,0xdf,0x19,0xdf,0x19,0xdf,0x19,0xdf,0x19,0xdf,0x19,0xdf,0x19,0xdf,0x19,0xdf,0x19,0xdf,0x19,0xdf,
    0x19,0xdf,0x19,0xdf,0x19,0xdf,0x19,0xdf,0x19,0xdf,0x19,0xdf,0x19,0xdf,0x19,0xdf,0x19,0xdf,0x19,0xdf,0x19,0xdf,0x19,0xdf,0x19,0xdf,0x19,0xdf,0x19,0xdf,0x19,0xdf,
    0x19,0xdf,0x19,0xdf,0x19,0xdf,0x19,0xdf,0x19,0xdf,0x19,0xdf,0x19,0xdf,0x19,0xdf,0x19,0xdf,0x19,0xdf,0x19,0xdf,0x19,0xdf,0x19,0xdf,0x19,0xdf,0x19,0xdf,0x19,0xdf,
    0x19,0xdf,0x19,0xdf,0x19,0xdf,0x19,0xdf,0x19,0xdf,0x19,0xdf,0x19,0xdf,0x19,0xdf,0x19,0xdf,0x19,0xdf,0x19,0xdf,0x19,0xdf,0x19,0xdf,0x19,0xdf,0x19,0xdf,0x19,0xdf,
    0x19,0xdf,0x19,0xdf,0x19,0xdf,0x19,0xdf,0x19,0xdf,0x19,0xdf,0x19,0xdf,0x19,0xdf,0x19,0xdf,0x19,0xdf,0x19,0xdf,0x19,0xdf,0x19,0xdf,0x19,0xdf,0x19,0xdf,0x19,0xdf,
    0x19,0xdf,0x19,0xdf,0x19,0xdf,0x19,0xdf,0x19,0xdf,0x19,0xdf,0x19,0xdf,0x19,0xdf,0x19,0xdf,0x19,0xdf,0x19,0xdf,0x19,0xdf,0x19,0xdf,0x19,0xdf,0x19,0xdf,0x19,0xdf,
    0x19,0xdf,0x19,0xdf,0x19,0xdf,0x19,0xdf,0x19,0xdf,0x19,0xdf,0x19,0xdf,0x19,0xdf,0x19,0xdf,0x19,0xdf,0x19,0xdf,0x19,0xdf,0x19,0xdf,0x19,0xdf,0x19,0xdf,0x19,0xdf,
    0x19,0xdf,0x19,0xdf,0x19,0xdf,0x19,0xdf,0x19,0xdf,0x19,0xdf,0x19,0xdf,0x19,0xdf,0x19,0xdf,0x19,0xdf,0x19,0xdf,0xf9,0xde,0x69,0x32,0x24,0x11,0x25,0x5a,0x86,0x72,
    0x06,0x8b,0xa6,0x72,0xe6,0x31,0xe7,0x29,0xe7,0x29,0xe7,0x31,0xe7,0x39,0xe7,0x39,0x07,0x3a,0xe7,0x31,0xe7,0x31,0xe7,0x31,0x07,0x32,0x07,0x3a,0x07,0x42,0x07,0x42,
    0x07,0x42,0x07,0x42,0x07,0x42,0x07,0x42,0x07,0x3a,0x07,0x3a,0x07,0x32,0x07,0x32,0xe7,0x31,0xe7,0x31,0xe7,0x31,0xe7,0x31,0xe7,0x31,0xe7,0x31,0xe7,0x31,0xe7,0x31,
    0xe7,0x29,0xe7,0x29,0xe7,0x31,0xe7,0x31,0x07,0x3a,0x07,0x3a,0x07,0x32,0xe7,0x31,0x06,0x42,0x05,0x5a,0x45,0x62,0x45,0x62,0x06,0x4a,0xe7,0x31,0xe7,0x31,0xe7,0x31,
    0x07,0x32,0xe7,0x31,0x07,0x32,0x07,0x32,0x07,0x32,0x07,0x3a,0x07,0x3a,0x07,0x3a,0x07,0x3a,0x07,0x3a,0x07,0x3a,0x07,0x3a,0x07,0x3a,0x07,0x3a,0xe7,0x39,0xe7,0x39,
    0x07,0x3a,0x07,0x3a,0x07,0x3a,0x07,0x3a,0x07,0x3a,0x07,0x3a,0xe7,0x31,0xe7,0x31,0xe7,0x29,0xe7,0x29,0xe7,0x29,0xe7,0x29,0xe7,0x29,0xe7,0x29,0xe7,0x29,0xc7,0x21,
    0xc7,0x29,0xe7,0x31,0xe5,0x39,0x86,0x6a,0xa6,0x82,0xa6,0x82,0x06,0x4a,0x25,0x01,0xd1,0x8c,0x5a,0xe7,0x19,0xdf,0x19,0xdf,0x19,0xdf,0x19,0xdf,0x19,0xdf,0x19,0xdf,
    0x19,0xdf,0x19,0xdf,0x19,0xdf,0x19,0xdf,0x19,0xdf,0x19,0xdf,0x19,0xdf,0x19,0xdf,0x19,0xdf,0x19,0xdf,0x19,0xdf,0x19,0xdf,0x19,0xdf,0x19,0xdf,0x19,0xdf,0x19,0xdf,
    0x19,0xdf,0x19,0xdf,0x19,0xdf,0x19,0xdf,0x19,0xdf,0x19,0xdf,0x19,0xdf,0x19,0xdf,0x19,0xdf,0x19,0xdf,0x19,0xdf,0x19,0xdf,0x19,0xdf,0x19,0xdf,0x19,0xdf,0x19,0xdf,
    0x19,0xdf,0x19,0xdf,0x19,0xdf,0x19,0xdf,0x19,0xdf,0x19,0xdf,0x19,0xdf,0x19,0xdf,0x19,0xdf,0x19,0xdf,0x19,0xdf,0x19,0xdf,0x19,0xdf,0x19,0xdf,0x19,0xdf,0x19,0xdf,
    0x19,0xdf,0x19,0xdf,0x19,0xdf,0x19,0xdf,0x19,0xdf,0x19,0xdf,0x19,0xdf,0x19,0xdf,0x19,0xdf,0x19,0xdf,0x19,0xdf,0x19,0xdf,0x19,0xdf,0x19,0xdf,0x19,0xdf,0x19,0xdf,
    0x19,0xdf,0x19,0xdf,0x19,0xdf,0x19,0xdf,0x19,0xdf,0x19,0xdf,0x19,0xdf,0x19,0xdf,0x19,0xdf,0x19,0xdf,0x19,0xdf,0x19,0xdf,0x19,0xdf,0x19,0xdf,0x19,0xdf,0x19,0xdf,
    0x19,0xdf,0x19,0xdf,0x19,0xdf,0x19,0xdf,0x19,0xdf,0x19,0xdf,0x19,0xdf,0x19,0xdf,0x19,0xdf,0x19,0xdf,0x19,0xdf,0x19,0xdf,0x19,0xdf,0x19,0xdf,0x19,0xdf,0x19,0xdf,
    0x19,0xdf,0x19,0xdf,0x19,0xdf,0x19,0xdf,0x19,0xdf,0x19,0xdf,0x19,0xdf,0x19,0xdf,0x19,0xdf,0x19,0xdf,0x19,0xdf,0x19,0xdf,0x19,0xdf,0x19,0xdf,0x19,0xdf,0x19,0xdf,
    0x19,0xdf,0x19,0xdf,0x19,0xdf,0x19,0xdf,0x19,0xdf,0x19,0xdf,0x19,0xdf,0x19,0xdf,0x19,0xdf,0x19,0xdf,0x19,0xdf,0x19,0xdf,0x19,0xdf,0x19,0xdf,0x19,0xdf,0x19,0xdf,
    0x19,0xdf,0xf9,0xde,0x69,0x32,0x24,0x11,0x25,0x62,0x86,0x7a,0x06,0x8b,0xe6,0x82,0x87,0x62,0x2a,0x22,0x0a,0x1a,0x0a,0x12,0x0a,0x12,0x0a,0x12,0x0a,0x12,0x0a,0x1a,
    0x2a,0x1a,0x0a,0x1a,0x0a,0x12,0x0a,0x1a,0x2a,0x1a,0x2a,0x1a,0x2a,0x1a,0x2a,0x1a,0x2a,0x1a,0x2a,0x1a,0x2a,0x1a,0x2a,0x1a,0x2a,0x1a,0x2a,0x1a,0x2a,0x1a,0x2a,0x1a,
    0x2a,0x1a,0x2a,0x1a,0x2a,0x12,0x0a,0x1a,0x2a,0x1a,0x2a,0x1a,0x2a,0x1a,0x2a,0x1a,0x0a,0x12,0x0a,0x12,0x0a,0x12,0x0a,0x12,0x0a,0x12,0xea,0x11,0x08,0x2a,0x85,0x72,
    0x06,0x93,0xe6,0x8a,0x27,0x4a,0x0a,0x12,0x0a,0x12,0x0a,0x12,0x0a,0x1a,0x0a,0x1a,0x2a,0x1a,0x2a,0x1a,0x2a,0x1a,0x2a,0x1a,0x0a,0x1a,0x0a,0x1a,0x0a,0x12,0x0a,0x12,
    0x0a,0x12,0x0a,0x12,0x0a,0x12,0x0a,0x12,0x0a,0x12,0x0a,0x12,0x0a,0x12,0x0a,0x12,0x0a,0x12,0x0a,0x12,0x0a,0x1a,0x0a,0x1a,0x2a,0x1a,0x0a,0x1a,0x2a,0x1a,0x2a,0x1a,
    0x2a,0x1a,0x2a,0x1a,0x2a,0x1a,0x0a,0x1a,0x0a,0x1a,0x0a,0x12,0x0a,0x12,0x09,0x1a,0x26,0x52,0x86,0x72,0xa6,0x7a,0xa6,0x82,0x26,0x4a,0x25,0x01,0xd1,0x8c,0x5a,0xe7,
    0x19,0xdf,0x19,0xdf,0x19,0xdf,0x19,0xdf,0x19,0xdf,0x19,0xdf,0x19,0xdf,0x19,0xdf,0x19,0xdf,0x19,0xdf,0x19,0xdf,0x19,0xdf,0x19,0xdf,0x19,0xdf,0x19,0xdf,0x19,0xdf,
    0x19,0xdf,0x19,0xdf,0x19,0xdf,0x19,0xdf,0x19,0xdf,0x19,0xdf,0x19,0xdf,0x19,0xdf,0x19,0xdf,0x19,0xdf,0x19,0xdf,0x19,0xdf,0x19,0xdf,0x19,0xdf,0x19,0xdf,0x19,0xdf,
    0x19,0xdf,0x19,0xdf,0x19,0xdf,0x19,0xdf,0x19,0xdf,0x19,0xdf,0x19,0xdf,0x19,0xdf,0x19,0xdf,0x19,0xdf,0x19,0xdf,0x19,0xdf,0x19,0xdf,0x19,0xdf,0x19,0xdf,0x19,0xdf,
    0x19,0xdf,0x19,0xdf,0x19,0xdf,0x19,0xdf,0x19,0xdf,0x19,0xdf,0x19,0xdf,0x19,0xdf,0x19,0xdf,0x19,0xdf,0x19,0xdf,0x19,0xdf,0x19,0xdf,0x19,0xdf,0x19,0xdf,0x19,0xdf,
    0x19,0xdf,0x19,0xdf,0x19,0xdf,0x19,0xdf,0x19,0xdf,0x19,0xdf,0x19,0xdf,0x19,0xdf,0x19,0xdf,0x19,0xdf,0x19,0xdf,0x19,0xdf,0x19,0xdf,0x19,0xdf,0x19,0xdf,0x19,0xdf,
    0x19,0xdf,0x19,0xdf,0x19,0xdf,0x19,0xdf,0x19,0xdf,0x19,0xdf,0x19,0xdf,0x19,0xdf,0x19,0xdf,0x19,0xdf,0x19,0xdf,0x19,0xdf,0x19,0xdf,0x19,0xdf,0x19,0xdf,0x19,0xdf,
    0x19,0xdf,0x19,0xdf,0x19,0xdf,0x19,0xdf,0x19,0xdf,0x19,0xdf,0x19,0xdf,0x19,0xdf,0x19,0xdf,0x19,0xdf,0x19,0xdf,0x19,0xdf,0x19,0xdf,0x19,0xdf,0x19,0xdf,0x19,0xdf,
    0x19,0xdf,0x19,0xdf,0x19,0xdf,0x19,0xdf,0x19,0xdf,0x19,0xdf,0x19,0xdf,0x19,0xdf,0x19,0xdf,0x19,0xdf,0x19,0xdf,0x19,0xdf,0x19,0xdf,0x19,0xdf,0x19,0xdf,0x19,0xdf,
    0x19,0xdf,0x19,0xdf,0x19,0xdf,0x19,0xdf,0x19,0xdf,0x19,0xdf,0x19,0xdf,0xf9,0xde,0x69,0x32,0x24,0x11,0x25,0x62,0xa6,0x7a,0x06,0x8b,0x06,0x8b,0xc7,0x7a,0x09,0x22,
    0x0a,0x1a,0x0a,0x1a,0x0a,0x1a,0x0a,0x1a,0x0a,0x1a,0x0a,0x1a,0x0a,0x1a,0x0a,0x1a,0x2a,0x1a,0x2a,0x1a,0x2a,0x1a,0x2a,0x1a,0x2a,0x1a,0x2a,0x1a,0x2a,0x1a,0x2a,0x1a,
    0x2a,0x1a,0x2a,0x1a,0x2a,0x1a,0x2a,0x1a,0x2a,0x1a,0x2a,0x1a,0x2a,0x1a,0x2a,0x1a,0x2a,0x1a,0x2a,0x1a,0x2a,0x1a,0x2a,0x1a,0x2b,0x1a,0x2a,0x1a,0x2a,0x1a,0x0a,0x1a,
    0x0a,0x1a,0x0a,0x1a,0x0a,0x1a,0x0a,0x12,0x48,0x32,0xe6,0x8a,0x26,0x93,0x67,0xa3,0xe8,0x72,0x0a,0x12,0x0a,0x1a,0x0a,0x1a,0x0a,0x1a,0x0a,0x1a,0x2a,0x1a,0x2a,0x1a,
    0x2a,0x1a,0x2a,0x1a,0x2a,0x1a,0x0a,0x1a,0x0a,0x1a,0x0a,0x1a,0x0a,0x1a,0x0a,0x1a,0x0a,0x1a,0x0a,0x1a,0x0a,0x1a,0x0a,0x1a,0x0a,0x1a,0x0a,0x1a,0x0a,0x1a,0x0a,0x1a,
    0x0a,0x1a,0x2a,0x1a,0x2a,0x1a,0x0a,0x1a,0x2a,0x1a,0x2a,0x1a,0x2a,0x1a,0x2a,0x1a,0x2a,0x1a,0x2a,0x1a,0x0a,0x1a,0x0a,0x1a,0x0a,0x12,0x09,0x22,0xa6,0x72,0xa6,0x82,
    0xa6,0x7a,0xa6,0x82,0x26,0x52,0x25,0x01,0xd1,0x8c,0x5a,0xe7,0x19,0xdf,0x19,0xdf,0x19,0xdf,0x19,0xdf,0x19,0xdf,0x19,0xdf,0x19,0xdf,0x19,0xdf,0x19,0xdf,0x19,0xdf,
    0x19,0xdf,0x19,0xdf,0x19,0xdf,0x19,0xdf,0x19,0xdf,0x19,0xdf,0x19,0xdf,0x19,0xdf,0x19,0xdf,0x19,0xdf,0x19,0xdf,0x19,0xdf,0x19,0xdf,0x19,0xdf,0x19,0xdf,0x19,0xdf,
    0x19,0xdf,0x19,0xdf,0x19,0xdf,0x19,0xdf,0x19,0xdf,0x19,0xdf,0x19,0xdf,0x19,0xdf,0x19,0xdf,0x19,0xdf,0x19,0xdf,0x19,0xdf,0x19,0xdf,0x19,0xdf,0x19,0xdf,0x19,0xdf,
    0x19,0xdf,0x19,0xdf,0x19,0xdf,0x19,0xdf,0x19,0xdf,0x19,0xdf,0x19,0xdf,0x19,0xdf,0x19,0xdf,0x19,0xdf,0x19,0xdf,0x19,0xdf,0x19,0xdf,0x19,0xdf,0x19,0xdf,0x19,0xdf,
    0x19,0xdf,0x19,0xdf,0x19,0xdf,0x19,0xdf,0x19,0xdf,0x19,0xdf,0x19,0xdf,0x19,0xdf,0x19,0xdf,0x19,0xdf,0x19,0xdf,0x19,0xdf,0x19,0xdf,0x19,0xdf,0x19,0xdf,0x19,0xdf,
    0x19,0xdf,0x19,0xdf,0x19,0xdf,0x19,0xdf,0x19,0xdf,0x19,0xdf,0x19,0xdf,0x19,0xdf,0x19,0xdf,0x19,0xdf,0x19,0xdf,0x19,0xdf,0x19,0xdf,0x19,0xdf,0x19,0xdf,0x19,0xdf,
    0x19,0xdf,0x19,0xdf,0x19,0xdf,0x19,0xdf,0x19,0xdf,0x19,0xdf,0x19,0xdf,0x19,0xdf,0x19,0xdf,0x19,0xdf,0x19,0xdf,0x19,0xdf,0x19,0xdf,0x19,0xdf,0x19,0xdf,0x19,0xdf,
    0x19,0xdf,0x19,0xdf,0x19,0xdf,0x19,0xdf,0x19,0xdf,0x19,0xdf,0x19,0xdf,0x19,0xdf,0x19,0xdf,0x19,0xdf,0x19,0xdf,0x19,0xdf,0x19,0xdf,0x19,0xdf,0x19,0xdf,0x19,0xdf,
    0x19,0xdf,0x19,0xdf,0x19,0xdf,0x19,0xdf,0x19,0xdf,0x19,0xdf,0x19,0xdf,0x19,0xdf,0x19,0xdf,0x19,0xdf,0x19,0xdf,0x19,0xdf,0x19,0xdf,0xf9,0xde,0x69,0x32,0x24,0x11,
    0x45,0x62,0xa6,0x7a,0x06,0x8b,0x06,0x8b,0xc7,0x72,0x0a,0x1a,0x0a,0x1a,0x0a,0x1a,0x0a,0x1a,0x0a,0x1a,0x2a,0x1a,0x2a,0x1a,0x2a,0x1a,0x2a,0x1a,0x2a,0x1a,0x2a,0x1a,
    0x2a,0x1a,0x2a,0x1a,0x2a,0x1a,0x2b,0x1a,0x2b,0x1a,0x2b,0x1a,0x2a,0x1a,0x2a,0x1a,0x2a,0x1a,0x2b,0x1a,0x2b,0x1a,0x2b,0x1a,0x2a,0x1a,0x2b,0x1a,0x2b,0x1a,0x2b,0x1a,
    0x2b,0x1a,0x2b,0x1a,0x2b,0x1a,0x2b,0x1a,0x2b,0x1a,0x2b,0x1a,0x2a,0x1a,0x2a,0x1a,0x0a,0x1a,0x0a,0x12,0x69,0x3a,0x06,0x93,0xe6,0x8a,0x87,0xab,0x69,0x8b,0x0a,0x12,
    0x0a,0x1a,0x0a,0x1a,0x0a,0x1a,0x2a,0x1a,0x2a,0x1a,0x2a,0x1a,0x2a,0x1a,0x2a,0x1a,0x2a,0x1a,0x2a,0x1a,0x2a,0x1a,0x2a,0x1a,0x2a,0x1a,0x2a,0x1a,0x2a,0x1a,0x2a,0x1a,
    0x2a,0x1a,0x2a,0x1a,0x2a,0x1a,0x2a,0x1a,0x2a,0x1a,0x2a,0x1a,0x2a,0x1a,0x2a,0x1a,0x2a,0x1a,0x2a,0x1a,0x2a,0x1a,0x2a,0x1a,0x2a,0x1a,0x2a,0x1a,0x2a,0x1a,0x2a,0x1a,
    0x2a,0x1a,0x0a,0x1a,0x0a,0x1a,0x09,0x22,0xa6,0x7a,0xc6,0x82,0xc6,0x82,0xc6,0x82,0x26,0x52,0x25,0x01,0xd1,0x8c,0x5a,0xe7,0x19,0xdf,0x19,0xdf,0x19,0xdf,0x19,0xdf,
    0x19,0xdf,0x19,0xdf,0x19,0xdf,0x19,0xdf,0x19,0xdf,0x19,0xdf,0x19,0xdf,0x19,0xdf,0x19,0xdf,0x19,0xdf,0x19,0xdf,0x19,0xdf,0x19,0xdf,0x19,0xdf,0x19,0xdf,0x19,0xdf,
    0x19,0xdf,0x19,0xdf,0x19,0xdf,0x19,0xdf,0x19,0xdf,0x19,0xdf,0x19,0xdf,0x19,0xdf,0x19,0xdf,0x19,0xdf,0x19,0xdf,0x19,0xdf,0x19,0xdf,0x19,0xdf,0x19,0xdf,0x19,0xdf,
    0x19,0xdf,0x19,0xdf,0x19,0xdf,0x19,0xdf,0x19,0xdf,0x19,0xdf,0x19,0xdf,0x19,0xdf,0x19,0xdf,0x19,0xdf,0x19,0xdf,0x19,0xdf,0x19,0xdf,0x19,0xdf,0x19,0xdf,0x19,0xdf,
    0x19,0xdf,0x19,0xdf,0x19,0xdf,0x19,0xdf,0x19,0xdf,0x19,0xdf,0x19,0xdf,0x19,0xdf,0x19,0xdf,0x19,0xdf,0x19,0xdf,0x19,0xdf,0x19,0xdf,0x19,0xdf,0x19,0xdf,0x19,0xdf,
    0x19,0xdf,0x19,0xdf,0x19,0xdf,0x19,0xdf,0x19,0xdf,0x19,0xdf,0x19,0xdf,0x19,0xdf,0x19,0xdf,0x19,0xdf,0x19,0xdf,0x19,0xdf,0x19,0xdf,0x19,0xdf,0x19,0xdf,0x19,0xdf,
    0x19,0xdf,0x19,0xdf,0x19,0xdf,0x19,0xdf,0x19,0xdf,0x19,0xdf,0x19,0xdf,0x19,0xdf,0x19,0xdf,0x19,0xdf,0x19,0xdf,0x19,0xdf,0x19,0xdf,0x19,0xdf,0x19,0xdf,0x19,0xdf,
    0x19,0xdf,0x19,0xdf,0x19,0xdf,0x19,0xdf,0x19,0xdf,0x19,0xdf,0x19,0xdf,0x19,0xdf,0x19,0xdf,0x19,0xdf,0x19,0xdf,0x19,0xdf,0x19,0xdf,0x19,0xdf,0x19,0xdf,0x19,0xdf,
    0x19,0xdf,0x19,0xdf,0x19,0xdf,0x19,0xdf,0x19,0xdf,0x19,0xdf,0x19,0xdf,0x19,0xdf,0x19,0xdf,0x19,0xdf,0x19,0xdf,0x19,0xdf,0x19,0xdf,0x19,0xdf,0x19,0xdf,0x19,0xdf,
    0x19,0xdf,0x19,0xdf,0x19,0xdf,0xf9,0xde,0x49,0x32,0x24,0x09,0x66,0x6a,0xc6,0x82,0x06,0x8b,0x06,0x8b,0xc7,0x72,0x0a,0x1a,0x0a,0x1a,0x0a,0x1a,0x2a,0x1a,0x0a,0x12,
    0xca,0x11,0x0a,0x1a,0x2b,0x1a,0x2b,0x1a,0x2b,0x1a,0x2a,0x1a,0x2b,0x1a,0x2b,0x1a,0x2b,0x1a,0x2b,0x1a,0x2b,0x1a,0x2b,0x1a,0x2b,0x1a,0x2b,0x1a,0x2b,0x1a,0x2b,0x1a,
    0x2b,0x1a,0x2b,0x1a,0x2b,0x1a,0x2b,0x1a,0x2b,0x1a,0x2b,0x1a,0x2b,0x1a,0x2b,0x1a,0x2b,0x1a,0x2b,0x1a,0x2b,0x1a,0x2b,0x1a,0x2b,0x1a,0x2b,0x1a,0x2b,0x1a,0x2a,0x12,
    0x69,0x3a,0x06,0x93,0x06,0x8b,0x87,0xab,0x68,0x8b,0x2a,0x1a,0x2a,0x1a,0x2a,0x1a,0x2b,0x1a,0x2b,0x1a,0x2b,0x1a,0x2b,0x1a,0x2b,0x1a,0x2b,0x1a,0x2b,0x1a,0x2b,0x1a,
    0x2b,0x1a,0x2a,0x1a,0x2a,0x1a,0x2a,0x1a,0x0a,0x1a,0xaa,0x32,0xcf,0xc5,0xf0,0xcd,0xf0,0xcd,0xaf,0xbd,0x4a,0x2a,0x0a,0x1a,0x2a,0x1a,0x2b,0x1a,0x2a,0x1a,0x2a,0x1a,
    0x2b,0x1a,0x2b,0x1a,0x2b,0x1a,0x2b,0x1a,0x2b,0x1a,0x2b,0x1a,0x2a,0x1a,0x2a,0x1a,0x0a,0x1a,0x29,0x22,0xe6,0x82,0xc6,0x82,0xa6,0x82,0xe6,0x8a,0x46,0x52,0x25,0x01,
    0xd1,0x8c,0x5a,0xe7,0x19,0xdf,0x19,0xdf,0x19,0xdf,0x19,0xdf,0x19,0xdf,0x19,0xdf,0x19,0xdf,0x19,0xdf,0x19,0xdf,0x19,0xdf,0x19,0xdf,0x19,0xdf,0x19,0xdf,0x19,0xdf,
    0x19,0xdf,0x19,0xdf,0x19,0xdf,0x19,0xdf,0x19,0xdf,0x19,0xdf,0x19,0xdf,0x19,0xdf,0x19,0xdf,0x19,0xdf,0x19,0xdf,0x19,0xdf,0x19,0xdf,0x19,0xdf,0x19,0xdf,0x19,0xdf,
    0x19,0xdf,0x19,0xdf,0x19,0xdf,0x19,0xdf,0x19,0xdf,0x19,0xdf,0x19,0xdf,0x19,0xdf,0x19,0xdf,0x19,0xdf,0x19,0xdf,0x19,0xdf,0x19,0xdf,0x19,0xdf,0x19,0xdf,0x19,0xdf,
    0x19,0xdf,0x19,0xdf,0x19,0xdf,0x19,0xdf,0x19,0xdf,0x19,0xdf,0x19,0xdf,0x19,0xdf,0x19,0xdf,0x19,0xdf,0x19,0xdf,0x19,0xdf,0x19,0xdf,0x19,0xdf,0x19,0xdf,0x19,0xdf,
    0x19,0xdf,0x19,0xdf,0x19,0xdf,0x19,0xdf,0x19,0xdf,0x19,0xdf,0x19,0xdf,0x19,0xdf,0x19,0xdf,0x19,0xdf,0x19,0xdf,0x19,0xdf,0x19,0xdf,0x19,0xdf,0x19,0xdf,0x19,0xdf,
    0x19,0xdf,0x19,0xdf,0x19,0xdf,0x19,0xdf,0x19,0xdf,0x19,0xdf,0x19,0xdf,0x19,0xdf,0x19,0xdf,0x19,0xdf,0x19,0xdf,0x19,0xdf,0x19,0xdf,0x19,0xdf,0x19,0xdf,0x19,0xdf,
    0x19,0xdf,0x19,0xdf,0x19,0xdf,0x19,0xdf,0x19,0xdf,0x19,0xdf,0x19,0xdf,0x19,0xdf,0x19,0xdf,0x19,0xdf,0x19,0xdf,0x19,0xdf,0x19,0xdf,0x19,0xdf,0x19,0xdf,0x19,0xdf,
    0x19,0xdf,0x19,0xdf,0x19,0xdf,0x19,0xdf,0x19,0xdf,0x19,0xdf,0x19,0xdf,0x19,0xdf,0x19,0xdf,0x19,0xdf,0x19,0xdf,0x19,0xdf,0x19,0xdf,0x19,0xdf,0x19,0xdf,0x19,0xdf,
    0x19,0xdf,0x19,0xdf,0x19,0xdf,0x19,0xdf,0x19,0xdf,0x19,0xdf,0x19,0xdf,0x19,0xdf,0x19,0xdf,0xf9,0xde,0x49,0x32,0x24,0x11,0x66,0x72,0xc6,0x82,0xe6,0x82,0x67,0x9b,
    0x68,0x93,0x0a,0x1a,0x0a,0x12,0x2a,0x1a,0x0a,0x12,0xcc,0x32,0x13,0x95,0x8c,0x2a,0x0a,0x1a,0x2b,0x1a,0x2b,0x1a,0x2b,0x1a,0x2b,0x1a,0x2b,0x1a,0x2b,0x1a,0x2b,0x1a,
    0x2b,0x1a,0x2b,0x1a,0x2b,0x1a,0x2b,0x1a,0x2b,0x1a,0x2b,0x1a,0x2b,0x1a,0x2b,0x1a,0x2b,0x1a,0x4b,0x1a,0x4b,0x1a,0x2b,0x1a,0x2b,0x1a,0x2b,0x1a,0x2b,0x1a,0x2b,0x1a,
    0x2b,0x1a,0x2b,0x1a,0x2b,0x1a,0x2b,0x1a,0x2b,0x1a,0x2b,0x12,0x69,0x3a,0x06,0x93,0x06,0x8b,0x87,0xab,0x89,0x8b,0x2a,0x1a,0x2b,0x1a,0x2b,0x1a,0x2b,0x1a,0x2b,0x1a,
    0x2b,0x1a,0x2b,0x1a,0x2b,0x1a,0x2b,0x1a,0x2b,0x1a,0x2b,0x1a,0x2b,0x1a,0x2b,0x1a,0x2a,0x1a,0xea,0x11,0x8c,0x5b,0xaf,0xbd,0x12,0xff,0x11,0xff,0x11,0xff,0xf1,0xfe,
    0xb0,0xbd,0x6c,0x53,0x0a,0x12,0x2a,0x1a,0x2b,0x1a,0x2b,0x1a,0x2b,0x1a,0x2b,0x1a,0x2b,0x1a,0x2b,0x1a,0x2b,0x1a,0x2b,0x1a,0x2b,0x1a,0x2b,0x1a,0x0a,0x1a,0x09,0x22,
    0x06,0x8b,0xe6,0x8a,0xa6,0x82,0x06,0x93,0x46,0x52,0x25,0x01,0xd1,0x8c,0x5a,0xe7,0x19,0xdf,0x19,0xdf,0x19,0xdf,0x19,0xdf,0x19,0xdf,0x19,0xdf,0x19,0xdf,0x19,0xdf,
    0x19,0xdf,0x19,0xdf,0x19,0xdf,0x19,0xdf,0x19,0xdf,0x19,0xdf,0x19,0xdf,0x19,0xdf,0x19,0xdf,0x19,0xdf,0x19,0xdf,0x19,0xdf,0x19,0xdf,0x19,0xdf,0x19,0xdf,0x19,0xdf,
    0x19,0xdf,0x19,0xdf,0x19,0xdf,0x19,0xdf,0x19,0xdf,0x19,0xdf,0x19,0xdf,0x19,0xdf,0x19,0xdf,0x19,0xdf,0x19,0xdf,0x19,0xdf,0x19,0xdf,0x19,0xdf,0x19,0xdf,0x19,0xdf,
    0x19,0xdf,0x19,0xdf,0x19,0xdf,0x19,0xdf,0x19,0xdf,0x19,0xdf,0x19,0xdf,0x19,0xdf,0x19,0xdf,0x19,0xdf,0x19,0xdf,0x19,0xdf,0x19,0xdf,0x19,0xdf,0x19,0xdf,0x19,0xdf,
    0x19,0xdf,0x19,0xdf,0x19,0xdf,0x19,0xdf,0x19,0xdf,0x19,0xdf,0x19,0xdf,0x19,0xdf,0x19,0xdf,0x19,0xdf,0x19,0xdf,0x19,0xdf,0x19,0xdf,0x19,0xdf,0x19,0xdf,0x19,0xdf,
    0x19,0xdf,0x19,0xdf,0x19,0xdf,0x19,0xdf,0x19,0xdf,0x19,0xdf,0x19,0xdf,0x19,0xdf,0x19,0xdf,0x19,0xdf,0x19,0xdf,0x19,0xdf,0x19,0xdf,0x19,0xdf,0x19,0xdf,0x19,0xdf,
    0x19,0xdf,0x19,0xdf,0x19,0xdf,0x19,0xdf,0x19,0xdf,0x19,0xdf,0x19,0xdf,0x19,0xdf,0x19,0xdf,0x19,0xdf,0x19,0xdf,0x19,0xdf,0x19,0xdf,0x19,0xdf,0x19,0xdf,0x19,0xdf,
    0x19,0xdf,0x19,0xdf,0x19,0xdf,0x19,0xdf,0x19,0xdf,0x19,0xdf,0x19,0xdf,0x19,0xdf,0x19,0xdf,0x19,0xdf,0x19,0xdf,0x19,0xdf,0x19,0xdf,0x19,0xdf,0x19,0xdf,0x19,0xdf,
    0x19,0xdf,0x19,0xdf,0x19,0xdf,0x19,0xdf,0x19,0xdf,0x19,0xdf,0x19,0xdf,0x19,0xdf,0x19,0xdf,0x19,0xdf,0x19,0xdf,0x19,0xdf,0x19,0xdf,0x19,0xdf,0x19,0xdf,0xf9,0xde,
    0x49,0x32,0x24,0x11,0x86,0x72,0xc6,0x82,0xc6,0x7a,0x67,0xa3,0xc8,0xab,0x2a,0x1a,0x2b,0x1a,0x2b,0x1a,0x0a,0x12,0xed,0x3a,0x16,0xbe,0xcd,0x32,0x2b,0x1a,0x2b,0x1a,
    0x2b,0x1a,0x2b,0x1a,0x2b,0x1a,0x2b,0x1a,0x2b,0x1a,0x2b,0x1a,0x2b,0x1a,0x2b,0x1a,0x2b,0x1a,0x4b,0x1a,0x2b,0x1a,0x4b,0x1a,0x2b,0x1a,0x2b,0x1a,0x4b,0x22,0x4b,0x22,
    0x4b,0x1a,0x4b,0x1a,0x2b,0x1a,0x2b,0x1a,0x2b,0x1a,0x2b,0x1a,0x2b,0x1a,0x2b,0x1a,0x2b,0x1a,0x2b,0x1a,0x2b,0x1a,0x2b,0x12,0x69,0x3a,0x26,0x93,0x06,0x8b,0x87,0xab,
    0x89,0x93,0x2a,0x1a,0x2b,0x1a,0x2b,0x1a,0x2b,0x1a,0x2b,0x1a,0x2b,0x1a,0x2b,0x1a,0x2b,0x1a,0x2b,0x1a,0x2b,0x1a,0x2b,0x1a,0x2b,0x1a,0x4b,0x1a,0x2a,0x1a,0x6c,0x53,
    0xaf,0xbd,0x31,0xff,0xf1,0xfe,0xf1,0xfe,0xf1,0xfe,0xf1,0xfe,0x32,0xff,0x6f,0xb5,0xeb,0x42,0x2a,0x1a,0x2b,0x1a,0x2b,0x1a,0x2b,0x1a,0x2b,0x1a,0x2b,0x1a,0x2b,0x1a,
    0x2b,0x1a,0x2b,0x1a,0x2b,0x1a,0x2b,0x1a,0x2b,0x1a,0x2a,0x22,0x06,0x8b,0xe6,0x8a,0xc6,0x82,0x06,0x93,0x46,0x52,0x25,0x01,0xd1,0x8c,0x5a,0xe7,0x19,0xdf,0x19,0xdf,
    0x19,0xdf,0x19,0xdf,0x19,0xdf,0x19,0xdf,0x19,0xdf,0x19,0xdf,0x19,0xdf,0x19,0xdf,0x19,0xdf,0x19,0xdf,0x19,0xdf,0x19,0xdf,0x19,0xdf,0x19,0xdf,0x19,0xdf,0x19,0xdf,
    0x19,0xdf,0x19,0xdf,0x19,0xdf,0x19,0xdf,0x19,0xdf,0x19,0xdf,0x19,0xdf,0x19,0xdf,0x19,0xdf,0x19,0xdf,0x19,0xdf,0x19,0xdf,0x19,0xdf,0x19,0xdf,0x19,0xdf,0x19,0xdf,
    0x19,0xdf,0x19,0xdf,0x19,0xdf,0x19,0xdf,0x19,0xdf,0x19,0xdf,0x19,0xdf,0x19,0xdf,0x19,0xdf,0x19,0xdf,0x19,0xdf,0x19,0xdf,0x19,0xdf,0x19,0xdf,0x19,0xdf,0x19,0xdf,
    0x19,0xdf,0x19,0xdf,0x19,0xdf,0x19,0xdf,0x19,0xdf,0x19,0xdf,0x19,0xdf,0x19,0xdf,0x19,0xdf,0x19,0xdf,0x19,0xdf,0x19,0xdf,0x19,0xdf,0x19,0xdf,0x19,0xdf,0x19,0xdf,
    0x19,0xdf,0x19,0xdf,0x19,0xdf,0x19,0xdf,0x19,0xdf,0x19,0xdf,0x19,0xdf,0x19,0xdf,0x19,0xdf,0x19,0xdf,0x19,0xdf,0x19,0xdf,0x19,0xdf,0x19,0xdf,0x19,0xdf,0x19,0xdf,
    0x19,0xdf,0x19,0xdf,0x19,0xdf,0x19,0xdf,0x19,0xdf,0x19,0xdf,0x19,0xdf,0x19,0xdf,0x19,0xdf,0x19,0xdf,0x19,0xdf,0x19,0xdf,0x19,0xdf,0x19,0xdf,0x19,0xdf,0x19,0xdf,
    0x19,0xdf,0x19,0xdf,0x19,0xdf,0x19,0xdf,0x19,0xdf,0x19,0xdf,0x19,0xdf,0x19,0xdf,0x19,0xdf,0x19,0xdf,0x19,0xdf,0x19,0xdf,0x19,0xdf,0x19,0xdf,0x19,0xdf,0x19,0xdf,
    0x19,0xdf,0x19,0xdf,0x19,0xdf,0x19,0xdf,0x19,0xdf,0x19,0xdf,0x19,0xdf,0x19,0xdf,0x19,0xdf,0x19,0xdf,0x19,0xdf,0x19,0xdf,0x19,0xdf,0x19,0xdf,0x19,0xdf,0x19,0xdf,
    0x19,0xdf,0x19,0xdf,0x19,0xdf,0x19,0xdf,0x19,0xdf,0xf9,0xde,0x49,0x32,0x24,0x11,0x86,0x72,0xc6,0x82,0x66,0x6a,0x47,0x9b,0xc9,0xab,0x4b,0x1a,0x2a,0x1a,0x2b,0x1a,
    0x2b,0x1a,0x2b,0x1a,0x0b,0x12,0x2b,0x1a,0x4b,0x1a,0x2b,0x1a,0x2b,0x1a,0x2b,0x1a,0x2b,0x1a,0x2b,0x1a,0x2b,0x1a,0x2b,0x1a,0x4b,0x1a,0x4b,0x1a,0x4b,0x1a,0x4b,0x1a,
    0x4b,0x1a,0x4b,0x1a,0x4b,0x1a,0x2b,0x1a,0x6f,0xb5,0xed,0x6b,0x0b,0x12,0x4b,0x1a,0x4b,0x1a,0x4b,0x1a,0x4b,0x1a,0x4b,0x1a,0x2b,0x1a,0x4b,0x1a,0x4b,0x1a,0x4b,0x1a,
    0x4b,0x1a,0x2b,0x12,0x69,0x3a,0x26,0x93,0x06,0x8b,0x87,0xab,0x89,0x93,0x2a,0x22,0x2b,0x1a,0x4b,0x1a,0x2b,0x1a,0x2b,0x1a,0x2b,0x1a,0x2b,0x1a,0x2b,0x1a,0x2b,0x1a,
    0x2b,0x1a,0x2b,0x1a,0x2b,0x1a,0x4b,0x1a,0x2a,0x1a,0xaf,0xbd,0x31,0xff,0xf1,0xfe,0xf1,0xfe,0xf1,0xfe,0xf1,0xfe,0xf1,0xfe,0xf1,0xfe,0x32,0xff,0x8e,0x84,0x0a,0x12,
    0x2b,0x1a,0x2b,0x1a,0x2b,0x1a,0x2b,0x1a,0x2b,0x1a,0x2b,0x1a,0x2b,0x1a,0x2b,0x1a,0x2b,0x1a,0x2b,0x1a,0x2b,0x1a,0x2a,0x22,0x06,0x8b,0x06,0x93,0xe6,0x8a,0xe6,0x8a,
    0x46,0x52,0x25,0x01,0xd1,0x8c,0x5a,0xe7,0x19,0xdf,0x19,0xdf,0x19,0xdf,0x19,0xdf,0x19,0xdf,0x19,0xdf,0x19,0xdf,0x19,0xdf,0x19,0xdf,0x19,0xdf,0x19,0xdf,0x19,0xdf,
    0x19,0xdf,0x19,0xdf,0x19,0xdf,0x19,0xdf,0x19,0xdf,0x19,0xdf,0x19,0xdf,0x19,0xdf,0x19,0xdf,0x19,0xdf,0x19,0xdf,0x19,0xdf,0x19,0xdf,0x19,0xdf,0x19,0xdf,0x19,0xdf,
    0x19,0xdf,0x19,0xdf,0x19,0xdf,0x19,0xdf,0x19,0xdf,0x19,0xdf,0x19,0xdf,0x19,0xdf,0x19,0xdf,0x19,0xdf,0x19,0xdf,0x19,0xdf,0x19,0xdf,0x19,0xdf,0x19,0xdf,0x19,0xdf,
    0x19,0xdf,0x19,0xdf,0x19,0xdf,0x19,0xdf,0x19,0xdf,0x19,0xdf,0x19,0xdf,0x19,0xdf,0x19,0xdf,0x19,0xdf,0x19,0xdf,0x19,0xdf,0x19,0xdf,0x19,0xdf,0x19,0xdf,0x19,0xdf,
    0x19,0xdf,0x19,0xdf,0x19,0xdf,0x19,0xdf,0x19,0xdf,0x19,0xdf,0x19,0xdf,0x19,0xdf,0x19,0xdf,0x19,0xdf,0x19,0xdf,0x19,0xdf,0x19,0xdf,0x19,0xdf,0x19,0xdf,0x19,0xdf,
    0x19,0xdf,0x19,0xdf,0x19,0xdf,0x19,0xdf,0x19,0xdf,0x19,0xdf,0x19,0xdf,0x19,0xdf,0x19,0xdf,0x19,0xdf,0x19,0xdf,0x19,0xdf,0x19,0xdf,0x19,0xdf,0x19,0xdf,0x19,0xdf,
    0x19,0xdf,0x19,0xdf,0x19,0xdf,0x19,0xdf,0x19,0xdf,0x19,0xdf,0x19,0xdf,0x19,0xdf,0x19,0xdf,0x19,0xdf,0x19,0xdf,0x19,0xdf,0x19,0xdf,0x19,0xdf,0x19,0xdf,0x19,0xdf,
    0x19,0xdf,0x19,0xdf,0x19,0xdf,0x19,0xdf,0x19,0xdf,0x19,0xdf,0x19,0xdf,0x19,0xdf,0x19,0xdf,0x19,0xdf,0x19,0xdf,0x19,0xdf,0x19,0xdf,0x19,0xdf,0x19,0xdf,0x19,0xdf,
    0x19,0xdf,0x19,0xdf,0x19,0xdf,0x19,0xdf,0x19,0xdf,0x19,0xdf,0x19,0xdf,0x19,0xdf,0x19,0xdf,0x19,0xdf,0x19,0xdf,0xf9,0xde,0x69,0x32,0x24,0x11,0xa6,0x7a,0xc6,0x82,
    0x66,0x6a,0x47,0x9b,0xa8,0xa3,0x2b,0x1a,0x2b,0x1a,0x2b,0x1a,0x2b,0x1a,0x2b,0x1a,0x4b,0x1a,0x4b,0x1a,0x4b,0x1a,0x4b,0x1a,0x4b,0x1a,0x4b,0x1a,0x4b,0x1a,0x4b,0x1a,
    0x4b,0x1a,0x4b,0x1a,0x4b,0x1a,0x4b,0x1a,0x4b,0x1a,0x4b,0x1a,0x4b,0x1a,0x4b,0x1a,0x4b,0x1a,0x4b,0x1a,0xcd,0x63,0x0c,0x43,0x4b,0x1a,0x4b,0x1a,0x4b,0x1a,0x4b,0x1a,
    0x4b,0x1a,0x4b,0x1a,0x4b,0x1a,0x4b,0x1a,0x4b,0x1a,0x4b,0x1a,0x4b,0x1a,0x2b,0x12,0x69,0x3a,0x26,0x9b,0x06,0x93,0x87,0xab,0xa9,0x9b,0x4a,0x22,0x4b,0x1a,0x4b,0x1a,
    0x4b,0x1a,0x2b,0x1a,0x4b,0x1a,0x2b,0x1a,0x2b,0x1a,0x4b,0x1a,0x2b,0x1a,0x2b,0x1a,0x2b,0x1a,0x2b,0x1a,0x2a,0x1a,0xaf,0xbd,0x11,0xff,0xf1,0xfe,0xf1,0xfe,0xf1,0xfe,
    0xf1,0xfe,0xf1,0xfe,0xf1,0xfe,0x32,0xff,0x6e,0x84,0x0a,0x12,0x2b,0x1a,0x4b,0x1a,0x2b,0x1a,0x2b,0x1a,0x2b,0x1a,0x2b,0x1a,0x2b,0x1a,0x2b,0x1a,0x2b,0x1a,0x2b,0x1a,
    0x2b,0x1a,0x4a,0x22,0x07,0x8b,0x06,0x93,0x06,0x8b,0x06,0x8b,0x46,0x52,0x25,0x01,0xb1,0x8c,0x5a,0xe7,0x19,0xdf,0x19,0xdf,0x19,0xdf,0x19,0xdf,0x19,0xdf,0x19,0xdf,
    0x19,0xdf,0x19,0xdf,0x19,0xdf,0x19,0xdf,0x19,0xdf,0x19,0xdf,0x19,0xdf,0x19,0xdf,0x19,0xdf,0x19,0xdf,0x19,0xdf,0x19,0xdf,0x19,0xdf,0x19,0xdf,0x19,0xdf,0x19,0xdf,
    0x19,0xdf,0x19,0xdf,0x19,0xdf,0x19,0xdf,0x19,0xdf,0x19,0xdf,0x19,0xdf,0x19,0xdf,0x19,0xdf,0x19,0xdf,0x19,0xdf,0x19,0xdf,0x19,0xdf,0x19,0xdf,0x19,0xdf,0x19,0xdf,
    0x19,0xdf,0x19,0xdf,0x19,0xdf,0x19,0xdf,0x19,0xdf,0x19,0xdf,0x19,0xdf,0x19,0xdf,0x19,0xdf,0x19,0xdf,0x19,0xdf,0x19,0xdf,0x19,0xdf,0x19,0xdf,0x19,0xdf,0x19,0xdf,
    0x19,0xdf,0x19,0xdf,0x19,0xdf,0x19,0xdf,0x19,0xdf,0x19,0xdf,0x19,0xdf,0x19,0xdf,0x19,0xdf,0x19,0xdf,0x19,0xdf,0x19,0xdf,0x19,0xdf,0x19,0xdf,0x19,0xdf,0x19,0xdf,
    0x19,0xdf,0x19,0xdf,0x19,0xdf,0x19,0xdf,0x19,0xdf,0x19,0xdf,0x19,0xdf,0x19,0xdf,0x19,0xdf,0x19,0xdf,0x19,0xdf,0x19,0xdf,0x19,0xdf,0x19,0xdf,0x19,0xdf,0x19,0xdf,
    0x19,0xdf,0x19,0xdf,0x19,0xdf,0x19,0xdf,0x19,0xdf,0x19,0xdf,0x19,0xdf,0x19,0xdf,0x19,0xdf,0x19,0xdf,0x19,0xdf,0x19,0xdf,0x19,0xdf,0x19,0xdf,0x19,0xdf,0x19,0xdf,
    0x19,0xdf,0x19,0xdf,0x19,0xdf,0x19,0xdf,0x19,0xdf,0x19,0xdf,0x19,0xdf,0x19,0xdf,0x19,0xdf,0x19,0xdf,0x19,0xdf,0x19,0xdf,0x19,0xdf,0x19,0xdf,0x19,0xdf,0x19,0xdf,
    0x19,0xdf,0x19,0xdf,0x19,0xdf,0x19,0xdf,0x19,0xdf,0x19,0xdf,0x19,0xdf,0x19,0xdf,0x19,0xdf,0x19,0xdf,0x19,0xdf,0x19,0xdf,0x19,0xdf,0x19,0xdf,0x19,0xdf,0x19,0xdf,
    0x19,0xdf,0xf9,0xde,0x69,0x32,0x24,0x11,0xa6,0x7a,0xc6,0x82,0x86,0x72,0x47,0x9b,0xa8,0xa3,0x4b,0x1a,0x4b,0x1a,0x4b,0x1a,0x2b,0x1a,0x2b,0x1a,0x2b,0x1a,0x4b,0x1a,
    0x4b,0x1a,0x2a,0x1a,0xe8,0x11,0x4c,0x1a,0x4b,0x1a,0x4b,0x1a,0x4b,0x1a,0x4b,0x1a,0x4b,0x1a,0x4b,0x1a,0x4b,0x1a,0x4b,0x1a,0x4b,0x1a,0x4b,0x1a,0x4b,0x1a,0x4b,0x1a,
    0x2b,0x12,0x2b,0x1a,0x4b,0x1a,0x4b,0x1a,0x4b,0x1a,0x4b,0x1a,0x4b,0x1a,0x4b,0x1a,0x4b,0x1a,0x4b,0x1a,0x4b,0x1a,0x4b,0x1a,0x4b,0x1a,0x2b,0x12,0x69,0x3a,0x26,0x93,
    0x06,0x93,0x87,0xab,0xc9,0x9b,0x4a,0x22,0x4b,0x1a,0x4b,0x1a,0x4b,0x1a,0x4b,0x1a,0x2b,0x12,0x0f,0x6c,0x2f,0x6c,0x2b,0x12,0x4b,0x1a,0x2b,0x1a,0x2b,0x1a,0x4b,0x1a,
    0x4a,0x1a,0xaf,0xbd,0x11,0xff,0xf1,0xfe,0xf1,0xfe,0xf1,0xfe,0xf1,0xfe,0xf1,0xfe,0xf1,0xfe,0x12,0xff,0x6e,0x84,0x0a,0x12,0x4b,0x1a,0x4b,0x1a,0x4b,0x1a,0x2b,0x1a,
    0x2b,0x1a,0x2b,0x1a,0x2b,0x1a,0x4b,0x1a,0x2b,0x1a,0x4b,0x1a,0x4b,0x1a,0x4a,0x22,0x07,0x8b,0x06,0x93,0x06,0x8b,0xe6,0x8a,0x46,0x52,0x45,0x01,0xd1,0x8c,0x5a,0xe7,
    0x19,0xdf,0x19,0xdf,0x19,0xdf,0x19,0xdf,0x19,0xdf,0x19,0xdf,0x19,0xdf,0x19,0xdf,0x19,0xdf,0x19,0xdf,0x19,0xdf,0x19,0xdf,0x19,0xdf,0x19,0xdf,0x19,0xdf,0x19,0xdf,
    0x19,0xdf,0x19,0xdf,0x19,0xdf,0x19,0xdf,0x19,0xdf,0x19,0xdf,0x19,0xdf,0x19,0xdf,0x19,0xdf,0x19,0xdf,0x19,0xdf,0x19,0xdf,0x19,0xdf,0x19,0xdf,0x19,0xdf,0x19,0xdf,
    0x19,0xdf,0x19,0xdf,0x19,0xdf,0x19,0xdf,0x19,0xdf,0x19,0xdf,0x19,0xdf,0x19,0xdf,0x19,0xdf,0x19,0xdf,0x19,0xdf,0x19,0xdf,0x19,0xdf,0x19,0xdf,0x19,0xdf,0x19,0xdf,
    0x19,0xdf,0x19,0xdf,0x19,0xdf,0x19,0xdf,0x19,0xdf,0x19,0xdf,0x19,0xdf,0x19,0xdf,0x19,0xdf,0x19,0xdf,0x19,0xdf,0x19,0xdf,0x19,0xdf,0x19,0xdf,0x19,0xdf,0x19,0xdf,
    0x19,0xdf,0x19,0xdf,0x19,0xdf,0x19,0xdf,0x19,0xdf,0x19,0xdf,0x19,0xdf,0x19,0xdf,0x19,0xdf,0x19,0xdf,0x19,0xdf,0x19,0xdf,0x19,0xdf,0x19,0xdf,0x19,0xdf,0x19,0xdf,
    0x19,0xdf,0x19,0xdf,0x19,0xdf,0x19,0xdf,0x19,0xdf,0x19,0xdf,0x19,0xdf,0x19,0xdf,0x19,0xdf,0x19,0xdf,0x19,0xdf,0x19,0xdf,0x19,0xdf,0x19,0xdf,0x19,0xdf,0x19,0xdf,
    0x19,0xdf,0x19,0xdf,0x19,0xdf,0x19,0xdf,0x19,0xdf,0x19,0xdf,0x19,0xdf,0x19,0xdf,0x19,0xdf,0x19,0xdf,0x19,0xdf,0x19,0xdf,0x19,0xdf,0x19,0xdf,0x19,0xdf,0x19,0xdf,
    0x19,0xdf,0x19,0xdf,0x19,0xdf,0x19,0xdf,0x19,0xdf,0x19,0xdf,0x19,0xdf,0x19,0xdf,0x19,0xdf,0x19,0xdf,0x19,0xdf,0x19,0xdf,0x19,0xdf,0x19,0xdf,0x19,0xdf,0x19,0xdf,
    0x19,0xdf,0x19,0xdf,0x19,0xdf,0x19,0xdf,0x19,0xdf,0x19,0xdf,0x19,0xdf,0xf9,0xde,0x49,0x32,0x24,0x11,0xa6,0x7a,0xc6,0x82,0x86,0x72,0x67,0xa3,0xa8,0xa3,0x4b,0x22,
    0x4b,0x1a,0x2b,0x1a,0x2b,0x1a,0x4b,0x1a,0x4b,0x1a,0x4b,0x1a,0x4b,0x1a,0x09,0x1a,0xa6,0x11,0x6c,0x1a,0x4c,0x1a,0x4c,0x1a,0x4b,0x1a,0x4b,0x1a,0x4b,0x1a,0x4b,0x1a,
    0x4b,0x1a,0x4b,0x1a,0x4b,0x1a,0x4b,0x1a,0x4b,0x1a,0x4b,0x1a,0x4b,0x1a,0x4b,0x1a,0x4b,0x1a,0x4b,0x1a,0x4b,0x1a,0x4b,0x1a,0x4b,0x1a,0x4b,0x1a,0x4b,0x1a,0x4b,0x1a,
    0x4b,0x1a,0x4b,0x1a,0x6c,0x1a,0x2b,0x12,0x89,0x3a,0x26,0x93,0x06,0x93,0x87,0xab,0xc9,0x9b,0x4a,0x22,0x4b,0x1a,0x4b,0x1a,0x4b,0x1a,0x4b,0x1a,0x4b,0x1a,0x2d,0x43,
    0x4e,0x43,0x4b,0x1a,0x4b,0x1a,0x4b,0x1a,0x4b,0x1a,0x4b,0x1a,0x2b,0x1a,0xaf,0xb5,0x52,0xff,0xf1,0xfe,0xf1,0xfe,0xf1,0xfe,0xf1,0xfe,0xf1,0xfe,0xf1,0xfe,0x31,0xff,
    0x8e,0x8c,0x0b,0x12,0x4b,0x1a,0x6b,0x1a,0x4b,0x1a,0x4b,0x1a,0x2b,0x1a,0xe8,0x19,0x2b,0x1a,0x4b,0x1a,0x4b,0x1a,0x4b,0x1a,0x2b,0x1a,0x4a,0x22,0x07,0x8b,0x26,0x93,
    0x06,0x8b,0xe6,0x8a,0x46,0x52,0x45,0x01,0xd1,0x8c,0x5a,0xe7,0x19,0xdf,0x19,0xdf,0x19,0xdf,0x19,0xdf,0x19,0xdf,0x19,0xdf,0x19,0xdf,0x19,0xdf,0x19,0xdf,0x19,0xdf,
    0x19,0xdf,0x19,0xdf,0x19,0xdf,0x19,0xdf,0x19,0xdf,0x19,0xdf,0x19,0xdf,0x19,0xdf,0x19,0xdf,0x19,0xdf,0x19,0xdf,0x19,0xdf,0x19,0xdf,0x19,0xdf,0x19,0xdf,0x19,0xdf,
    0x19,0xdf,0x19,0xdf,0x19,0xdf,0x19,0xdf,0x39,0xdf,0x3a,0xdf,0x19,0xdf,0x19,0xdf,0x19,0xdf,0x19,0xdf,0x19,0xdf,0x19,0xdf,0x19,0xdf,0x19,0xdf,0x19,0xdf,0x19,0xdf,
    0x19,0xdf,0x19,0xdf,0x19,0xdf,0x19,0xdf,0x19,0xdf,0x19,0xdf,0x19,0xdf,0x19,0xdf,0x19,0xdf,0x19,0xdf,0x19,0xdf,0x19,0xdf,0x19,0xdf,0x19,0xdf,0x19,0xdf,0x19,0xdf,
    0x19,0xdf,0x19,0xdf,0x19,0xdf,0x19,0xdf,0x19,0xdf,0x19,0xdf,0x19,0xdf,0x19,0xdf,0x19,0xdf,0x19,0xdf,0x19,0xdf,0x19,0xdf,0x19,0xdf,0x19,0xdf,0x19,0xdf,0x19,0xdf,
    0x19,0xdf,0x19,0xdf,0x19,0xdf,0x19,0xdf,0x19,0xdf,0x19,0xdf,0x19,0xdf,0x19,0xdf,0x19,0xdf,0x19,0xdf,0x19,0xdf,0x19,0xdf,0x19,0xdf,0x19,0xdf,0x19,0xdf,0x19,0xdf,
    0x19,0xdf,0x19,0xdf,0x19,0xdf,0x19,0xdf,0x19,0xdf,0x19,0xdf,0x19,0xdf,0x19,0xdf,0x19,0xdf,0x19,0xdf,0x19,0xdf,0x19,0xdf,0x19,0xdf,0x19,0xdf,0x19,0xdf,0x19,0xdf,
    0x19,0xdf,0x19,0xdf,0x19,0xdf,0x19,0xdf,0x19,0xdf,0x19,0xdf,0x19,0xdf,0x19,0xdf,0x19,0xdf,0x19,0xdf,0x19,0xdf,0x19,0xdf,0x19,0xdf,0x19,0xdf,0x19,0xdf,0x19,0xdf,
    0x19,0xdf,0x19,0xe7,0x19,0xdf,0x19,0xdf,0x19,0xdf,0x19,0xdf,0x19,0xdf,0x19,0xdf,0x19,0xdf,0x19,0xdf,0x19,0xdf,0x19,0xdf,0x19,0xdf,0xf9,0xde,0x69,0x32,0x24,0x11,
    0xa6,0x7a,0xc6,0x82,0x86,0x72,0x67,0xa3,0xa8,0xa3,0x4b,0x22,0x4b,0x1a,0x2b,0x1a,0x6c,0x1a,0x6c,0x1a,0x4c,0x1a,0x6c,0x1a,0x4a,0x1a,0xe8,0x19,0xc6,0x19,0x2a,0x1a,
    0x4b,0x1a,0x4b,0x1a,0x4c,0x1a,0x6c,0x1a,0x6c,0x1a,0x6c,0x1a,0x6c,0x1a,0x6c,0x1a,0x6c,0x1a,0x4c,0x1a,0x4b,0x1a,0x4b,0x1a,0x4b,0x1a,0x4b,0x1a,0x4b,0x1a,0x4b,0x1a,
    0x0a,0x1a,0x0a,0x1a,0x0a,0x1a,0x4b,0x1a,0x4b,0x1a,0x4b,0x1a,0x2b,0x1a,0x4c,0x1a,0x6c,0x1a,0x4b,0x12,0x69,0x3a,0x26,0x93,0x06,0x93,0xa7,0xab,0xc9,0x9b,0x4a,0x22,
    0x4b,0x1a,0x4b,0x1a,0x4b,0x1a,0x4b,0x1a,0x4b,0x1a,0x4b,0x1a,0x4b,0x1a,0x6c,0x1a,0x4b,0x1a,0x4b,0x1a,0x4b,0x1a,0x4b,0x1a,0x4b,0x1a,0xcd,0x63,0xf0,0xcd,0x11,0xff,
    0xf1,0xfe,0xf1,0xfe,0xf1,0xfe,0xf1,0xfe,0x11,0xff,0xaf,0xbd,0x4c,0x4b,0x4b,0x1a,0x6b,0x1a,0x6b,0x1a,0x4b,0x1a,0x4b,0x1a,0x2b,0x1a,0xc6,0x19,0x4b,0x1a,0x4c,0x1a,
    0x4b,0x1a,0x4b,0x1a,0x4b,0x1a,0x4a,0x22,0x07,0x8b,0x26,0x93,0x06,0x93,0xe6,0x8a,0x46,0x52,0x45,0x01,0xd1,0x8c,0x5a,0xe7,0x19,0xdf,0x19,0xdf,0x19,0xdf,0x19,0xdf,
    0x19,0xdf,0x19,0xdf,0x19,0xdf,0x19,0xdf,0x19,0xdf,0x19,0xdf,0x19,0xdf,0x19,0xdf,0x19,0xdf,0x19,0xdf,0x19,0xdf,0x19,0xdf,0x19,0xdf,0x19,0xdf,0x19,0xdf,0x19,0xdf,
    0x19,0xdf,0x19,0xdf,0x19,0xdf,0x19,0xdf,0x19,0xdf,0x19,0xdf,0x19,0xdf,0x19,0xdf,0x19,0xdf,0x19,0xdf,0x75,0xd6,0x34,0xd6,0x19,0xdf,0x19,0xdf,0x19,0xdf,0x19,0xdf,
    0x19,0xdf,0x19,0xdf,0x19,0xdf,0x19,0xdf,0x19,0xdf,0x19,0xdf,0x19,0xdf,0x19,0xdf,0x19,0xdf,0x19,0xdf,0x19,0xdf,0x19,0xdf,0x19,0xdf,0x19,0xdf,0x19,0xdf,0x19,0xdf,
    0x19,0xdf,0x19,0xdf,0x19,0xdf,0x19,0xdf,0x19,0xdf,0x19,0xdf,0x19,0xdf,0x19,0xdf,0x19,0xdf,0x19,0xdf,0x19,0xdf,0x19,0xdf,0x19,0xdf,0x19,0xdf,0x19,0xdf,0x19,0xdf,
    0x19,0xdf,0x19,0xdf,0x19,0xdf,0x19,0xdf,0x19,0xdf,0x19,0xdf,0x19,0xdf,0x19,0xdf,0x19,0xdf,0x19,0xdf,0x19,0xdf,0x19,0xdf,0x19,0xdf,0x19,0xdf,0x19,0xdf,0x19,0xdf,
    0x19,0xdf,0x19,0xdf,0x19,0xdf,0x19,0xdf,0x19,0xdf,0x19,0xdf,0x19,0xdf,0x19,0xdf,0x19,0xdf,0x19,0xdf,0x19,0xdf,0x19,0xdf,0x19,0xdf,0x19,0xdf,0x19,0xdf,0x19,0xdf,
    0x19,0xdf,0x19,0xdf,0x19,0xdf,0x19,0xdf,0x19,0xdf,0x19,0xdf,0x19,0xdf,0x19,0xdf,0x19,0xdf,0x19,0xdf,0x19,0xdf,0x19,0xdf,0x19,0xdf,0x19,0xdf,0x19,0xdf,0x19,0xdf,
    0x19,0xdf,0xd8,0xd6,0xd8,0xd6,0xd8,0xd6,0xd8,0xd6,0xd8,0xd6,0xd8,0xd6,0xd8,0xd6,0xd8,0xd6,0xf8,0xde,0x19,0xdf,0x19,0xdf,0x19,0xdf,0x19,0xdf,0x19,0xdf,0x19,0xdf,
    0x19,0xdf,0x19,0xdf,0x19,0xdf,0xf9,0xde,0x69,0x32,0x24,0x11,0xa6,0x7a,0xc6,0x82,0x86,0x7a,0x87,0xab,0xc9,0xa3,0x6b,0x22,0x4b,0x1a,0x8c,0x1a,0xad,0x1a,0x8d,0x1a,
    0x4c,0x1a,0x2b,0x1a,0xe8,0x19,0xa5,0x19,0xa6,0x19,0x2a,0x1a,0x6c,0x1a,0x6c,0x1a,0x4c,0x1a,0x6c,0x1a,0x6c,0x1a,0x6c,0x1a,0x6c,0x1a,0x6c,0x1a,0x4c,0x1a,0x6c,0x1a,
    0x6c,0x1a,0x4b,0x1a,0x4b,0x1a,0x4b,0x1a,0x4b,0x1a,0x2b,0x1a,0x03,0x21,0x81,0x20,0xa2,0x18,0x09,0x1a,0x4b,0x1a,0xad,0x2a,0x6f,0x4b,0x4c,0x1a,0x6c,0x1a,0x4b,0x12,
    0x69,0x3a,0x26,0x93,0x06,0x93,0xa7,0xab,0xc9,0x9b,0x4a,0x22,0x4b,0x1a,0x4c,0x1a,0x4c,0x1a,0x4c,0x1a,0x4b,0x1a,0x4c,0x1a,0x4c,0x1a,0x4c,0x1a,0x4b,0x1a,0x4b,0x1a,
    0x4b,0x1a,0x2a,0x1a,0x2b,0x1a,0x2b,0x12,0x0d,0x6c,0x71,0xde,0x11,0xff,0xf1,0xfe,0xf1,0xfe,0xf1,0xfe,0x71,0xde,0xad,0x63,0x2b,0x12,0x6b,0x1a,0x4b,0x1a,0x6b,0x1a,
    0x4b,0x1a,0x4b,0x1a,0x2a,0x1a,0xc6,0x19,0x09,0x1a,0x4b,0x1a,0x4b,0x1a,0x4b,0x1a,0x4b,0x1a,0x4a,0x22,0x07,0x8b,0x26,0x93,0x26,0x93,0xe6,0x8a,0x46,0x52,0x45,0x01,
    0xd1,0x8c,0x5a,0xe7,0x19,0xdf,0x19,0xdf,0x19,0xdf,0x19,0xdf,0x19,0xdf,0x19,0xdf,0x19,0xdf,0x19,0xdf,0x19,0xdf,0x19,0xdf,0x19,0xdf,0x19,0xdf,0x19,0xdf,0x19,0xdf,
    0x19,0xdf,0x19,0xdf,0x19,0xdf,0x19,0xdf,0x19,0xdf,0x19,0xdf,0x19,0xdf,0x19,0xdf,0x19,0xdf,0x19,0xdf,0x19,0xdf,0x19,0xdf,0x19,0xdf,0x19,0xdf,0x19,0xdf,0x3a,0xdf,
    0x90,0xcd,0xed,0xcc,0x19,0xdf,0x19,0xdf,0x19,0xdf,0x19,0xdf,0x19,0xdf,0x19,0xdf,0x19,0xdf,0x19,0xdf,0x19,0xdf,0x19,0xdf,0x19,0xdf,0x19,0xdf,0x19,0xdf,0x19,0xdf,
    0x19,0xdf,0x19,0xdf,0x19,0xdf,0x19,0xdf,0x19,0xdf,0x19,0xdf,0x19,0xdf,0x19,0xdf,0x19,0xdf,0x19,0xdf,0x19,0xdf,0x19,0xdf,0x19,0xdf,0x19,0xdf,0x19,0xdf,0x19,0xdf,
    0x19,0xdf,0x19,0xdf,0x19,0xdf,0x19,0xdf,0x19,0xdf,0x19,0xdf,0x19,0xdf,0x19,0xdf,0x19,0xdf,0x19,0xdf,0x19,0xdf,0x19,0xdf,0x19,0xdf,0x19,0xdf,0x19,0xdf,0x19,0xdf,
    0x19,0xdf,0x19,0xdf,0x19,0xdf,0x19,0xdf,0x19,0xdf,0x19,0xdf,0x19,0xdf,0x19,0xdf,0x19,0xdf,0x19,0xdf,0x19,0xdf,0x19,0xdf,0x19,0xdf,0x19,0xdf,0x19,0xdf,0x19,0xdf,
    0x19,0xdf,0x19,0xdf,0x19,0xdf,0x19,0xdf,0x19,0xdf,0x19,0xdf,0x19,0xdf,0x19,0xdf,0x19,0xdf,0x19,0xdf,0x19,0xdf,0x19,0xdf,0x19,0xdf,0x19,0xdf,0x19,0xdf,0x19,0xdf,
    0x19,0xdf,0x19,0xdf,0x39,0xe7,0x3a,0xe7,0x3a,0xe7,0x3a,0xe7,0xf8,0xd6,0x2b,0x6c,0xc9,0x5b,0xc9,0x5b,0xc9,0x5b,0xa9,0x5b,0xa9,0x5b,0x89,0x53,0x89,0x53,0x8e,0x7c,
    0x39,0xe7,0x19,0xdf,0x19,0xdf,0x19,0xdf,0x19,0xdf,0x19,0xdf,0x19,0xdf,0x19,0xdf,0x19,0xdf,0xf9,0xde,0x69,0x32,0x24,0x11,0xa6,0x7a,0xc6,0x82,0xa6,0x7a,0x87,0xab,
    0xa8,0xa3,0xad,0x22,0xad,0x1a,0xad,0x22,0xad,0x22,0x8d,0x1a,0x8d,0x1a,0x08,0x1a,0x85,0x11,0xa5,0x19,0xa5,0x19,0xe8,0x19,0x8c,0x1a,0x8d,0x1a,0x6c,0x1a,0x4c,0x1a,
    0x6c,0x1a,0x6c,0x1a,0x6c,0x1a,0x6c,0x1a,0x4c,0x1a,0x8c,0x1a,0x6c,0x1a,0x4b,0x1a,0x4b,0x1a,0x4b,0x1a,0x2a,0x1a,0xe3,0x20,0x05,0x9b,0xe7,0xcb,0x86,0xb3,0xe2,0x28,
    0xa8,0x11,0x0e,0x3b,0xb3,0x7c,0x4c,0x1a,0x4c,0x1a,0x4c,0x12,0x8a,0x3a,0x26,0x93,0x06,0x93,0xa7,0xab,0xa9,0x93,0x4b,0x1a,0x4c,0x1a,0x6c,0x1a,0x6c,0x1a,0x6c,0x1a,
    0x6c,0x1a,0x4c,0x1a,0x4c,0x1a,0x4c,0x1a,0x6c,0x1a,0x6c,0x1a,0x66,0x19,0x81,0x18,0xc3,0x10,0x4b,0x1a,0x4b,0x1a,0x4d,0x43,0x91,0xe6,0x91,0xe6,0x90,0xe6,0x51,0xde,
    0xec,0x3a,0x4b,0x1a,0x4b,0x1a,0x4b,0x1a,0x4b,0x1a,0x6b,0x1a,0x6c,0x1a,0x6b,0x1a,0xe7,0x19,0xc6,0x19,0xc6,0x19,0x09,0x1a,0x8c,0x1a,0x6c,0x1a,0x4b,0x1a,0x4b,0x22,
    0x07,0x8b,0x26,0x93,0x26,0x93,0xc6,0x82,0x46,0x52,0x25,0x01,0xb1,0x8c,0x5a,0xe7,0x19,0xdf,0x19,0xdf,0x19,0xdf,0x19,0xdf,0x19,0xdf,0x19,0xdf,0x19,0xdf,0x19,0xdf,
    0x19,0xdf,0x19,0xdf,0x19,0xdf,0x19,0xdf,0x19,0xdf,0x19,0xdf,0x19,0xdf,0x19,0xdf,0x19,0xdf,0x19,0xdf,0x19,0xdf,0x19,0xdf,0x19,0xdf,0x19,0xdf,0x19,0xdf,0x19,0xdf,
    0x19,0xdf,0x19,0xdf,0x19,0xdf,0x3a,0xdf,0x75,0xd6,0x6f,0xcd,0x6f,0xd5,0xf2,0xd5,0x19,0xdf,0x19,0xdf,0x19,0xdf,0x19,0xdf,0x19,0xdf,0x19,0xdf,0x19,0xdf,0x19,0xdf,
    0x19,0xdf,0x19,0xdf,0x19,0xdf,0x19,0xdf,0x19,0xdf,0x19,0xdf,0x19,0xdf,0x19,0xdf,0x19,0xdf,0x19,0xdf,0x19,0xdf,0x19,0xdf,0x19,0xdf,0x19,0xdf,0x19,0xdf,0x19,0xdf,
    0x19,0xdf,0x19,0xdf,0x19,0xdf,0x19,0xdf,0x19,0xdf,0x19,0xdf,0x19,0xdf,0x19,0xdf,0x19,0xdf,0x19,0xdf,0x19,0xdf,0x19,0xdf,0x19,0xdf,0x19,0xdf,0x19,0xdf,0x19,0xdf,
    0x19,0xdf,0x19,0xdf,0x19,0xdf,0x19,0xdf,0x19,0xdf,0x19,0xdf,0x19,0xdf,0x19,0xdf,0x19,0xdf,0x19,0xdf,0x19,0xdf,0x19,0xdf,0x19,0xdf,0x19,0xdf,0x19,0xdf,0x19,0xdf,
    0x19,0xdf,0x19,0xdf,0x19,0xdf,0x19,0xdf,0x19,0xdf,0x19,0xdf,0x19,0xdf,0x19,0xdf,0x19,0xdf,0x19,0xdf,0x19,0xdf,0x19,0xdf,0x19,0xdf,0x19,0xdf,0x19,0xdf,0x19,0xdf,
    0x19,0xdf,0x19,0xdf,0x19,0xdf,0x19,0xdf,0x19,0xdf,0x19,0xdf,0x19,0xe7,0x19,0xe7,0x76,0xc6,0x34,0xbe,0x35,0xbe,0x55,0xbe,0xf3,0xb5,0x88,0x53,0x47,0x4b,0x47,0x4b,
    0x47,0x4b,0x47,0x4b,0x27,0x43,0xe7,0x42,0xe6,0x3a,0x2c,0x6c,0x39,0xe7,0x19,0xdf,0x19,0xdf,0x19,0xdf,0x19,0xdf,0x19,0xdf,0x19,0xdf,0x19,0xdf,0x19,0xdf,0x19,0xdf,
    0x69,0x3a,0x24,0x11,0xa6,0x7a,0xc6,0x82,0xa6,0x7a,0x67,0xab,0xa8,0xa3,0xad,0x22,0xad,0x1a,0xad,0x1a,0xad,0x1a,0x8d,0x1a,0xad,0x1a,0x6c,0x1a,0xe8,0x19,0xa6,0x19,
    0xa5,0x19,0xa6,0x11,0x2a,0x1a,0x8d,0x1a,0x8d,0x1a,0x6c,0x1a,0x6c,0x1a,0x6c,0x1a,0x6c,0x1a,0x6c,0x1a,0x4c,0x1a,0x8d,0x1a,0x6c,0x1a,0x4c,0x1a,0x4c,0x1a,0x6c,0x1a,
    0x2a,0x1a,0x40,0x18,0xc6,0xc3,0x49,0xf4,0xca,0xe3,0xe7,0xcb,0xc4,0x51,0xe5,0x08,0x0a,0x12,0x4b,0x1a,0x2b,0x1a,0x0b,0x12,0x49,0x3a,0x06,0x8b,0xe6,0x8a,0x67,0xa3,
    0x48,0x83,0x0a,0x1a,0x4b,0x1a,0x6b,0x22,0x6b,0x1a,0x4b,0x1a,0x4b,0x1a,0x6c,0x1a,0x4c,0x1a,0x4c,0x1a,0x25,0x11,0xa3,0x18,0x85,0x72,0xc6,0xbb,0x06,0x93,0x45,0x19,
    0x2a,0x1a,0x6c,0x1a,0xac,0x2a,0xac,0x2a,0xac,0x2a,0x8b,0x2a,0x4b,0x1a,0x4b,0x1a,0x4b,0x1a,0x4b,0x1a,0x4c,0x1a,0x6b,0x1a,0x6b,0x1a,0xe8,0x19,0xc6,0x19,0xa6,0x19,
    0xe7,0x19,0x8c,0x1a,0xad,0x1a,0x8c,0x1a,0x4b,0x1a,0x4b,0x22,0x27,0x8b,0x26,0x93,0x26,0x93,0xe6,0x8a,0x46,0x52,0x25,0x01,0xb1,0x8c,0x5a,0xe7,0x19,0xdf,0x19,0xdf,
    0x19,0xdf,0x19,0xdf,0x19,0xdf,0x19,0xdf,0x19,0xdf,0x19,0xdf,0x19,0xdf,0x19,0xdf,0x19,0xdf,0x19,0xdf,0x19,0xdf,0x19,0xdf,0x19,0xdf,0x19,0xdf,0x19,0xdf,0x19,0xdf,
    0x19,0xdf,0x19,0xdf,0x19,0xdf,0x19,0xdf,0x19,0xdf,0x19,0xdf,0x19,0xdf,0x19,0xdf,0x19,0xdf,0xb7,0xde,0x90,0xd5,0x49,0xc4,0xf2,0xd5,0x5a,0xe7,0x19,0xdf,0x19,0xdf,
    0x19,0xdf,0x19,0xdf,0x19,0xdf,0x19,0xdf,0x19,0xdf,0x19,0xdf,0x19,0xdf,0x19,0xdf,0x19,0xdf,0x19,0xdf,0x19,0xdf,0x19,0xdf,0x19,0xdf,0x19,0xdf,0x19,0xdf,0x19,0xdf,
    0x19,0xdf,0x19,0xdf,0x19,0xdf,0x19,0xdf,0x19,0xdf,0x19,0xdf,0x19,0xdf,0x19,0xdf,0x19,0xdf,0x19,0xdf,0x19,0xdf,0x19,0xdf,0x19,0xdf,0x19,0xdf,0x19,0xdf,0x19,0xdf,
    0x19,0xdf,0x19,0xdf,0x19,0xdf,0x19,0xdf,0x19,0xdf,0x19,0xdf,0x19,0xdf,0x19,0xdf,0x19,0xdf,0x19,0xdf,0x19,0xdf,0x19,0xdf,0x19,0xdf,0x19,0xdf,0x19,0xdf,0x19,0xdf,
    0x19,0xdf,0x19,0xdf,0x19,0xdf,0x19,0xdf,0x19,0xdf,0x19,0xdf,0x19,0xdf,0x19,0xdf,0x19,0xdf,0x19,0xdf,0x19,0xdf,0x19,0xdf,0x19,0xdf,0x19,0xdf,0x19,0xdf,0x19,0xdf,
    0x19,0xdf,0x19,0xdf,0x19,0xdf,0x19,0xdf,0x19,0xdf,0x19,0xdf,0x19,0xdf,0x19,0xdf,0x19,0xdf,0x19,0xdf,0x39,0xe7,0x38,0xef,0x38,0xef,0x38,0xef,0x8b,0x7c,0xa7,0x53,
    0xa8,0x53,0xa8,0x53,0x88,0x53,0xa8,0x53,0xa8,0x53,0xa8,0x53,0x87,0x53,0x27,0x43,0x07,0x3b,0x07,0x43,0xc6,0x3a,0x0c,0x6c,0x39,0xe7,0x19,0xdf,0x19,0xdf,0x19,0xdf,
    0x19,0xdf,0x19,0xdf,0x19,0xdf,0x19,0xdf,0x19,0xdf,0xf9,0xde,0x69,0x3a,0x24,0x11,0xa6,0x7a,0xc6,0x82,0xa6,0x7a,0x87,0xab,0xa9,0xa3,0xad,0x1a,0xad,0x1a,0xad,0x1a,
    0xad,0x1a,0xad,0x1a,0xad,0x22,0x6b,0x1a,0xc7,0x19,0xa5,0x19,0xa5,0x19,0xa6,0x11,0x2a,0x1a,0x8d,0x1a,0x8d,0x1a,0x8d,0x1a,0xad,0x22,0x8c,0x1a,0x6c,0x1a,0x6c,0x1a,
    0x8c,0x1a,0xad,0x22,0x8c,0x1a,0x4c,0x1a,0x6c,0x1a,0xe9,0x19,0x64,0x21,0xa4,0x8a,0x07,0xdc,0x2b,0xec,0xcc,0xeb,0xa7,0xe3,0xa6,0xc3,0xa5,0x7a,0xc3,0x00,0xc2,0x08,
    0x82,0x10,0x82,0x10,0x81,0x18,0xa1,0x28,0xa1,0x28,0xa1,0x20,0x81,0x20,0x81,0x18,0x81,0x20,0x81,0x20,0xa2,0x20,0x81,0x20,0x87,0x19,0x8d,0x1a,0x2b,0x1a,0x04,0x19,
    0x44,0x7a,0xe4,0x9a,0x87,0xcb,0x69,0xf4,0x07,0xcc,0xa1,0x18,0x0a,0x1a,0x6c,0x1a,0x4b,0x1a,0x4b,0x1a,0x4b,0x1a,0x4b,0x1a,0x4b,0x1a,0x4b,0x1a,0x4c,0x1a,0x4c,0x1a,
    0x4c,0x1a,0x6b,0x1a,0x4b,0x1a,0x09,0x1a,0xc6,0x19,0xc6,0x19,0xc6,0x19,0x4a,0x1a,0xad,0x1a,0x8c,0x1a,0x4b,0x1a,0x6b,0x22,0x07,0x8b,0x26,0x93,0x26,0x93,0xe6,0x8a,
    0x46,0x52,0x45,0x01,0xd1,0x8c,0x5a,0xe7,0x19,0xdf,0x19,0xdf,0x19,0xdf,0x19,0xdf,0x19,0xdf,0x19,0xdf,0x19,0xdf,0x19,0xdf,0x19,0xdf,0x19,0xdf,0x19,0xdf,0x19,0xdf,
    0x19,0xdf,0x19,0xdf,0x19,0xdf,0x19,0xdf,0x19,0xdf,0x19,0xdf,0x19,0xdf,0x19,0xdf,0x19,0xdf,0x19,0xdf,0x19,0xdf,0x19,0xdf,0x19,0xdf,0x19,0xdf,0xf9,0xde,0x2e,0xcd,
    0x0d,0xcd,0x4f,0xcd,0x76,0xde,0x39,0xdf,0x19,0xdf,0x19,0xdf,0x19,0xdf,0x19,0xdf,0x19,0xdf,0x19,0xdf,0x19,0xdf,0x19,0xdf,0x19,0xdf,0x19,0xdf,0x19,0xdf,0x19,0xdf,
    0x19,0xdf,0x19,0xdf,0x19,0xdf,0x19,0xdf,0x19,0xdf,0x19,0xdf,0x19,0xdf,0x19,0xdf,0x19,0xdf,0x19,0xdf,0x19,0xdf,0x19,0xdf,0x19,0xdf,0x19,0xdf,0x19,0xdf,0x19,0xdf,
    0x19,0xdf,0x19,0xdf,0x19,0xdf,0x19,0xdf,0x19,0xdf,0x19,0xdf,0x19,0xdf,0x19,0xdf,0x19,0xdf,0x19,0xdf,0x19,0xdf,0x19,0xdf,0x19,0xdf,0x19,0xdf,0x19,0xdf,0x19,0xdf,
    0x19,0xdf,0x19,0xdf,0x19,0xdf,0x39,0xe7,0x3a,0xe7,0x3a,0xe7,0x3a,0xe7,0x3a,0xe7,0x3a,0xe7,0x3a,0xe7,0x3a,0xe7,0x3a,0xe7,0x3a,0xe7,0x19,0xdf,0x19,0xdf,0x19,0xdf,
    0x19,0xdf,0x19,0xdf,0x19,0xdf,0x19,0xdf,0x19,0xdf,0x19,0xdf,0x19,0xdf,0x19,0xdf,0x19,0xdf,0x19,0xdf,0x19,0xdf,0x19,0xdf,0x19,0xdf,0x19,0xdf,0x38,0xe7,0x17,0xe7,
    0xcd,0x8c,0x4b,0x74,0x6c,0x7c,0x6c,0x7c,0xc8,0x63,0xc8,0x5b,0xa8,0x53,0xa8,0x53,0xa8,0x53,0xa8,0x53,0x88,0x53,0xa6,0x32,0x86,0x32,0xe7,0x3a,0xe7,0x3a,0xc7,0x3a,
    0xcf,0x84,0x76,0xc6,0x19,0xdf,0x19,0xdf,0x19,0xdf,0x19,0xdf,0x19,0xdf,0x19,0xdf,0x19,0xdf,0x19,0xdf,0x19,0xdf,0xf9,0xde,0x49,0x32,0x24,0x11,0xa6,0x7a,0xe6,0x82,
    0xa6,0x7a,0x67,0xa3,0xa9,0x9b,0xad,0x1a,0x8c,0x1a,0x8d,0x1a,0x8d,0x1a,0x4b,0x1a,0x08,0x1a,0xc7,0x19,0x85,0x19,0xa6,0x19,0xa5,0x19,0x85,0x19,0xa6,0x19,0x09,0x1a,
    0x29,0x1a,0xad,0x1a,0xad,0x1a,0x6c,0x1a,0x6c,0x1a,0x8d,0x1a,0xad,0x22,0xad,0x22,0xad,0x22,0x6c,0x1a,0x6c,0x1a,0xa7,0x19,0x01,0x31,0xa8,0xec,0x09,0xec,0x6d,0xf4,
    0x90,0xf4,0x4a,0xdb,0x28,0xec,0x87,0xdc,0x44,0x72,0xc2,0x69,0xc3,0xa2,0x83,0xa2,0xa3,0xa2,0x45,0xab,0x45,0xab,0x04,0xab,0x62,0xa2,0x62,0xa2,0xe4,0xaa,0x24,0xb3,
    0xc3,0xaa,0x45,0xbb,0x04,0x62,0xa3,0x10,0x44,0x31,0xa4,0x92,0x87,0xe4,0x69,0xf4,0xca,0xe3,0xec,0xeb,0xa9,0xc3,0xa1,0x18,0x0a,0x1a,0x6c,0x1a,0x6c,0x1a,0x6c,0x1a,
    0x6c,0x1a,0x4c,0x1a,0x4b,0x1a,0x4c,0x1a,0x6c,0x1a,0x4c,0x1a,0x6c,0x1a,0x6c,0x1a,0x29,0x1a,0x07,0x1a,0xc6,0x19,0xa6,0x19,0xc6,0x19,0xe6,0x19,0x29,0x1a,0x4c,0x1a,
    0x6c,0x1a,0xac,0x2a,0x07,0x8b,0x26,0x93,0x06,0x93,0xe6,0x82,0x46,0x52,0x45,0x01,0xd1,0x8c,0x5a,0xe7,0x19,0xdf,0x19,0xdf,0x19,0xdf,0x19,0xdf,0x19,0xdf,0x19,0xdf,
    0x19,0xdf,0x19,0xdf,0x19,0xdf,0x19,0xdf,0x19,0xdf,0x19,0xdf,0x19,0xdf,0x19,0xdf,0x19,0xdf,0x19,0xdf,0x19,0xdf,0x19,0xdf,0x19,0xdf,0x19,0xdf,0x19,0xdf,0x19,0xdf,
    0x19,0xdf,0x19,0xdf,0x19,0xdf,0x19,0xdf,0x19,0xdf,0x2e,0xcd,0xd2,0xd5,0x19,0xdf,0x19,0xdf,0x19,0xdf,0x19,0xdf,0x19,0xdf,0x19,0xdf,0x19,0xdf,0x19,0xdf,0x19,0xdf,
    0x19,0xdf,0x19,0xdf,0x19,0xdf,0x19,0xdf,0x19,0xdf,0x19,0xdf,0x19,0xdf,0x19,0xdf,0x19,0xdf,0x19,0xdf,0x19,0xdf,0x19,0xdf,0x19,0xdf,0x19,0xdf,0x19,0xdf,0x19,0xdf,
    0x19,0xdf,0x19,0xdf,0x19,0xdf,0x19,0xdf,0x19,0xdf,0x19,0xdf,0x19,0xdf,0x19,0xdf,0x19,0xdf,0x19,0xdf,0x19,0xdf,0x19,0xdf,0x19,0xdf,0x19,0xdf,0x19,0xdf,0x19,0xdf,
    0x19,0xdf,0x19,0xdf,0x19,0xdf,0x19,0xdf,0x19,0xdf,0x19,0xdf,0x19,0xdf,0x19,0xdf,0x19,0xdf,0x76,0xc6,0xf4,0xb5,0xf4,0xb5,0xd4,0xad,0xb3,0xad,0xb3,0xad,0xb3,0xad,
    0xb3,0xad,0x93,0xa5,0x72,0xa5,0x97,0xce,0x39,0xe7,0x19,0xdf,0x19,0xdf,0x19,0xdf,0x19,0xdf,0x19,0xdf,0x19,0xdf,0x19,0xdf,0x19,0xdf,0x19,0xdf,0x19,0xdf,0x19,0xdf,
    0x19,0xdf,0x19,0xdf,0x19,0xdf,0x19,0xdf,0xf6,0xde,0xb4,0xde,0xe8,0x63,0x67,0x4b,0x67,0x4b,0x67,0x53,0xa8,0x5b,0xa8,0x5b,0xa8,0x5b,0x67,0x4b,0x47,0x4b,0x67,0x4b,
    0x47,0x4b,0x46,0x2a,0x26,0x2a,0xe7,0x3a,0x07,0x43,0xc7,0x3a,0x92,0xa5,0x5a,0xef,0x19,0xdf,0x19,0xdf,0x19,0xdf,0x19,0xdf,0x19,0xdf,0x19,0xdf,0x19,0xdf,0x19,0xdf,
    0x19,0xdf,0xf9,0xde,0x49,0x32,0x24,0x11,0xa6,0x7a,0xc6,0x82,0xa6,0x7a,0x67,0xa3,0xc9,0xa3,0xad,0x1a,0x4a,0x1a,0x8c,0x1a,0x8d,0x1a,0x0a,0x1a,0x85,0x11,0x85,0x11,
    0x85,0x11,0xa6,0x19,0xa6,0x19,0xa6,0x19,0x85,0x19,0x85,0x11,0xc6,0x19,0xad,0x22,0xad,0x1a,0x6c,0x1a,0x6c,0x1a,0xad,0x22,0xcd,0x22,0xce,0x22,0xce,0x22,0xad,0x1a,
    0x6c,0x1a,0x66,0x11,0xe1,0x30,0x88,0xec,0x8d,0xf4,0x31,0xfd,0x94,0xfd,0x4f,0xf4,0x0b,0xec,0xa9,0xf4,0x27,0xd4,0x43,0x9a,0xc5,0xe3,0xe5,0xe3,0xa5,0xe3,0x26,0xec,
    0xa8,0xf4,0x46,0xec,0x64,0xdb,0x64,0xe3,0xc5,0xe3,0x46,0xec,0x26,0xec,0x05,0xec,0x83,0xa2,0x41,0x61,0x63,0x8a,0xc8,0xf4,0x89,0xec,0xcb,0xe3,0x2e,0xec,0xb0,0xfc,
    0xac,0xcb,0xa1,0x28,0x0a,0x22,0x6c,0x1a,0x6c,0x1a,0x6c,0x1a,0x6c,0x1a,0x6c,0x1a,0x6c,0x1a,0x6c,0x1a,0x6c,0x1a,0x6c,0x1a,0xad,0x22,0x8d,0x1a,0x07,0x1a,0xc6,0x19,
    0xc6,0x19,0xc6,0x19,0xc6,0x19,0xe6,0x19,0xe7,0x19,0x8c,0x1a,0xad,0x1a,0xac,0x2a,0x07,0x8b,0x26,0x93,0x06,0x93,0xc6,0x82,0x26,0x52,0x45,0x01,0xd1,0x8c,0x5a,0xe7,
    0x19,0xdf,0x19,0xdf,0x19,0xdf,0x19,0xdf,0x19,0xdf,0x19,0xdf,0x19,0xdf,0x19,0xdf,0x19,0xdf,0x19,0xdf,0x19,0xdf,0x19,0xdf,0x19,0xdf,0x19,0xdf,0x19,0xdf,0x19,0xdf,
    0x19,0xdf,0x19,0xdf,0x19,0xdf,0x19,0xdf,0x19,0xdf,0x19,0xdf,0x19,0xdf,0x19,0xdf,0x19,0xdf,0x19,0xdf,0x19,0xdf,0x2e,0xcd,0xd2,0xd5,0x3a,0xdf,0x19,0xdf,0x19,0xdf,
    0x19,0xdf,0x19,0xdf,0xf8,0xde,0x6f,0xd5,0xf2,0xd5,0x3a,0xdf,0x19,0xdf,0x19,0xdf,0x19,0xdf,0x19,0xdf,0x19,0xdf,0x19,0xdf,0x19,0xdf,0x19,0xdf,0x19,0xdf,0x19,0xdf,
    0x19,0xdf,0x19,0xdf,0x19,0xdf,0x19,0xdf,0x19,0xdf,0x19,0xdf,0x19,0xdf,0x19,0xdf,0x19,0xdf,0x19,0xdf,0x19,0xdf,0x19,0xdf,0x19,0xdf,0x19,0xdf,0x19,0xdf,0x19,0xdf,
    0x19,0xdf,0x19,0xdf,0x19,0xdf,0x19,0xdf,0x19,0xdf,0x19,0xdf,0x19,0xdf,0x19,0xdf,0x19,0xdf,0x19,0xdf,0x19,0xdf,0x19,0xdf,0x19,0xdf,0x19,0xdf,0x3a,0xe7,0xaf,0x84,
    0xa6,0x32,0xe7,0x3a,0xe7,0x3a,0xc7,0x3a,0xc7,0x3a,0xc7,0x3a,0xc7,0x3a,0xc6,0x3a,0xa6,0x32,0xd4,0xad,0x5a,0xe7,0x39,0xe7,0x3a,0xe7,0x3a,0xe7,0x19,0xdf,0x19,0xdf,
    0x19,0xdf,0x19,0xdf,0x19,0xdf,0x19,0xdf,0x19,0xdf,0x19,0xdf,0x19,0xdf,0x19,0xdf,0x19,0xdf,0x38,0xef,0x4b,0x7c,0x67,0x53,0xa8,0x5b,0xc8,0x5b,0xa8,0x5b,0xa8,0x53,
    0xa8,0x53,0xa8,0x53,0xa8,0x5b,0x46,0x2a,0xe5,0x21,0xe5,0x21,0xc5,0x19,0x66,0x32,0xe7,0x3a,0xe7,0x42,0xe7,0x42,0xc6,0x32,0x72,0xa5,0x5a,0xe7,0x19,0xdf,0x19,0xdf,
    0x19,0xdf,0x19,0xdf,0x19,0xdf,0x19,0xdf,0x19,0xdf,0x19,0xdf,0x19,0xdf,0xf9,0xde,0x49,0x32,0x24,0x11,0xa6,0x7a,0xc6,0x82,0xa6,0x7a,0x47,0xa3,0xe9,0xa3,0xad,0x1a,
    0x4a,0x22,0x8c,0x1a,0x8c,0x1a,0x6b,0x1a,0xa6,0x11,0xc7,0x19,0x85,0x11,0xa6,0x19,0xa6,0x19,0xa5,0x19,0xa6,0x19,0xa6,0x19,0x4a,0x1a,0xce,0x22,0xcd,0x22,0xad,0x22,
    0x8c,0x22,0xab,0x22,0xed,0x22,0xee,0x22,0xee,0x22,0xad,0x1a,0x6c,0x1a,0x25,0x19,0x61,0x61,0xc9,0xf4,0x72,0xfd,0x93,0xfd,0x93,0xfd,0x94,0xfd,0xb0,0xf4,0xea,0xe3,
    0x87,0xec,0xc3,0xc2,0xe6,0xdb,0x06,0xe4,0xe3,0xca,0xe3,0xca,0x67,0xec,0x47,0xec,0x23,0xd3,0x44,0xd3,0xe3,0xca,0x85,0xd3,0x87,0xec,0x24,0xd3,0x03,0xcb,0xe6,0xe3,
    0x08,0xfd,0x88,0xec,0x69,0xdb,0xaf,0xf4,0x72,0xfd,0x73,0xfd,0x0d,0xcc,0xa1,0x38,0x0a,0x22,0x6c,0x1a,0x6c,0x1a,0x6c,0x1a,0x6c,0x1a,0x6c,0x1a,0x6c,0x1a,0x8c,0x1a,
    0x8d,0x1a,0xad,0x22,0xee,0x22,0xee,0x22,0xac,0x22,0x29,0x1a,0xc6,0x19,0xc6,0x19,0xc6,0x19,0x4a,0x1a,0xce,0x1a,0xcd,0x22,0xad,0x1a,0xac,0x2a,0x06,0x8b,0x26,0x93,
    0x06,0x93,0xc6,0x82,0x26,0x52,0x45,0x01,0xd1,0x8c,0x5a,0xe7,0x19,0xdf,0x19,0xdf,0x19,0xdf,0x19,0xdf,0x19,0xdf,0x19,0xdf,0x19,0xdf,0x19,0xdf,0x19,0xdf,0x19,0xdf,
    0x19,0xdf,0x19,0xdf,0x19,0xdf,0x19,0xdf,0x19,0xdf,0x19,0xdf,0x19,0xdf,0x19,0xdf,0x19,0xdf,0x19,0xdf,0x19,0xdf,0x19,0xdf,0x19,0xdf,0x19,0xdf,0x19,0xdf,0x19,0xdf,
    0x19,0xdf,0x2e,0xcd,0xb1,0xd5,0x3a,0xdf,0x19,0xdf,0x19,0xdf,0x19,0xdf,0x19,0xdf,0xf8,0xde,0xcb,0xcc,0x0d,0xd5,0x34,0xd6,0xb7,0xde,0x19,0xdf,0x19,0xdf,0x19,0xdf,
    0x19,0xdf,0x19,0xdf,0x19,0xdf,0x19,0xdf,0x19,0xdf,0x19,0xdf,0x19,0xdf,0x19,0xdf,0x19,0xdf,0x19,0xdf,0x19,0xdf,0x19,0xdf,0x19,0xdf,0x19,0xdf,0x19,0xdf,0x19,0xdf,
    0x19,0xdf,0x19,0xdf,0x19,0xdf,0x19,0xdf,0x19,0xdf,0x19,0xdf,0x19,0xdf,0x19,0xdf,0x19,0xdf,0x19,0xdf,0x19,0xdf,0x19,0xdf,0x19,0xdf,0x19,0xdf,0x19,0xdf,0x19,0xdf,
    0x19,0xdf,0x19,0xdf,0x19,0xdf,0x19,0xdf,0x3a,0xe7,0xaf,0x84,0xa6,0x3a,0xe7,0x3a,0xe7,0x3a,0xe7,0x3a,0xe7,0x42,0xe7,0x42,0xe7,0x3a,0xe7,0x42,0xe7,0x3a,0xeb,0x63,
    0x4d,0x74,0x4d,0x74,0x2d,0x6c,0x6e,0x7c,0xf7,0xe6,0x39,0xe7,0x19,0xdf,0x19,0xdf,0x19,0xdf,0x19,0xdf,0x19,0xdf,0x19,0xdf,0x19,0xdf,0x19,0xe7,0x38,0xef,0xf1,0xbd,
    0x29,0x6c,0xa7,0x5b,0xa8,0x5b,0xc8,0x5b,0xc8,0x5b,0xa8,0x5b,0xc8,0x5b,0x67,0x4b,0xc6,0x3a,0x46,0x2a,0x46,0x2a,0x86,0x32,0x86,0x32,0xc7,0x3a,0xe7,0x42,0xc7,0x3a,
    0x28,0x4b,0xaa,0x5b,0xd4,0xad,0x3a,0xe7,0x19,0xdf,0x19,0xdf,0x19,0xdf,0x19,0xdf,0x19,0xdf,0x19,0xdf,0x19,0xdf,0x19,0xdf,0x19,0xdf,0xf9,0xde,0x69,0x32,0x24,0x11,
    0xa6,0x7a,0xc6,0x82,0xa6,0x7a,0x46,0x9b,0xe9,0xab,0xab,0x22,0x4a,0x22,0x6b,0x22,0x6a,0x22,0x4a,0x22,0xcd,0x22,0x8c,0x1a,0x85,0x19,0xa6,0x19,0xa6,0x19,0x85,0x19,
    0x08,0x1a,0xee,0x22,0xee,0x22,0xee,0x22,0xee,0x22,0xee,0x22,0xcd,0x22,0x4a,0x22,0xcc,0x22,0x0e,0x23,0x0e,0x23,0xee,0x22,0xad,0x1a,0x46,0x29,0x81,0x71,0xc8,0xf4,
    0x31,0xfd,0x73,0xfd,0x93,0xfd,0xd5,0xfd,0x0d,0xe4,0xc5,0xca,0x87,0xec,0x47,0xe4,0x67,0xec,0xa8,0xf4,0x27,0xe4,0x03,0xd3,0x67,0xec,0xa8,0xf4,0x26,0xe4,0x44,0xd3,
    0x23,0xd3,0xa4,0xdb,0xa8,0xec,0x84,0xdb,0x03,0xd3,0xc5,0xdb,0xc8,0xf4,0x67,0xec,0x84,0xc2,0xcf,0xf4,0x93,0xfd,0x30,0xfd,0x88,0xcb,0x81,0x38,0x0a,0x22,0x8c,0x1a,
    0x6c,0x1a,0x6c,0x1a,0x6c,0x1a,0x8d,0x1a,0x8c,0x1a,0x8c,0x1a,0xad,0x1a,0xcd,0x22,0xcd,0x22,0xee,0x22,0x8a,0x22,0x07,0x1a,0xc6,0x19,0xa6,0x19,0xc6,0x19,0xe7,0x19,
    0x6b,0x1a,0xce,0x22,0xcd,0x22,0xcd,0x2a,0x06,0x8b,0x06,0x93,0x06,0x93,0xc6,0x82,0x26,0x52,0x45,0x01,0xd1,0x8c,0x5a,0xe7,0x19,0xdf,0x19,0xdf,0x19,0xdf,0x19,0xdf,
    0x19,0xdf,0x19,0xdf,0x19,0xdf,0x19,0xdf,0x19,0xdf,0x19,0xdf,0x19,0xdf,0x19,0xdf,0x19,0xdf,0x19,0xdf,0x19,0xdf,0x19,0xdf,0x19,0xdf,0x19,0xdf,0x19,0xdf,0x19,0xdf,
    0x19,0xdf,0x19,0xdf,0x19,0xdf,0x19,0xdf,0x19,0xdf,0x19,0xdf,0x19,0xdf,0x55,0xd6,0x34,0xd6,0xf3,0xd5,0x96,0xd6,0x39,0xdf,0x19,0xdf,0x19,0xdf,0x19,0xdf,0x75,0xde,
    0x6f,0xd5,0x28,0xcc,0xf2,0xd5,0x3a,0xdf,0x19,0xdf,0x19,0xdf,0x19,0xdf,0x19,0xdf,0x19,0xdf,0x19,0xdf,0x19,0xdf,0x19,0xdf,0x19,0xdf,0x19,0xdf,0x19,0xdf,0x19,0xdf,
    0x19,0xdf,0x19,0xdf,0x19,0xdf,0x19,0xdf,0x19,0xdf,0x19,0xdf,0x19,0xdf,0x19,0xdf,0x19,0xdf,0x19,0xdf,0x19,0xdf,0x19,0xdf,0x19,0xdf,0x19,0xdf,0x19,0xdf,0x19,0xdf,
    0x19,0xdf,0x19,0xdf,0x19,0xdf,0x19,0xdf,0x19,0xdf,0x19,0xdf,0x19,0xdf,0x19,0xdf,0x19,0xdf,0x19,0xdf,0x5a,0xe7,0x6e,0x7c,0x65,0x32,0xc7,0x3a,0xe7,0x3a,0xe7,0x3a,
    0xe7,0x42,0xe7,0x3a,0xe7,0x3a,0xe7,0x42,0xe7,0x42,0xc7,0x3a,0xc6,0x3a,0xc6,0x3a,0xa6,0x32,0x28,0x4b,0xb5,0xde,0xf7,0xe6,0x19,0xdf,0x19,0xdf,0x19,0xdf,0x19,0xdf,
    0x19,0xdf,0x19,0xdf,0x39,0xe7,0x96,0xce,0xcc,0x8c,0x88,0x53,0x08,0x64,0x28,0x6c,0xc8,0x5b,0xc8,0x5b,0xc8,0x5b,0xc8,0x5b,0x88,0x53,0xc6,0x3a,0xe5,0x19,0xc7,0x32,
    0xe7,0x3a,0x07,0x43,0x07,0x43,0x07,0x43,0x07,0x43,0xc6,0x3a,0x4d,0x74,0x39,0xe7,0x19,0xdf,0x19,0xdf,0x19,0xdf,0x19,0xdf,0x19,0xdf,0x19,0xdf,0x19,0xdf,0x19,0xdf,
    0x19,0xdf,0x19,0xdf,0x19,0xdf,0x19,0xdf,0x69,0x32,0x24,0x11,0xa6,0x7a,0xc6,0x82,0xa6,0x7a,0x47,0x9b,0xe9,0xab,0x8a,0x22,0x4a,0x22,0x8b,0x22,0x8b,0x22,0x4a,0x22,
    0x4a,0x1a,0x08,0x1a,0xa5,0x19,0xa6,0x19,0xa6,0x19,0xa5,0x19,0xc7,0x19,0x6b,0x1a,0x0e,0x23,0x0e,0x23,0xee,0x22,0x0e,0x23,0xac,0x22,0x4a,0x22,0x8b,0x22,0xee,0x22,
    0x0e,0x23,0xee,0x22,0xce,0x1a,0x66,0x29,0x81,0x69,0xc9,0xf4,0x50,0xfd,0x73,0xfd,0x52,0xfd,0xaa,0xd3,0xa7,0xdb,0xe6,0xe3,0x87,0xec,0xa8,0xec,0xa8,0xec,0xa8,0xec,
    0x47,0xec,0x03,0xd3,0xa5,0xdb,0x67,0xec,0xa8,0xec,0x44,0xd3,0x84,0xdb,0x46,0xe4,0xa8,0xec,0x64,0xdb,0x64,0xdb,0x46,0xec,0xa8,0xf4,0x88,0xec,0xc5,0xdb,0x88,0xdb,
    0x6e,0xec,0x2f,0xfd,0x86,0xcb,0x60,0x38,0x2b,0x22,0x8c,0x1a,0x6c,0x1a,0x6c,0x1a,0x8c,0x1a,0xad,0x22,0x8c,0x22,0xac,0x22,0xcd,0x22,0xce,0x22,0xcd,0x22,0x4a,0x1a,
    0x07,0x1a,0xc6,0x19,0xa5,0x19,0x85,0x19,0xa6,0x19,0xc5,0x19,0xc6,0x19,0x29,0x1a,0xee,0x1a,0xcd,0x2a,0x06,0x8b,0x06,0x93,0x06,0x93,0xc6,0x82,0x26,0x52,0x45,0x01,
    0xd1,0x8c,0x5a,0xe7,0x19,0xdf,0x19,0xdf,0x19,0xdf,0x19,0xdf,0x19,0xdf,0x19,0xdf,0x19,0xdf,0x19,0xdf,0x19,0xdf,0x19,0xdf,0x19,0xdf,0x19,0xdf,0x19,0xdf,0x19,0xdf,
    0x19,0xdf,0x19,0xdf,0x19,0xdf,0x19,0xdf,0x19,0xdf,0x19,0xdf,0x19,0xdf,0x19,0xdf,0x19,0xdf,0x19,0xdf,0x19,0xdf,0x19,0xdf,0x19,0xdf,0x3a,0xdf,0x76,0xd6,0xcc,0xc4,
    0xd2,0xcd,0xd8,0xde,0x19,0xdf,0x19,0xdf,0x19,0xdf,0x3a,0xdf,0x13,0xd6,0x28,0xcc,0xf2,0xd5,0x3a,0xdf,0x19,0xdf,0x19,0xdf,0x19,0xdf,0x19,0xdf,0x19,0xdf,0x19,0xdf,
    0x19,0xdf,0x19,0xdf,0x19,0xdf,0x19,0xdf,0x19,0xdf,0x19,0xdf,0x19,0xdf,0x19,0xdf,0x19,0xdf,0x19,0xdf,0x19,0xdf,0x19,0xdf,0x19,0xdf,0x19,0xdf,0x19,0xdf,0x19,0xdf,
    0x19,0xdf,0x19,0xdf,0x19,0xdf,0x19,0xdf,0x19,0xdf,0x19,0xdf,0x19,0xdf,0x19,0xdf,0x19,0xdf,0x19,0xdf,0x19,0xdf,0x19,0xdf,0x19,0xdf,0x19,0xdf,0x19,0xdf,0x19,0xdf,
    0x39,0xe7,0x15,0xbe,0x31,0x95,0x28,0x4b,0xc7,0x3a,0xe7,0x3a,0xc7,0x3a,0x05,0x22,0xe5,0x21,0xc7,0x3a,0x07,0x43,0xe7,0x42,0xe7,0x3a,0xe7,0x3a,0xe7,0x3a,0x07,0x43,
    0x89,0x53,0x6c,0x7c,0x16,0xf7,0x36,0xf7,0x17,0xef,0x18,0xe7,0x19,0xdf,0x18,0xe7,0x57,0xf7,0x93,0xd6,0xa7,0x5b,0xa8,0x53,0xc8,0x5b,0xc8,0x5b,0xa8,0x5b,0xa8,0x5b,
    0xc8,0x5b,0x47,0x4b,0xe5,0x21,0x46,0x2a,0xe7,0x3a,0x07,0x43,0x07,0x43,0x07,0x43,0x07,0x43,0x07,0x43,0x07,0x43,0xa6,0x32,0x8e,0x7c,0x5a,0xe7,0x19,0xdf,0x19,0xdf,
    0x19,0xdf,0x19,0xdf,0x19,0xdf,0x19,0xdf,0x19,0xdf,0x19,0xdf,0x19,0xdf,0x19,0xdf,0x19,0xdf,0x19,0xdf,0x69,0x32,0x24,0x11,0xa6,0x7a,0xc6,0x82,0x86,0x7a,0x47,0x9b,
    0xc8,0xab,0x4a,0x22,0x4a,0x22,0x4a,0x22,0x6a,0x22,0x08,0x1a,0x85,0x11,0x85,0x19,0xa6,0x19,0xa6,0x19,0xa6,0x19,0xa6,0x19,0x85,0x19,0xa6,0x19,0x29,0x1a,0xcc,0x22,
    0xee,0x22,0xed,0x22,0x8a,0x22,0x6a,0x22,0x6a,0x22,0xcc,0x22,0x0e,0x23,0x0e,0x23,0x2f,0x23,0x66,0x29,0x21,0x61,0x88,0xf4,0xea,0xe3,0x2b,0xe4,0x8c,0xec,0x24,0xcb,
    0xe6,0xdb,0xa8,0xf4,0xa7,0xec,0xa8,0xec,0xa8,0xec,0xa8,0xec,0x87,0xec,0xe6,0xdb,0x03,0xcb,0xa5,0xdb,0xa8,0xec,0x44,0xdb,0xe5,0xe3,0xa8,0xec,0x87,0xec,0x84,0xdb,
    0xe5,0xe3,0xc8,0xf4,0xa8,0xf4,0xa8,0xf4,0xa8,0xf4,0xa5,0xdb,0x29,0xe4,0x2a,0xd4,0x45,0x7a,0xc8,0x29,0x8c,0x22,0x8d,0x1a,0x6c,0x1a,0xad,0x1a,0xcd,0x22,0xed,0x22,
    0xcc,0x22,0xab,0x22,0xcd,0x22,0xed,0x22,0x49,0x1a,0xe6,0x19,0xc5,0x19,0xa6,0x19,0xa5,0x19,0x85,0x19,0x85,0x19,0xc6,0x19,0xc6,0x19,0xe7,0x19,0xac,0x1a,0xac,0x2a,
    0x06,0x8b,0x26,0x93,0x06,0x93,0xc6,0x82,0x26,0x52,0x45,0x01,0xd1,0x8c,0x5a,0xe7,0x19,0xdf,0x19,0xdf,0x19,0xdf,0x19,0xdf,0x19,0xdf,0x19,0xdf,0x19,0xdf,0x19,0xdf,
    0x19,0xdf,0x19,0xdf,0x19,0xdf,0x19,0xdf,0x19,0xdf,0x19,0xdf,0x19,0xdf,0x19,0xdf,0x19,0xdf,0x19,0xdf,0x19,0xdf,0x19,0xdf,0x19,0xdf,0x19,0xdf,0x19,0xdf,0x19,0xdf,
    0x19,0xdf,0x19,0xdf,0x19,0xdf,0x3a,0xdf,0x55,0xd6,0xed,0xc4,0x0d,0xcd,0x6f,0xcd,0xf8,0xde,0x19,0xdf,0x19,0xdf,0x19,0xdf,0x96,0xde,0x69,0xcc,0xd2,0xd5,0x3a,0xdf,
    0x19,0xdf,0x19,0xdf,0x19,0xdf,0x19,0xdf,0x19,0xdf,0x19,0xdf,0x19,0xdf,0x19,0xdf,0x19,0xdf,0x19,0xdf,0x19,0xdf,0x19,0xdf,0x19,0xdf,0x19,0xdf,0x19,0xdf,0x19,0xdf,
    0x19,0xdf,0x19,0xdf,0x19,0xdf,0x19,0xdf,0x19,0xdf,0x19,0xdf,0x19,0xdf,0x19,0xdf,0x19,0xdf,0x19,0xdf,0x19,0xdf,0x19,0xdf,0x19,0xdf,0x19,0xdf,0x19,0xdf,0x19,0xdf,
    0x19,0xdf,0x19,0xdf,0x19,0xdf,0x19,0xdf,0x19,0xdf,0x19,0xdf,0x19,0xdf,0x3a,0xe7,0x3a,0xe7,0xab,0x5b,0xc7,0x3a,0xc7,0x3a,0xe7,0x3a,0x46,0x2a,0x26,0x22,0x46,0x2a,
    0x46,0x2a,0xc7,0x3a,0xe7,0x42,0xe7,0x3a,0xe7,0x3a,0xe7,0x3a,0x07,0x43,0x48,0x4b,0x0b,0x6c,0xb5,0xe6,0x58,0xf7,0x18,0xe7,0x18,0xe7,0xf7,0xe6,0xd4,0xe6,0x31,0xce,
    0xc8,0x5b,0xa8,0x5b,0xc8,0x5b,0xc8,0x5b,0xc8,0x5b,0xc8,0x5b,0x87,0x53,0xa6,0x3a,0xc5,0x19,0x66,0x2a,0x07,0x43,0x07,0x43,0x07,0x43,0x07,0x43,0x07,0x43,0x07,0x43,
    0x07,0x43,0x2c,0x74,0xb3,0xad,0x39,0xe7,0x19,0xdf,0x19,0xdf,0x19,0xdf,0x19,0xdf,0x19,0xdf,0x19,0xdf,0x19,0xdf,0x19,0xdf,0x19,0xdf,0x19,0xdf,0x19,0xdf,0x19,0xdf,
    0x69,0x32,0x24,0x11,0xa6,0x7a,0xc6,0x82,0x86,0x7a,0x47,0x9b,0xe9,0xab,0x4a,0x22,0x4a,0x22,0x6a,0x22,0x6a,0x22,0xe7,0x19,0xa6,0x19,0xa6,0x19,0xa6,0x19,0xa6,0x19,
    0xa6,0x19,0xa6,0x19,0xa6,0x19,0x85,0x19,0x85,0x19,0xe7,0x19,0xac,0x22,0xcc,0x22,0x6a,0x22,0x6a,0x22,0x6a,0x22,0x8b,0x22,0x0e,0x23,0x0e,0x23,0x2a,0x1a,0xc5,0x51,
    0xa4,0xaa,0xa8,0xec,0xc4,0xc2,0x04,0xcb,0x06,0xe4,0x87,0xec,0xa8,0xec,0xa8,0xec,0xa7,0xec,0xa7,0xec,0x67,0xec,0x87,0xec,0xa8,0xec,0x67,0xec,0x85,0xdb,0xc5,0xe3,
    0x87,0xec,0x44,0xd3,0xa5,0xdb,0x47,0xec,0x67,0xec,0xc5,0xe3,0x06,0xe4,0xa8,0xf4,0x67,0xec,0xa7,0xec,0xa8,0xf4,0xa8,0xf4,0xc8,0xf4,0x25,0xb3,0x82,0x20,0xed,0x22,
    0xee,0x22,0xad,0x1a,0x8c,0x1a,0xce,0x22,0xee,0x22,0x0e,0x23,0xcc,0x22,0x8a,0x22,0xcc,0x22,0xac,0x22,0x06,0x1a,0x27,0x1a,0xe6,0x19,0xa5,0x19,0xa5,0x19,0xa5,0x19,
    0xa6,0x19,0xc6,0x19,0x29,0x1a,0x49,0x22,0x29,0x1a,0x8b,0x2a,0x27,0x8b,0x26,0x9b,0x06,0x93,0xc6,0x82,0x26,0x52,0x45,0x01,0xd1,0x8c,0x5a,0xe7,0x19,0xdf,0x19,0xdf,
    0x19,0xdf,0x19,0xdf,0x19,0xdf,0x19,0xdf,0x19,0xdf,0x19,0xdf,0x19,0xdf,0x19,0xdf,0x19,0xdf,0x19,0xdf,0x19,0xdf,0x19,0xdf,0x19,0xdf,0x19,0xdf,0x19,0xdf,0x19,0xdf,
    0x19,0xdf,0x19,0xdf,0x19,0xdf,0x19,0xdf,0x19,0xdf,0x19,0xdf,0x19,0xdf,0x19,0xdf,0x19,0xdf,0x19,0xdf,0xb7,0xde,0x13,0xd6,0x90,0xcd,0x4f,0xcd,0xf8,0xde,0x19,0xdf,
    0x19,0xdf,0x3a,0xdf,0x96,0xde,0x28,0xcc,0xb1,0xd5,0x3a,0xdf,0x19,0xdf,0x19,0xdf,0x19,0xdf,0x19,0xdf,0x19,0xdf,0x19,0xdf,0x19,0xdf,0x19,0xdf,0x19,0xdf,0x19,0xdf,
    0x19,0xdf,0x19,0xdf,0x19,0xdf,0x19,0xdf,0x19,0xdf,0x19,0xdf,0x19,0xdf,0x19,0xdf,0x19,0xdf,0x19,0xdf,0x19,0xdf,0x19,0xdf,0x19,0xdf,0x19,0xdf,0x19,0xdf,0x19,0xdf,
    0x19,0xdf,0x19,0xdf,0x19,0xdf,0x19,0xdf,0x19,0xdf,0x19,0xdf,0x19,0xdf,0x19,0xdf,0x19,0xdf,0x19,0xdf,0x19,0xdf,0x19,0xdf,0x19,0xdf,0x19,0xdf,0x19,0xdf,0xb8,0xd6,
    0xec,0x6b,0xc6,0x3a,0xe7,0x3a,0xe7,0x3a,0xe7,0x3a,0xe5,0x21,0xa5,0x19,0x26,0x2a,0x86,0x32,0xe7,0x3a,0xe7,0x3a,0xe7,0x3a,0xe7,0x3a,0xe7,0x3a,0x07,0x43,0x70,0xad,
    0x74,0xd6,0x36,0xf7,0x36,0xf7,0xf5,0xee,0xaa,0x84,0x28,0x6c,0xc8,0x5b,0xc8,0x5b,0xc8,0x5b,0xa8,0x5b,0xa8,0x5b,0xc8,0x5b,0xc6,0x3a,0xc5,0x19,0x66,0x2a,0xc7,0x3a,
    0x07,0x43,0x07,0x43,0x07,0x43,0x07,0x43,0x07,0x43,0x07,0x43,0x48,0x4b,0xb8,0xd6,0x3a,0xe7,0x19,0xdf,0x19,0xdf,0x19,0xdf,0x19,0xdf,0x19,0xdf,0x19,0xdf,0x19,0xdf,
    0x19,0xdf,0x19,0xdf,0x19,0xdf,0x19,0xdf,0x19,0xdf,0x19,0xdf,0x49,0x32,0x24,0x11,0xc6,0x7a,0xc6,0x82,0x86,0x72,0x47,0x9b,0xc8,0xab,0x08,0x1a,0x08,0x1a,0x29,0x1a,
    0x08,0x1a,0xa6,0x19,0xa6,0x19,0xa6,0x19,0xa6,0x19,0xa6,0x19,0xa6,0x19,0xa6,0x19,0xa6,0x19,0xa6,0x19,0x85,0x11,0x65,0x11,0x08,0x1a,0x6a,0x1a,0x6a,0x22,0x6a,0x22,
    0x4a,0x22,0x6a,0x22,0xac,0x22,0x0e,0x23,0xc4,0x10,0x02,0x82,0x66,0xf4,0x87,0xec,0x87,0xec,0x87,0xec,0x87,0xec,0xa8,0xec,0xa8,0xec,0xa8,0xec,0x87,0xec,0x87,0xec,
    0xa5,0xdb,0x47,0xe4,0x4b,0xf5,0xe3,0xca,0x46,0xe4,0xa8,0xf4,0xa8,0xec,0x64,0xdb,0x23,0xd3,0x84,0xdb,0xa7,0xec,0x44,0xdb,0x27,0xe4,0x0a,0xf5,0x64,0xd3,0xa8,0xec,
    0xa8,0xf4,0xa8,0xec,0xa8,0xf4,0x67,0xe4,0xe1,0x48,0x2a,0x22,0x2f,0x23,0xce,0x22,0x8d,0x1a,0xed,0x22,0xee,0x22,0xcc,0x22,0xab,0x22,0xab,0x2a,0x8a,0x22,0x4a,0x22,
    0x08,0x1a,0x6a,0x22,0x28,0x1a,0xc6,0x19,0xa5,0x19,0x85,0x19,0xa5,0x19,0xc6,0x19,0xe6,0x19,0x29,0x1a,0xc7,0x11,0x48,0x2a,0x27,0x8b,0x26,0x93,0x06,0x93,0xc6,0x82,
    0x26,0x52,0x45,0x01,0xd1,0x8c,0x5a,0xe7,0x19,0xdf,0x19,0xdf,0x19,0xdf,0x19,0xdf,0x19,0xdf,0x19,0xdf,0x19,0xdf,0x19,0xdf,0x19,0xdf,0x19,0xdf,0x19,0xdf,0x19,0xdf,
    0x19,0xdf,0x19,0xdf,0x19,0xdf,0x19,0xdf,0x19,0xdf,0x19,0xdf,0x19,0xdf,0x19,0xdf,0x19,0xdf,0x19,0xdf,0x19,0xdf,0x19,0xdf,0x19,0xdf,0x19,0xdf,0x19,0xdf,0x19,0xdf,
    0x19,0xdf,0x3a,0xdf,0x34,0xd6,0x4e,0xcd,0xf8,0xde,0x19,0xdf,0x19,0xdf,0x54,0xde,0xf2,0xd5,0x90,0xd5,0x55,0xde,0x39,0xdf,0x19,0xdf,0x19,0xdf,0x19,0xdf,0x19,0xdf,
    0x19,0xdf,0x19,0xdf,0x19,0xdf,0x19,0xdf,0x19,0xdf,0x19,0xdf,0x19,0xdf,0x19,0xdf,0x19,0xdf,0x19,0xdf,0x19,0xdf,0x19,0xdf,0x19,0xdf,0x19,0xdf,0x19,0xdf,0x19,0xdf,
    0x19,0xdf,0x19,0xdf,0x19,0xdf,0x19,0xdf,0x19,0xdf,0x19,0xdf,0x19,0xdf,0x19,0xdf,0x19,0xdf,0x19,0xdf,0x19,0xdf,0x19,0xdf,0x19,0xdf,0x19,0xdf,0x19,0xdf,0x19,0xdf,
    0x19,0xdf,0x19,0xdf,0x19,0xdf,0x19,0xe7,0x19,0xe7,0x3a,0xe7,0x0c,0x6c,0xa6,0x32,0xe7,0x3a,0xe7,0x3a,0xe7,0x3a,0xc7,0x3a,0xc7,0x3a,0xc5,0x21,0xc5,0x21,0xe5,0x21,
    0x86,0x32,0xe7,0x42,0xe7,0x3a,0xe7,0x3a,0xe7,0x42,0xc6,0x3a,0xca,0x63,0x36,0xf7,0x37,0xf7,0xf6,0xee,0x89,0x84,0x08,0x6c,0xa8,0x5b,0xc8,0x5b,0xc8,0x5b,0xc8,0x5b,
    0xc8,0x5b,0x86,0x32,0x06,0x22,0x26,0x2a,0xe7,0x3a,0x07,0x43,0x07,0x43,0x07,0x43,0x07,0x43,0x07,0x43,0x07,0x43,0xc6,0x3a,0xca,0x63,0x18,0xdf,0x19,0xdf,0x19,0xdf,
    0x19,0xdf,0x19,0xdf,0x19,0xdf,0x19,0xdf,0x19,0xdf,0x19,0xdf,0x19,0xdf,0x19,0xdf,0x19,0xdf,0x19,0xdf,0x19,0xdf,0xf9,0xde,0x48,0x32,0x24,0x11,0xc6,0x7a,0xe6,0x82,
    0x86,0x6a,0x06,0x93,0x47,0x93,0xc7,0x19,0xc7,0x19,0xa6,0x19,0xa5,0x19,0xa6,0x19,0xa6,0x19,0xa6,0x19,0xa6,0x19,0xa6,0x19,0xa6,0x19,0xa6,0x19,0xa6,0x19,0xa6,0x19,
    0xc6,0x19,0xc7,0x19,0x85,0x11,0xe7,0x19,0x6a,0x22,0x6a,0x22,0x4a,0x22,0x6a,0x22,0x49,0x22,0xa6,0x19,0xa4,0x51,0x24,0xb3,0x87,0xf4,0x87,0xec,0x88,0xec,0xa8,0xec,
    0xa8,0xec,0xa8,0xec,0xa8,0xec,0xa8,0xec,0x87,0xec,0x29,0xfd,0xe9,0xf4,0x4b,0xfd,0x8c,0xfd,0xe3,0xca,0x67,0xec,0xc8,0xf4,0x87,0xec,0x44,0xd3,0xa5,0xdb,0x67,0xec,
    0xa8,0xf4,0x03,0xcb,0x07,0xe4,0xcc,0xfd,0x2a,0xf5,0x4a,0xfd,0xa7,0xf4,0xa7,0xec,0xa8,0xec,0xa8,0xec,0xe6,0xcb,0x45,0x6a,0x09,0x2a,0x2f,0x2b,0xce,0x22,0xed,0x22,
    0x0d,0x23,0xee,0x22,0xab,0x22,0x8a,0x22,0x8a,0x22,0x6a,0x22,0x6a,0x22,0x08,0x1a,0xc6,0x19,0xa5,0x19,0xa5,0x19,0x85,0x19,0x85,0x19,0xa5,0x19,0xe6,0x19,0x29,0x1a,
    0xe7,0x19,0xe6,0x21,0x06,0x8b,0x26,0x93,0x26,0x93,0xc6,0x82,0x26,0x4a,0x25,0x01,0xd1,0x8c,0x5a,0xe7,0x19,0xdf,0x19,0xdf,0x19,0xdf,0x19,0xdf,0x19,0xdf,0x19,0xdf,
    0x19,0xdf,0x19,0xdf,0x19,0xdf,0x19,0xdf,0x19,0xdf,0x19,0xdf,0x19,0xdf,0x19,0xdf,0x19,0xdf,0x19,0xdf,0x19,0xdf,0x19,0xdf,0x19,0xdf,0x19,0xdf,0x19,0xdf,0x19,0xdf,
    0x19,0xdf,0x19,0xdf,0x19,0xdf,0x19,0xdf,0x19,0xdf,0x19,0xdf,0x19,0xdf,0x19,0xdf,0x33,0xd6,0x4f,0xcd,0xf8,0xde,0x19,0xdf,0x19,0xdf,0x6e,0xd5,0x8f,0xd5,0x5a,0xe7,
    0x39,0xdf,0x19,0xdf,0x19,0xdf,0x19,0xdf,0x19,0xdf,0x19,0xdf,0x19,0xdf,0x19,0xdf,0x19,0xdf,0x19,0xdf,0x19,0xdf,0x19,0xdf,0x19,0xdf,0x19,0xdf,0x19,0xdf,0x19,0xdf,
    0x19,0xdf,0x19,0xdf,0x19,0xdf,0x19,0xdf,0x19,0xdf,0x19,0xdf,0x19,0xdf,0x19,0xdf,0x19,0xdf,0x19,0xdf,0x19,0xdf,0x19,0xdf,0x19,0xdf,0x19,0xdf,0x19,0xdf,0x19,0xdf,
    0x19,0xdf,0x19,0xdf,0x19,0xdf,0x19,0xdf,0x19,0xdf,0x19,0xdf,0x19,0xdf,0x19,0xdf,0x19,0xdf,0x19,0xe7,0x18,0xe7,0x39,0xe7,0xf4,0xb5,0x6d,0x7c,0xe7,0x3a,0xe7,0x3a,
    0xe7,0x3a,0xe7,0x3a,0xe7,0x3a,0x86,0x32,0x26,0x2a,0xa5,0x19,0x66,0x2a,0xe7,0x3a,0xe7,0x3a,0xe7,0x3a,0xe7,0x3a,0xe7,0x3a,0xca,0x63,0x36,0xf7,0x36,0xf7,0xf5,0xee,
    0xa9,0x84,0x07,0x64,0xa8,0x5b,0xa8,0x5b,0xc8,0x5b,0xc8,0x5b,0x67,0x4b,0x05,0x22,0x66,0x2a,0xc7,0x3a,0x07,0x43,0x07,0x43,0x07,0x43,0x07,0x43,0x07,0x43,0x07,0x43,
    0xe7,0x3a,0xca,0x63,0xf3,0xb5,0x18,0xe7,0x19,0xe7,0x19,0xdf,0x19,0xdf,0x19,0xdf,0x19,0xdf,0x19,0xdf,0x19,0xdf,0x19,0xdf,0x19,0xdf,0x19,0xdf,0x19,0xdf,0x19,0xdf,
    0x19,0xdf,0xf9,0xde,0x48,0x32,0x24,0x11,0xa6,0x7a,0xe6,0x82,0xa6,0x72,0x06,0x93,0x27,0x8b,0xe7,0x19,0xe7,0x19,0xc6,0x19,0xa6,0x19,0xc6,0x19,0xc6,0x19,0xa6,0x19,
    0xa6,0x19,0xa6,0x19,0xa6,0x19,0xa6,0x19,0xa6,0x19,0xa6,0x19,0xa6,0x19,0x29,0x1a,0xe7,0x19,0x08,0x1a,0x6a,0x22,0x6a,0x22,0x4a,0x22,0x6a,0x22,0x29,0x22,0x61,0x18,
    0x44,0xb3,0xa7,0xf4,0xa8,0xec,0x87,0xec,0x87,0xec,0xa8,0xec,0xa8,0xec,0xa8,0xec,0xa8,0xec,0xa8,0xf4,0x09,0xf5,0xe7,0xbb,0xc8,0xa3,0xe9,0xa3,0xe8,0xb3,0x06,0xdc,
    0x87,0xec,0xa8,0xf4,0xa8,0xf4,0x84,0xdb,0x06,0xe4,0xa8,0xf4,0xa8,0xec,0x27,0xe4,0xc7,0xc3,0xa8,0x9b,0xc8,0xa3,0xe7,0xab,0x09,0xf5,0xc8,0xf4,0xa8,0xf4,0xa8,0xf4,
    0xe8,0xfc,0x43,0x8a,0x24,0x29,0x2e,0x23,0xee,0x22,0xed,0x22,0xec,0x22,0xcc,0x22,0x8a,0x22,0x6a,0x22,0x6a,0x22,0x6a,0x22,0x08,0x1a,0xc6,0x19,0xa5,0x19,0xa5,0x19,
    0xa5,0x19,0x85,0x19,0xa5,0x19,0xa5,0x19,0xc6,0x19,0x08,0x1a,0xe7,0x19,0xe6,0x21,0x26,0x8b,0x26,0x9b,0x26,0x93,0xc6,0x82,0x26,0x4a,0x25,0x01,0xd1,0x8c,0x5a,0xe7,
    0x19,0xdf,0x19,0xdf,0x19,0xdf,0x19,0xdf,0x19,0xdf,0x19,0xdf,0x19,0xdf,0x19,0xdf,0x19,0xdf,0x19,0xdf,0x19,0xdf,0x19,0xdf,0x19,0xdf,0x19,0xdf,0x19,0xdf,0x19,0xdf,
    0x19,0xdf,0x19,0xdf,0x19,0xdf,0x19,0xdf,0x19,0xdf,0x19,0xdf,0x19,0xdf,0x19,0xdf,0x19,0xdf,0x19,0xdf,0x19,0xdf,0x19,0xdf,0x19,0xdf,0x3a,0xdf,0x34,0xd6,0x8f,0xd5,
    0xf8,0xde,0x39,0xdf,0x19,0xdf,0x8f,0xd5,0xb0,0xd5,0x39,0xdf,0x19,0xdf,0x19,0xdf,0x19,0xdf,0x19,0xdf,0x19,0xdf,0x19,0xdf,0x19,0xdf,0x19,0xdf,0x19,0xdf,0x19,0xdf,
    0x19,0xdf,0x19,0xdf,0x19,0xdf,0x19,0xdf,0x19,0xdf,0x19,0xdf,0x19,0xdf,0x19,0xdf,0x19,0xdf,0x19,0xdf,0x19,0xdf,0x19,0xdf,0x19,0xdf,0x19,0xdf,0x19,0xdf,0x19,0xdf,
    0x19,0xdf,0x19,0xdf,0x19,0xdf,0x19,0xdf,0x19,0xdf,0x19,0xdf,0x19,0xdf,0x19,0xdf,0x19,0xdf,0x19,0xdf,0x19,0xdf,0x19,0xdf,0x19,0xdf,0x19,0xe7,0x19,0xe7,0x18,0xe7,
    0x18,0xe7,0x18,0xe7,0x5a,0xef,0x14,0xbe,0xe7,0x3a,0xe7,0x3a,0xe7,0x3a,0xe7,0x3a,0xe7,0x3a,0xe7,0x42,0x86,0x32,0xc5,0x19,0x26,0x22,0xa7,0x32,0x07,0x43,0xe7,0x42,
    0xe7,0x42,0xc7,0x3a,0x8a,0x5b,0x16,0xef,0x36,0xf7,0xf5,0xee,0x89,0x84,0x07,0x64,0xa8,0x5b,0xa8,0x5b,0xc8,0x5b,0xc8,0x5b,0xe7,0x42,0xa5,0x19,0xa6,0x32,0x27,0x43,
    0x07,0x43,0x07,0x43,0x07,0x43,0x07,0x43,0x07,0x43,0xe7,0x3a,0x08,0x43,0xef,0x8c,0x7a,0xf7,0x18,0xef,0x18,0xe7,0x18,0xdf,0x18,0xdf,0x18,0xdf,0x19,0xdf,0x19,0xdf,
    0x19,0xdf,0x19,0xdf,0x19,0xdf,0x19,0xdf,0x19,0xdf,0x19,0xdf,0x19,0xdf,0xf9,0xde,0x69,0x32,0x24,0x11,0x86,0x72,0xc6,0x82,0xc6,0x82,0x47,0x9b,0x47,0x93,0xc7,0x19,
    0xc6,0x19,0xc7,0x19,0xe7,0x19,0xe7,0x19,0xa6,0x19,0xa6,0x19,0xa6,0x19,0xa6,0x19,0xa6,0x19,0xa6,0x19,0xa6,0x19,0xa6,0x19,0xa5,0x19,0xe7,0x19,0x4a,0x22,0x4a,0x22,
    0x49,0x22,0x4a,0x22,0x4a,0x22,0x6a,0x22,0x49,0x22,0x81,0x18,0x65,0xb3,0xc8,0xf4,0xa8,0xec,0xa7,0xec,0x87,0xec,0x87,0xec,0x87,0xec,0x87,0xec,0x87,0xec,0xc8,0xec,
    0x0b,0xd5,0xe5,0x51,0xa2,0x18,0x00,0x00,0x02,0x29,0x0b,0xd5,0xc8,0xec,0xa8,0xf4,0xa8,0xec,0x26,0xe4,0x47,0xec,0xa8,0xec,0xa8,0xf4,0x2a,0xe5,0x27,0x7b,0xc3,0x10,
    0x20,0x08,0x81,0x18,0x69,0xbc,0xc8,0xec,0xa7,0xf4,0x87,0xec,0xc8,0xf4,0x23,0x7a,0x24,0x21,0x2f,0x23,0x2e,0x2b,0xed,0x2a,0xab,0x22,0x6a,0x22,0x6a,0x22,0x6a,0x22,
    0x6a,0x22,0x29,0x1a,0x85,0x11,0xa6,0x19,0xa6,0x19,0xa6,0x19,0xa5,0x19,0xa5,0x19,0xc6,0x19,0xa6,0x19,0xa5,0x19,0x85,0x19,0xc6,0x19,0x07,0x22,0x06,0x8b,0x26,0x93,
    0x26,0x93,0xc6,0x8a,0x26,0x52,0x25,0x01,0xd1,0x8c,0x5a,0xe7,0x19,0xdf,0x19,0xdf,0x19,0xdf,0x19,0xdf,0x19,0xdf,0x19,0xdf,0x19,0xdf,0x19,0xdf,0x19,0xdf,0x19,0xdf,
    0x19,0xdf,0x19,0xdf,0x19,0xdf,0x19,0xdf,0x19,0xdf,0x19,0xdf,0x19,0xdf,0x19,0xdf,0x19,0xdf,0x19,0xdf,0x19,0xdf,0x19,0xdf,0x19,0xdf,0x19,0xdf,0x19,0xdf,0x19,0xdf,
    0x19,0xdf,0x19,0xdf,0x19,0xdf,0x19,0xdf,0xf8,0xde,0xf8,0xde,0x19,0xdf,0x19,0xdf,0x19,0xdf,0xf8,0xde,0xf8,0xde,0x19,0xdf,0x19,0xdf,0x19,0xdf,0x19,0xdf,0x19,0xdf,
    0x19,0xdf,0x19,0xdf,0x19,0xdf,0x19,0xdf,0x19,0xdf,0x19,0xdf,0x19,0xdf,0x19,0xdf,0x19,0xdf,0x19,0xdf,0x19,0xdf,0x19,0xdf,0x19,0xdf,0x19,0xdf,0x19,0xdf,0x19,0xdf,
    0x19,0xdf,0x19,0xdf,0x19,0xdf,0x19,0xdf,0x19,0xdf,0x19,0xdf,0x19,0xdf,0x19,0xdf,0x19,0xdf,0x19,0xdf,0x19,0xdf,0x19,0xdf,0x19,0xdf,0x19,0xdf,0x18,0xe7,0x17,0xe7,
    0x17,0xef,0x17,0xef,0x16,0xef,0x36,0xf7,0x36,0xf7,0x36,0xf7,0x36,0xf7,0x36,0xf7,0x36,0xf7,0xf5,0xee,0x33,0xce,0x28,0x4b,0xe7,0x3a,0xe7,0x3a,0xe7,0x3a,0xe7,0x3a,
    0xe7,0x3a,0xc7,0x3a,0x06,0x2a,0xc5,0x19,0xe7,0x3a,0x07,0x43,0x07,0x43,0x07,0x43,0x07,0x43,0x68,0x53,0xb1,0xb5,0x16,0xf7,0xa9,0x84,0x07,0x64,0xa8,0x5b,0xc8,0x5b,
    0x27,0x43,0x26,0x22,0x26,0x2a,0xc7,0x3a,0xe7,0x3a,0x07,0x43,0x07,0x43,0x07,0x43,0xe7,0x3a,0x07,0x3b,0xe7,0x3a,0x2c,0x74,0x94,0xde,0xf5,0xee,0x36,0xf7,0x36,0xf7,
    0x36,0xf7,0x16,0xf7,0x16,0xf7,0x16,0xf7,0x16,0xf7,0x16,0xf7,0x16,0xef,0x16,0xef,0x17,0xef,0x17,0xef,0x17,0xef,0x37,0xef,0x37,0xef,0x17,0xef,0x68,0x3a,0x24,0x11,
    0x66,0x6a,0xa6,0x7a,0xc6,0x82,0x46,0x9b,0x47,0x93,0xe7,0x19,0xe7,0x19,0xe7,0x19,0xe7,0x19,0xe7,0x19,0xa6,0x19,0xa6,0x19,0xa6,0x19,0xa6,0x19,0xa6,0x19,0xa6,0x19,
    0xa6,0x19,0xa6,0x19,0xa6,0x19,0xa6,0x19,0xc6,0x19,0x29,0x1a,0x4a,0x22,0x29,0x1a,0x49,0x22,0x6a,0x22,0x29,0x22,0x40,0x10,0x65,0xb3,0xc8,0xf4,0xa8,0xf4,0xa8,0xec,
    0xa8,0xec,0x46,0xec,0xa5,0xdb,0x23,0xd3,0x27,0xe4,0x4b,0xe5,0xc1,0x20,0xb5,0xbd,0xb5,0xbd,0x20,0x10,0x40,0x10,0x80,0x18,0x2c,0xd5,0x8b,0xfd,0xc8,0xf4,0xc8,0xf4,
    0xc8,0xf4,0xc8,0xf4,0x6b,0xfd,0xc3,0x51,0x8d,0x73,0x1b,0xe7,0xe3,0x28,0x40,0x18,0x40,0x10,0x6a,0xc4,0xc9,0xec,0x84,0xd3,0x87,0xf4,0x47,0xdc,0xc5,0x8a,0x66,0x29,
    0xed,0x22,0xab,0x22,0x8a,0x22,0x6a,0x22,0x6a,0x22,0x4a,0x22,0x4a,0x22,0x29,0x22,0xc6,0x19,0xc6,0x19,0xa6,0x19,0xa6,0x19,0xa6,0x19,0xa6,0x19,0x85,0x19,0x65,0x11,
    0x85,0x19,0xa5,0x19,0xc6,0x19,0x07,0x22,0x26,0x93,0x26,0x9b,0x26,0x93,0xc6,0x8a,0x26,0x52,0x25,0x01,0xd0,0x94,0x58,0xf7,0x17,0xef,0x17,0xef,0x17,0xef,0x17,0xef,
    0x17,0xef,0x17,0xef,0x18,0xef,0x18,0xef,0x18,0xef,0x18,0xef,0x18,0xef,0x18,0xef,0x18,0xef,0x18,0xef,0x17,0xef,0x18,0xef,0x18,0xef,0x18,0xef,0x18,0xe7,0x18,0xe7,
    0x38,0xe7,0x39,0xef,0x39,0xef,0x39,0xef,0x39,0xef,0x59,0xef,0x59,0xef,0x59,0xef,0x59,0xef,0x59,0xef,0x59,0xef,0x5a,0xef,0x5a,0xef,0x5a,0xef,0x5a,0xef,0x5a,0xef,
    0x5a,0xef,0x5a,0xef,0x5a,0xef,0x5a,0xef,0x5a,0xe7,0x5a,0xe7,0x5a,0xe7,0x19,0xdf,0x19,0xdf,0x19,0xdf,0x19,0xdf,0x19,0xdf,0x19,0xdf,0x19,0xdf,0x19,0xdf,0x19,0xdf,
    0x19,0xdf,0x19,0xdf,0x19,0xdf,0x19,0xdf,0x19,0xdf,0x19,0xdf,0x19,0xdf,0x19,0xdf,0x19,0xdf,0x19,0xdf,0x19,0xdf,0x19,0xdf,0x19,0xdf,0x19,0xdf,0x19,0xdf,0x19,0xdf,
    0x19,0xdf,0x19,0xdf,0x19,0xdf,0x19,0xdf,0x18,0xe7,0x17,0xef,0x17,0xef,0x16,0xef,0x36,0xf7,0x36,0xf7,0x36,0xf7,0x36,0xf7,0x36,0xf7,0x36,0xf7,0x36,0xf7,0x36,0xff,
    0xf5,0xee,0x48,0x4b,0xe7,0x3a,0xe7,0x3a,0xe7,0x3a,0xe7,0x3a,0xe7,0x3a,0xe7,0x3a,0x66,0x2a,0xe5,0x21,0x66,0x2a,0x86,0x32,0xe7,0x42,0x07,0x43,0x07,0x43,0xc6,0x3a,
    0x70,0xad,0x16,0xf7,0x89,0x84,0x07,0x64,0xa8,0x5b,0xc8,0x5b,0x07,0x43,0xe5,0x21,0x26,0x2a,0x27,0x43,0x07,0x43,0x07,0x43,0xe7,0x3a,0x48,0x4b,0xea,0x6b,0xea,0x63,
    0x0b,0x6c,0xd5,0xe6,0x56,0xff,0x36,0xf7,0x36,0xf7,0x36,0xf7,0x36,0xf7,0x36,0xf7,0x36,0xf7,0x36,0xf7,0x36,0xf7,0x16,0xf7,0x16,0xf7,0x36,0xf7,0x36,0xf7,0x36,0xf7,
    0x16,0xef,0x37,0xef,0x37,0xef,0x17,0xef,0x68,0x3a,0x24,0x11,0x66,0x62,0xa6,0x7a,0xe6,0x8a,0x47,0x9b,0x27,0x93,0xe7,0x19,0x07,0x1a,0x07,0x1a,0xe7,0x19,0xa6,0x19,
    0xa6,0x19,0xa6,0x19,0xa6,0x19,0xa6,0x19,0xa6,0x19,0xa6,0x19,0xa6,0x19,0xa6,0x19,0xa6,0x19,0xa6,0x19,0x85,0x19,0xc7,0x19,0x29,0x1a,0x08,0x1a,0x29,0x1a,0xe8,0x19,
    0x64,0x29,0x64,0x82,0x26,0xd4,0xc8,0xf4,0xa8,0xec,0xc8,0xf4,0xe6,0xdb,0x44,0xd3,0x03,0xcb,0xa2,0xca,0x07,0xdc,0xee,0xed,0xc1,0x28,0xe7,0x41,0xe7,0x39,0x40,0x10,
    0xa0,0x30,0x40,0x10,0x2b,0xd5,0x0a,0xed,0x62,0xaa,0xa3,0xb2,0x63,0xaa,0x45,0xbb,0x2e,0xfe,0xe4,0x51,0x24,0x29,0x49,0x4a,0x61,0x10,0xc1,0x38,0x20,0x08,0xcb,0xbc,
    0xea,0xec,0xc2,0xca,0x44,0xd3,0xa7,0xf4,0x65,0xab,0xa2,0x28,0xab,0x22,0x8b,0x22,0x6a,0x22,0x29,0x1a,0x49,0x22,0x6a,0x22,0x6a,0x22,0x4a,0x22,0x49,0x22,0x29,0x22,
    0xa6,0x19,0xa6,0x19,0xa6,0x19,0xa6,0x19,0xa6,0x19,0xa5,0x19,0xa6,0x19,0x08,0x1a,0xe7,0x19,0x07,0x22,0x26,0x8b,0x26,0x9b,0x26,0x93,0xc6,0x8a,0x26,0x52,0x25,0x01,
    0xd0,0x94,0x78,0xf7,0x17,0xef,0x17,0xef,0x17,0xef,0x17,0xef,0x17,0xef,0x17,0xef,0x17,0xef,0x37,0xef,0x17,0xef,0x37,0xef,0x37,0xef,0x17,0xef,0x17,0xef,0x17,0xef,
    0x17,0xef,0x17,0xef,0x17,0xef,0x17,0xef,0x18,0xef,0x38,0xef,0xd7,0xde,0x14,0xc6,0x14,0xc6,0xf4,0xbd,0xf4,0xbd,0xd4,0xbd,0xd4,0xb5,0xb3,0xb5,0xb4,0xad,0xb3,0xad,
    0x93,0xad,0x53,0xa5,0x52,0xa5,0x52,0xa5,0x32,0x9d,0x32,0x9d,0x32,0x9d,0x32,0x9d,0x32,0x9d,0x32,0x9d,0x12,0x95,0xf2,0x94,0x73,0xa5,0x19,0xdf,0x19,0xdf,0x19,0xdf,
    0x19,0xdf,0x19,0xdf,0x19,0xdf,0x19,0xdf,0x19,0xdf,0x19,0xdf,0x19,0xdf,0x19,0xdf,0x19,0xdf,0x19,0xdf,0x19,0xdf,0x19,0xdf,0x19,0xdf,0x19,0xdf,0x19,0xdf,0x19,0xdf,
    0x19,0xdf,0x19,0xdf,0x19,0xdf,0x19,0xdf,0x19,0xdf,0x19,0xdf,0x19,0xdf,0x19,0xdf,0x19,0xdf,0x19,0xdf,0x18,0xe7,0x17,0xef,0x17,0xef,0x16,0xf7,0x36,0xf7,0x36,0xf7,
    0x36,0xf7,0x36,0xf7,0x36,0xf7,0x36,0xf7,0x36,0xf7,0x36,0xf7,0xf5,0xee,0x28,0x4b,0xa6,0x32,0xe7,0x3a,0xe7,0x3a,0xe7,0x3a,0xe7,0x3a,0xe7,0x3a,0xe7,0x3a,0xa7,0x32,
    0xa5,0x19,0xe5,0x21,0xe7,0x42,0xe7,0x42,0x07,0x43,0xe6,0x3a,0x90,0xad,0x36,0xf7,0x89,0x7c,0x08,0x64,0xc8,0x5b,0xa8,0x5b,0xe7,0x42,0xc5,0x19,0x66,0x2a,0x07,0x43,
    0xc6,0x3a,0xc6,0x32,0xa6,0x32,0x4c,0x7c,0x77,0xff,0x56,0xff,0x57,0xff,0x77,0xff,0x57,0xff,0x57,0xff,0x57,0xff,0x57,0xff,0x56,0xff,0x36,0xf7,0x36,0xf7,0x36,0xf7,
    0x36,0xf7,0x16,0xf7,0x16,0xf7,0x36,0xf7,0x36,0xf7,0x36,0xf7,0x16,0xf7,0x37,0xef,0x37,0xef,0x17,0xef,0x68,0x3a,0x24,0x11,0x46,0x62,0xa6,0x7a,0xc6,0x8a,0x47,0x9b,
    0x47,0x93,0xc6,0x19,0xc6,0x19,0xc6,0x19,0xc6,0x19,0xa6,0x19,0xa6,0x19,0xa6,0x19,0xa6,0x19,0xa6,0x19,0xa6,0x19,0xa6,0x19,0xa6,0x19,0xa6,0x19,0xa6,0x19,0xa6,0x19,
    0x85,0x19,0xa6,0x19,0x08,0x1a,0x08,0x1a,0x28,0x1a,0x86,0x19,0xc0,0x28,0x47,0xe4,0xa8,0xf4,0xa8,0xf4,0x87,0xec,0xc5,0xdb,0x03,0xcb,0x24,0xcb,0xa5,0xdb,0xa5,0xdb,
    0xea,0xec,0x50,0xee,0xc1,0x20,0x60,0x28,0x20,0x10,0xe1,0x38,0xa1,0x79,0x40,0x10,0x89,0xc4,0xe7,0xd3,0x87,0xc3,0x47,0xbb,0x47,0xc3,0x87,0xc3,0xca,0xdc,0xe4,0x51,
    0x20,0x18,0x40,0x20,0x80,0x20,0xa2,0x79,0x20,0x08,0x0c,0xbd,0x6c,0xf5,0x84,0xdb,0x03,0xd3,0xe5,0xe3,0xe4,0xa2,0xa2,0x28,0x6a,0x22,0x6a,0x22,0x4a,0x22,0x08,0x1a,
    0x08,0x1a,0x4a,0x22,0x4a,0x22,0x4a,0x22,0x08,0x1a,0x08,0x1a,0xa6,0x19,0xa6,0x19,0xa6,0x19,0xa6,0x19,0xa6,0x19,0xa6,0x19,0xa6,0x19,0xe7,0x19,0xe7,0x19,0x07,0x22,
    0x06,0x8b,0x26,0x9b,0x26,0x93,0xe6,0x8a,0x26,0x52,0x25,0x01,0xd0,0x94,0x78,0xf7,0x17,0xef,0x37,0xef,0x17,0xef,0x17,0xef,0x17,0xef,0x17,0xef,0x17,0xef,0x37,0xef,
    0x17,0xef,0x17,0xef,0x37,0xef,0x17,0xef,0x17,0xef,0x17,0xef,0x17,0xef,0x17,0xef,0x17,0xef,0x18,0xef,0x38,0xef,0x99,0xf7,0x31,0xa5,0xa2,0x00,0xa2,0x00,0xa2,0x00,
    0xa2,0x00,0xa2,0x00,0xa2,0x00,0xa2,0x00,0xa2,0x00,0xc3,0x00,0xc3,0x00,0xc3,0x00,0xc3,0x00,0xa3,0x00,0xa3,0x00,0xc3,0x00,0xc3,0x00,0xa3,0x00,0xa3,0x00,0xa2,0x00,
    0xa2,0x00,0x82,0x00,0xe7,0x29,0x39,0xe7,0x39,0xe7,0x19,0xdf,0x19,0xdf,0x19,0xdf,0x19,0xdf,0x19,0xdf,0x19,0xdf,0x19,0xdf,0x19,0xdf,0x19,0xdf,0x19,0xdf,0x19,0xdf,
    0x19,0xdf,0x19,0xdf,0x19,0xdf,0x19,0xdf,0x19,0xdf,0x19,0xdf,0x19,0xdf,0x19,0xdf,0x19,0xdf,0x19,0xdf,0x19,0xdf,0x19,0xdf,0x19,0xdf,0x19,0xdf,0x19,0xdf,0x19,0xdf,
    0x18,0xe7,0x17,0xef,0x17,0xef,0x36,0xf7,0x36,0xf7,0x36,0xf7,0x36,0xf7,0x36,0xf7,0x36,0xf7,0x36,0xf7,0x36,0xf7,0x36,0xf7,0x15,0xf7,0x4f,0xa5,0xce,0x94,0x08,0x43,
    0xe7,0x3a,0xe7,0x3a,0xe7,0x3a,0xe7,0x3a,0xe7,0x3a,0xa7,0x3a,0xe5,0x21,0xe5,0x21,0x46,0x2a,0xe7,0x3a,0x07,0x43,0xe6,0x3a,0x90,0xb5,0x16,0xf7,0x29,0x74,0xc7,0x5b,
    0xc8,0x5b,0xa8,0x5b,0x66,0x32,0x05,0x22,0xc7,0x3a,0xe7,0x3a,0x8d,0x84,0x4f,0xa5,0x2e,0xa5,0x12,0xc6,0x78,0xff,0x2f,0x9d,0x8c,0x84,0xad,0x8c,0xad,0x8c,0xad,0x8c,
    0xad,0x8c,0x8d,0x84,0x90,0xad,0x56,0xff,0x36,0xf7,0x36,0xf7,0x36,0xf7,0x36,0xf7,0x36,0xf7,0x16,0xf7,0x36,0xf7,0x36,0xf7,0x36,0xf7,0x37,0xef,0x37,0xf7,0x17,0xef,
    0x68,0x3a,0x24,0x11,0x46,0x62,0x86,0x72,0xc6,0x82,0x47,0x9b,0x47,0x93,0xa6,0x19,0x86,0x11,0xa6,0x19,0xa6,0x19,0xa6,0x19,0xa6,0x19,0xa6,0x19,0xa6,0x19,0xa6,0x19,
    0xa6,0x19,0xa6,0x19,0xa6,0x19,0xa6,0x19,0xa6,0x19,0xa6,0x19,0xa6,0x19,0xc7,0x19,0x08,0x1a,0xe8,0x19,0x28,0x1a,0x85,0x19,0xe1,0x30,0x67,0xe4,0x87,0xec,0x67,0xec,
    0x06,0xe4,0xc3,0xca,0x03,0xd3,0x06,0xe4,0xc8,0xf4,0xa8,0xec,0x6b,0xf5,0xef,0xed,0xe4,0x49,0xa2,0x71,0xa1,0x71,0xe2,0x79,0x02,0x82,0xa3,0x39,0x28,0xc4,0x06,0xbb,
    0xcc,0xcc,0x8f,0xfd,0x0d,0xe5,0xa8,0xb3,0x46,0xbb,0xc6,0x72,0x82,0x59,0xe2,0x79,0xa2,0x69,0xe2,0x79,0x42,0x31,0x0c,0xc5,0x8b,0xfd,0x87,0xf4,0xc5,0xe3,0x84,0xe3,
    0x42,0xa2,0xc2,0x28,0x49,0x22,0x6a,0x22,0x29,0x1a,0xe7,0x19,0xe7,0x19,0x29,0x1a,0x4a,0x22,0x28,0x22,0xa6,0x19,0xa6,0x19,0xa6,0x19,0xa6,0x19,0xa6,0x19,0xa6,0x19,
    0xa6,0x19,0xa6,0x19,0x85,0x19,0x85,0x19,0xa6,0x19,0xe6,0x21,0x06,0x8b,0x26,0x93,0x27,0x93,0xc6,0x82,0x26,0x4a,0x25,0x01,0xd0,0x94,0x78,0xf7,0x17,0xef,0x37,0xef,
    0x17,0xef,0x17,0xef,0x17,0xef,0x17,0xef,0x37,0xef,0x17,0xef,0x17,0xef,0x17,0xef,0x37,0xef,0x17,0xef,0x17,0xef,0x17,0xef,0x17,0xef,0x17,0xef,0x17,0xef,0x38,0xef,
    0x76,0xd6,0x6f,0x8c,0x4b,0x63,0xc5,0x31,0xaf,0x94,0xaf,0x94,0xb0,0x94,0xb0,0x94,0xd0,0x94,0xd0,0x94,0xd0,0x94,0xd0,0x94,0xf1,0x9c,0xf1,0x9c,0xf1,0x9c,0xf1,0x9c,
    0xf1,0x9c,0xf1,0x9c,0xf1,0x9c,0xf1,0x9c,0xf1,0x9c,0xf1,0x9c,0x8f,0x94,0xa7,0x62,0x47,0x42,0xee,0x6b,0x77,0xce,0x39,0xe7,0x39,0xe7,0x39,0xe7,0x19,0xdf,0x19,0xdf,
    0x19,0xdf,0x19,0xdf,0x19,0xdf,0x19,0xdf,0x19,0xdf,0x19,0xdf,0x19,0xdf,0x19,0xdf,0x19,0xdf,0x19,0xdf,0x19,0xdf,0x19,0xdf,0x19,0xdf,0x19,0xdf,0x19,0xdf,0x19,0xdf,
    0x19,0xdf,0x19,0xdf,0x19,0xdf,0x19,0xdf,0x19,0xdf,0x19,0xdf,0x18,0xe7,0x17,0xef,0x17,0xef,0x36,0xf7,0x36,0xf7,0x36,0xf7,0x36,0xf7,0x36,0xf7,0x36,0xf7,0x36,0xf7,
    0x36,0xf7,0x36,0xf7,0x36,0xf7,0x76,0xff,0xf5,0xee,0x69,0x53,0x28,0x4b,0x08,0x43,0xe7,0x42,0xc7,0x3a,0xe7,0x3a,0xc7,0x3a,0x46,0x2a,0xe5,0x21,0xc5,0x19,0xc7,0x3a,
    0x27,0x43,0xe7,0x42,0x90,0xb5,0x16,0xf7,0x09,0x6c,0xa7,0x53,0xc8,0x5b,0xa8,0x5b,0x05,0x22,0x26,0x22,0x27,0x43,0x48,0x4b,0x53,0xd6,0x98,0xff,0x36,0xf7,0xf5,0xee,
    0xb5,0xe6,0x89,0x5b,0xc6,0x32,0xe6,0x3a,0xe6,0x3a,0xe6,0x3a,0x06,0x3b,0xe6,0x3a,0x2b,0x74,0xf5,0xee,0x36,0xf7,0x56,0xff,0x36,0xf7,0x16,0xf7,0x16,0xf7,0x16,0xf7,
    0x16,0xf7,0x36,0xf7,0x36,0xf7,0x37,0xf7,0x37,0xf7,0x17,0xef,0x68,0x3a,0x24,0x11,0x45,0x62,0x86,0x72,0xc6,0x82,0x47,0x9b,0x47,0x93,0xa6,0x19,0xa6,0x19,0xa6,0x19,
    0xa6,0x19,0xa6,0x19,0xa6,0x19,0xa6,0x19,0xa6,0x19,0xa6,0x19,0xa6,0x19,0xa6,0x19,0xa6,0x19,0xa6,0x19,0xa6,0x19,0xa6,0x19,0xa6,0x19,0xe7,0x19,0x08,0x1a,0x08,0x1a,
    0x08,0x1a,0x65,0x19,0xe1,0x30,0x67,0xe4,0xc5,0xe3,0x23,0xd3,0x03,0xcb,0x04,0xcb,0x46,0xe4,0xa8,0xf4,0xa8,0xec,0x87,0xec,0x87,0xec,0xe9,0xec,0x4f,0xee,0x04,0x52,
    0xc1,0x30,0xa1,0x28,0x83,0x41,0xed,0xed,0x8c,0xf5,0xab,0xcc,0xe2,0x40,0x2e,0xcc,0xa8,0x8a,0x66,0x72,0xcd,0xf5,0x8b,0xfd,0x47,0x8b,0x60,0x18,0xa1,0x20,0x02,0x29,
    0xad,0xdd,0x29,0xf5,0xa8,0xec,0x88,0xec,0xa8,0xec,0x87,0xf4,0xc4,0xaa,0xa2,0x28,0x69,0x22,0x8a,0x22,0x49,0x22,0xe7,0x19,0xe7,0x19,0x08,0x1a,0xe7,0x19,0xa6,0x19,
    0x85,0x19,0xa6,0x19,0xa6,0x19,0xa6,0x19,0xa6,0x19,0xa6,0x19,0xa6,0x19,0xa5,0x19,0x85,0x19,0x65,0x11,0x65,0x11,0xa5,0x21,0x06,0x8b,0x26,0x93,0x27,0x93,0xa6,0x7a,
    0x06,0x4a,0x25,0x01,0xd0,0x94,0x58,0xf7,0x17,0xef,0x37,0xef,0x17,0xef,0x17,0xef,0x17,0xef,0x37,0xef,0x17,0xef,0x17,0xef,0x17,0xef,0x37,0xef,0x37,0xef,0x37,0xef,
    0x17,0xef,0x17,0xef,0x17,0xef,0x17,0xef,0x17,0xef,0x79,0xf7,0xf4,0xc5,0x82,0x00,0x64,0x29,0x2c,0x9c,0x97,0xff,0xb8,0xff,0xb9,0xff,0xda,0xff,0xda,0xff,0xda,0xff,
    0xda,0xff,0xda,0xff,0xda,0xff,0xda,0xff,0xda,0xff,0xda,0xff,0xda,0xff,0xda,0xff,0xda,0xff,0xda,0xff,0xda,0xff,0xba,0xff,0x38,0xff,0xcc,0xd4,0xa8,0x5a,0x45,0x09,
    0x94,0xa5,0xd8,0xd6,0x77,0xc6,0x77,0xce,0x19,0xdf,0x19,0xdf,0x19,0xdf,0x19,0xdf,0x19,0xdf,0x19,0xdf,0x19,0xdf,0x19,0xdf,0x19,0xdf,0x19,0xdf,0x19,0xdf,0x19,0xdf,
    0x19,0xdf,0x19,0xdf,0x19,0xdf,0x19,0xdf,0x19,0xdf,0x19,0xdf,0x19,0xdf,0x19,0xdf,0x19,0xdf,0x19,0xdf,0x19,0xdf,0x19,0xdf,0x18,0xe7,0x17,0xef,0x37,0xef,0x36,0xf7,
    0x36,0xf7,0x36,0xf7,0x36,0xf7,0x56,0xff,0x56,0xff,0x56,0xff,0x56,0xff,0x56,0xff,0x56,0xff,0x57,0xff,0x57,0xff,0xf5,0xee,0xd4,0xe6,0xb4,0xe6,0x0e,0x95,0xa6,0x32,
    0xe7,0x3a,0x07,0x3b,0xe7,0x3a,0x46,0x2a,0xa5,0x19,0xe7,0x3a,0x27,0x43,0xe7,0x3a,0x90,0xad,0x56,0xff,0x93,0xde,0xb0,0xb5,0x87,0x53,0xa7,0x53,0x66,0x2a,0x65,0x2a,
    0xea,0x63,0xd5,0xe6,0x15,0xf7,0x36,0xf7,0xca,0x63,0x07,0x43,0x28,0x4b,0x27,0x43,0x27,0x43,0x07,0x43,0x67,0x4b,0xa7,0x53,0xa8,0x5b,0xc7,0x5b,0xe8,0x63,0x08,0x6c,
    0x0d,0x95,0xf1,0xbd,0x16,0xf7,0x36,0xf7,0x16,0xf7,0x16,0xf7,0x16,0xf7,0x36,0xf7,0x36,0xf7,0x37,0xf7,0x37,0xf7,0x17,0xef,0x68,0x3a,0x24,0x11,0x25,0x5a,0x86,0x72,
    0xc6,0x82,0x47,0x9b,0x47,0x93,0xa6,0x19,0xa6,0x11,0xa6,0x19,0xa6,0x19,0xa6,0x19,0xa6,0x19,0xa6,0x19,0xa6,0x19,0xa6,0x19,0xa6,0x19,0xa6,0x19,0xa6,0x19,0xa6,0x19,
    0xa6,0x19,0xa6,0x19,0xa6,0x19,0xa6,0x19,0xe7,0x19,0x08,0x1a,0x08,0x1a,0x45,0x11,0xa0,0x28,0x85,0xd3,0x04,0xd3,0xc3,0xca,0x64,0xd3,0xa8,0xec,0xa8,0xec,0xa8,0xec,
    0x87,0xec,0x44,0xd3,0x23,0xd3,0x84,0xdb,0x2a,0xf5,0xee,0xe5,0xef,0xe5,0x8d,0xdd,0xea,0xdc,0xc8,0xec,0xce,0xf5,0x0f,0xf6,0xaf,0xe5,0x84,0x69,0x89,0xa3,0x30,0xf6,
    0x30,0xfe,0x2a,0xf5,0xc9,0xe4,0x0b,0xd5,0xae,0xdd,0x8d,0xdd,0x6b,0xf5,0xa5,0xdb,0x23,0xd3,0x64,0xdb,0x88,0xec,0xc8,0xf4,0x05,0xa3,0xa1,0x20,0x28,0x22,0x29,0x1a,
    0x08,0x1a,0xe7,0x19,0xe8,0x19,0x29,0x1a,0xe7,0x19,0x85,0x19,0xa6,0x19,0xa6,0x19,0xa6,0x19,0xa6,0x19,0xa6,0x19,0xa6,0x19,0xa6,0x19,0xa6,0x19,0xa6,0x19,0x85,0x19,
    0x85,0x11,0xe6,0x21,0x27,0x93,0x47,0x9b,0x26,0x93,0xc6,0x82,0x26,0x52,0x25,0x01,0xd0,0x94,0x58,0xf7,0x17,0xef,0x17,0xef,0x17,0xef,0x17,0xef,0x17,0xef,0x37,0xef,
    0x17,0xef,0x17,0xef,0x17,0xef,0x37,0xef,0x17,0xef,0x38,0xef,0x37,0xef,0x37,0xef,0x17,0xef,0x38,0xef,0x38,0xef,0x8f,0x8c,0x0a,0x5b,0xc7,0x6a,0x8c,0xa4,0xd3,0xf6,
    0x14,0xf7,0x14,0xf7,0x15,0xf7,0x15,0xf7,0x15,0xf7,0xf5,0xf6,0xf6,0xf6,0xf6,0xf6,0xf6,0xf6,0xf6,0xf6,0x16,0xf7,0xf6,0xf6,0xf6,0xf6,0xf6,0xf6,0xf6,0xf6,0xf6,0xf6,
    0xf6,0xf6,0x53,0xe6,0x6f,0xdd,0xab,0xd4,0x87,0x5a,0x45,0x09,0x07,0x2a,0x47,0x32,0xa6,0x19,0x89,0x32,0x19,0xdf,0x3a,0xe7,0x19,0xdf,0x19,0xdf,0x19,0xdf,0x19,0xdf,
    0x19,0xdf,0x19,0xdf,0x19,0xdf,0x19,0xdf,0x19,0xdf,0x19,0xdf,0x19,0xdf,0x19,0xdf,0x19,0xdf,0x19,0xdf,0x19,0xdf,0x19,0xdf,0x19,0xdf,0x19,0xdf,0x19,0xdf,0x19,0xdf,
    0x19,0xdf,0x19,0xdf,0x18,0xe7,0x17,0xef,0x37,0xef,0x36,0xf7,0x36,0xf7,0x36,0xf7,0x36,0xf7,0xd0,0xbd,0x6f,0xa5,0x4e,0xa5,0x4e,0xa5,0x2e,0x9d,0x0e,0x9d,0x2e,0x9d,
    0x0e,0x9d,0xee,0x94,0x4f,0xa5,0x77,0xff,0x74,0xd6,0xee,0x94,0xa9,0x5b,0xc7,0x3a,0xe7,0x3a,0x86,0x32,0x05,0x22,0x66,0x2a,0xa6,0x32,0xe7,0x3a,0x90,0xad,0x57,0xff,
    0x57,0xff,0x93,0xd6,0x06,0x43,0xe5,0x21,0xad,0x8c,0xb0,0xb5,0xf1,0xbd,0x98,0xff,0x2f,0x9d,0xea,0x6b,0xe7,0x42,0xc6,0x3a,0xe7,0x3a,0x47,0x4b,0x47,0x43,0x07,0x43,
    0x87,0x53,0xc7,0x5b,0xc8,0x5b,0xc8,0x5b,0xc8,0x5b,0xc8,0x5b,0xc7,0x5b,0x6a,0x7c,0x15,0xf7,0x36,0xf7,0x16,0xf7,0x16,0xf7,0x16,0xf7,0x36,0xf7,0x36,0xf7,0x37,0xf7,
    0x37,0xf7,0x17,0xef,0x68,0x3a,0x24,0x11,0x25,0x5a,0x86,0x72,0xc6,0x8a,0x47,0x9b,0x47,0x93,0xa6,0x11,0xa6,0x11,0xa6,0x19,0xa6,0x19,0xa6,0x19,0xa6,0x19,0xa6,0x19,
    0xa6,0x19,0xa6,0x19,0xa6,0x19,0xa6,0x19,0xa6,0x19,0xa6,0x19,0xa6,0x19,0xa6,0x19,0xa6,0x19,0xa6,0x19,0xc6,0x19,0x86,0x19,0x65,0x19,0x03,0x11,0xa1,0x30,0xc3,0xca,
    0xc5,0xdb,0xe6,0xdb,0xc5,0xdb,0xc5,0xe3,0x88,0xec,0xa8,0xec,0x47,0xec,0x26,0xe4,0xa5,0xdb,0x23,0xd3,0x65,0xdb,0x88,0xec,0xc8,0xec,0xc9,0xf4,0x2a,0xf5,0x8c,0xf5,
    0xee,0xf5,0x30,0xfe,0x30,0xfe,0x02,0x51,0x48,0x9b,0x91,0xfe,0x30,0xfe,0xee,0xf5,0x4b,0xf5,0xa8,0xec,0x07,0xe4,0x06,0xdc,0x85,0xd3,0xe5,0xe3,0x26,0xe4,0x47,0xe4,
    0xa5,0xdb,0x47,0xec,0xe4,0xa2,0x81,0x20,0x49,0x22,0x29,0x22,0x08,0x1a,0xe7,0x19,0xe7,0x19,0x08,0x1a,0xe7,0x19,0xe7,0x19,0x08,0x1a,0xa6,0x19,0xa6,0x19,0xa6,0x19,
    0xa6,0x19,0xa6,0x19,0xa6,0x19,0xa6,0x19,0x85,0x19,0x85,0x19,0xa6,0x11,0xe7,0x21,0x07,0x8b,0x26,0x9b,0x26,0x93,0xc6,0x8a,0x26,0x52,0x25,0x01,0xd0,0x94,0x78,0xf7,
    0x17,0xef,0x37,0xef,0x17,0xef,0x17,0xef,0x17,0xef,0x17,0xef,0x17,0xef,0x17,0xef,0x37,0xef,0x17,0xef,0x37,0xef,0x37,0xef,0x37,0xef,0x37,0xef,0x17,0xef,0x38,0xef,
    0x38,0xef,0x68,0x42,0x03,0x11,0x0d,0xcd,0x71,0xf6,0x13,0xff,0xf3,0xf6,0xf4,0xf6,0xf5,0xf6,0xf5,0xf6,0xf5,0xf6,0xf5,0xf6,0xf5,0xf6,0xf5,0xf6,0xf5,0xee,0xf5,0xee,
    0xf5,0xf6,0xf5,0xf6,0xf5,0xf6,0xf6,0xf6,0xf6,0xf6,0xd6,0xf6,0xf6,0xf6,0x32,0xe6,0x4e,0xd5,0xcb,0xd4,0xa7,0x5a,0x45,0x09,0xab,0x73,0x6d,0x94,0xaf,0x94,0x2e,0x7c,
    0xca,0x4a,0x0e,0x74,0x39,0xdf,0x19,0xdf,0x19,0xdf,0x19,0xdf,0x19,0xdf,0x19,0xdf,0x19,0xdf,0x19,0xdf,0x19,0xdf,0x19,0xdf,0x19,0xdf,0x19,0xdf,0x19,0xdf,0x19,0xdf,
    0x19,0xdf,0x19,0xdf,0x19,0xdf,0x19,0xdf,0x19,0xdf,0x19,0xdf,0x19,0xdf,0x19,0xdf,0x18,0xe7,0x17,0xef,0x37,0xef,0x36,0xf7,0x36,0xf7,0xf5,0xf6,0xd5,0xe6,0x0a,0x6c,
    0x67,0x4b,0x67,0x4b,0x67,0x4b,0x47,0x4b,0xc6,0x3a,0xe6,0x3a,0xe6,0x3a,0xc6,0x32,0x28,0x4b,0x32,0xce,0x94,0xde,0x97,0xff,0x8d,0x8c,0xa6,0x32,0x07,0x43,0xc7,0x3a,
    0x66,0x22,0xe5,0x19,0x05,0x22,0xc7,0x3a,0x90,0xad,0x57,0xff,0x56,0xff,0x73,0xd6,0xa6,0x32,0x44,0x09,0xd2,0xc5,0x97,0xff,0x16,0xf7,0xb1,0xb5,0xaa,0x5b,0xa6,0x32,
    0x07,0x43,0xe7,0x3a,0xc7,0x3a,0x27,0x43,0x07,0x43,0xe7,0x3a,0x67,0x53,0x87,0x53,0xa7,0x5b,0xe8,0x5b,0xe8,0x5b,0xc8,0x5b,0x07,0x6c,0xeb,0x94,0x15,0xf7,0x36,0xf7,
    0x36,0xf7,0x36,0xf7,0x36,0xf7,0x36,0xf7,0x36,0xf7,0x37,0xf7,0x37,0xf7,0x17,0xef,0x68,0x3a,0x24,0x11,0x05,0x5a,0x86,0x72,0xc6,0x82,0x26,0x9b,0x47,0x93,0xa6,0x11,
    0xa6,0x11,0xa6,0x19,0xa6,0x19,0xa6,0x19,0xa6,0x19,0xa6,0x19,0xa6,0x19,0xa6,0x19,0xa6,0x19,0xa6,0x19,0xa6,0x19,0xa6,0x19,0xa6,0x19,0xa6,0x19,0x86,0x19,0x65,0x11,
    0x65,0x11,0x23,0x21,0xa0,0x30,0xc1,0x30,0xc1,0x38,0x21,0x69,0xe6,0xd3,0xe8,0xf4,0xa8,0xec,0x84,0xdb,0x06,0xe4,0xe6,0xe3,0xc5,0xe3,0x09,0xf5,0x88,0xec,0xc5,0xe3,
    0x64,0xd3,0xe5,0xe3,0x46,0xec,0xa8,0xec,0x6c,0xf5,0x30,0xfe,0x30,0xfe,0xcf,0xed,0xac,0xc4,0x05,0x72,0x27,0x93,0x4d,0xdd,0x30,0xfe,0x30,0xfe,0xce,0xfd,0xe9,0xec,
    0xc5,0xdb,0x64,0xdb,0x85,0xdb,0x67,0xec,0xc9,0xf4,0xa9,0xec,0x84,0xdb,0x47,0xec,0x46,0xab,0x43,0x39,0x29,0x22,0x08,0x1a,0xe7,0x19,0xe7,0x19,0xc7,0x19,0xe7,0x19,
    0xe7,0x19,0xe7,0x19,0xc6,0x19,0xa6,0x19,0xa6,0x19,0xa6,0x19,0xa6,0x19,0xa6,0x19,0xa6,0x19,0x85,0x19,0x85,0x11,0x85,0x11,0xa6,0x11,0xe6,0x21,0x06,0x8b,0x26,0x93,
    0x26,0x93,0xc6,0x8a,0x26,0x52,0x25,0x01,0xd0,0x94,0x78,0xf7,0x37,0xef,0x37,0xef,0x17,0xef,0x17,0xef,0x37,0xef,0x37,0xef,0x37,0xef,0x37,0xef,0x37,0xef,0x17,0xef,
    0x37,0xef,0x37,0xef,0x17,0xef,0x38,0xef,0x37,0xef,0x38,0xef,0x38,0xef,0x89,0x42,0x23,0x11,0xed,0xc4,0x72,0xf6,0xf4,0xfe,0xf4,0xf6,0xf4,0xf6,0xf5,0xf6,0xf5,0xf6,
    0x15,0xf7,0xf5,0xf6,0xf5,0xee,0xf5,0xee,0xf5,0xee,0xf5,0xee,0xf5,0xf6,0xf5,0xf6,0xf6,0xf6,0xf6,0xf6,0xf6,0xf6,0xd6,0xf6,0xf6,0xf6,0x32,0xe6,0x4e,0xd5,0xcb,0xd4,
    0x87,0x5a,0xe4,0x00,0x2f,0xbd,0x72,0xfe,0x78,0xff,0x35,0xce,0xe4,0x00,0x69,0x32,0xf9,0xde,0x19,0xdf,0x19,0xdf,0x19,0xdf,0x19,0xdf,0x19,0xdf,0x19,0xdf,0x19,0xdf,
    0x19,0xdf,0x19,0xdf,0x19,0xdf,0x19,0xdf,0x19,0xdf,0x19,0xdf,0x19,0xdf,0x19,0xdf,0x19,0xdf,0x19,0xdf,0x19,0xdf,0x19,0xdf,0x19,0xdf,0x19,0xdf,0x18,0xe7,0x17,0xef,
    0x37,0xef,0x36,0xf7,0x57,0xff,0x4e,0xa5,0x88,0x5b,0xc8,0x5b,0xc8,0x5b,0xc8,0x5b,0xc8,0x5b,0xc8,0x5b,0xa8,0x5b,0x67,0x4b,0x07,0x43,0x27,0x43,0x07,0x43,0xc7,0x3a,
    0x08,0x43,0x90,0xad,0x53,0xce,0xb5,0xde,0x94,0xde,0x53,0xce,0xd1,0xbd,0x47,0x32,0xc5,0x21,0xb1,0xbd,0xf5,0xee,0x36,0xff,0x94,0xde,0x90,0xad,0xa6,0x3a,0x84,0x19,
    0xd1,0xbd,0x36,0xf7,0xb1,0xb5,0xa6,0x32,0xc7,0x3a,0xe7,0x42,0xa7,0x3a,0x46,0x2a,0xe5,0x19,0xc5,0x19,0xc5,0x19,0xc5,0x19,0xc5,0x19,0x05,0x22,0xa6,0x32,0x67,0x4b,
    0x87,0x53,0xc8,0x5b,0xc7,0x5b,0xe8,0x63,0x4a,0x74,0x73,0xd6,0x56,0xff,0x36,0xf7,0x36,0xf7,0x36,0xf7,0x37,0xf7,0x37,0xf7,0x37,0xf7,0x17,0xef,0x68,0x3a,0x24,0x11,
    0x25,0x5a,0x66,0x72,0xc6,0x82,0x26,0x9b,0x06,0x8b,0x65,0x09,0x65,0x09,0x86,0x09,0x86,0x11,0x86,0x11,0x86,0x11,0x86,0x11,0x86,0x11,0x86,0x11,0x85,0x11,0x85,0x11,
    0x86,0x11,0x86,0x11,0x86,0x11,0xa6,0x11,0x85,0x19,0x81,0x18,0x40,0x08,0x41,0x51,0x03,0xcb,0x04,0xcb,0xa3,0xa2,0x20,0x10,0x04,0xb3,0xe9,0xf4,0x6b,0xfd,0x0a,0xf5,
    0x44,0xd3,0xe3,0xca,0x44,0xd3,0xa8,0xec,0xc8,0xf4,0xc8,0xf4,0xc8,0xf4,0xa8,0xf4,0xad,0xf5,0x50,0xfe,0x30,0xfe,0x30,0xfe,0x50,0xfe,0x8c,0xc4,0xc1,0x50,0xae,0xed,
    0x68,0xa3,0x83,0x69,0x0f,0xf6,0x0f,0xfe,0x0f,0xfe,0x2f,0xfe,0x0e,0xfe,0xe9,0xf4,0xc8,0xf4,0xc8,0xf4,0x46,0xe4,0x43,0xd3,0x09,0xf5,0x47,0xec,0x84,0x92,0x03,0x21,
    0xa6,0x11,0xa7,0x11,0xe7,0x11,0xa7,0x11,0xa6,0x11,0xa6,0x11,0x86,0x11,0x86,0x11,0x65,0x11,0x85,0x11,0x85,0x11,0x86,0x11,0x86,0x11,0x85,0x11,0x65,0x09,0x85,0x11,
    0x85,0x11,0x65,0x09,0x65,0x09,0x85,0x19,0x06,0x8b,0x26,0x93,0x06,0x8b,0xc6,0x8a,0x26,0x52,0x25,0x01,0xd0,0x94,0x78,0xf7,0x37,0xef,0x37,0xef,0x17,0xef,0x17,0xef,
    0x17,0xef,0x37,0xef,0x37,0xef,0x37,0xef,0x17,0xef,0x17,0xef,0x37,0xef,0x37,0xef,0x37,0xef,0x17,0xef,0x18,0xef,0x38,0xef,0x38,0xef,0xa9,0x4a,0x23,0x11,0xed,0xc4,
    0x72,0xf6,0x14,0xff,0xf4,0xf6,0xf4,0xf6,0xd4,0xee,0xb4,0xe6,0xd4,0xe6,0xf5,0xee,0xf5,0xf6,0xf5,0xee,0xf5,0xee,0xf5,0xf6,0x16,0xf7,0x4f,0x9d,0x4b,0x6c,0x4b,0x74,
    0x53,0xd6,0xf6,0xf6,0xf6,0xf6,0x32,0xe6,0x4e,0xd5,0xcb,0xd4,0x67,0x5a,0x04,0x01,0x07,0x32,0x68,0x42,0x30,0xbd,0x95,0xee,0xd4,0xc5,0xb0,0x94,0xc7,0x21,0xd1,0x8c,
    0x5a,0xe7,0x19,0xdf,0x19,0xdf,0x19,0xdf,0x19,0xdf,0x19,0xdf,0x19,0xdf,0x19,0xdf,0x19,0xdf,0x19,0xdf,0x19,0xdf,0x19,0xdf,0x19,0xdf,0x19,0xdf,0x19,0xdf,0x19,0xdf,
    0x19,0xdf,0x19,0xdf,0x19,0xdf,0x19,0xdf,0x18,0xe7,0x17,0xef,0x37,0xf7,0x16,0xf7,0x15,0xef,0xed,0x8c,0x47,0x4b,0xc8,0x5b,0xc8,0x5b,0xc8,0x5b,0xc8,0x5b,0xc8,0x5b,
    0xc8,0x5b,0x87,0x53,0x07,0x43,0x07,0x43,0x07,0x43,0xe7,0x3a,0xc7,0x3a,0x86,0x2a,0x0f,0x9d,0x15,0xef,0x36,0xff,0x56,0xff,0x36,0xf7,0xc8,0x42,0x05,0x22,0xb5,0xe6,
    0x77,0xff,0x57,0xff,0xac,0x8c,0xe6,0x3a,0xe7,0x42,0xe9,0x6b,0x94,0xde,0x12,0xc6,0xc6,0x3a,0xe7,0x3a,0xa7,0x3a,0x66,0x32,0xc5,0x19,0xc5,0x19,0xe5,0x21,0xe5,0x21,
    0xe5,0x21,0xc5,0x21,0xc5,0x19,0xc5,0x19,0xe5,0x21,0xc5,0x19,0x46,0x2a,0xa7,0x5b,0xc8,0x5b,0xc8,0x5b,0x87,0x53,0x11,0xc6,0x56,0xff,0x36,0xf7,0x36,0xf7,0x36,0xf7,
    0x37,0xf7,0x37,0xf7,0x37,0xf7,0x17,0xef,0x68,0x3a,0x24,0x11,0x05,0x5a,0x66,0x72,0xe6,0x82,0x27,0x93,0x67,0x9b,0x07,0x73,0x07,0x73,0x27,0x73,0x27,0x7b,0x27,0x7b,
    0x27,0x7b,0x27,0x7b,0x27,0x7b,0x27,0x7b,0x27,0x7b,0x27,0x7b,0x27,0x7b,0x27,0x7b,0x47,0x7b,0x05,0x52,0xe2,0x28,0x45,0xab,0x65,0xab,0xc3,0xb2,0x23,0xd3,0x85,0xdb,
    0xc5,0xd3,0x43,0x92,0x82,0x61,0x25,0xb3,0x88,0xf4,0x09,0xf5,0x4b,0xf5,0xc9,0xec,0x46,0xe4,0xa8,0xec,0xa7,0xec,0xa8,0xec,0x2a,0xf5,0xad,0xf5,0x0f,0xfe,0x30,0xfe,
    0x30,0xfe,0x30,0xfe,0x86,0x8a,0x86,0x8a,0x2d,0xdd,0x0f,0xf6,0x8d,0xed,0x4a,0xbc,0xc3,0x71,0x4d,0xe5,0x2f,0xfe,0x2f,0xfe,0x0f,0xfe,0xad,0xf5,0xa7,0xec,0x87,0xec,
    0x09,0xf5,0x8c,0xf5,0x8a,0xfd,0xa5,0x92,0xa3,0x61,0x27,0x8b,0x47,0x83,0x27,0x83,0x48,0x83,0x48,0x83,0x48,0x83,0x48,0x83,0x27,0x7b,0x47,0x83,0x47,0x83,0x47,0x83,
    0x48,0x83,0x48,0x83,0x68,0x83,0x68,0x83,0x48,0x83,0x48,0x83,0x48,0x7b,0x48,0x7b,0x27,0x7b,0x27,0x83,0x67,0x9b,0x27,0x93,0xe6,0x8a,0xc6,0x82,0x26,0x4a,0x25,0x01,
    0xd0,0x94,0x78,0xf7,0x37,0xef,0x37,0xef,0x37,0xef,0x17,0xef,0x37,0xef,0x17,0xef,0x17,0xef,0x17,0xef,0x37,0xef,0x37,0xef,0x37,0xef,0x37,0xef,0x37,0xef,0x37,0xef,
    0x17,0xef,0x38,0xef,0x38,0xef,0xa9,0x4a,0x23,0x11,0xed,0xc4,0x71,0xf6,0x14,0xff,0xf4,0xf6,0x15,0xff,0xcc,0x8c,0xe9,0x5b,0x29,0x6c,0xd0,0xbd,0xf5,0xf6,0xf6,0xf6,
    0xf6,0xf6,0xd5,0xee,0xcd,0x8c,0x29,0x64,0x87,0x4b,0x67,0x43,0xf2,0xc5,0xf6,0xf6,0xf6,0xf6,0x32,0xe6,0x4e,0xd5,0xcb,0xd4,0x87,0x5a,0x45,0x09,0x48,0x32,0x28,0x2a,
    0x8a,0x83,0x2f,0xbd,0x99,0xff,0xb3,0xbd,0xa3,0x00,0x2f,0x7c,0x5a,0xe7,0x19,0xdf,0x19,0xdf,0x19,0xdf,0x19,0xdf,0x19,0xdf,0x19,0xdf,0x19,0xdf,0x19,0xdf,0x19,0xdf,
    0x19,0xdf,0x19,0xdf,0x19,0xdf,0x19,0xdf,0x19,0xdf,0x19,0xdf,0x19,0xdf,0x19,0xdf,0x19,0xdf,0x19,0xdf,0x18,0xe7,0x37,0xef,0x57,0xf7,0xf1,0xbd,0xa8,0x5b,0xe8,0x5b,
    0xc8,0x5b,0xc8,0x5b,0xc8,0x5b,0xc8,0x5b,0xc8,0x5b,0xc8,0x5b,0xc8,0x5b,0x47,0x43,0x27,0x43,0x07,0x43,0x07,0x43,0x07,0x43,0x27,0x43,0x07,0x43,0x07,0x43,0xa9,0x63,
    0x15,0xf7,0x56,0xff,0x37,0xf7,0x89,0x53,0x66,0x2a,0x0a,0x74,0xb0,0xb5,0x56,0xff,0x2c,0x9d,0x46,0x4b,0xe8,0x4a,0x15,0xf7,0x57,0xff,0x33,0xce,0x07,0x3b,0x86,0x32,
    0xe5,0x21,0xa5,0x19,0xc5,0x19,0x46,0x2a,0xc7,0x3a,0xc7,0x3a,0xe7,0x42,0x07,0x43,0xe7,0x42,0x27,0x43,0x67,0x53,0x66,0x2a,0x66,0x2a,0xa6,0x32,0x67,0x53,0xe8,0x5b,
    0xa7,0x5b,0x11,0xc6,0x56,0xff,0x36,0xf7,0x36,0xf7,0x36,0xf7,0x37,0xf7,0x37,0xf7,0x37,0xf7,0x17,0xef,0x68,0x3a,0x24,0x11,0x25,0x5a,0x66,0x72,0xe6,0x82,0x06,0x93,
    0x67,0x9b,0xc8,0xb3,0xe8,0xb3,0x08,0xbc,0x08,0xbc,0xe8,0xbb,0xe8,0xbb,0x08,0xbc,0x08,0xbc,0x08,0xbc,0x08,0xbc,0x08,0xbc,0xe8,0xbb,0xe8,0xbb,0x06,0x93,0x03,0x7a,
    0xc2,0x79,0xa7,0xf4,0xc8,0xf4,0x64,0xdb,0xe3,0xca,0xc5,0xdb,0xa8,0xec,0xe6,0xe3,0x82,0x71,0x82,0x69,0x83,0x9a,0x67,0xec,0x8c,0xfd,0xcd,0xfd,0x6b,0xf5,0x2a,0xf5,
    0x2a,0xf5,0x4b,0xf5,0xad,0xf5,0x2f,0xfe,0x30,0xfe,0x30,0xfe,0x2f,0xfe,0x2f,0xfe,0x6b,0xc4,0x8b,0xc4,0x2f,0xfe,0x0f,0xfe,0x2f,0xfe,0xee,0xf5,0x4a,0xbc,0xce,0xed,
    0x2f,0xfe,0x0f,0xfe,0x0f,0xfe,0x0e,0xfe,0x6b,0xf5,0x6c,0xf5,0xac,0xfd,0xcd,0xfd,0xc8,0xbb,0xc3,0x61,0x04,0x6a,0x08,0xbc,0x08,0xc4,0x08,0xbc,0xe8,0xbb,0xe8,0xbb,
    0x08,0xbc,0x08,0xbc,0x08,0xbc,0x08,0xbc,0x08,0xbc,0x08,0xbc,0x08,0xbc,0x08,0xbc,0x08,0xbc,0x08,0xbc,0x08,0xbc,0x08,0xb4,0xe8,0xb3,0xe8,0xb3,0xe8,0xb3,0xc8,0xb3,
    0x87,0xa3,0x07,0x8b,0xc6,0x82,0xc6,0x82,0x26,0x4a,0x25,0x01,0xd0,0x94,0x78,0xf7,0x37,0xef,0x37,0xef,0x37,0xef,0x37,0xef,0x37,0xef,0x17,0xef,0x17,0xef,0x17,0xef,
    0x37,0xef,0x37,0xef,0x37,0xef,0x37,0xef,0x37,0xef,0x17,0xef,0x17,0xef,0x38,0xef,0x38,0xef,0xa9,0x42,0x23,0x11,0xed,0xc4,0x72,0xee,0xf4,0xfe,0xf4,0xf6,0x15,0xf7,
    0x6b,0x74,0x87,0x43,0xa8,0x53,0x28,0x64,0x8f,0xad,0xf5,0xf6,0xb4,0xe6,0x0d,0x95,0xe8,0x5b,0xc8,0x53,0x88,0x4b,0xa8,0x4b,0x12,0xce,0xf6,0xf6,0xf6,0xf6,0x32,0xe6,
    0x4e,0xd5,0xcb,0xd4,0x67,0x52,0x28,0x2a,0xf8,0xde,0x19,0xdf,0xac,0x7b,0x6a,0x73,0x79,0xff,0xb3,0xbd,0xc3,0x00,0x4f,0x7c,0x5a,0xe7,0x19,0xdf,0x19,0xdf,0x19,0xdf,
    0x19,0xdf,0x19,0xdf,0x19,0xdf,0x19,0xdf,0x19,0xdf,0x19,0xdf,0x19,0xdf,0x19,0xdf,0x19,0xdf,0x19,0xdf,0x19,0xdf,0x19,0xdf,0x19,0xdf,0x19,0xdf,0x19,0xdf,0x19,0xdf,
    0x18,0xe7,0x37,0xef,0x57,0xf7,0xd1,0xbd,0x67,0x4b,0xa7,0x5b,0xc8,0x5b,0xc8,0x5b,0xe8,0x5b,0xe8,0x5b,0xe8,0x5b,0x67,0x53,0x66,0x32,0x46,0x2a,0x46,0x2a,0x66,0x2a,
    0x46,0x2a,0x25,0x2a,0x66,0x32,0x07,0x43,0x07,0x3b,0xa9,0x5b,0x94,0xd6,0xd5,0xe6,0x36,0xf7,0x0b,0x74,0xc7,0x42,0x04,0x22,0xad,0x8c,0x98,0xff,0x4d,0xa5,0x66,0x53,
    0x08,0x4b,0x36,0xf7,0xf5,0xee,0xb1,0xb5,0xc7,0x3a,0xc5,0x19,0x05,0x22,0x46,0x2a,0x86,0x32,0xc7,0x3a,0x07,0x43,0x07,0x43,0x07,0x43,0x27,0x43,0x27,0x43,0x27,0x43,
    0x47,0x4b,0xc7,0x3a,0x86,0x32,0x05,0x22,0x27,0x4b,0xe8,0x5b,0xa7,0x5b,0xd0,0xbd,0x15,0xef,0x36,0xf7,0x36,0xf7,0x36,0xf7,0x37,0xf7,0x37,0xf7,0x37,0xf7,0x17,0xef,
    0x68,0x3a,0x24,0x11,0x45,0x62,0xa6,0x7a,0x06,0x8b,0x07,0x8b,0x06,0x8b,0xe6,0x8a,0xe6,0x8a,0x06,0x8b,0x06,0x8b,0x06,0x93,0x26,0x93,0x06,0x93,0x06,0x8b,0x06,0x8b,
    0x06,0x8b,0x06,0x8b,0xe6,0x8a,0xa5,0x7a,0xa1,0x38,0x81,0x71,0xc5,0xe3,0x87,0xec,0x87,0xec,0x64,0xd3,0x03,0xd3,0xe6,0xe3,0xa8,0xec,0x47,0xec,0x04,0xcb,0x21,0x61,
    0xa0,0x40,0x04,0xb3,0x89,0xe4,0x6b,0xf5,0xed,0xfd,0x2f,0xfe,0x2f,0xfe,0x2f,0xfe,0x30,0xfe,0x30,0xfe,0x0f,0xfe,0x2f,0xfe,0x2f,0xfe,0x2f,0xfe,0x50,0xfe,0x4f,0xfe,
    0x0f,0xfe,0x0f,0xfe,0x0f,0xfe,0x2f,0xfe,0x50,0xfe,0x2f,0xfe,0x2f,0xfe,0x0f,0xfe,0x2f,0xfe,0x2f,0xfe,0x50,0xfe,0xee,0xfd,0x4b,0xed,0x29,0xcc,0x22,0x51,0x04,0x6a,
    0x26,0x9b,0x06,0x93,0x06,0x93,0x26,0x93,0x26,0x93,0x26,0x93,0x26,0x93,0x26,0x93,0x26,0x93,0x06,0x93,0x06,0x93,0x06,0x93,0x06,0x8b,0x06,0x8b,0x06,0x8b,0x06,0x8b,
    0x06,0x8b,0x06,0x8b,0x06,0x8b,0x06,0x8b,0x06,0x8b,0x06,0x8b,0x06,0x8b,0xa6,0x7a,0xa6,0x72,0xc6,0x82,0x26,0x4a,0x25,0x01,0xd0,0x94,0x78,0xf7,0x37,0xef,0x17,0xef,
    0x37,0xef,0x37,0xef,0x17,0xef,0x17,0xef,0x17,0xef,0x17,0xef,0x37,0xef,0x37,0xef,0x37,0xef,0x37,0xef,0x37,0xef,0x17,0xef,0x17,0xef,0x38,0xef,0x38,0xef,0xa9,0x42,
    0x23,0x11,0xed,0xc4,0x72,0xee,0x14,0xff,0xf5,0xf6,0x15,0xf7,0x6b,0x74,0xa8,0x4b,0x88,0x43,0xc8,0x53,0x08,0x5c,0xf1,0xc5,0x94,0xde,0xe8,0x5b,0xe8,0x5b,0x88,0x43,
    0xc8,0x4b,0x88,0x43,0x12,0xc6,0xf6,0xf6,0xf6,0xf6,0x33,0xe6,0x4f,0xd5,0xcb,0xd4,0x67,0x52,0x28,0x2a,0xf8,0xde,0x39,0xdf,0xac,0x7b,0x6a,0x73,0x79,0xff,0xb3,0xbd,
    0xc3,0x00,0x4f,0x7c,0x5a,0xe7,0x19,0xdf,0x19,0xdf,0x19,0xdf,0x19,0xdf,0x19,0xdf,0x19,0xdf,0x19,0xdf,0x19,0xdf,0x19,0xdf,0x19,0xdf,0x19,0xdf,0x19,0xdf,0x19,0xdf,
    0x19,0xdf,0x19,0xdf,0x19,0xdf,0x19,0xdf,0x19,0xdf,0x19,0xdf,0x18,0xe7,0x17,0xef,0x57,0xf7,0x11,0xc6,0xe7,0x63,0xe8,0x63,0xc8,0x5b,0xc8,0x5b,0xc8,0x5b,0xc8,0x5b,
    0xe7,0x3a,0x46,0x2a,0xc5,0x19,0xe5,0x21,0xe5,0x21,0xe5,0x21,0xc5,0x19,0xa4,0x19,0xe5,0x21,0x26,0x2a,0xc7,0x3a,0x27,0x43,0x07,0x43,0x4c,0x7c,0x36,0xff,0x36,0xff,
    0x50,0xad,0x23,0x01,0x2c,0x7c,0x97,0xff,0x0c,0x95,0x46,0x4b,0x69,0x5b,0x36,0xf7,0x09,0x4b,0xa5,0x19,0x84,0x19,0x26,0x2a,0xe7,0x3a,0x07,0x3b,0x07,0x43,0x27,0x43,
    0x07,0x43,0x07,0x43,0x07,0x43,0x07,0x43,0x07,0x43,0x27,0x43,0x27,0x43,0x47,0x4b,0x27,0x4b,0x07,0x43,0xa6,0x32,0xe6,0x3a,0xc8,0x5b,0xe8,0x63,0x29,0x6c,0xb4,0xe6,
    0x37,0xf7,0x36,0xf7,0x37,0xf7,0x37,0xef,0x37,0xf7,0x17,0xef,0x68,0x3a,0x24,0x11,0x65,0x6a,0xa6,0x7a,0xa6,0x7a,0xc6,0x82,0xe6,0x8a,0xe6,0x8a,0x07,0x93,0x07,0x93,
    0x06,0x93,0x06,0x93,0x06,0x93,0x06,0x93,0x06,0x93,0x06,0x8b,0xe6,0x8a,0xe6,0x82,0xe4,0x59,0x60,0x20,0x83,0xaa,0x64,0xd3,0x46,0xec,0xa8,0xec,0xa8,0xec,0x84,0xdb,
    0x03,0xd3,0xc5,0xdb,0xa8,0xec,0x88,0xec,0xa8,0xec,0x65,0xd3,0x22,0xa2,0xa0,0x38,0x84,0x92,0x86,0xbb,0xe7,0xc3,0x8c,0xf5,0xee,0xfd,0x2f,0xfe,0x2f,0xfe,0x2f,0xfe,
    0x0f,0xfe,0x0f,0xfe,0x0f,0xfe,0x0f,0xfe,0x0f,0xfe,0x2f,0xfe,0x0f,0xfe,0x0f,0xfe,0x0f,0xfe,0x0f,0xfe,0x2f,0xfe,0x2f,0xfe,0x2f,0xfe,0x0f,0xfe,0xee,0xfd,0xad,0xf5,
    0x6c,0xf5,0x66,0xb3,0x03,0x82,0xe1,0x48,0xa3,0x59,0x85,0x7a,0xe6,0x8a,0xe6,0x82,0xe6,0x8a,0xe6,0x8a,0x06,0x8b,0x06,0x93,0x27,0x93,0x26,0x93,0x26,0x93,0x06,0x93,
    0x06,0x8b,0xe6,0x8a,0xe6,0x82,0xe6,0x82,0xe6,0x82,0x06,0x8b,0x06,0x8b,0x06,0x93,0x06,0x8b,0xe6,0x8a,0xc6,0x82,0xc6,0x82,0xc6,0x82,0xc6,0x82,0xc6,0x7a,0xc6,0x82,
    0x26,0x4a,0x25,0x01,0xd0,0x94,0x78,0xf7,0x37,0xef,0x37,0xef,0x17,0xef,0x17,0xef,0x17,0xef,0x17,0xef,0x17,0xef,0x37,0xef,0x37,0xef,0x37,0xef,0x37,0xef,0x37,0xef,
    0x37,0xef,0x37,0xef,0x17,0xef,0x38,0xef,0x38,0xef,0xa9,0x4a,0x24,0x19,0xed,0xc4,0x72,0xee,0x14,0xff,0xf5,0xf6,0x16,0xf7,0xcd,0x84,0xa8,0x4b,0x88,0x4b,0x48,0x43,
    0x47,0x43,0xb0,0xb5,0x74,0xd6,0x09,0x5c,0x68,0x43,0x88,0x4b,0xa8,0x53,0x68,0x43,0x13,0xc6,0xf6,0xf6,0xf6,0xf6,0x33,0xe6,0x4f,0xd5,0xcc,0xd4,0x87,0x5a,0x08,0x2a,
    0xf8,0xde,0x19,0xdf,0xac,0x7b,0x6a,0x73,0x79,0xff,0xb3,0xbd,0xc3,0x00,0x4f,0x7c,0x5a,0xe7,0x19,0xdf,0x19,0xdf,0x19,0xdf,0x19,0xdf,0x19,0xdf,0x19,0xdf,0x19,0xdf,
    0x19,0xdf,0x19,0xdf,0x19,0xdf,0x19,0xdf,0x19,0xdf,0x19,0xdf,0x19,0xdf,0x19,0xdf,0x19,0xdf,0x19,0xdf,0x19,0xdf,0x19,0xdf,0x18,0xe7,0x17,0xef,0xf6,0xee,0xb0,0xb5,
    0x07,0x64,0xe8,0x63,0xc8,0x5b,0xc8,0x5b,0x87,0x53,0xa6,0x3a,0xe5,0x21,0xc5,0x19,0xa6,0x32,0x87,0x53,0x87,0x53,0x87,0x53,0x67,0x53,0xc6,0x3a,0x66,0x2a,0xc5,0x19,
    0x66,0x32,0x07,0x43,0xe7,0x3a,0x4b,0x74,0x56,0xff,0x77,0xff,0x71,0xb5,0xe2,0x00,0xeb,0x7b,0x56,0xff,0x2a,0x74,0xe6,0x3a,0x89,0x5b,0x95,0xd6,0x87,0x3a,0x84,0x11,
    0x84,0x19,0xa7,0x3a,0x48,0x4b,0x48,0x4b,0x27,0x43,0x07,0x43,0x07,0x43,0x07,0x43,0x27,0x43,0x27,0x43,0x07,0x43,0x27,0x43,0x27,0x43,0x27,0x43,0x47,0x43,0x47,0x4b,
    0x66,0x2a,0x25,0x2a,0xc8,0x5b,0xe8,0x5b,0xe8,0x63,0xb4,0xde,0x37,0xf7,0x37,0xf7,0x37,0xf7,0x37,0xf7,0x37,0xf7,0x17,0xef,0x68,0x3a,0x44,0x11,0xe5,0x39,0xe6,0x39,
    0xc6,0x31,0xe6,0x39,0x06,0x42,0x26,0x42,0x26,0x42,0x26,0x42,0x26,0x42,0x26,0x4a,0x26,0x4a,0x26,0x4a,0x46,0x4a,0x26,0x4a,0x26,0x42,0x63,0x41,0xa3,0x61,0xc4,0xa2,
    0x24,0xcb,0x44,0xd3,0xe5,0xe3,0xa8,0xec,0xa8,0xec,0x06,0xe4,0x44,0xd3,0x85,0xdb,0x47,0xec,0xa8,0xec,0xc8,0xf4,0x47,0xe4,0x85,0xd3,0x04,0xbb,0x21,0x59,0xa0,0x40,
    0x82,0x69,0x49,0xd4,0xeb,0xdc,0x6c,0xe5,0xad,0xed,0xee,0xf5,0xee,0xf5,0xee,0xf5,0xce,0xf5,0xee,0xf5,0xee,0xf5,0xce,0xf5,0xce,0xf5,0xee,0xf5,0xee,0xf5,0xee,0xf5,
    0xee,0xf5,0xee,0xf5,0xce,0xf5,0x8d,0xf5,0xea,0xe4,0x69,0xdc,0x86,0xcb,0xe1,0x48,0x41,0x61,0xc3,0xba,0x80,0x28,0x64,0x31,0x26,0x42,0x06,0x42,0x26,0x42,0x06,0x42,
    0x06,0x42,0x26,0x42,0x26,0x42,0x26,0x42,0x06,0x42,0x06,0x42,0x06,0x42,0x06,0x42,0x06,0x3a,0x06,0x3a,0x06,0x3a,0x06,0x3a,0x06,0x3a,0x06,0x42,0x06,0x42,0x06,0x3a,
    0xe6,0x39,0xe6,0x39,0x06,0x3a,0x06,0x3a,0x06,0x3a,0xe5,0x39,0x85,0x21,0x25,0x09,0xd0,0x94,0x78,0xf7,0x37,0xef,0x37,0xef,0x17,0xef,0x17,0xef,0x17,0xef,0x17,0xef,
    0x17,0xef,0x17,0xef,0x17,0xef,0x37,0xef,0x37,0xef,0x37,0xef,0x17,0xef,0x37,0xef,0x37,0xef,0x38,0xef,0x38,0xef,0xa9,0x4a,0x44,0x19,0xed,0xc4,0x72,0xee,0x15,0xf7,
    0xf5,0xf6,0xf6,0xf6,0xb5,0xe6,0xea,0x63,0x68,0x4b,0xc8,0x53,0x68,0x43,0x09,0x5c,0x2a,0x64,0x48,0x43,0xa8,0x4b,0xc8,0x53,0x68,0x43,0x33,0xce,0xd6,0xee,0xd6,0xee,
    0xf6,0xf6,0x33,0xe6,0x6f,0xd5,0xec,0xd4,0x87,0x5a,0x08,0x2a,0x19,0xdf,0x5a,0xef,0xcc,0x7b,0x6a,0x73,0x79,0xff,0xb3,0xbd,0xe3,0x00,0x4f,0x7c,0x5a,0xe7,0x19,0xdf,
    0x19,0xdf,0x19,0xdf,0x19,0xdf,0x19,0xdf,0x19,0xdf,0x19,0xdf,0x19,0xdf,0x19,0xdf,0x19,0xdf,0x19,0xdf,0x19,0xdf,0x19,0xdf,0x19,0xdf,0x19,0xdf,0x19,0xdf,0x19,0xdf,
    0x19,0xdf,0x19,0xe7,0x18,0xef,0x38,0xef,0x2e,0x9d,0xc8,0x63,0xc8,0x5b,0xc8,0x5b,0xc8,0x5b,0xa7,0x53,0xe7,0x3a,0xc5,0x19,0xa6,0x32,0xc6,0x3a,0x67,0x4b,0xe8,0x63,
    0xc8,0x5b,0xc8,0x5b,0xc8,0x5b,0x87,0x4b,0x47,0x4b,0xe7,0x3a,0x86,0x32,0x46,0x2a,0xa6,0x32,0xea,0x6b,0x56,0xff,0x77,0xff,0x50,0xad,0xc2,0x00,0xeb,0x7b,0x77,0xff,
    0x89,0x53,0x07,0x3b,0x27,0x4b,0x06,0x2a,0x63,0x11,0xa8,0x42,0x94,0xde,0xf5,0xe6,0xf5,0xee,0xd5,0xee,0xea,0x63,0x07,0x43,0x27,0x43,0x07,0x43,0x07,0x3b,0x07,0x3b,
    0x07,0x3b,0xe6,0x3a,0x07,0x43,0x47,0x43,0x47,0x43,0x47,0x4b,0x07,0x43,0x07,0x43,0xa8,0x5b,0xc8,0x5b,0x08,0x64,0xb4,0xde,0x37,0xf7,0x37,0xf7,0x37,0xf7,0x37,0xef,
    0x37,0xf7,0x17,0xef,0x88,0x42,0x44,0x11,0x86,0x11,0xa6,0x11,0xa6,0x11,0xa6,0x11,0xa6,0x11,0x86,0x11,0x86,0x11,0x86,0x11,0xa6,0x11,0xa6,0x11,0xa6,0x11,0x86,0x11,
    0x86,0x11,0x86,0x11,0x66,0x11,0xc2,0x28,0xe2,0x81,0x46,0xf4,0x44,0xd3,0x23,0xd3,0x84,0xdb,0xc8,0xf4,0xa8,0xec,0x88,0xec,0x84,0xd3,0x23,0xd3,0x64,0xd3,0xa8,0xec,
    0xa8,0xec,0x87,0xec,0x67,0xec,0xc6,0xdb,0x04,0xc3,0xc3,0xc2,0x63,0xaa,0xe1,0x50,0xe1,0x50,0x21,0x61,0x22,0xa2,0xe6,0xd3,0xca,0xe4,0x6c,0xed,0xcd,0xf5,0x6c,0xf5,
    0x0b,0xed,0xca,0xe4,0xaa,0xe4,0x89,0xe4,0xca,0xe4,0x0b,0xed,0x0b,0xed,0x0a,0xed,0x07,0xd4,0xc4,0xba,0xc2,0xa1,0xc1,0x99,0x81,0x89,0xa3,0xba,0x44,0xd3,0xc5,0xdb,
    0x01,0x51,0xe3,0x18,0x86,0x09,0x86,0x11,0x86,0x11,0x86,0x11,0x86,0x11,0x86,0x11,0x86,0x11,0x86,0x11,0x86,0x11,0x86,0x11,0x86,0x11,0x86,0x11,0x86,0x11,0x86,0x11,
    0x86,0x11,0x86,0x11,0x86,0x11,0x86,0x11,0x86,0x11,0x86,0x11,0x86,0x11,0x86,0x11,0x86,0x11,0x86,0x11,0x86,0x11,0x86,0x11,0x86,0x11,0x45,0x09,0xd0,0x94,0x78,0xf7,
    0x37,0xef,0x37,0xef,0x37,0xef,0x17,0xef,0x37,0xef,0x37,0xef,0x17,0xef,0x17,0xef,0x37,0xef,0x37,0xef,0x37,0xef,0x37,0xef,0x37,0xef,0x17,0xef,0x37,0xef,0x37,0xef,
    0x38,0xef,0xc9,0x4a,0x44,0x19,0xec,0xc4,0x52,0xee,0x15,0xf7,0xf6,0xf6,0xf6,0xf6,0xf6,0xf6,0xf2,0xc5,0x0b,0x64,0xa8,0x4b,0xc9,0x53,0xc7,0x3a,0x86,0x32,0x68,0x4b,
    0x88,0x43,0xa9,0x4b,0x91,0xb5,0xd5,0xee,0xd6,0xf6,0xd6,0xee,0xf6,0xf6,0x33,0xe6,0x6f,0xd5,0xcc,0xd4,0x87,0x5a,0xc7,0x19,0x90,0x84,0x90,0x84,0x8b,0x7b,0x0c,0x94,
    0x58,0xff,0x93,0xb5,0xe3,0x00,0x4f,0x7c,0x5a,0xe7,0x19,0xdf,0x19,0xdf,0x19,0xdf,0x19,0xdf,0x19,0xdf,0x19,0xdf,0x19,0xdf,0x19,0xdf,0x19,0xdf,0x19,0xdf,0x19,0xdf,
    0x19,0xdf,0x19,0xdf,0x19,0xdf,0x19,0xdf,0x19,0xdf,0x19,0xdf,0x19,0xdf,0x19,0xe7,0x38,0xef,0x58,0xf7,0x2e,0x95,0xa8,0x5b,0x88,0x53,0xa8,0x5b,0xc8,0x5b,0x86,0x32,
    0x46,0x2a,0xe6,0x42,0xc8,0x5b,0xe8,0x63,0xc8,0x5b,0xc8,0x5b,0xc8,0x5b,0xc8,0x5b,0xc8,0x5b,0xc7,0x5b,0x87,0x53,0x27,0x43,0x46,0x2a,0x85,0x19,0x46,0x2a,0x28,0x4b,
    0x4f,0xa5,0xf5,0xee,0x70,0xb5,0x03,0x09,0x89,0x63,0x11,0xbe,0x28,0x43,0x07,0x3b,0xe6,0x3a,0x84,0x11,0x09,0x53,0x4c,0x84,0xd1,0xb5,0xd1,0xb5,0xd1,0xb5,0xb0,0xb5,
    0xa9,0x5b,0x27,0x43,0x27,0x43,0x2b,0x74,0x6c,0x84,0x6c,0x7c,0x6c,0x7c,0x6c,0x7c,0xea,0x6b,0x07,0x43,0x27,0x43,0x27,0x43,0x27,0x43,0x47,0x43,0x67,0x4b,0xa7,0x5b,
    0x08,0x64,0xb4,0xe6,0x37,0xf7,0x37,0xf7,0x37,0xf7,0x37,0xef,0x37,0xf7,0x37,0xef,0x34,0xce,0x13,0xc6,0x13,0xc6,0x13,0xc6,0x13,0xc6,0x13,0xc6,0x13,0xc6,0x13,0xc6,
    0x13,0xc6,0x13,0xc6,0x13,0xc6,0x13,0xc6,0x13,0xc6,0xf3,0xc5,0x13,0xc6,0x71,0xb5,0xe2,0x38,0x43,0x9a,0xa5,0xdb,0x87,0xec,0x24,0xd3,0x03,0xd3,0x84,0xd3,0xa8,0xf4,
    0xa8,0xec,0xa8,0xec,0x88,0xec,0xc5,0xdb,0x43,0xd3,0xa7,0xec,0xa8,0xec,0xa8,0xec,0xa8,0xec,0x88,0xec,0x26,0xe4,0xc5,0xdb,0x64,0xd3,0xe3,0xc2,0x03,0xc3,0xe4,0xc2,
    0x04,0xcb,0x84,0xd3,0x64,0xd3,0x24,0xcb,0x44,0xd3,0xc6,0xd3,0xca,0xe4,0x0b,0xe5,0xea,0xe4,0xca,0xe4,0xeb,0xe4,0xaa,0xe4,0x85,0xd3,0x85,0xdb,0x64,0xd3,0x44,0xcb,
    0x24,0xcb,0x24,0xcb,0xa5,0xdb,0x26,0xe4,0x67,0xec,0x87,0xec,0x01,0x59,0x4a,0x7b,0x34,0xc6,0x13,0xc6,0x13,0xc6,0x13,0xc6,0x13,0xc6,0x13,0xc6,0xf3,0xc5,0xf3,0xc5,
    0xf3,0xc5,0xf3,0xc5,0xf3,0xc5,0x13,0xc6,0x13,0xc6,0x13,0xc6,0x13,0xc6,0x13,0xc6,0xf3,0xc5,0xf3,0xc5,0x13,0xc6,0x13,0xc6,0x14,0xc6,0x14,0xc6,0x14,0xc6,0x14,0xc6,
    0x14,0xc6,0x14,0xc6,0x13,0xc6,0xf3,0xbd,0xb6,0xde,0x38,0xef,0x37,0xef,0x37,0xef,0x37,0xef,0x37,0xef,0x37,0xef,0x37,0xef,0x37,0xef,0x37,0xef,0x37,0xef,0x37,0xef,
    0x37,0xef,0x37,0xef,0x37,0xef,0x17,0xef,0x17,0xef,0x38,0xef,0x38,0xef,0xc9,0x4a,0x64,0x19,0x0d,0xc5,0x52,0xee,0xf6,0xf6,0xf6,0xf6,0xf6,0xf6,0xf6,0xf6,0x17,0xff,
    0x33,0xce,0x4b,0x74,0x27,0x3b,0x86,0x2a,0x46,0x2a,0x27,0x3b,0x48,0x43,0xd1,0xbd,0xf6,0xf6,0xf6,0xf6,0xd6,0xee,0xd6,0xee,0xf6,0xf6,0x33,0xe6,0x6f,0xd5,0xec,0xd4,
    0xa7,0x5a,0x25,0x01,0x65,0x11,0x65,0x11,0x0f,0xb5,0x73,0xee,0x53,0xee,0x8e,0xa4,0x82,0x00,0x2f,0x74,0x5a,0xe7,0x19,0xdf,0x19,0xdf,0x19,0xdf,0x19,0xdf,0x19,0xdf,
    0x19,0xdf,0x19,0xdf,0x19,0xdf,0x19,0xdf,0x19,0xdf,0x19,0xdf,0x19,0xdf,0x19,0xdf,0x19,0xdf,0x19,0xdf,0x19,0xdf,0x19,0xdf,0x19,0xdf,0x19,0xe7,0x38,0xef,0x38,0xf7,
    0x0e,0x95,0xc8,0x5b,0xa8,0x53,0x88,0x53,0x67,0x53,0x05,0x22,0x46,0x2a,0xe8,0x5b,0xc8,0x5b,0xc8,0x5b,0xc8,0x5b,0xc8,0x5b,0xc8,0x5b,0xc8,0x5b,0xc8,0x5b,0x09,0x6c,
    0xe9,0x63,0xa9,0x53,0x87,0x32,0x64,0x11,0xe5,0x21,0x46,0x2a,0x07,0x3b,0xb5,0xde,0x91,0xb5,0x43,0x09,0xa6,0x3a,0xc7,0x5b,0xc6,0x3a,0xa6,0x32,0x46,0x2a,0x86,0x32,
    0x90,0xad,0x4f,0xa5,0xe6,0x3a,0xe6,0x3a,0xe7,0x3a,0x07,0x43,0x47,0x4b,0x67,0x4b,0x67,0x4b,0xf1,0xbd,0xb4,0xde,0x57,0xff,0x57,0xff,0x76,0xff,0x12,0xc6,0x68,0x53,
    0xa9,0x5b,0xa9,0x53,0x47,0x43,0x27,0x43,0x07,0x43,0x87,0x53,0xe8,0x63,0xb4,0xe6,0x37,0xf7,0x37,0xf7,0x37,0xf7,0x37,0xf7,0x37,0xf7,0x37,0xef,0x37,0xf7,0x57,0xf7,
    0x57,0xf7,0x57,0xf7,0x57,0xf7,0x57,0xf7,0x57,0xf7,0x57,0xf7,0x57,0xf7,0x57,0xf7,0x57,0xf7,0x57,0xf7,0x57,0xf7,0x57,0xf7,0x37,0xf7,0x34,0xd6,0xe2,0x40,0x42,0xa2,
    0xc5,0xe3,0xa8,0xec,0x47,0xe4,0x64,0xd3,0x23,0xd3,0x47,0xec,0xc8,0xf4,0xa8,0xec,0xa8,0xec,0x67,0xec,0xe5,0xdb,0xc5,0xdb,0x87,0xec,0xe6,0xe3,0xa5,0xdb,0xa8,0xec,
    0x87,0xec,0x67,0xec,0x67,0xec,0x0a,0xed,0xa8,0xec,0x47,0xec,0xc5,0xe3,0xa4,0xdb,0xe6,0xdb,0x27,0xe4,0x48,0xe4,0x69,0xe4,0xaa,0xe4,0x0b,0xed,0xad,0xf5,0xad,0xf5,
    0x6c,0xed,0xea,0xec,0x89,0xe4,0x68,0xe4,0x06,0xe4,0xc5,0xe3,0x26,0xe4,0x4b,0xf5,0x4b,0xf5,0xe9,0xf4,0x67,0xec,0xa5,0xdb,0xc0,0x50,0x2d,0x9c,0x98,0xff,0x57,0xf7,
    0x57,0xf7,0x57,0xf7,0x57,0xf7,0x57,0xf7,0x57,0xf7,0x57,0xf7,0x57,0xf7,0x57,0xf7,0x57,0xf7,0x57,0xf7,0x57,0xf7,0x57,0xf7,0x57,0xf7,0x37,0xf7,0x57,0xf7,0x57,0xf7,
    0x57,0xf7,0x57,0xf7,0x57,0xf7,0x57,0xf7,0x58,0xf7,0x58,0xf7,0x58,0xf7,0x58,0xf7,0x58,0xf7,0x58,0xf7,0x37,0xef,0x37,0xef,0x37,0xef,0x37,0xef,0x17,0xef,0x37,0xef,
    0x37,0xef,0x37,0xef,0x37,0xef,0x37,0xef,0x37,0xef,0x37,0xef,0x37,0xef,0x37,0xef,0x37,0xef,0x17,0xef,0x37,0xef,0x38,0xef,0x38,0xef,0xc9,0x4a,0x65,0x19,0x0e,0xcd,
    0x53,0xee,0xf6,0xf6,0xf6,0xf6,0xf6,0xf6,0xf6,0xf6,0xf6,0xf6,0x16,0xff,0x53,0xd6,0xb1,0xb5,0x49,0x53,0x87,0x32,0x70,0xad,0xb1,0xbd,0xf6,0xf6,0xd6,0xee,0xd6,0xee,
    0xd6,0xee,0xd6,0xee,0xf6,0xf6,0x33,0xe6,0x6f,0xd5,0xcc,0xd4,0x87,0x5a,0x04,0x01,0xce,0xa4,0x12,0xde,0x94,0xee,0x91,0xcd,0x07,0x32,0xca,0x4a,0xd1,0x94,0x16,0xbe,
    0x39,0xe7,0x19,0xdf,0x19,0xdf,0x19,0xdf,0x19,0xdf,0x19,0xdf,0x19,0xdf,0x19,0xdf,0x19,0xdf,0x19,0xdf,0x19,0xdf,0x19,0xdf,0x19,0xdf,0x19,0xdf,0x19,0xdf,0x19,0xdf,
    0x19,0xdf,0x19,0xdf,0x19,0xdf,0x19,0xe7,0x38,0xef,0x37,0xf7,0x0d,0x95,0xe8,0x63,0x08,0x64,0x07,0x43,0x25,0x2a,0xe6,0x3a,0x47,0x4b,0xc8,0x5b,0xe8,0x5b,0xc8,0x5b,
    0xc8,0x5b,0xa7,0x53,0xa7,0x53,0xa7,0x53,0xc8,0x5b,0x94,0xde,0x16,0xef,0x15,0xf7,0x0b,0x7c,0xe4,0x19,0xc5,0x19,0x46,0x2a,0x07,0x43,0xb4,0xde,0x71,0xb5,0x03,0x09,
    0x65,0x32,0xe8,0x5b,0x27,0x43,0x66,0x2a,0xc5,0x19,0x47,0x4b,0xe5,0x21,0xa4,0x19,0xe5,0x21,0x05,0x22,0x86,0x32,0x07,0x43,0xa7,0x53,0xc8,0x5b,0xc8,0x5b,0xa7,0x53,
    0x2a,0x6c,0x15,0xf7,0x36,0xff,0x36,0xf7,0x16,0xf7,0xf5,0xee,0xf5,0xee,0xd4,0xe6,0xa9,0x5b,0x07,0x3b,0x27,0x43,0x67,0x4b,0xc8,0x5b,0xb4,0xde,0x37,0xf7,0x37,0xf7,
    0x37,0xf7,0x37,0xf7,0x37,0xf7,0x37,0xef,0x37,0xf7,0x37,0xf7,0x37,0xef,0x37,0xef,0x37,0xef,0x37,0xef,0x37,0xef,0x37,0xef,0x37,0xef,0x37,0xef,0x37,0xef,0x37,0xef,
    0x37,0xef,0x57,0xf7,0xcf,0xac,0x43,0x51,0x83,0xaa,0x03,0xcb,0xe5,0xe3,0xc8,0xec,0xc8,0xec,0x06,0xe4,0x03,0xcb,0x64,0xd3,0x46,0xe4,0xa8,0xec,0xa8,0xec,0xa8,0xec,
    0xa8,0xec,0x47,0xe4,0xe5,0xdb,0x24,0xd3,0x03,0xcb,0xe5,0xe3,0xa8,0xec,0xc8,0xf4,0xc9,0xf4,0x6b,0xf5,0x8b,0xf5,0x6b,0xf5,0x2a,0xf5,0x0a,0xed,0x4b,0xf5,0x4b,0xed,
    0x0b,0xed,0x6c,0xf5,0x4c,0xed,0xad,0xf5,0x0e,0xfe,0x0e,0xfe,0xce,0xf5,0x6c,0xf5,0x2b,0xed,0x6c,0xf5,0x4b,0xf5,0x2a,0xf5,0x6b,0xf5,0x0e,0xfe,0xcd,0xfd,0x09,0xf5,
    0x26,0xe4,0x23,0xd3,0x80,0x40,0x0d,0x9c,0x98,0xff,0x37,0xef,0x37,0xef,0x37,0xef,0x37,0xef,0x37,0xef,0x37,0xef,0x37,0xef,0x37,0xef,0x37,0xef,0x37,0xef,0x37,0xef,
    0x37,0xef,0x37,0xef,0x37,0xef,0x37,0xef,0x37,0xef,0x37,0xef,0x37,0xef,0x37,0xef,0x37,0xef,0x37,0xef,0x37,0xef,0x37,0xef,0x37,0xef,0x37,0xef,0x37,0xef,0x37,0xef,
    0x37,0xef,0x37,0xef,0x37,0xef,0x37,0xef,0x17,0xef,0x17,0xef,0x37,0xef,0x37,0xef,0x37,0xef,0x37,0xef,0x37,0xef,0x37,0xef,0x37,0xef,0x37,0xef,0x17,0xef,0x17,0xef,
    0x37,0xef,0x38,0xef,0x38,0xef,0xc9,0x4a,0x65,0x19,0x2e,0xcd,0x32,0xe6,0xd5,0xee,0xd6,0xee,0xf6,0xf6,0xf6,0xf6,0xf6,0xf6,0xf6,0xf6,0xf6,0xf6,0x37,0xff,0xec,0x73,
    0xc8,0x42,0xd5,0xee,0x16,0xf7,0xf6,0xee,0xd6,0xee,0xd6,0xee,0xd6,0xee,0xd6,0xee,0xf6,0xf6,0x12,0xe6,0x4e,0xd5,0xec,0xd4,0xa7,0x5a,0x04,0x01,0xae,0xa4,0x32,0xde,
    0x8f,0xcd,0x4d,0xa4,0x45,0x11,0x0b,0x4b,0x7a,0xef,0x3a,0xe7,0x19,0xdf,0x19,0xdf,0x19,0xdf,0x19,0xdf,0x19,0xdf,0x19,0xdf,0x19,0xdf,0x19,0xdf,0x19,0xdf,0x19,0xdf,
    0x19,0xdf,0x19,0xdf,0x19,0xdf,0x19,0xdf,0x19,0xdf,0x19,0xdf,0x19,0xdf,0x19,0xdf,0x19,0xdf,0x19,0xe7,0x38,0xef,0x38,0xf7,0x0d,0x95,0xa7,0x5b,0xa8,0x5b,0xe7,0x3a,
    0x66,0x2a,0x88,0x53,0xa8,0x53,0xc8,0x5b,0xc8,0x5b,0xa7,0x5b,0xcc,0x8c,0x8f,0xad,0x8f,0xad,0xaf,0xad,0xb0,0xb5,0xf5,0xee,0x36,0xff,0x57,0xff,0xb1,0xbd,0xcb,0x6b,
    0xa5,0x19,0x05,0x22,0xe7,0x3a,0x94,0xde,0x91,0xb5,0x44,0x11,0xa6,0x3a,0xc8,0x5b,0x07,0x43,0x26,0x2a,0xc5,0x19,0x46,0x2a,0x46,0x2a,0x25,0x2a,0x05,0x22,0x05,0x22,
    0x05,0x22,0x66,0x2a,0x27,0x43,0xa7,0x53,0xe8,0x5b,0xa8,0x53,0xa8,0x5b,0x6b,0x7c,0x32,0xce,0xf6,0xee,0x36,0xf7,0x36,0xf7,0x36,0xf7,0x36,0xf7,0xad,0x8c,0x0a,0x6c,
    0x48,0x4b,0x67,0x4b,0xa8,0x53,0xb4,0xde,0x37,0xf7,0x37,0xf7,0x37,0xf7,0x37,0xf7,0x37,0xf7,0x37,0xef,0x37,0xef,0x37,0xef,0x37,0xef,0x37,0xef,0x37,0xef,0x37,0xef,
    0x37,0xf7,0x37,0xef,0x37,0xef,0x37,0xef,0x37,0xef,0x37,0xef,0x37,0xef,0x78,0xf7,0x6e,0xa4,0x80,0x40,0xe3,0xca,0x23,0xd3,0xc5,0xdb,0xc8,0xec,0xa8,0xec,0xa8,0xec,
    0x84,0xdb,0x03,0xcb,0x85,0xdb,0x67,0xec,0xa8,0xec,0xa8,0xec,0x88,0xec,0x87,0xec,0xc5,0xdb,0x64,0xd3,0x44,0xd3,0x23,0xd3,0x06,0xe4,0x87,0xec,0xa8,0xec,0x87,0xec,
    0x4b,0xf5,0xed,0xfd,0x0e,0xfe,0x0f,0xfe,0x0f,0xfe,0xad,0xf5,0x4b,0xed,0xee,0xfd,0x0e,0xfe,0x0f,0xfe,0x0e,0xfe,0xee,0xfd,0xee,0xfd,0xee,0xf5,0x6c,0xf5,0xee,0xfd,
    0x0f,0xfe,0x0e,0xfe,0x0e,0xfe,0xee,0xfd,0x09,0xf5,0x67,0xec,0xc5,0xdb,0x44,0xd3,0x81,0x71,0x6a,0x93,0x74,0xde,0x37,0xf7,0x37,0xef,0x37,0xef,0x37,0xef,0x37,0xef,
    0x37,0xef,0x37,0xef,0x37,0xef,0x37,0xef,0x37,0xef,0x37,0xef,0x37,0xef,0x37,0xef,0x37,0xef,0x37,0xef,0x37,0xef,0x37,0xef,0x37,0xef,0x37,0xef,0x37,0xef,0x37,0xef,
    0x37,0xef,0x37,0xef,0x37,0xef,0x37,0xef,0x37,0xef,0x37,0xef,0x37,0xef,0x37,0xef,0x37,0xef,0x37,0xef,0x17,0xef,0x17,0xef,0x37,0xef,0x37,0xef,0x37,0xef,0x37,0xef,
    0x37,0xef,0x37,0xef,0x37,0xef,0x37,0xef,0x17,0xef,0x17,0xef,0x37,0xef,0x38,0xef,0x38,0xef,0xa9,0x42,0x64,0x19,0x2e,0xcd,0xaf,0xe5,0xd0,0xe5,0xb5,0xee,0x17,0xf7,
    0xf6,0xf6,0xf6,0xf6,0xf6,0xf6,0xf6,0xf6,0xf6,0xf6,0xb5,0xe6,0x95,0xe6,0xf6,0xee,0xf6,0xf6,0xf6,0xf6,0xf6,0xee,0xf6,0xee,0xf6,0xf6,0xf6,0xf6,0x17,0xf7,0xf1,0xe5,
    0xab,0xd4,0xec,0xdc,0x87,0x5a,0xe4,0x00,0x65,0x11,0x65,0x11,0x24,0x09,0x28,0x2a,0x56,0xc6,0x97,0xce,0x19,0xdf,0x19,0xdf,0x19,0xdf,0x19,0xdf,0x19,0xdf,0x19,0xdf,
    0x19,0xdf,0x19,0xdf,0x19,0xdf,0x19,0xdf,0x19,0xdf,0x19,0xdf,0x19,0xdf,0x19,0xdf,0x19,0xdf,0x19,0xdf,0x19,0xdf,0x19,0xdf,0x19,0xdf,0x19,0xdf,0x19,0xdf,0x19,0xe7,
    0x38,0xef,0x38,0xf7,0x2e,0x95,0x67,0x53,0xa6,0x32,0x27,0x43,0xa8,0x53,0xc8,0x5b,0xe8,0x5b,0xc7,0x5b,0x09,0x64,0xe8,0x63,0xf0,0xc5,0x77,0xff,0x56,0xff,0x57,0xff,
    0x77,0xff,0x77,0xff,0xf5,0xee,0x94,0xde,0xd4,0xe6,0x91,0xb5,0x24,0x09,0xe5,0x21,0x07,0x43,0xd5,0xe6,0xb2,0xbd,0x44,0x11,0x86,0x32,0x87,0x53,0xe7,0x3a,0x26,0x2a,
    0x84,0x11,0x64,0x11,0xe6,0x3a,0x47,0x43,0x27,0x43,0xe7,0x3a,0xe5,0x21,0xc5,0x19,0xc5,0x19,0xe6,0x3a,0x08,0x64,0xc8,0x5b,0xc8,0x5b,0xa7,0x53,0xa7,0x53,0xb0,0xb5,
    0x56,0xff,0x36,0xf7,0x36,0xf7,0x36,0xf7,0x56,0xff,0xb4,0xde,0x27,0x43,0x06,0x3b,0x27,0x43,0x94,0xde,0x36,0xf7,0x36,0xf7,0x37,0xf7,0x37,0xf7,0x37,0xf7,0x37,0xef,
    0x37,0xef,0x37,0xef,0x37,0xef,0x37,0xef,0x37,0xef,0x37,0xef,0x37,0xef,0x37,0xef,0x37,0xef,0x37,0xef,0x37,0xef,0x37,0xef,0x37,0xef,0xb8,0xff,0x6e,0xa4,0x80,0x48,
    0x23,0xd3,0x23,0xd3,0x84,0xd3,0x67,0xec,0xa8,0xec,0xa8,0xec,0xa8,0xec,0x85,0xdb,0x44,0xd3,0x44,0xd3,0x26,0xe4,0xa8,0xec,0x87,0xec,0x26,0xe4,0x87,0xec,0x26,0xe4,
    0xa5,0xdb,0x43,0xd3,0x23,0xd3,0xa5,0xdb,0x67,0xec,0x87,0xec,0xe9,0xf4,0x6b,0xf5,0x0e,0xfe,0x0e,0xfe,0xee,0xfd,0xee,0xfd,0xee,0xfd,0x0e,0xfe,0x0e,0xfe,0x0e,0xfe,
    0x0e,0xfe,0x0e,0xfe,0xee,0xfd,0xee,0xfd,0xee,0xfd,0xee,0xfd,0xee,0xfd,0x0e,0xfe,0xee,0xfd,0x8c,0xf5,0x66,0xec,0x44,0xd3,0x23,0xd3,0x84,0xdb,0x46,0xec,0xa2,0x71,
    0xa8,0x72,0x58,0xf7,0x37,0xef,0x37,0xef,0x37,0xef,0x37,0xef,0x37,0xef,0x17,0xef,0x17,0xef,0x37,0xef,0x37,0xef,0x37,0xef,0x37,0xef,0x37,0xef,0x37,0xef,0x37,0xef,
    0x37,0xef,0x37,0xef,0x37,0xef,0x37,0xef,0x37,0xef,0x37,0xef,0x37,0xef,0x37,0xef,0x37,0xef,0x37,0xef,0x37,0xef,0x37,0xef,0x37,0xef,0x37,0xef,0x37,0xef,0x37,0xef,
    0x37,0xef,0x17,0xef,0x37,0xef,0x37,0xef,0x37,0xef,0x37,0xef,0x37,0xef,0x37,0xef,0x37,0xef,0x37,0xef,0x37,0xef,0x37,0xef,0x37,0xef,0x37,0xef,0x38,0xef,0x2e,0x7c,
    0x89,0x42,0xaa,0x83,0xcb,0x8b,0xab,0x8b,0x91,0xcd,0x53,0xee,0x74,0xe6,0x74,0xe6,0x74,0xe6,0x74,0xe6,0x74,0xe6,0x74,0xee,0x74,0xee,0x74,0xe6,0x74,0xe6,0x74,0xe6,
    0x74,0xe6,0x74,0xe6,0x74,0xe6,0x33,0xe6,0xb1,0xd5,0x6c,0xac,0x28,0x7b,0x89,0x83,0x68,0x42,0x0b,0x4b,0xcd,0x63,0x0f,0x6c,0x0e,0x6c,0x70,0x84,0x19,0xdf,0x39,0xe7,
    0x19,0xdf,0x19,0xdf,0x19,0xdf,0x19,0xdf,0x19,0xdf,0x19,0xdf,0x19,0xdf,0x19,0xdf,0x19,0xdf,0x19,0xdf,0x19,0xdf,0x19,0xdf,0x19,0xdf,0x19,0xdf,0x19,0xdf,0x19,0xdf,
    0x19,0xdf,0x19,0xdf,0x19,0xdf,0x19,0xdf,0x19,0xdf,0x19,0xe7,0x38,0xef,0x58,0xf7,0x2e,0x9d,0x87,0x53,0xa6,0x32,0x47,0x4b,0xc8,0x5b,0xa7,0x53,0x87,0x53,0xec,0x8c,
    0xb4,0xde,0xf5,0xee,0x15,0xf7,0x36,0xf7,0x36,0xf7,0x56,0xff,0x73,0xde,0xd1,0xbd,0x8d,0x84,0x07,0x3b,0xe7,0x3a,0xa7,0x3a,0x25,0x22,0x05,0x22,0x05,0x22,0x2c,0x74,
    0xaa,0x63,0x64,0x11,0x86,0x32,0x87,0x53,0x46,0x2a,0xe5,0x21,0xc8,0x42,0x50,0xa5,0xea,0x6b,0x07,0x3b,0x07,0x43,0x27,0x43,0x07,0x3b,0xe7,0x3a,0x05,0x22,0x25,0x2a,
    0xc6,0x3a,0xc8,0x5b,0xe8,0x5b,0xc8,0x5b,0x67,0x4b,0xac,0x84,0x36,0xf7,0x36,0xf7,0x36,0xf7,0x36,0xf7,0x36,0xf7,0xf5,0xee,0x70,0xad,0x4f,0xa5,0x4f,0xa5,0xf5,0xee,
    0x36,0xf7,0x36,0xf7,0x36,0xf7,0x37,0xf7,0x37,0xf7,0x37,0xf7,0x37,0xef,0x37,0xef,0x37,0xef,0x37,0xef,0x37,0xef,0x37,0xef,0x37,0xef,0x37,0xef,0x37,0xef,0x37,0xef,
    0x37,0xef,0x37,0xf7,0x17,0xef,0x92,0xbd,0x49,0x8b,0x61,0x71,0x24,0xd3,0x24,0xd3,0x24,0xd3,0x64,0xdb,0x88,0xec,0xa8,0xec,0xa8,0xec,0xa8,0xec,0xa5,0xdb,0x03,0xd3,
    0x23,0xd3,0x26,0xe4,0x88,0xec,0xc5,0xdb,0xa5,0xdb,0x06,0xe4,0x47,0xec,0x23,0xd3,0x03,0xd3,0x03,0xd3,0x23,0xd3,0x44,0xdb,0x26,0xe4,0xe9,0xf4,0xed,0xfd,0x0e,0xfe,
    0x0e,0xfe,0x0e,0xfe,0x0e,0xfe,0x0e,0xfe,0x0e,0xfe,0x0e,0xfe,0x0e,0xfe,0x0e,0xfe,0x0e,0xfe,0xee,0xfd,0xee,0xfd,0xee,0xfd,0xee,0xfd,0x0e,0xfe,0xce,0xf5,0xe5,0xe3,
    0x43,0xdb,0x03,0xd3,0x23,0xcb,0x46,0xe4,0xa8,0xf4,0xa2,0x71,0x87,0x72,0x58,0xf7,0x37,0xef,0x37,0xef,0x37,0xef,0x37,0xef,0x37,0xef,0x37,0xef,0x37,0xef,0x37,0xef,
    0x37,0xef,0x37,0xef,0x37,0xef,0x37,0xef,0x37,0xef,0x37,0xef,0x37,0xef,0x37,0xef,0x37,0xef,0x37,0xef,0x37,0xef,0x37,0xef,0x37,0xef,0x37,0xef,0x37,0xef,0x37,0xef,
    0x37,0xef,0x37,0xef,0x37,0xef,0x37,0xef,0x37,0xef,0x37,0xef,0x37,0xef,0x37,0xef,0x37,0xef,0x37,0xef,0x37,0xef,0x38,0xef,0x58,0xf7,0x58,0xf7,0x58,0xf7,0x58,0xf7,
    0x58,0xf7,0x58,0xf7,0x58,0xf7,0x58,0xf7,0x58,0xf7,0x99,0xff,0x72,0xad,0xe4,0x00,0x24,0x01,0x04,0x01,0xca,0x9b,0x2d,0xdd,0xd1,0xdd,0xf2,0xe5,0xf1,0xe5,0xf1,0xe5,
    0xf1,0xe5,0xf2,0xe5,0xf1,0xdd,0xf1,0xdd,0xf1,0xdd,0xf1,0xdd,0xf1,0xdd,0xf1,0xdd,0xb0,0xdd,0x2e,0xcd,0xc9,0xab,0x87,0x5a,0x25,0x01,0x25,0x01,0x48,0x2a,0x39,0xe7,
    0x7a,0xef,0x7a,0xef,0x9b,0xef,0x7a,0xef,0x5a,0xe7,0x5a,0xe7,0x5a,0xe7,0x5a,0xe7,0x5a,0xe7,0x5a,0xe7,0x5a,0xe7,0x5a,0xe7,0x39,0xe7,0x19,0xdf,0x19,0xdf,0x19,0xdf,
    0x19,0xdf,0x19,0xdf,0x19,0xdf,0x19,0xdf,0x19,0xdf,0x19,0xdf,0x19,0xdf,0x19,0xdf,0x19,0xdf,0x19,0xdf,0x19,0xdf,0x19,0xdf,0x38,0xef,0x38,0xf7,0x2e,0x9d,0xa8,0x53,
    0xe7,0x3a,0x47,0x43,0xa8,0x5b,0xcc,0x8c,0xcc,0x8c,0x73,0xd6,0x57,0xff,0x36,0xf7,0x36,0xf7,0x36,0xf7,0x16,0xf7,0x73,0xd6,0x6c,0x84,0x85,0x32,0xc6,0x3a,0xc6,0x3a,
    0xc6,0x3a,0xe6,0x3a,0xe7,0x3a,0x25,0x2a,0x64,0x11,0xa6,0x32,0x65,0x2a,0x44,0x11,0x65,0x32,0xa7,0x53,0x05,0x22,0xc4,0x19,0x8a,0x63,0xb7,0xff,0x2f,0x9d,0x68,0x4b,
    0x27,0x43,0x27,0x43,0x27,0x43,0x27,0x43,0x86,0x32,0x25,0x22,0x05,0x22,0x47,0x4b,0x67,0x53,0xc8,0x5b,0xe8,0x5b,0x08,0x64,0x8b,0x7c,0x15,0xef,0x36,0xf7,0x36,0xf7,
    0x36,0xf7,0x36,0xf7,0x57,0xff,0x57,0xff,0x57,0xff,0x36,0xf7,0x36,0xf7,0x36,0xf7,0x36,0xf7,0x37,0xf7,0x37,0xf7,0x37,0xef,0x37,0xef,0x37,0xef,0x37,0xef,0x37,0xef,
    0x37,0xf7,0x37,0xef,0x37,0xf7,0x37,0xef,0x37,0xef,0x37,0xef,0x37,0xef,0x37,0xf7,0xf6,0xee,0x23,0x41,0x21,0x61,0x64,0xdb,0xe5,0xe3,0x64,0xdb,0x23,0xd3,0x23,0xd3,
    0xa5,0xdb,0xc8,0xec,0xc8,0xf4,0xa8,0xec,0x47,0xec,0x26,0xe4,0x47,0xe4,0x87,0xec,0x87,0xec,0xc5,0xdb,0x62,0xb2,0x44,0xcb,0xa8,0xec,0x47,0xec,0x26,0xe4,0x06,0xe4,
    0xc5,0xdb,0x23,0xd3,0x23,0xd3,0x84,0xdb,0xc8,0xec,0x4b,0xf5,0xee,0xfd,0x2f,0xfe,0x0e,0xfe,0x0e,0xfe,0x0e,0xfe,0x0e,0xfe,0x0e,0xfe,0x0e,0xfe,0x0f,0xfe,0x0f,0xfe,
    0x0e,0xfe,0xee,0xfd,0x0f,0xfe,0x4b,0xf5,0xc5,0xdb,0x43,0xdb,0x23,0xdb,0x06,0xe4,0x47,0xe4,0x67,0xec,0x06,0xe4,0x81,0x71,0x88,0x72,0x58,0xf7,0x37,0xef,0x37,0xef,
    0x37,0xef,0x37,0xef,0x37,0xef,0x37,0xef,0x37,0xef,0x37,0xef,0x37,0xef,0x37,0xef,0x37,0xef,0x37,0xef,0x37,0xef,0x37,0xef,0x37,0xef,0x37,0xef,0x37,0xef,0x37,0xef,
    0x37,0xef,0x37,0xef,0x37,0xef,0x37,0xef,0x37,0xef,0x37,0xef,0x37,0xef,0x37,0xef,0x37,0xef,0x37,0xef,0x37,0xef,0x17,0xef,0x37,0xef,0x37,0xef,0x37,0xef,0x37,0xef,
    0x58,0xf7,0x17,0xe7,0x72,0xad,0x51,0xad,0x51,0xad,0x52,0xad,0x72,0xad,0x72,0xad,0x52,0xad,0x52,0xad,0x52,0xad,0x72,0xad,0x0d,0x74,0x45,0x09,0x65,0x11,0x24,0x09,
    0x08,0x6b,0xeb,0x93,0x4d,0x94,0x4d,0x94,0x4d,0x94,0x4d,0x94,0x4d,0x94,0x4d,0x94,0x4d,0x94,0x4d,0x94,0x4d,0x94,0x4d,0x94,0x4d,0x94,0x4d,0x94,0x2c,0x94,0xcb,0x83,
    0xe8,0x6a,0x47,0x42,0x65,0x09,0x65,0x11,0xe7,0x21,0x32,0x9d,0x53,0x9d,0x53,0x9d,0x53,0x9d,0x53,0x9d,0x53,0x9d,0x53,0x9d,0x53,0x9d,0x53,0x9d,0x53,0x9d,0x53,0x9d,
    0x53,0x9d,0x53,0x9d,0x97,0xce,0x39,0xe7,0x19,0xdf,0x19,0xdf,0x19,0xdf,0x19,0xdf,0x19,0xdf,0x19,0xdf,0x19,0xdf,0x19,0xdf,0x19,0xdf,0x19,0xdf,0x19,0xdf,0x19,0xdf,
    0x19,0xdf,0x19,0xdf,0x38,0xef,0x37,0xef,0xb4,0xde,0xed,0x94,0x07,0x3b,0x47,0x43,0xa9,0x53,0x15,0xef,0x56,0xff,0x36,0xf7,0x36,0xf7,0x36,0xf7,0x36,0xf7,0x77,0xff,
    0x16,0xef,0x48,0x4b,0x07,0x3b,0x07,0x3b,0xe7,0x3a,0xc7,0x3a,0x47,0x4b,0x87,0x53,0x87,0x53,0x86,0x32,0x64,0x11,0xe7,0x3a,0xa6,0x3a,0x64,0x11,0x86,0x32,0x27,0x43,
    0x64,0x11,0x26,0x32,0xb4,0xde,0x76,0xff,0x77,0xff,0x73,0xce,0x67,0x4b,0x47,0x43,0x27,0x43,0x27,0x43,0x07,0x43,0xa6,0x32,0x25,0x2a,0xc5,0x19,0x45,0x2a,0xe8,0x63,
    0xc8,0x5b,0xe7,0x63,0x89,0x7c,0xf5,0xee,0x36,0xf7,0x36,0xf7,0x36,0xf7,0x36,0xf7,0x36,0xf7,0x36,0xf7,0x36,0xf7,0x36,0xf7,0x36,0xf7,0x36,0xf7,0x36,0xf7,0x37,0xef,
    0x37,0xef,0x37,0xef,0x17,0xef,0x37,0xef,0x37,0xef,0x37,0xef,0x37,0xef,0x37,0xef,0x37,0xf7,0x37,0xef,0x37,0xef,0x37,0xef,0x37,0xef,0x37,0xef,0xf6,0xee,0x44,0x49,
    0x41,0x61,0x64,0xdb,0x06,0xe4,0x06,0xe4,0x06,0xe4,0xc5,0xe3,0x24,0xd3,0xe6,0xdb,0x26,0xe4,0xa8,0xec,0xc8,0xf4,0xc8,0xec,0xc8,0xec,0xc8,0xec,0x67,0xec,0xa5,0xd3,
    0x41,0x69,0xe4,0xaa,0xc8,0xf4,0xa8,0xf4,0xc8,0xf4,0xa8,0xec,0x67,0xec,0xe6,0xdb,0x84,0xdb,0x64,0xdb,0xc5,0xe3,0x26,0xe4,0xe9,0xec,0x8c,0xf5,0x2e,0xfe,0x0e,0xfe,
    0x0e,0xfe,0x0e,0xfe,0x0e,0xfe,0x0f,0xfe,0xad,0xf5,0x8d,0xf5,0x0e,0xfe,0x2f,0xfe,0x8c,0xf5,0x26,0xe4,0x23,0xd3,0xe5,0xe3,0x06,0xe4,0xa8,0xec,0xc8,0xf4,0x87,0xec,
    0x85,0xdb,0x41,0x69,0x88,0x72,0x58,0xf7,0x37,0xef,0x37,0xef,0x37,0xef,0x37,0xef,0x37,0xef,0x37,0xef,0x37,0xef,0x37,0xef,0x37,0xef,0x37,0xef,0x37,0xef,0x37,0xef,
    0x37,0xef,0x37,0xef,0x37,0xef,0x37,0xef,0x37,0xef,0x37,0xef,0x37,0xef,0x37,0xef,0x37,0xef,0x37,0xef,0x37,0xef,0x37,0xef,0x37,0xef,0x37,0xef,0x37,0xef,0x37,0xef,
    0x37,0xef,0x37,0xef,0x37,0xef,0x37,0xef,0x37,0xef,0x38,0xef,0x55,0xce,0x4e,0x8c,0x82,0x00,0xa2,0x00,0xc3,0x00,0xc3,0x00,0xe3,0x00,0x04,0x01,0x04,0x01,0x04,0x09,
    0x24,0x09,0x25,0x09,0x45,0x09,0x45,0x11,0x45,0x09,0x45,0x09,0x25,0x09,0x25,0x09,0x24,0x01,0x04,0x01,0x04,0x01,0x04,0x01,0x04,0x01,0x04,0x01,0x24,0x09,0x24,0x09,
    0x24,0x01,0x24,0x01,0x25,0x01,0x25,0x09,0x25,0x09,0x25,0x09,0x25,0x09,0x45,0x09,0x65,0x11,0x65,0x11,0x45,0x11,0x25,0x09,0x25,0x09,0x25,0x09,0x25,0x09,0x25,0x09,
    0x24,0x01,0x25,0x01,0x25,0x01,0x25,0x01,0x45,0x01,0x45,0x09,0x45,0x09,0x45,0x09,0x73,0xa5,0x5a,0xe7,0x19,0xdf,0x19,0xdf,0x19,0xdf,0x19,0xdf,0x19,0xdf,0x19,0xdf,
    0x19,0xdf,0x19,0xdf,0x19,0xdf,0x19,0xdf,0x19,0xdf,0x19,0xdf,0x19,0xdf,0x19,0xdf,0x38,0xe7,0x37,0xef,0x78,0xff,0xd1,0xb5,0x07,0x3b,0x48,0x4b,0xea,0x63,0xf5,0xee,
    0x36,0xf7,0x36,0xf7,0x36,0xf7,0x36,0xf7,0x36,0xf7,0xef,0xa4,0xec,0x7b,0x25,0x32,0x05,0x22,0x05,0x22,0x05,0x2a,0x05,0x22,0x45,0x2a,0x65,0x32,0x86,0x32,0xe5,0x21,
    0x44,0x11,0x05,0x22,0xe5,0x21,0x24,0x11,0xc4,0x21,0xe4,0x21,0xe3,0x08,0x64,0x21,0x2d,0x84,0x4d,0x84,0x2d,0x84,0x8b,0x6b,0x25,0x2a,0x46,0x2a,0x46,0x2a,0x86,0x32,
    0x27,0x43,0xc7,0x3a,0x86,0x32,0x05,0x22,0x25,0x22,0x47,0x4b,0xc8,0x5b,0xe7,0x63,0x89,0x84,0xf5,0xee,0x36,0xf7,0x36,0xf7,0x36,0xf7,0x36,0xf7,0x36,0xf7,0x36,0xf7,
    0x36,0xf7,0x36,0xf7,0x36,0xf7,0x16,0xf7,0x36,0xf7,0x37,0xef,0x37,0xef,0x37,0xef,0x37,0xef,0x37,0xef,0x37,0xef,0x37,0xef,0x37,0xef,0x37,0xef,0x37,0xef,0x37,0xef,
    0x37,0xef,0x37,0xef,0x37,0xef,0x37,0xf7,0x17,0xef,0x44,0x41,0x21,0x61,0x64,0xdb,0x26,0xe4,0x87,0xec,0xc8,0xf4,0x88,0xec,0xc5,0xdb,0x44,0xd3,0x24,0xcb,0xe6,0xdb,
    0x47,0xe4,0xa8,0xec,0xa8,0xec,0xa8,0xec,0x67,0xec,0xa5,0xdb,0xc1,0x38,0xa4,0x92,0xe8,0xf4,0xa8,0xec,0xa8,0xec,0xa8,0xec,0xc8,0xec,0xc8,0xf4,0x67,0xec,0x06,0xe4,
    0xc5,0xe3,0x43,0xd3,0xa4,0xdb,0xa8,0xec,0xee,0xf5,0x0e,0xfe,0x0e,0xfe,0xee,0xfd,0xee,0xfd,0xce,0xf5,0x4c,0xed,0x2b,0xed,0xcd,0xf5,0xce,0xf5,0xa9,0xe4,0x84,0xdb,
    0xe5,0xe3,0xc8,0xf4,0xc8,0xf4,0xa8,0xec,0xc8,0xec,0x87,0xec,0x85,0xdb,0x41,0x69,0x88,0x72,0x58,0xf7,0x37,0xef,0x37,0xef,0x37,0xef,0x37,0xef,0x37,0xef,0x37,0xef,
    0x37,0xef,0x37,0xef,0x37,0xef,0x37,0xef,0x37,0xef,0x37,0xef,0x37,0xef,0x37,0xef,0x37,0xef,0x37,0xef,0x37,0xef,0x37,0xef,0x37,0xef,0x37,0xef,0x37,0xef,0x37,0xef,
    0x37,0xef,0x37,0xef,0x37,0xef,0x37,0xef,0x37,0xef,0x37,0xef,0x37,0xef,0x37,0xef,0x37,0xef,0x17,0xef,0x37,0xef,0xb9,0xff,0xcd,0x73,0xa2,0x00,0x86,0x3a,0xc6,0x42,
    0xa5,0x4a,0x26,0x6b,0x67,0x7b,0x88,0x7b,0x47,0x63,0xc7,0x3a,0xc7,0x3a,0xc7,0x3a,0xc7,0x3a,0xc7,0x3a,0xc7,0x3a,0xc7,0x3a,0xc7,0x3a,0xa7,0x3a,0xa7,0x3a,0xa7,0x3a,
    0xa6,0x3a,0xa7,0x3a,0xc7,0x3a,0xc7,0x3a,0xa7,0x3a,0xa7,0x3a,0xc7,0x3a,0xc7,0x3a,0xc7,0x3a,0xc7,0x3a,0xa7,0x3a,0xa7,0x3a,0xc7,0x3a,0xc7,0x3a,0xc7,0x3a,0xc7,0x3a,
    0xc7,0x3a,0xa7,0x3a,0xa7,0x3a,0xc7,0x3a,0xa7,0x32,0x87,0x32,0xe8,0x5a,0x09,0x63,0x09,0x5b,0x09,0x5b,0xe8,0x5a,0x06,0x32,0xc6,0x21,0x24,0x01,0x53,0x9d,0x5a,0xe7,
    0x19,0xdf,0x19,0xdf,0x19,0xdf,0x19,0xdf,0x19,0xdf,0x19,0xdf,0x19,0xdf,0x19,0xdf,0x19,0xdf,0x19,0xdf,0x19,0xdf,0x19,0xdf,0x19,0xdf,0x19,0xdf,0x38,0xe7,0x37,0xef,
    0x57,0xff,0xb1,0xb5,0xe6,0x3a,0xee,0x94,0xf5,0xee,0x36,0xf7,0x36,0xf7,0x36,0xf7,0x36,0xf7,0x36,0xf7,0x16,0xf7,0x27,0x32,0xc2,0x00,0x23,0x11,0xe3,0x08,0xa2,0x00,
    0xc3,0x00,0xc3,0x00,0xc3,0x00,0xc3,0x00,0xc3,0x00,0xc3,0x00,0xe3,0x08,0xc3,0x00,0xa3,0x00,0xc3,0x00,0xa2,0x00,0xa2,0x00,0xa2,0x00,0xa2,0x00,0x62,0x00,0x62,0x00,
    0x61,0x00,0x62,0x00,0xa2,0x00,0xc3,0x00,0x04,0x09,0x85,0x11,0x07,0x43,0xe7,0x42,0xe7,0x3a,0x66,0x2a,0x45,0x2a,0x86,0x32,0xa8,0x5b,0xe7,0x63,0x89,0x84,0xf5,0xee,
    0x36,0xf7,0x36,0xf7,0x36,0xf7,0x36,0xf7,0x36,0xf7,0x36,0xf7,0x36,0xf7,0x36,0xf7,0x36,0xf7,0x36,0xf7,0x36,0xf7,0x37,0xef,0x17,0xef,0x37,0xef,0x37,0xef,0x37,0xef,
    0x37,0xef,0x37,0xef,0x37,0xf7,0x57,0xf7,0x58,0xf7,0x58,0xf7,0x57,0xf7,0x57,0xf7,0x58,0xf7,0x17,0xef,0xd2,0xc5,0x43,0x49,0x81,0x71,0x64,0xdb,0x06,0xe4,0x87,0xec,
    0xa8,0xec,0xa8,0xec,0xa8,0xec,0xe6,0xe3,0x03,0xcb,0x03,0xcb,0xc5,0xdb,0xc8,0xf4,0xa8,0xec,0x67,0xec,0x67,0xec,0xe6,0xdb,0xe1,0x40,0xc4,0x92,0xe8,0xfc,0xa8,0xec,
    0xa8,0xec,0xa8,0xec,0xa8,0xec,0xa8,0xec,0xc8,0xec,0xc8,0xf4,0xa8,0xec,0xa4,0xdb,0x43,0xd3,0xe6,0xdb,0x2b,0xed,0xcd,0xf5,0xce,0xf5,0xce,0xf5,0xce,0xf5,0x0b,0xed,
    0xeb,0xe4,0xeb,0xec,0x0b,0xed,0x0b,0xed,0x07,0xdc,0xa5,0xdb,0xc8,0xf4,0xc8,0xf4,0xa8,0xec,0xa8,0xec,0xa8,0xec,0x88,0xec,0xe6,0xe3,0x82,0x71,0x87,0x6a,0x58,0xf7,
    0x37,0xef,0x37,0xef,0x37,0xef,0x37,0xef,0x37,0xef,0x37,0xef,0x37,0xef,0x37,0xef,0x37,0xef,0x37,0xef,0x37,0xef,0x37,0xef,0x37,0xef,0x37,0xef,0x37,0xef,0x37,0xef,
    0x37,0xef,0x37,0xef,0x37,0xef,0x37,0xef,0x37,0xef,0x37,0xef,0x37,0xef,0x37,0xef,0x37,0xef,0x37,0xef,0x37,0xef,0x37,0xef,0x37,0xef,0x37,0xef,0x37,0xef,0x37,0xef,
    0xb6,0xde,0x0d,0x7c,0xe8,0x4a,0x86,0x3a,0x29,0x64,0xa9,0x84,0x29,0xb5,0xeb,0xed,0x0b,0xfe,0xeb,0xf5,0x0a,0xad,0x49,0x6c,0x69,0x6c,0x49,0x6c,0x49,0x6c,0x49,0x6c,
    0x49,0x6c,0x49,0x6c,0x49,0x6c,0x49,0x6c,0x49,0x6c,0x49,0x6c,0x49,0x6c,0x49,0x6c,0x49,0x6c,0x49,0x6c,0x49,0x6c,0x49,0x6c,0x49,0x6c,0x49,0x6c,0x49,0x6c,0x49,0x6c,
    0x29,0x6c,0x29,0x6c,0x29,0x6c,0x49,0x6c,0x49,0x6c,0x49,0x6c,0x29,0x64,0x29,0x64,0x29,0x6c,0x49,0x6c,0xe9,0x5b,0xe9,0x5b,0x2e,0xc5,0x4e,0xd5,0x4f,0xcd,0x4f,0xcd,
    0x0e,0xc5,0x47,0x42,0x68,0x3a,0x0e,0x74,0x36,0xbe,0x39,0xe7,0x19,0xdf,0x19,0xdf,0x19,0xdf,0x19,0xdf,0x19,0xdf,0x19,0xdf,0x19,0xdf,0x19,0xdf,0x19,0xdf,0x19,0xdf,
    0x19,0xdf,0x19,0xdf,0x19,0xdf,0x19,0xdf,0x18,0xe7,0x37,0xef,0x37,0xf7,0xd5,0xe6,0x12,0xc6,0xb4,0xe6,0x36,0xff,0x36,0xf7,0x36,0xf7,0x36,0xf7,0x36,0xf7,0x36,0xf7,
    0x36,0xf7,0x67,0x3a,0x44,0x19,0xa8,0x93,0xa9,0x9b,0x2b,0xa4,0xcd,0xac,0x0e,0xb5,0x0e,0xb5,0x0e,0xb5,0x2e,0xb5,0x2e,0xb5,0x0e,0xb5,0x2e,0xb5,0x2e,0xb5,0x2f,0xb5,
    0x2f,0xb5,0x2f,0xb5,0x2f,0xb5,0x2e,0xb5,0x2e,0xb5,0x2e,0xb5,0x2e,0xb5,0x2e,0xb5,0x2f,0xb5,0x8c,0xac,0xa9,0x9b,0x48,0x7b,0xc6,0x19,0xa7,0x32,0x07,0x43,0xe7,0x3a,
    0x86,0x32,0x46,0x2a,0x47,0x4b,0xa7,0x5b,0x89,0x84,0xf5,0xee,0x36,0xf7,0x36,0xf7,0x36,0xf7,0x36,0xf7,0x36,0xf7,0x36,0xf7,0x36,0xf7,0x36,0xf7,0x36,0xf7,0x36,0xf7,
    0x37,0xf7,0x37,0xef,0x37,0xef,0x37,0xf7,0x37,0xf7,0x37,0xf7,0x37,0xf7,0x37,0xf7,0x17,0xef,0xf3,0xcd,0xb2,0xcd,0xd2,0xcd,0xb2,0xc5,0xb2,0xc5,0xd2,0xc5,0x8e,0x9c,
    0x81,0x28,0x43,0x9a,0x03,0xcb,0x24,0xd3,0x44,0xd3,0x06,0xe4,0x67,0xec,0xa8,0xec,0xa8,0xec,0x88,0xec,0x67,0xec,0x47,0xec,0x87,0xec,0xc8,0xec,0x44,0xd3,0xc3,0xc2,
    0x04,0xcb,0xc5,0xdb,0xc1,0x30,0xc4,0x92,0xe8,0xfc,0xc8,0xf4,0xc5,0xdb,0x84,0xdb,0x84,0xdb,0x84,0xdb,0x67,0xec,0xe8,0xf4,0xc8,0xf4,0xc8,0xf4,0xe3,0xc2,0x05,0xc3,
    0x0b,0xed,0x0b,0xed,0x0b,0xed,0x0b,0xed,0x0b,0xed,0xeb,0xe4,0xeb,0xe4,0xea,0xe4,0x0b,0xed,0x05,0xc3,0x65,0xd3,0xa8,0xf4,0xc8,0xf4,0xa8,0xec,0xa5,0xdb,0x84,0xdb,
    0xa5,0xdb,0x05,0xe4,0xe5,0xe3,0x61,0x69,0x67,0x6a,0x58,0xf7,0x37,0xef,0x37,0xef,0x37,0xef,0x37,0xef,0x37,0xef,0x37,0xef,0x37,0xef,0x37,0xef,0x37,0xef,0x37,0xef,
    0x37,0xef,0x37,0xef,0x37,0xef,0x37,0xef,0x37,0xef,0x37,0xef,0x37,0xef,0x37,0xef,0x37,0xef,0x37,0xef,0x37,0xef,0x17,0xef,0x37,0xef,0x37,0xef,0x37,0xef,0x37,0xef,
    0x37,0xef,0x37,0xef,0x37,0xef,0x37,0xef,0x37,0xef,0x38,0xf7,0x75,0xd6,0x44,0x11,0x46,0x2a,0xc8,0x53,0x68,0x43,0xe8,0x7b,0x09,0xe5,0xe9,0xe4,0x0a,0xe5,0x09,0x7c,
    0x68,0x4b,0x68,0x4b,0x68,0x4b,0x68,0x4b,0x68,0x4b,0x68,0x4b,0x68,0x4b,0x68,0x4b,0x68,0x4b,0x68,0x4b,0x68,0x4b,0x88,0x4b,0x68,0x4b,0x68,0x4b,0x68,0x4b,0x68,0x4b,
    0x68,0x4b,0x68,0x4b,0x68,0x4b,0x68,0x4b,0x88,0x4b,0x68,0x4b,0x68,0x4b,0x68,0x4b,0x68,0x4b,0x68,0x4b,0x68,0x4b,0x68,0x4b,0x68,0x4b,0x68,0x4b,0x68,0x4b,0x68,0x4b,
    0x08,0x3b,0x29,0x43,0x90,0xcd,0xd1,0xdd,0x74,0xe6,0x74,0xee,0xd2,0xd5,0xa6,0x19,0xca,0x42,0x5a,0xe7,0x39,0xe7,0x19,0xdf,0x19,0xdf,0x19,0xdf,0x19,0xdf,0x19,0xdf,
    0x19,0xdf,0x19,0xdf,0x19,0xdf,0x19,0xdf,0x19,0xdf,0x19,0xdf,0x19,0xdf,0x19,0xdf,0x19,0xdf,0x19,0xdf,0x18,0xe7,0x17,0xef,0x37,0xef,0x36,0xf7,0x56,0xff,0x36,0xff,
    0x36,0xf7,0x36,0xf7,0x36,0xf7,0x36,0xf7,0x36,0xf7,0x36,0xf7,0x36,0xf7,0x47,0x3a,0x44,0x21,0xaa,0xcc,0xeb,0xdc,0xcf,0xed,0x72,0xf6,0xd3,0xfe,0xd3,0xfe,0xd3,0xfe,
    0xd3,0xfe,0xd3,0xfe,0xd3,0xfe,0xd3,0xfe,0xd3,0xfe,0xd3,0xfe,0xd3,0xfe,0xd3,0xfe,0xd3,0xfe,0xb3,0xfe,0xb3,0xfe,0xb3,0xf6,0xb3,0xfe,0xb3,0xfe,0xd3,0xfe,0xf0,0xed,
    0x0c,0xdd,0x2a,0xac,0x25,0x09,0x46,0x2a,0x07,0x43,0x07,0x43,0xc7,0x3a,0x86,0x32,0x07,0x43,0x67,0x53,0xa9,0x84,0xf5,0xee,0x36,0xf7,0x36,0xf7,0x36,0xf7,0x36,0xf7,
    0x36,0xf7,0x36,0xf7,0x36,0xf7,0x36,0xf7,0x36,0xf7,0x36,0xf7,0x37,0xef,0x37,0xef,0x37,0xef,0x37,0xef,0x37,0xf7,0x37,0xf7,0x37,0xf7,0x37,0xef,0x54,0xde,0x02,0x41,
    0x80,0x38,0x81,0x38,0x80,0x38,0x80,0x38,0x60,0x30,0x60,0x20,0x20,0x08,0x04,0xb3,0xa5,0xdb,0x24,0xcb,0x23,0xd3,0x44,0xd3,0x84,0xdb,0x85,0xdb,0xe6,0xe3,0xc8,0xf4,
    0xc8,0xec,0xa8,0xec,0xa8,0xec,0xa8,0xec,0x27,0xe4,0x44,0xd3,0x82,0xba,0x43,0xaa,0x80,0x28,0x23,0x82,0xe5,0xe3,0xa5,0xdb,0x64,0xdb,0x23,0xd3,0x23,0xd3,0x23,0xd3,
    0x64,0xd3,0xc5,0xdb,0xa8,0xf4,0xc8,0xf4,0xe6,0xdb,0x44,0xcb,0x66,0xcb,0xea,0xe4,0xea,0xe4,0xeb,0xe4,0xeb,0xe4,0xeb,0xec,0x0b,0xed,0x8a,0xdc,0xe4,0xb2,0xa3,0xba,
    0xc5,0xdb,0x87,0xec,0xa5,0xdb,0x84,0xdb,0x23,0xd3,0x44,0xd3,0x64,0xdb,0x84,0xdb,0x84,0xe3,0x21,0x69,0x47,0x62,0x58,0xf7,0x37,0xef,0x37,0xef,0x37,0xef,0x37,0xef,
    0x37,0xef,0x37,0xef,0x37,0xef,0x37,0xef,0x37,0xef,0x37,0xef,0x37,0xef,0x37,0xef,0x37,0xef,0x37,0xef,0x37,0xef,0x37,0xef,0x37,0xef,0x17,0xef,0x37,0xef,0x37,0xef,
    0x37,0xef,0x37,0xef,0x37,0xef,0x37,0xef,0x37,0xef,0x37,0xef,0x37,0xef,0x37,0xef,0x37,0xef,0x37,0xef,0x37,0xef,0x38,0xf7,0x55,0xd6,0x85,0x19,0x46,0x2a,0xa8,0x4b,
    0x68,0x43,0xe8,0x7b,0xe9,0xe4,0xe9,0xe4,0xe9,0xe4,0xc8,0x73,0x68,0x43,0x68,0x4b,0x68,0x4b,0x68,0x4b,0x68,0x4b,0x68,0x4b,0x68,0x4b,0x68,0x4b,0x68,0x4b,0x68,0x4b,
    0x68,0x4b,0x68,0x4b,0x68,0x4b,0x68,0x4b,0x68,0x4b,0x68,0x4b,0x68,0x4b,0x68,0x4b,0x68,0x4b,0x68,0x4b,0x68,0x4b,0x68,0x4b,0x68,0x4b,0x68,0x4b,0x68,0x4b,0x68,0x4b,
    0x68,0x4b,0x68,0x4b,0x68,0x43,0x68,0x43,0x68,0x4b,0x68,0x4b,0x08,0x3b,0x29,0x43,0xb1,0xd5,0x12,0xe6,0xf7,0xee,0xf7,0xf6,0x55,0xde,0xc6,0x19,0xeb,0x42,0x39,0xe7,
    0x19,0xdf,0x19,0xdf,0x19,0xdf,0x19,0xdf,0x19,0xdf,0x19,0xdf,0x19,0xdf,0x19,0xdf,0x19,0xdf,0x19,0xdf,0x19,0xdf,0x19,0xdf,0x19,0xdf,0x19,0xdf,0x19,0xdf,0x19,0xdf,
    0x18,0xe7,0x17,0xef,0x37,0xf7,0x36,0xf7,0x36,0xf7,0x36,0xf7,0x36,0xf7,0x36,0xf7,0x36,0xf7,0x36,0xf7,0x36,0xf7,0x36,0xf7,0x16,0xf7,0x07,0x32,0x24,0x19,0x6a,0xc4,
    0xab,0xcc,0x8f,0xdd,0xb0,0xdd,0xb0,0xdd,0xb0,0xdd,0xb0,0xdd,0xb0,0xdd,0xb0,0xdd,0xb0,0xdd,0xb0,0xdd,0xb0,0xdd,0xb0,0xdd,0xb0,0xdd,0xb0,0xdd,0xb0,0xdd,0xb0,0xdd,
    0xb0,0xdd,0xb0,0xdd,0xb0,0xdd,0xb0,0xdd,0xb0,0xdd,0x2e,0xd5,0xcc,0xcc,0xca,0x9b,0x04,0x09,0x25,0x22,0xe6,0x3a,0xe7,0x3a,0xe7,0x42,0xe7,0x42,0xc7,0x3a,0x47,0x4b,
    0xa9,0x84,0xf5,0xee,0x36,0xf7,0x36,0xf7,0x36,0xf7,0x36,0xf7,0x36,0xf7,0x36,0xf7,0x36,0xf7,0x36,0xf7,0x36,0xf7,0x36,0xf7,0x37,0xef,0x37,0xef,0x37,0xef,0x37,0xef,
    0x37,0xef,0x78,0xff,0x13,0xd6,0x84,0x51,0x63,0x51,0x65,0xbb,0xc3,0xb2,0xc1,0x99,0x20,0x81,0x83,0xaa,0x24,0xbb,0x83,0x9a,0x60,0x28,0x04,0xb3,0xa5,0xdb,0x44,0xcb,
    0x24,0xcb,0x23,0xd3,0x44,0xd3,0x84,0xdb,0x06,0xe4,0xa8,0xec,0xa8,0xec,0xa8,0xec,0xc8,0xec,0xa8,0xec,0xc8,0xf4,0x26,0xe4,0x44,0xd3,0xc4,0xba,0xc1,0x40,0xe2,0x89,
    0x44,0xdb,0x23,0xd3,0x23,0xd3,0x64,0xdb,0xa5,0xdb,0xc5,0xe3,0xa5,0xdb,0xc5,0xdb,0xa8,0xec,0xc8,0xf4,0xc8,0xf4,0x45,0xc3,0xc2,0x89,0xca,0xe4,0xeb,0xe4,0xeb,0xe4,
    0xea,0xe4,0xeb,0xe4,0x0a,0xed,0x28,0xd4,0xe1,0xa1,0x85,0xdb,0xa8,0xec,0x87,0xec,0xc5,0xdb,0xe6,0xe3,0xe5,0xe3,0x64,0xd3,0x44,0xd3,0x03,0xc3,0x81,0x71,0x63,0x59,
    0xab,0x8b,0x57,0xf7,0x37,0xef,0x37,0xef,0x37,0xef,0x37,0xef,0x37,0xef,0x37,0xef,0x37,0xef,0x17,0xef,0x37,0xef,0x37,0xef,0x37,0xef,0x37,0xef,0x37,0xef,0x37,0xef,
    0x37,0xef,0x37,0xef,0x37,0xef,0x37,0xef,0x37,0xef,0x37,0xef,0x37,0xef,0x37,0xef,0x37,0xef,0x37,0xef,0x37,0xef,0x37,0xef,0x37,0xef,0x37,0xef,0x37,0xef,0x37,0xef,
    0x37,0xef,0x38,0xf7,0x55,0xce,0x85,0x19,0x46,0x2a,0x88,0x4b,0x68,0x43,0xe8,0x7b,0x09,0xed,0xe9,0xe4,0xe9,0xec,0xc8,0x73,0x68,0x43,0x88,0x4b,0x68,0x4b,0x68,0x4b,
    0x68,0x4b,0x68,0x4b,0x68,0x4b,0x68,0x4b,0x68,0x4b,0x68,0x4b,0x68,0x4b,0x68,0x4b,0x68,0x4b,0x68,0x4b,0x68,0x4b,0x68,0x4b,0x68,0x4b,0x68,0x4b,0x68,0x4b,0x68,0x4b,
    0x68,0x4b,0x68,0x4b,0x68,0x4b,0x68,0x4b,0x68,0x4b,0x68,0x4b,0x68,0x4b,0x68,0x4b,0x68,0x4b,0x68,0x4b,0x68,0x4b,0x68,0x4b,0x08,0x3b,0x29,0x43,0xd1,0xd5,0x53,0xe6,
    0x38,0xf7,0x58,0xf7,0xb7,0xde,0xc6,0x19,0xea,0x42,0x39,0xdf,0x19,0xdf,0x19,0xdf,0x19,0xdf,0x19,0xdf,0x19,0xdf,0x19,0xdf,0x19,0xdf,0x19,0xdf,0x19,0xdf,0x19,0xdf,
    0x19,0xdf,0x19,0xdf,0x19,0xdf,0x19,0xdf,0x19,0xdf,0x19,0xdf,0x18,0xe7,0x17,0xef,0x37,0xef,0x36,0xf7,0x36,0xf7,0x36,0xf7,0x36,0xf7,0x36,0xf7,0x36,0xf7,0x36,0xf7,
    0x36,0xf7,0x36,0xf7,0x16,0xf7,0x06,0x32,0x24,0x19,0x6a,0xc4,0xab,0xcc,0x8f,0xdd,0xb0,0xdd,0xb0,0xdd,0xb0,0xdd,0xb0,0xdd,0xb0,0xdd,0xb0,0xdd,0xb0,0xdd,0xb0,0xdd,
    0xb0,0xdd,0xb0,0xdd,0xb0,0xdd,0xb0,0xdd,0xb0,0xdd,0xb0,0xdd,0xb0,0xdd,0xb0,0xdd,0xb0,0xdd,0xb0,0xdd,0xb0,0xdd,0x4e,0xd5,0xab,0xcc,0xca,0x9b,0xe4,0x00,0xab,0x6b,
    0x6f,0xa5,0x68,0x53,0x07,0x3b,0x07,0x43,0xe7,0x3a,0x07,0x43,0xe9,0x63,0xd5,0xe6,0x36,0xf7,0x36,0xf7,0x36,0xf7,0x36,0xf7,0x36,0xf7,0x36,0xf7,0x36,0xf7,0x36,0xf7,
    0x36,0xf7,0x36,0xf7,0x37,0xef,0x37,0xef,0x37,0xf7,0x37,0xef,0x78,0xf7,0x71,0xbd,0xc8,0x7a,0x22,0x92,0x83,0x9a,0xe9,0xec,0xc8,0xec,0x28,0xdc,0xe7,0xcb,0x04,0xc3,
    0x64,0xdb,0x24,0xbb,0x60,0x28,0x63,0xa2,0x85,0xdb,0x06,0xe4,0x06,0xe4,0xa5,0xdb,0x06,0xe4,0xa8,0xec,0xa8,0xec,0xa8,0xec,0xa8,0xec,0xa8,0xec,0x87,0xec,0x47,0xec,
    0x46,0xe4,0x67,0xec,0xa7,0xec,0x67,0xec,0xe1,0x40,0xc2,0x81,0x64,0xdb,0x64,0xdb,0x84,0xdb,0x26,0xe4,0xc8,0xf4,0xc8,0xec,0xc8,0xf4,0xc8,0xf4,0xc8,0xec,0xc8,0xf4,
    0xe8,0xf4,0x05,0xab,0x01,0x51,0x89,0xe4,0xea,0xe4,0xea,0xe4,0xea,0xe4,0xea,0xec,0x69,0xdc,0x46,0xbb,0xa3,0xba,0x87,0xec,0xc8,0xf4,0xc8,0xf4,0xc8,0xf4,0xc8,0xf4,
    0xc8,0xf4,0xe6,0xe3,0x84,0xdb,0xa3,0xaa,0x00,0x18,0xab,0x8b,0x78,0xf7,0x37,0xef,0x37,0xef,0x37,0xef,0x37,0xef,0x37,0xef,0x37,0xef,0x37,0xef,0x37,0xef,0x17,0xef,
    0x37,0xef,0x37,0xef,0x37,0xef,0x37,0xef,0x37,0xef,0x37,0xef,0x37,0xef,0x37,0xef,0x37,0xef,0x37,0xef,0x37,0xef,0x37,0xef,0x37,0xef,0x37,0xef,0x37,0xef,0x37,0xef,
    0x37,0xef,0x37,0xef,0x37,0xef,0x37,0xef,0x37,0xef,0x37,0xef,0x37,0xef,0x58,0xf7,0x55,0xce,0x65,0x19,0x46,0x2a,0x68,0x4b,0x48,0x43,0xe8,0x7b,0xe9,0xe4,0xc9,0xe4,
    0xc9,0xe4,0xa8,0x6b,0x48,0x43,0x68,0x4b,0x68,0x4b,0x68,0x4b,0x68,0x4b,0x68,0x4b,0x68,0x4b,0x68,0x4b,0x68,0x4b,0x68,0x4b,0x68,0x4b,0x68,0x4b,0x68,0x4b,0x68,0x4b,
    0x68,0x4b,0x68,0x4b,0x68,0x4b,0x68,0x4b,0x68,0x4b,0x68,0x4b,0x68,0x4b,0x68,0x4b,0x68,0x4b,0x68,0x4b,0x68,0x4b,0x68,0x4b,0x68,0x4b,0x68,0x4b,0x68,0x4b,0x68,0x4b,
    0x68,0x4b,0x68,0x4b,0xe8,0x32,0x09,0x43,0xd1,0xd5,0x33,0xe6,0x38,0xf7,0x59,0xf7,0xb7,0xde,0xc7,0x19,0xea,0x42,0x39,0xdf,0x19,0xdf,0x19,0xdf,0x19,0xdf,0x19,0xdf,
    0x19,0xdf,0x19,0xdf,0x19,0xdf,0x19,0xdf,0x19,0xdf,0x19,0xdf,0x19,0xdf,0x19,0xdf,0x19,0xdf,0x19,0xdf,0x19,0xdf,0x19,0xdf,0x18,0xe7,0x17,0xef,0x37,0xef,0x36,0xf7,
    0x36,0xf7,0x36,0xf7,0x36,0xf7,0x36,0xf7,0x36,0xf7,0x36,0xf7,0x36,0xf7,0x36,0xf7,0x16,0xf7,0x06,0x32,0x44,0x21,0x6a,0xc4,0xab,0xcc,0x6f,0xdd,0xb0,0xdd,0xb0,0xdd,
    0xb0,0xdd,0xb0,0xdd,0x6f,0xd5,0x6f,0xd5,0xb0,0xdd,0xb0,0xdd,0xb0,0xdd,0xb0,0xdd,0xb0,0xdd,0xb0,0xdd,0x90,0xd5,0x6f,0xd5,0x90,0xd5,0xb0,0xdd,0xb0,0xdd,0xb0,0xdd,
    0xb0,0xdd,0x2e,0xd5,0xab,0xcc,0xca,0x9b,0xe3,0x00,0xef,0xa4,0x97,0xff,0xca,0x63,0xe6,0x3a,0x07,0x43,0x07,0x43,0x07,0x3b,0x07,0x43,0xb4,0xe6,0x36,0xf7,0x36,0xf7,
    0x36,0xf7,0x36,0xf7,0x36,0xf7,0x36,0xf7,0x36,0xf7,0x36,0xf7,0x36,0xf7,0x37,0xef,0x37,0xef,0x37,0xf7,0x37,0xf7,0x37,0xf7,0x94,0xde,0x29,0x83,0xe0,0x50,0x46,0xec,
    0xe8,0xf4,0x4a,0xf5,0x4a,0xf5,0x4a,0xf5,0x2a,0xf5,0x24,0xc3,0xc2,0x91,0x41,0x61,0x60,0x30,0x22,0xa2,0x44,0xd3,0x26,0xe4,0xc8,0xf4,0xc8,0xf4,0xa8,0xec,0xa8,0xec,
    0xa8,0xec,0xa8,0xec,0xa8,0xec,0xa5,0xdb,0x44,0xd3,0x23,0xd3,0x23,0xd3,0x23,0xd3,0x64,0xdb,0xa5,0xdb,0x62,0x69,0x21,0x61,0x43,0x92,0xa8,0xec,0xa8,0xec,0xa8,0xec,
    0xc8,0xf4,0xc8,0xf4,0x26,0xe4,0xa4,0xdb,0xa5,0xdb,0x05,0xe4,0xa7,0xf4,0x46,0xb3,0xe1,0x58,0x45,0xcb,0x89,0xe4,0xeb,0xec,0xea,0xe4,0xea,0xf4,0x24,0x82,0x41,0x59,
    0xc8,0xf4,0x06,0xe4,0x84,0xdb,0x84,0xdb,0xc5,0xdb,0xa8,0xec,0xc8,0xf4,0xe9,0xf4,0x67,0xec,0xc3,0xba,0x00,0x28,0xcc,0x8b,0x78,0xf7,0x37,0xef,0x37,0xef,0x37,0xef,
    0x37,0xef,0x37,0xef,0x37,0xef,0x37,0xef,0x37,0xef,0x37,0xef,0x37,0xef,0x37,0xef,0x37,0xef,0x37,0xef,0x37,0xef,0x37,0xef,0x37,0xef,0x17,0xef,0x37,0xef,0x37,0xef,
    0x37,0xef,0x37,0xef,0x37,0xef,0x37,0xef,0x37,0xef,0x37,0xef,0x37,0xef,0x37,0xef,0x37,0xef,0x37,0xef,0x37,0xef,0x37,0xef,0x37,0xef,0x58,0xf7,0x55,0xce,0x45,0x19,
    0x06,0x22,0x68,0x43,0x48,0x3b,0xa8,0x73,0x69,0xd4,0x48,0xcc,0x28,0xcc,0x28,0x5b,0x28,0x3b,0x68,0x43,0x48,0x43,0x48,0x43,0x68,0x43,0x68,0x43,0x68,0x43,0x68,0x43,
    0x68,0x43,0x68,0x43,0x68,0x43,0x68,0x43,0x48,0x43,0x48,0x43,0x68,0x43,0x68,0x43,0x68,0x4b,0x68,0x43,0x68,0x4b,0x68,0x4b,0x68,0x4b,0x68,0x4b,0x68,0x43,0x68,0x4b,
    0x68,0x4b,0x68,0x4b,0x68,0x4b,0x68,0x4b,0x48,0x43,0x48,0x43,0x48,0x43,0x68,0x43,0xa7,0x32,0xa8,0x3a,0xb1,0xd5,0x53,0xe6,0x18,0xef,0xd6,0xee,0x34,0xd6,0xa6,0x19,
    0xea,0x42,0x5a,0xe7,0x39,0xe7,0x19,0xdf,0x19,0xdf,0x19,0xdf,0x19,0xdf,0x19,0xdf,0x19,0xdf,0x19,0xdf,0x19,0xdf,0x19,0xdf,0x19,0xdf,0x19,0xdf,0x19,0xdf,0x19,0xdf,
    0x19,0xdf,0x19,0xdf,0x18,0xe7,0x17,0xef,0x17,0xef,0x36,0xf7,0x36,0xf7,0x36,0xf7,0x36,0xf7,0x36,0xf7,0x36,0xf7,0x36,0xf7,0x36,0xf7,0x36,0xf7,0x16,0xf7,0x06,0x32,
    0x44,0x21,0x6b,0xc4,0xab,0xcc,0x6f,0xdd,0xb0,0xdd,0xb0,0xdd,0xb0,0xdd,0x4f,0xcd,0x07,0x32,0x27,0x3a,0x6f,0xd5,0xb0,0xdd,0xb0,0xdd,0xd0,0xe5,0xb0,0xdd,0xd0,0xe5,
    0xec,0x8b,0x86,0x11,0x0c,0x8c,0xf0,0xe5,0xb0,0xdd,0xb0,0xdd,0xb0,0xdd,0x4e,0xd5,0xab,0xcc,0xca,0x9b,0xe3,0x00,0xcf,0x9c,0x77,0xff,0x32,0xce,0x70,0xad,0x07,0x43,
    0xe7,0x3a,0xca,0x63,0x12,0xc6,0x16,0xef,0x36,0xf7,0x36,0xf7,0x36,0xf7,0x36,0xf7,0x36,0xf7,0x36,0xf7,0x36,0xf7,0x36,0xf7,0x37,0xf7,0x37,0xef,0x37,0xef,0x37,0xef,
    0x37,0xf7,0x78,0xf7,0x67,0x6a,0x03,0x82,0x46,0xe4,0x2a,0xf5,0x4b,0xf5,0x88,0xec,0xc5,0xdb,0x23,0xd3,0x23,0xd3,0x64,0xdb,0x43,0x92,0x02,0x41,0x60,0x30,0xa2,0x81,
    0xe4,0xba,0xc5,0xdb,0xe5,0xdb,0x47,0xec,0xa8,0xec,0xc8,0xf4,0xa8,0xec,0x06,0xe4,0xa5,0xdb,0x23,0xd3,0x64,0xd3,0x06,0xe4,0x06,0xe4,0x06,0xe4,0x06,0xe4,0x26,0xe4,
    0x85,0xd3,0x41,0x59,0xe1,0x38,0xc8,0xf4,0xc8,0xf4,0x67,0xec,0xe6,0xe3,0xa5,0xdb,0x64,0xd3,0x23,0xd3,0x03,0xd3,0x43,0xd3,0xa5,0xe3,0x83,0xa2,0xc1,0x50,0x65,0xd3,
    0x89,0xe4,0xea,0xe4,0xaa,0xe4,0x24,0x82,0xc2,0x89,0x42,0xaa,0xa5,0xdb,0x44,0xd3,0x23,0xd3,0x23,0xd3,0x23,0xd3,0xa5,0xdb,0xe6,0xe3,0xe9,0xf4,0x05,0xa3,0x61,0x69,
    0x40,0x30,0xec,0x93,0xb9,0xff,0x37,0xef,0x37,0xef,0x37,0xef,0x37,0xef,0x37,0xef,0x37,0xef,0x37,0xef,0x37,0xef,0x37,0xef,0x37,0xef,0x37,0xef,0x37,0xef,0x37,0xef,
    0x37,0xef,0x37,0xef,0x37,0xef,0x37,0xef,0x37,0xef,0x37,0xef,0x37,0xef,0x37,0xef,0x37,0xef,0x37,0xef,0x37,0xef,0x37,0xef,0x37,0xef,0x37,0xef,0x37,0xef,0x37,0xef,
    0x37,0xef,0x38,0xef,0x58,0xf7,0x58,0xf7,0x54,0xce,0x65,0x19,0x26,0x22,0x08,0x33,0xc8,0x2a,0x28,0x63,0x28,0xcc,0x49,0xd4,0x69,0xd4,0x89,0x73,0xe8,0x32,0xe8,0x32,
    0xe8,0x3a,0xe8,0x3a,0x08,0x3b,0x08,0x3b,0xe8,0x3a,0xe8,0x3a,0xe8,0x3a,0xe8,0x3a,0xe8,0x3a,0xe8,0x3a,0xe8,0x3a,0xe8,0x3a,0xe8,0x3a,0xe8,0x3a,0xe8,0x3a,0xe8,0x3a,
    0xe8,0x3a,0x08,0x3b,0x08,0x3b,0x08,0x3b,0x08,0x3b,0x08,0x3b,0x08,0x3b,0x08,0x3b,0x08,0x3b,0x08,0x3b,0x08,0x3b,0xe8,0x3a,0xe8,0x32,0xe8,0x32,0xa7,0x2a,0xe8,0x3a,
    0x4f,0xcd,0xb0,0xdd,0xf1,0xdd,0x90,0xd5,0xee,0xc4,0xe6,0x29,0xa9,0x42,0xd5,0xb5,0x36,0xbe,0x19,0xdf,0x19,0xdf,0x19,0xdf,0x19,0xdf,0x19,0xdf,0x19,0xdf,0x19,0xdf,
    0x19,0xdf,0x19,0xdf,0x19,0xdf,0x19,0xdf,0x19,0xdf,0x19,0xdf,0x19,0xdf,0x19,0xdf,0x18,0xe7,0x18,0xef,0x17,0xef,0x36,0xef,0x36,0xf7,0x36,0xf7,0x36,0xf7,0x36,0xf7,
    0x36,0xf7,0x36,0xf7,0x36,0xf7,0x36,0xf7,0x16,0xf7,0x06,0x32,0x44,0x21,0x6b,0xc4,0xab,0xcc,0x6f,0xdd,0xb0,0xdd,0xb0,0xdd,0xb0,0xdd,0x6f,0xcd,0x68,0x42,0xa9,0x4a,
    0x6f,0xd5,0xb0,0xdd,0x6f,0xcd,0xce,0xac,0x6f,0xd5,0xd0,0xe5,0x0c,0x8c,0xe7,0x29,0x2c,0x94,0xd0,0xe5,0xb0,0xdd,0xb0,0xdd,0xb0,0xdd,0x4e,0xd5,0xab,0xcc,0xca,0x9b,
    0xe3,0x00,0xcf,0x9c,0x77,0xff,0x56,0xff,0xd5,0xee,0x0b,0x6c,0xa9,0x5b,0xcd,0x8c,0x77,0xff,0x36,0xf7,0x36,0xf7,0x36,0xf7,0x36,0xf7,0x36,0xf7,0x36,0xf7,0x36,0xf7,
    0x36,0xf7,0x37,0xf7,0x37,0xf7,0x37,0xef,0x37,0xef,0x37,0xf7,0xf6,0xee,0x71,0xc5,0x84,0x51,0x84,0x8a,0x29,0xfd,0x2a,0xf5,0xa8,0xec,0x64,0xd3,0x43,0xd3,0x44,0xdb,
    0x64,0xd3,0xa8,0xec,0x6b,0xfd,0xaa,0xd4,0xe1,0x48,0x60,0x30,0xc2,0x81,0x44,0xc3,0x24,0xc3,0x85,0xcb,0xc6,0xcb,0x27,0xd4,0x26,0xe4,0x64,0xdb,0x23,0xd3,0x64,0xdb,
    0xe6,0xe3,0xc8,0xf4,0xc8,0xf4,0xc8,0xf4,0xc8,0xf4,0xc8,0xf4,0xe6,0xe3,0xe2,0x79,0x41,0x59,0x06,0xd4,0x26,0xe4,0xa5,0xdb,0x43,0xd3,0x64,0xd3,0x85,0xdb,0xc5,0xdb,
    0xc5,0xe3,0x84,0xdb,0x84,0xdb,0xa3,0xaa,0x21,0x61,0x43,0x92,0x48,0xdc,0xca,0xec,0x89,0xdc,0xc1,0x40,0xc1,0x89,0x23,0xdb,0x84,0xdb,0xe5,0xdb,0xe5,0xe3,0xe6,0xe3,
    0xa5,0xdb,0x64,0xdb,0x23,0xd3,0x06,0xe4,0xc3,0x69,0xe1,0x50,0xc2,0x89,0xa7,0x7a,0x92,0xc5,0x57,0xf7,0x37,0xef,0x37,0xef,0x37,0xef,0x37,0xef,0x37,0xef,0x37,0xef,
    0x37,0xef,0x37,0xef,0x37,0xef,0x37,0xef,0x37,0xef,0x37,0xef,0x37,0xef,0x37,0xef,0x37,0xef,0x37,0xef,0x37,0xef,0x37,0xef,0x37,0xef,0x37,0xef,0x37,0xef,0x37,0xef,
    0x37,0xef,0x37,0xef,0x37,0xef,0x37,0xef,0x37,0xef,0x37,0xef,0x37,0xef,0xd6,0xde,0x75,0xd6,0x95,0xd6,0xb3,0xb5,0x85,0x19,0x06,0x22,0xa7,0x2a,0x87,0x2a,0xa7,0x4a,
    0x28,0x83,0x29,0xbc,0x49,0xc4,0xe8,0xab,0x67,0x32,0x87,0x2a,0xa7,0x32,0xa7,0x32,0xa7,0x32,0xa7,0x32,0xa7,0x32,0xa7,0x32,0xa7,0x32,0xa7,0x32,0xa7,0x32,0xa7,0x32,
    0xa7,0x32,0xa7,0x32,0xa7,0x32,0xa7,0x32,0xa7,0x32,0xa7,0x32,0xa7,0x32,0xa7,0x32,0xa7,0x32,0xa7,0x32,0xa7,0x32,0xa7,0x32,0xa7,0x32,0xa7,0x32,0xa8,0x32,0xa8,0x32,
    0xa8,0x32,0xa8,0x32,0xa8,0x32,0xa7,0x32,0x87,0x2a,0xc8,0x3a,0x4b,0xac,0x0e,0xbd,0x4f,0xbd,0x2f,0xbd,0xce,0xb4,0xc8,0x62,0xe6,0x39,0x25,0x01,0xca,0x42,0x19,0xdf,
    0x19,0xdf,0x19,0xdf,0x19,0xdf,0x19,0xdf,0x19,0xdf,0x19,0xdf,0x19,0xdf,0x19,0xdf,0x19,0xdf,0x19,0xdf,0x19,0xdf,0x19,0xdf,0x19,0xdf,0x19,0xdf,0x18,0xe7,0x18,0xe7,
    0x17,0xef,0x37,0xef,0x36,0xf7,0x36,0xf7,0x36,0xf7,0x36,0xf7,0x36,0xf7,0x36,0xf7,0x36,0xf7,0x36,0xf7,0x16,0xf7,0x07,0x32,0x44,0x21,0x8b,0xc4,0xab,0xcc,0x6f,0xdd,
    0xb0,0xdd,0xb0,0xdd,0xb0,0xdd,0xb0,0xdd,0xb0,0xdd,0xb0,0xdd,0xb0,0xdd,0x11,0xee,0x6d,0x9c,0x04,0x01,0xee,0xb4,0xf1,0xed,0xb0,0xdd,0x90,0xdd,0xb0,0xdd,0xb0,0xdd,
    0xb0,0xdd,0xb0,0xdd,0xb0,0xdd,0x4e,0xd5,0xab,0xcc,0xca,0x9b,0xc3,0x00,0xcf,0x9c,0x77,0xff,0x36,0xf7,0x36,0xf7,0x16,0xf7,0x16,0xf7,0x36,0xf7,0x36,0xf7,0x36,0xf7,
    0x36,0xf7,0x36,0xf7,0x36,0xf7,0x36,0xf7,0x36,0xf7,0x36,0xf7,0x36,0xf7,0x37,0xf7,0x77,0xff,0x77,0xff,0x78,0xff,0x78,0xff,0x95,0xe6,0x02,0x49,0x20,0x30,0xc5,0x9a,
    0x6a,0xfd,0x67,0xec,0x44,0xd3,0x44,0xd3,0x43,0xd3,0x84,0xdb,0x6b,0xf5,0x8c,0xf5,0x8c,0xf5,0x4b,0xf5,0x06,0xdc,0x21,0x59,0x40,0x30,0x60,0x38,0x80,0x40,0x80,0x40,
    0x60,0x38,0xa0,0x40,0xe3,0xc2,0x44,0xd3,0x44,0xd3,0x87,0xec,0xa8,0xf4,0xc8,0xf4,0xc8,0xf4,0xc8,0xf4,0xc8,0xec,0xa8,0xf4,0x26,0xe4,0x85,0xd3,0xa3,0xba,0x01,0x71,
    0xc3,0xc2,0x23,0xd3,0x84,0xdb,0xa8,0xf4,0xc8,0xf4,0xc8,0xf4,0xc8,0xec,0xc8,0xec,0xc8,0xec,0x87,0xec,0xc3,0xaa,0x20,0x18,0xc7,0xbb,0xa9,0xec,0x28,0xdc,0xe1,0x50,
    0x02,0x92,0xc5,0xe3,0xc8,0xf4,0xe9,0xf4,0xe9,0xf4,0xc9,0xf4,0xc8,0xec,0x47,0xec,0x43,0xd3,0x44,0xdb,0x61,0x71,0x01,0x51,0x64,0xdb,0xc0,0x48,0xa8,0x6a,0x78,0xff,
    0x57,0xf7,0x57,0xf7,0x57,0xf7,0x58,0xf7,0x57,0xf7,0x57,0xf7,0x57,0xf7,0x58,0xf7,0x37,0xef,0x37,0xef,0x37,0xef,0x37,0xef,0x37,0xef,0x17,0xef,0x37,0xef,0x17,0xef,
    0x17,0xef,0x17,0xef,0x17,0xef,0x37,0xef,0x17,0xef,0x37,0xef,0x37,0xef,0x17,0xef,0x37,0xef,0x37,0xef,0x58,0xf7,0x78,0xf7,0x78,0xff,0x2a,0x5b,0x03,0x09,0x85,0x19,
    0x85,0x19,0x24,0x09,0x24,0x09,0x45,0x09,0x65,0x09,0x86,0x09,0xa6,0x11,0xa6,0x11,0xa6,0x11,0x86,0x11,0x86,0x11,0xa6,0x11,0x86,0x09,0x86,0x09,0x86,0x11,0x86,0x11,
    0x86,0x11,0x86,0x09,0x86,0x09,0x86,0x09,0x86,0x09,0x86,0x09,0x86,0x09,0x86,0x09,0x86,0x11,0x86,0x11,0x86,0x11,0x86,0x11,0x86,0x11,0x86,0x09,0x86,0x09,0x86,0x09,
    0x86,0x09,0x86,0x09,0x86,0x09,0x86,0x09,0x86,0x11,0x86,0x11,0x86,0x11,0x86,0x09,0x86,0x11,0x86,0x11,0x86,0x11,0x86,0x09,0xa6,0x11,0xc7,0x11,0xa6,0x11,0x86,0x11,
    0x86,0x11,0x85,0x09,0x86,0x09,0x86,0x09,0xc7,0x19,0x48,0x32,0x94,0xa5,0x3a,0xe7,0x19,0xdf,0x19,0xdf,0x19,0xdf,0x19,0xdf,0x19,0xdf,0x19,0xdf,0x19,0xdf,0x19,0xdf,
    0x19,0xdf,0x19,0xdf,0x19,0xdf,0x19,0xdf,0x18,0xe7,0x18,0xe7,0x17,0xef,0x37,0xef,0x36,0xf7,0x36,0xf7,0x36,0xf7,0x36,0xf7,0x36,0xf7,0x36,0xf7,0x36,0xf7,0x36,0xf7,
    0x16,0xf7,0x07,0x32,0x44,0x21,0x8b,0xc4,0xab,0xcc,0x6f,0xdd,0xb0,0xdd,0xb0,0xdd,0xb0,0xdd,0xb0,0xdd,0xb0,0xdd,0xb0,0xe5,0xce,0xb4,0x2a,0x63,0x4a,0x6b,0xeb,0x8b,
    0x29,0x63,0x09,0x5b,0x0f,0xc5,0xb0,0xdd,0xb0,0xdd,0xb0,0xdd,0xb0,0xdd,0xb0,0xdd,0xb0,0xdd,0x4e,0xd5,0xcc,0xcc,0xca,0x9b,0xe3,0x00,0xef,0x9c,0x76,0xff,0x36,0xf7,
    0x36,0xf7,0x36,0xf7,0x36,0xf7,0x36,0xf7,0x36,0xf7,0x36,0xf7,0x36,0xf7,0x36,0xf7,0x36,0xf7,0x36,0xf7,0x36,0xf7,0x56,0xf7,0x57,0xff,0x16,0xef,0x8b,0x73,0x2a,0x63,
    0x8b,0x6b,0xed,0x73,0x6b,0x6b,0x81,0x28,0x03,0x82,0x07,0xcc,0x6a,0xfd,0x47,0xe4,0x43,0xd3,0x23,0xd3,0xe6,0xe3,0xe9,0xec,0x8c,0xf5,0xac,0xf5,0x4b,0xf5,0x06,0xe4,
    0x84,0xdb,0x42,0xa2,0xa4,0x9a,0x67,0xa3,0x46,0xa3,0x46,0xab,0xc4,0xa2,0x02,0x92,0x41,0x61,0xc2,0x79,0xa8,0xec,0xc8,0xf4,0xc8,0xf4,0xc8,0xf4,0x26,0xe4,0xe5,0xe3,
    0xc5,0xdb,0x06,0xe4,0xc5,0xe3,0x44,0xd3,0x63,0xaa,0x60,0x30,0xc3,0xba,0x05,0xe4,0x87,0xec,0xc8,0xec,0xc8,0xf4,0xc8,0xf4,0xc8,0xf4,0xc8,0xec,0xa8,0xec,0xa8,0xf4,
    0x65,0xbb,0x60,0x28,0x86,0xc3,0x07,0xe4,0x85,0xcb,0x80,0x30,0xa4,0x92,0xc8,0xf4,0xc8,0xf4,0xc8,0xf4,0xe8,0xf4,0xe8,0xf4,0xc8,0xf4,0xa8,0xec,0x88,0xec,0xc2,0x79,
    0x41,0x71,0xe2,0x91,0x24,0xd3,0x01,0x59,0x44,0x39,0xc9,0x4a,0xa9,0x4a,0x89,0x4a,0xa9,0x4a,0x89,0x42,0xa9,0x4a,0xa9,0x4a,0xa9,0x4a,0x89,0x4a,0x75,0xd6,0x98,0xff,
    0x58,0xf7,0x37,0xf7,0x37,0xef,0x17,0xef,0x17,0xef,0x17,0xef,0x17,0xef,0x37,0xef,0x17,0xef,0x17,0xef,0x17,0xef,0x17,0xef,0x37,0xef,0x17,0xef,0x17,0xef,0x57,0xf7,
    0x72,0xb5,0x4e,0x84,0xc9,0x4a,0x65,0x5a,0x85,0x6a,0xa6,0x72,0xc6,0x72,0x48,0x7b,0x8a,0x7b,0xaa,0x7b,0xeb,0x7b,0x69,0x73,0xc6,0x6a,0xc6,0x62,0xa7,0x62,0xc7,0x62,
    0xc7,0x6a,0xc7,0x6a,0xc7,0x6a,0xc7,0x6a,0xc7,0x6a,0xc7,0x6a,0xc7,0x6a,0xc7,0x6a,0xc7,0x6a,0xc7,0x6a,0xc7,0x62,0xa7,0x62,0xa7,0x62,0xc7,0x62,0xc7,0x62,0xc7,0x6a,
    0xc7,0x6a,0xc7,0x6a,0xa6,0x62,0xc7,0x62,0xc7,0x6a,0xc7,0x62,0xa7,0x62,0xa7,0x62,0xc7,0x62,0xc7,0x62,0xc7,0x62,0xa6,0x62,0xa7,0x62,0xa6,0x62,0xa6,0x62,0xa6,0x62,
    0xa7,0x62,0xa7,0x5a,0x66,0x5a,0xa7,0x5a,0x8b,0x73,0xab,0x73,0xab,0x73,0xcb,0x73,0xcb,0x7b,0x08,0x73,0x86,0x5a,0x44,0x09,0x32,0x9d,0x5a,0xe7,0x19,0xdf,0x19,0xdf,
    0x19,0xdf,0x19,0xdf,0x19,0xdf,0x19,0xdf,0x19,0xdf,0x19,0xdf,0x19,0xdf,0x19,0xdf,0x19,0xdf,0x19,0xdf,0x18,0xe7,0x18,0xe7,0x17,0xef,0x17,0xef,0x36,0xef,0x36,0xf7,
    0x36,0xf7,0x36,0xf7,0x36,0xf7,0x36,0xf7,0x36,0xf7,0x36,0xf7,0x16,0xf7,0x07,0x32,0x44,0x21,0x8b,0xc4,0xab,0xcc,0x6f,0xdd,0xb0,0xdd,0xb0,0xdd,0xb0,0xdd,0xb0,0xdd,
    0xb0,0xdd,0xd0,0xe5,0x4d,0x9c,0x86,0x11,0x09,0x5b,0xf0,0xe5,0xa9,0x4a,0xc6,0x21,0xce,0xb4,0xb0,0xdd,0xb0,0xdd,0xb0,0xdd,0xb0,0xdd,0xb0,0xdd,0xb0,0xdd,0x4e,0xd5,
    0xcc,0xcc,0xca,0x9b,0xe3,0x00,0xef,0x9c,0x77,0xff,0x36,0xf7,0x36,0xf7,0x36,0xf7,0x36,0xf7,0x36,0xf7,0x36,0xf7,0x36,0xf7,0x36,0xf7,0x36,0xf7,0x36,0xf7,0x36,0xf7,
    0x36,0xf7,0x74,0xd6,0xf2,0xc5,0x30,0xad,0x84,0x21,0x23,0x11,0x64,0x19,0x84,0x11,0x64,0x11,0x60,0x18,0x45,0xb3,0x88,0xec,0x88,0xec,0xc5,0xdb,0x43,0xd3,0xa4,0xdb,
    0xe9,0xec,0xcc,0xfd,0x8c,0xf5,0x2b,0xf5,0x47,0xe4,0x23,0xd3,0x23,0xd3,0x06,0xe4,0x0a,0xf5,0xac,0xfd,0x8b,0xfd,0xc8,0xf4,0x05,0xe4,0x64,0xdb,0xe2,0x81,0x82,0x69,
    0xc4,0x8a,0x46,0xe4,0x26,0xe4,0xe5,0xdb,0x64,0xd3,0x43,0xd3,0x23,0xd3,0x44,0xd3,0x44,0xd3,0xa3,0xb2,0xe2,0x81,0x40,0x20,0xa3,0xaa,0x46,0xec,0xe8,0xf4,0xc8,0xf4,
    0x87,0xec,0x47,0xec,0x46,0xec,0xa8,0xec,0x87,0xec,0xa7,0xf4,0x85,0xbb,0x40,0x20,0x04,0xb3,0x45,0xcb,0x63,0xa2,0xc0,0x48,0x04,0xa3,0xe8,0xfc,0xc8,0xf4,0x87,0xec,
    0x67,0xec,0x47,0xec,0x67,0xec,0xa8,0xec,0x47,0xe4,0xc1,0x38,0x81,0x79,0xe3,0xd2,0x24,0xd3,0x01,0x49,0x81,0x10,0x44,0x09,0x44,0x11,0x64,0x11,0x64,0x11,0x84,0x19,
    0x84,0x19,0xa4,0x21,0xc4,0x21,0xe5,0x21,0x4e,0x8c,0x30,0xa5,0x10,0xa5,0x95,0xde,0x37,0xf7,0x37,0xef,0x17,0xef,0x17,0xef,0x17,0xef,0x37,0xef,0x37,0xef,0x17,0xef,
    0x17,0xef,0x17,0xef,0x17,0xef,0x37,0xef,0x17,0xef,0xd6,0xe6,0xa8,0x4a,0xa2,0x00,0x64,0x6a,0xc7,0xbb,0x27,0xd4,0x27,0xcc,0x48,0xd4,0xae,0xed,0x52,0xf6,0x31,0xf6,
    0x10,0xee,0xeb,0xd4,0xc7,0xbb,0x08,0xc4,0x08,0xc4,0x08,0xc4,0x08,0xc4,0x08,0xc4,0x08,0xc4,0x08,0xc4,0xe8,0xc3,0xe8,0xbb,0xe8,0xc3,0xe8,0xc3,0xe8,0xc3,0x08,0xc4,
    0x08,0xc4,0xe8,0xc3,0xe8,0xbb,0xe8,0xbb,0xe8,0xbb,0xe8,0xc3,0xe8,0xc3,0xe8,0xbb,0xe8,0xbb,0xe8,0xbb,0xe8,0xbb,0xe8,0xc3,0xe8,0xbb,0xe8,0xbb,0xe8,0xc3,0xe8,0xbb,
    0xe8,0xbb,0xe7,0xbb,0xe7,0xbb,0xe7,0xc3,0xe7,0xc3,0xe7,0xbb,0xe7,0xbb,0xe7,0xbb,0x29,0xc4,0x8b,0xcc,0x33,0xee,0x53,0xee,0x53,0xee,0x32,0xee,0x32,0xee,0xeb,0xe4,
    0xa8,0xab,0x24,0x09,0x32,0x9d,0x5a,0xe7,0x19,0xdf,0x19,0xdf,0x19,0xdf,0x19,0xdf,0x19,0xdf,0x19,0xdf,0x19,0xdf,0x19,0xdf,0x19,0xdf,0x19,0xdf,0x19,0xdf,0x19,0xdf,
    0x18,0xe7,0x18,0xe7,0x17,0xef,0x17,0xef,0x37,0xef,0x36,0xf7,0x36,0xf7,0x36,0xf7,0x36,0xf7,0x36,0xf7,0x36,0xf7,0x36,0xf7,0x16,0xf7,0x07,0x32,0x44,0x21,0x8b,0xc4,
    0xab,0xcc,0x8f,0xdd,0xb0,0xdd,0xb0,0xdd,0xb0,0xdd,0xb0,0xdd,0xb0,0xdd,0xb0,0xdd,0x90,0xdd,0x90,0xd5,0x90,0xd5,0xb0,0xdd,0x90,0xd5,0x6f,0xd5,0x90,0xdd,0x90,0xdd,
    0xb0,0xdd,0xb0,0xdd,0xb0,0xdd,0xb0,0xdd,0xb0,0xdd,0x4e,0xd5,0xcc,0xcc,0xca,0x9b,0xe3,0x00,0xef,0xa4,0x77,0xff,0x36,0xf7,0x16,0xf7,0x36,0xf7,0x36,0xf7,0x36,0xf7,
    0x36,0xf7,0x36,0xf7,0x36,0xf7,0x36,0xf7,0x36,0xf7,0x36,0xf7,0x77,0xff,0xc9,0x52,0xc3,0x00,0x23,0x11,0x49,0x6c,0xaa,0x7c,0xaa,0x7c,0x29,0x64,0x07,0x43,0x60,0x18,
    0x25,0xab,0x88,0xe4,0xa5,0xdb,0x43,0xd3,0x84,0xdb,0xc8,0xf4,0x6b,0xf5,0x8c,0xf5,0xac,0xf5,0x88,0xec,0x23,0xd3,0x44,0xd3,0x43,0xd3,0x09,0xed,0x8c,0xf5,0x6b,0xf5,
    0x6b,0xf5,0xc5,0xdb,0x43,0xd3,0x44,0xd3,0xa4,0xe3,0x83,0xaa,0x60,0x30,0xe3,0xba,0x23,0xcb,0x23,0xd3,0x04,0xcb,0x44,0xd3,0x64,0xd3,0x04,0xcb,0xe4,0xc2,0x82,0x69,
    0x40,0x20,0x40,0x18,0x83,0xa2,0x46,0xe4,0xc8,0xf4,0xa8,0xec,0xe5,0xe3,0x84,0xdb,0x84,0xdb,0x87,0xec,0x26,0xec,0x26,0xec,0x45,0xbb,0x60,0x28,0xa3,0xb2,0x43,0x9a,
    0x60,0x30,0xe1,0x99,0x85,0xd3,0xe8,0xf4,0xe8,0xf4,0x26,0xe4,0xc5,0xe3,0x84,0xdb,0x85,0xdb,0x24,0xbb,0x01,0x69,0x21,0x79,0x62,0xb2,0x44,0xd3,0x24,0xd3,0xe1,0x48,
    0x63,0x21,0xa9,0x4b,0xa9,0x4b,0xe9,0x53,0x49,0x64,0xaa,0x74,0x69,0x74,0x8a,0x7c,0xca,0x84,0xea,0x84,0xa4,0x19,0xa2,0x00,0xa2,0x00,0x51,0xad,0x78,0xff,0x37,0xef,
    0x37,0xef,0x37,0xef,0x37,0xef,0x37,0xef,0x17,0xef,0x17,0xef,0x17,0xef,0x17,0xef,0x17,0xef,0x37,0xef,0x95,0xde,0xc6,0x29,0x23,0x21,0xc3,0x49,0xe7,0xc3,0xe7,0xc3,
    0xc7,0xbb,0xc7,0xbb,0x6e,0xdd,0xd1,0xdd,0xf1,0xdd,0xb0,0xdd,0x68,0x9b,0x06,0x93,0x06,0x93,0x07,0x93,0x27,0x93,0x27,0x93,0x27,0x93,0x27,0x93,0x27,0x93,0x27,0x93,
    0x27,0x93,0x27,0x93,0x07,0x93,0x07,0x93,0x07,0x93,0x27,0x93,0x27,0x93,0x27,0x93,0x07,0x93,0x07,0x93,0x07,0x93,0x27,0x93,0x07,0x93,0x27,0x93,0x27,0x93,0x27,0x93,
    0x07,0x93,0x07,0x93,0x07,0x93,0x07,0x93,0x07,0x93,0x07,0x93,0x07,0x93,0x07,0x93,0x07,0x93,0x27,0x93,0x27,0x93,0x27,0x9b,0x27,0x9b,0x26,0x9b,0x4f,0xcd,0x95,0xee,
    0x59,0xf7,0x17,0xef,0xd6,0xee,0xb1,0xdd,0x2e,0xcd,0x49,0x7b,0x87,0x52,0x86,0x11,0x53,0x9d,0x5a,0xe7,0x19,0xdf,0x19,0xdf,0x19,0xdf,0x19,0xdf,0x19,0xdf,0x19,0xdf,
    0x19,0xdf,0x19,0xdf,0x19,0xdf,0x19,0xdf,0x19,0xdf,0x19,0xdf,0x18,0xe7,0x18,0xe7,0x17,0xef,0x17,0xef,0x17,0xef,0x36,0xef,0x36,0xf7,0x36,0xf7,0x36,0xf7,0x36,0xf7,
    0x36,0xf7,0x36,0xf7,0x16,0xf7,0x07,0x32,0x44,0x21,0x8b,0xc4,0xab,0xcc,0x8f,0xdd,0xb0,0xdd,0xb0,0xdd,0xb0,0xdd,0xb0,0xdd,0xb0,0xdd,0xb0,0xdd,0xb0,0xdd,0xb0,0xdd,
    0xb0,0xdd,0xb0,0xdd,0xb0,0xdd,0xb0,0xdd,0xb0,0xdd,0x90,0xdd,0xb0,0xdd,0xb0,0xdd,0x90,0xdd,0x90,0xdd,0xb0,0xdd,0x4e,0xd5,0xcc,0xcc,0xca,0x9b,0xe3,0x00,0x0f,0xa5,
    0x77,0xff,0x36,0xf7,0x16,0xf7,0x16,0xf7,0x16,0xf7,0x16,0xf7,0x36,0xf7,0x36,0xf7,0x36,0xf7,0x36,0xf7,0x36,0xf7,0xd5,0xe6,0x71,0xb5,0x47,0x3a,0xe4,0x21,0xe8,0x63,
    0x69,0x74,0x49,0x6c,0x29,0x6c,0xe9,0x5b,0x68,0x4b,0xe1,0x20,0x84,0x8a,0xe7,0xcb,0x44,0xd3,0x03,0xcb,0xa5,0xdb,0x6b,0xfd,0xac,0xf5,0x8c,0xf5,0x8b,0xf5,0xc9,0xf4,
    0xc5,0xe3,0x44,0xd3,0x23,0xd3,0xe9,0xec,0x8b,0xf5,0x6b,0xf5,0x6b,0xf5,0xe5,0xe3,0x44,0xdb,0x64,0xdb,0x64,0xd3,0x03,0xcb,0x22,0xa2,0x80,0x38,0xe2,0x79,0x46,0xec,
    0xc9,0xec,0x09,0xed,0x0a,0xf5,0x0a,0xed,0x2a,0xf5,0x68,0xe4,0x63,0x8a,0x60,0x28,0xa0,0x38,0x23,0x8a,0x84,0xe3,0x44,0xd3,0x26,0xe4,0x09,0xf5,0x8c,0xf5,0xac,0xf5,
    0xac,0xf5,0xac,0xf5,0x6b,0xf5,0x64,0x8a,0xa1,0x89,0x02,0x92,0xc1,0x40,0x84,0xd3,0x67,0xec,0x2a,0xf5,0xad,0xf5,0xac,0xf5,0xad,0xf5,0xad,0xf5,0x8c,0xfd,0x45,0xb3,
    0x60,0x28,0xe4,0xc2,0x64,0xdb,0x64,0xd3,0x44,0xdb,0xe1,0x48,0x83,0x29,0xe9,0x53,0xa9,0x4b,0xc9,0x53,0xe9,0x53,0x09,0x5c,0xe9,0x5b,0xe9,0x5b,0x29,0x64,0x49,0x6c,
    0xc8,0x63,0x87,0x5b,0x67,0x53,0xc8,0x42,0x0a,0x53,0x16,0xef,0x57,0xf7,0x37,0xef,0x17,0xef,0x37,0xef,0x37,0xef,0x17,0xef,0x17,0xef,0x17,0xef,0x37,0xef,0x37,0xf7,
    0x75,0xd6,0x24,0x11,0xc4,0x41,0x87,0xab,0x67,0xa3,0x67,0xa3,0x47,0xa3,0x67,0xa3,0x90,0xd5,0x12,0xe6,0x53,0xe6,0x53,0xe6,0x68,0x9b,0x07,0x93,0x27,0x93,0x27,0x93,
    0x27,0x93,0x27,0x93,0x27,0x93,0x27,0x93,0x27,0x93,0x27,0x93,0x27,0x93,0x27,0x93,0x27,0x93,0x27,0x93,0x27,0x93,0x27,0x93,0x27,0x93,0x27,0x93,0x27,0x93,0x27,0x93,
    0x27,0x93,0x27,0x93,0x27,0x93,0x27,0x93,0x27,0x93,0x27,0x93,0x27,0x93,0x27,0x93,0x27,0x93,0x07,0x93,0x07,0x93,0x07,0x93,0x27,0x93,0x27,0x93,0x27,0x93,0x27,0x93,
    0x27,0x93,0x27,0x93,0x27,0x93,0xe6,0x8a,0x70,0xcd,0xb5,0xee,0xf7,0xee,0xf7,0xee,0xd6,0xee,0xd2,0xdd,0x90,0xd5,0x07,0x32,0xc7,0x19,0x36,0xbe,0xf8,0xde,0x19,0xdf,
    0x19,0xdf,0x19,0xdf,0x19,0xdf,0x19,0xdf,0x19,0xdf,0x19,0xdf,0x19,0xdf,0x19,0xdf,0x19,0xdf,0x19,0xdf,0x19,0xdf,0x19,0xdf,0x18,0xe7,0x18,0xe7,0x17,0xef,0x17,0xef,
    0x17,0xef,0x37,0xef,0x37,0xef,0x36,0xf7,0x36,0xf7,0x36,0xf7,0x36,0xf7,0x36,0xf7,0x16,0xf7,0xe6,0x29,0x43,0x21,0xab,0xcc,0xcc,0xcc,0x8f,0xdd,0xb0,0xdd,0xb0,0xdd,
    0xb0,0xdd,0xb0,0xdd,0xb0,0xdd,0xb0,0xdd,0xb0,0xdd,0xb0,0xdd,0xb0,0xdd,0xb0,0xdd,0xb0,0xdd,0xb0,0xdd,0xb0,0xdd,0xb0,0xdd,0x90,0xdd,0xb0,0xdd,0xb0,0xdd,0xb0,0xdd,
    0xb0,0xdd,0x4e,0xd5,0xec,0xd4,0xca,0x9b,0xa3,0x00,0xef,0x9c,0x77,0xff,0x36,0xf7,0x36,0xf7,0x16,0xf7,0x16,0xf7,0x16,0xf7,0x36,0xf7,0x36,0xf7,0x36,0xf7,0x36,0xf7,
    0x77,0xff,0x54,0xd6,0x82,0x00,0xe6,0x42,0x49,0x6c,0x69,0x74,0xe9,0x5b,0xc9,0x53,0xc9,0x53,0x88,0x4b,0x48,0x3b,0xe7,0x3a,0xe2,0x20,0x23,0x82,0x04,0xd3,0xc3,0xc2,
    0x24,0xcb,0xc9,0xec,0x0a,0xed,0x4b,0xf5,0x4b,0xf5,0x26,0xe4,0x84,0xdb,0x44,0xd3,0x88,0xec,0x4b,0xf5,0x8b,0xf5,0x4b,0xf5,0xe5,0xe3,0x84,0xdb,0x44,0xd3,0x64,0xdb,
    0x64,0xdb,0x64,0xdb,0x44,0xd3,0xa0,0x38,0x24,0x72,0x4a,0xfd,0x2a,0xf5,0x4b,0xf5,0x6b,0xf5,0x4b,0xf5,0xc9,0xec,0x09,0xf5,0xc9,0xe4,0xc5,0x9a,0x60,0x28,0x80,0x38,
    0xe2,0x79,0xa8,0xec,0x4b,0xf5,0xcd,0xfd,0x0e,0xfe,0xed,0xfd,0xcd,0xfd,0xed,0xfd,0xcd,0xfd,0xca,0xdc,0x62,0x51,0x80,0x38,0x22,0x51,0x0a,0xed,0x6b,0xf5,0xac,0xfd,
    0x0e,0xfe,0xee,0xfd,0xee,0xfd,0xee,0xfd,0xee,0xfd,0x6c,0xed,0xe9,0xab,0x21,0x51,0xe3,0xb2,0x64,0xdb,0x42,0xaa,0xa1,0x38,0xa4,0x29,0x69,0x43,0x68,0x43,0xa9,0x4b,
    0xc9,0x4b,0xc9,0x4b,0xc9,0x53,0xc9,0x53,0xc9,0x53,0xe9,0x5b,0x89,0x74,0xaa,0x7c,0xca,0x7c,0x86,0x32,0xa5,0x21,0xcf,0x9c,0x95,0xde,0x37,0xf7,0x17,0xef,0x17,0xef,
    0x17,0xef,0x17,0xef,0x17,0xef,0x37,0xef,0x37,0xef,0x37,0xf7,0x55,0xd6,0x85,0x19,0xe5,0x39,0x47,0xa3,0x47,0x9b,0x47,0x9b,0x47,0x9b,0x87,0xa3,0xb0,0xdd,0x94,0xee,
    0xd6,0xf6,0x95,0xee,0x89,0x9b,0x07,0x93,0x27,0x93,0x27,0x93,0x27,0x93,0x27,0x93,0x27,0x93,0x27,0x93,0x27,0x93,0x27,0x93,0x27,0x93,0x27,0x93,0x27,0x93,0x27,0x93,
    0x27,0x93,0x27,0x93,0x27,0x93,0x27,0x93,0x27,0x93,0x27,0x93,0x27,0x93,0x27,0x93,0x27,0x93,0x27,0x93,0x27,0x93,0x27,0x93,0x27,0x93,0x27,0x93,0x27,0x93,0x27,0x93,
    0x27,0x93,0x27,0x93,0x27,0x93,0x27,0x93,0x27,0x93,0x27,0x93,0x27,0x93,0x27,0x93,0x27,0x93,0x06,0x93,0xd2,0xd5,0x18,0xf7,0xf7,0xee,0xf7,0xee,0xb6,0xee,0xf7,0xee,
    0x7a,0xf7,0xca,0x42,0xe7,0x21,0xd8,0xd6,0x39,0xe7,0x19,0xdf,0x19,0xdf,0x19,0xdf,0x19,0xdf,0x19,0xdf,0x19,0xdf,0x19,0xdf,0x19,0xdf,0x19,0xdf,0x19,0xdf,0x19,0xdf,
    0x19,0xdf,0x19,0xdf,0x19,0xe7,0x18,0xe7,0x18,0xef,0x37,0xef,0x37,0xef,0x37,0xef,0x37,0xef,0x36,0xf7,0x36,0xf7,0x36,0xf7,0x36,0xf7,0x36,0xf7,0x36,0xf7,0x91,0xbd,
    0x2d,0x8c,0xc5,0x39,0xe7,0x72,0xec,0xd4,0x6f,0xd5,0xb0,0xdd,0xb0,0xdd,0xb0,0xdd,0xb0,0xdd,0xb0,0xdd,0xb0,0xdd,0xb0,0xdd,0xb0,0xdd,0xb0,0xdd,0xb0,0xdd,0xb0,0xdd,
    0xb0,0xdd,0xb0,0xdd,0xb0,0xdd,0xb0,0xdd,0xb0,0xdd,0xb0,0xdd,0x2e,0xd5,0x8c,0xbc,0x47,0x4a,0x88,0x52,0xef,0xa4,0x74,0xde,0x56,0xff,0x36,0xf7,0x36,0xf7,0x16,0xf7,
    0x16,0xf7,0x36,0xf7,0x36,0xf7,0x36,0xf7,0x36,0xf7,0x77,0xff,0xcf,0x9c,0xc9,0x4a,0xe7,0x42,0xe8,0x5b,0x29,0x64,0xa9,0x53,0xa9,0x53,0xc9,0x53,0xc9,0x53,0x88,0x4b,
    0x68,0x43,0x68,0x43,0xa4,0x19,0x83,0x49,0xe2,0x89,0x83,0xba,0xc3,0xba,0x48,0xdc,0xa9,0xe4,0xc9,0xec,0x68,0xe4,0x44,0xd3,0x03,0xcb,0x64,0xdb,0x0a,0xf5,0x8b,0xf5,
    0x8b,0xf5,0x2a,0xf5,0x26,0xe4,0x84,0xdb,0x64,0xdb,0x64,0xdb,0x64,0xdb,0x64,0xdb,0x44,0xd3,0xc0,0x40,0x24,0x72,0x4a,0xf5,0x4b,0xf5,0xea,0xec,0x88,0xe4,0x4b,0xf5,
    0x48,0xe4,0x07,0xdc,0x48,0xe4,0xe7,0xc3,0x60,0x18,0x20,0x18,0xa3,0x59,0xcc,0xfd,0xcd,0xfd,0xcd,0xf5,0xa9,0xe4,0x8c,0xf5,0xed,0xfd,0x6c,0xf5,0x0a,0xed,0xed,0xfd,
    0x83,0x41,0x00,0x10,0x22,0x49,0x8b,0xf5,0xcd,0xfd,0xee,0xf5,0x6a,0xcc,0x2b,0xe5,0xed,0xfd,0xad,0xf5,0xea,0xec,0x0d,0xfe,0xeb,0xd4,0x40,0x10,0xa3,0xaa,0x24,0xcb,
    0xe1,0x50,0x23,0x21,0x26,0x2a,0x08,0x33,0x28,0x3b,0x68,0x43,0x88,0x4b,0xc9,0x53,0xc9,0x53,0xc9,0x53,0xc9,0x53,0xc9,0x53,0xc9,0x53,0xc9,0x53,0xa9,0x53,0x49,0x6c,
    0xe9,0x63,0xe3,0x00,0x72,0xb5,0x98,0xff,0x37,0xef,0x17,0xef,0x17,0xef,0x37,0xef,0x37,0xef,0x37,0xef,0x17,0xef,0x37,0xf7,0x55,0xd6,0xa6,0x19,0xe5,0x41,0x67,0xa3,
    0x47,0xa3,0x47,0xa3,0x47,0xa3,0x67,0xa3,0xb0,0xdd,0x94,0xee,0xd6,0xf6,0x95,0xee,0x89,0x9b,0x07,0x93,0x27,0x93,0x27,0x93,0x27,0x93,0x27,0x93,0x27,0x93,0x27,0x93,
    0x27,0x93,0x27,0x93,0x27,0x93,0x27,0x93,0x27,0x93,0x27,0x93,0x27,0x93,0x27,0x93,0x27,0x93,0x27,0x93,0x27,0x93,0x27,0x93,0x27,0x93,0x27,0x93,0x27,0x93,0x27,0x93,
    0x27,0x93,0x27,0x93,0x27,0x93,0x27,0x93,0x27,0x93,0x27,0x93,0x27,0x93,0x27,0x93,0x27,0x93,0x27,0x93,0x27,0x93,0x27,0x93,0x27,0x93,0x27,0x93,0x27,0x93,0x07,0x93,
    0xb2,0xcd,0x18,0xef,0xf7,0xee,0xf7,0xee,0xd6,0xee,0xf7,0xee,0x5a,0xf7,0xca,0x42,0x07,0x22,0xb8,0xd6,0x19,0xdf,0x19,0xdf,0x19,0xdf,0x19,0xdf,0x19,0xdf,0x19,0xdf,
    0x19,0xdf,0x19,0xdf,0x19,0xdf,0x19,0xdf,0x19,0xdf,0x19,0xdf,0x19,0xdf,0x19,0xdf,0x19,0xe7,0x18,0xe7,0x18,0xef,0x17,0xef,0x37,0xef,0x37,0xef,0x37,0xef,0x37,0xf7,
    0x36,0xf7,0x37,0xf7,0x36,0xf7,0x36,0xf7,0x36,0xf7,0x97,0xff,0xd2,0xc5,0x82,0x00,0x05,0x42,0xab,0xcc,0x2e,0xd5,0xb0,0xdd,0xb0,0xdd,0xb0,0xdd,0xb0,0xdd,0xb0,0xdd,
    0xb0,0xdd,0xb0,0xdd,0xb0,0xdd,0xb0,0xdd,0xb0,0xdd,0xb0,0xdd,0xb0,0xdd,0xb0,0xdd,0xb0,0xdd,0xb0,0xdd,0xb0,0xdd,0xb0,0xdd,0xcc,0xcc,0x0a,0xac,0x44,0x09,0x68,0x3a,
    0x77,0xff,0x56,0xf7,0x36,0xf7,0x36,0xf7,0x36,0xf7,0x36,0xf7,0x16,0xf7,0x36,0xf7,0x36,0xf7,0x36,0xf7,0x16,0xef,0x74,0xd6,0xe9,0x52,0x43,0x11,0x6a,0x74,0x09,0x5c,
    0xa9,0x4b,0xc9,0x53,0xc9,0x53,0xc9,0x53,0xc9,0x53,0xc9,0x53,0xc9,0x53,0xa9,0x53,0xc8,0x32,0x64,0x11,0xa1,0x20,0x02,0x9a,0x63,0xa2,0x86,0xc3,0x48,0xdc,0x48,0xdc,
    0x04,0xcb,0xa3,0xc2,0xc3,0xc2,0x23,0xd3,0x67,0xe4,0x2a,0xf5,0x4b,0xf5,0x4b,0xf5,0x4b,0xf5,0xa5,0xdb,0x44,0xd3,0x64,0xd3,0x44,0xd3,0x03,0xcb,0xc3,0xc2,0xc0,0x40,
    0xc3,0x69,0x88,0xe4,0x2a,0xf5,0x88,0xe4,0x24,0xcb,0x0a,0xf5,0xc9,0xec,0xc4,0xba,0x43,0xa2,0xa7,0xbb,0x60,0x10,0x40,0x10,0xa3,0x51,0x8c,0xf5,0xac,0xf5,0xac,0xf5,
    0x83,0xb2,0xc9,0xe4,0xed,0xfd,0x68,0xdc,0x44,0xcb,0xad,0xf5,0x63,0x39,0x00,0x00,0xe1,0x28,0xe9,0xe4,0x8c,0xf5,0xee,0xfd,0xe3,0x71,0xa7,0xab,0xed,0xfd,0x0a,0xe5,
    0x83,0xb2,0xac,0xf5,0xcb,0xcc,0x60,0x10,0xe2,0x79,0xe2,0x71,0xc2,0x10,0x67,0x2a,0xc8,0x32,0xc8,0x32,0xc8,0x32,0x08,0x33,0x28,0x3b,0xa8,0x53,0xa9,0x53,0xc9,0x53,
    0xc9,0x53,0xc9,0x53,0xc9,0x53,0xc9,0x53,0xa9,0x53,0x09,0x5c,0x29,0x64,0x07,0x43,0x2a,0x53,0xaf,0x94,0x37,0xf7,0x37,0xef,0x17,0xef,0x37,0xef,0x37,0xef,0x37,0xef,
    0x17,0xef,0x37,0xf7,0x75,0xd6,0xa6,0x19,0x06,0x42,0x67,0xa3,0x47,0xa3,0x67,0xa3,0x47,0xa3,0x87,0xa3,0xb0,0xdd,0x94,0xee,0xd5,0xf6,0xb5,0xee,0x89,0xa3,0x07,0x93,
    0x27,0x93,0x27,0x93,0x27,0x93,0x27,0x93,0x27,0x93,0x27,0x93,0x27,0x93,0x27,0x93,0x27,0x93,0x27,0x93,0x27,0x93,0x27,0x93,0x27,0x93,0x27,0x93,0x27,0x93,0x27,0x93,
    0x27,0x93,0x27,0x93,0x27,0x93,0x27,0x93,0x27,0x93,0x27,0x93,0x27,0x93,0x27,0x93,0x27,0x93,0x27,0x93,0x27,0x93,0x27,0x93,0x27,0x93,0x27,0x93,0x27,0x93,0x27,0x93,
    0x27,0x93,0x27,0x93,0x27,0x93,0x27,0x93,0x27,0x93,0x06,0x93,0xb2,0xd5,0x17,0xef,0xf7,0xee,0xf7,0xee,0xd6,0xee,0xf7,0xee,0x5a,0xf7,0xca,0x42,0x07,0x22,0xb8,0xd6,
    0x19,0xdf,0x19,0xdf,0x19,0xdf,0x19,0xdf,0x19,0xdf,0x19,0xdf,0x19,0xdf,0x19,0xdf,0x19,0xdf,0x19,0xdf,0x19,0xdf,0x19,0xdf,0x19,0xdf,0x19,0xdf,0x19,0xe7,0x18,0xe7,
    0x38,0xef,0x58,0xf7,0x78,0xf7,0x58,0xf7,0x78,0xf7,0x77,0xf7,0x77,0xff,0x77,0xf7,0x77,0xf7,0x77,0xff,0x77,0xff,0x98,0xff,0x13,0xc6,0xc3,0x00,0xc4,0x41,0x09,0xbc,
    0x8b,0xc4,0x0d,0xcd,0x6f,0xd5,0xb0,0xdd,0xb0,0xdd,0xb0,0xdd,0xb0,0xdd,0xb0,0xdd,0xb0,0xdd,0xb0,0xdd,0xb0,0xdd,0xb0,0xdd,0xb0,0xdd,0xb0,0xdd,0xb0,0xdd,0xb0,0xdd,
    0x0d,0xcd,0xed,0xcc,0x6a,0xc4,0x09,0xb4,0x65,0x11,0x88,0x3a,0x57,0xf7,0x77,0xff,0x57,0xff,0x57,0xf7,0x57,0xf7,0x57,0xf7,0x57,0xf7,0x57,0xf7,0x57,0xf7,0x77,0xff,
    0xb5,0xde,0x85,0x21,0xe6,0x21,0x08,0x3b,0xa9,0x53,0xc9,0x53,0xc9,0x53,0xc9,0x53,0xc9,0x53,0xc9,0x53,0xc9,0x53,0xa9,0x4b,0x68,0x43,0x08,0x33,0xe8,0x32,0x67,0x22,
    0x85,0x11,0xa1,0x20,0x60,0x18,0x21,0x49,0xc6,0xd3,0x48,0xdc,0x24,0xcb,0xc3,0xca,0xa3,0xc2,0xc3,0xc2,0x07,0xdc,0xa9,0xe4,0xc9,0xe4,0xa9,0xe4,0x85,0xdb,0xe3,0xc2,
    0xe3,0xc2,0x03,0xcb,0xa3,0xc2,0xa3,0xc2,0xa3,0xc2,0xc1,0x38,0x62,0x59,0x45,0xc3,0x28,0xcc,0x86,0xc3,0x83,0xaa,0x48,0xd4,0xe7,0xcb,0x84,0xaa,0xe2,0x99,0x06,0x9b,
    0x81,0x10,0x41,0x08,0xc1,0x30,0x65,0xc3,0xeb,0xdc,0x0b,0xdd,0x23,0x9a,0x08,0xcc,0x0b,0xe5,0x66,0xb3,0x03,0x8a,0xa9,0xdc,0x42,0x39,0x40,0x08,0x80,0x28,0xc2,0x91,
    0x48,0xd4,0x2b,0xe5,0x23,0x92,0x66,0xb3,0xea,0xe4,0xe7,0xc3,0xa2,0x79,0xca,0xdc,0x29,0xbc,0x60,0x10,0x40,0x08,0xc2,0x10,0xa7,0x2a,0xe8,0x32,0x28,0x3b,0x68,0x43,
    0xa9,0x53,0xa9,0x53,0x88,0x4b,0x28,0x3b,0x28,0x3b,0x89,0x4b,0xc9,0x53,0xc9,0x53,0xc9,0x53,0xc9,0x53,0xc9,0x53,0xc9,0x53,0xe9,0x5b,0x29,0x64,0x64,0x11,0xe9,0x52,
    0x98,0xff,0x58,0xf7,0x58,0xf7,0x58,0xf7,0x58,0xf7,0x58,0xf7,0x58,0xf7,0x78,0xf7,0x96,0xd6,0xc6,0x19,0x06,0x3a,0x67,0xa3,0x47,0xa3,0x47,0xa3,0x47,0xa3,0x87,0xa3,
    0xb0,0xdd,0x94,0xee,0xd5,0xee,0xb5,0xee,0xa9,0xa3,0x07,0x93,0x27,0x93,0x27,0x93,0x27,0x93,0x27,0x93,0x27,0x93,0x47,0x93,0x27,0x93,0x27,0x93,0x27,0x93,0x27,0x93,
    0x27,0x93,0x27,0x93,0x27,0x93,0x27,0x93,0x27,0x93,0x27,0x93,0x27,0x93,0x27,0x93,0x27,0x93,0x27,0x93,0x27,0x93,0x27,0x93,0x27,0x93,0x27,0x93,0x27,0x93,0x27,0x93,
    0x27,0x93,0x27,0x93,0x27,0x93,0x27,0x93,0x27,0x93,0x27,0x93,0x27,0x93,0x27,0x93,0x27,0x93,0x27,0x93,0x27,0x93,0x07,0x93,0xd2,0xd5,0x17,0xef,0xf7,0xee,0xf7,0xee,
    0xd6,0xee,0xf7,0xee,0x7a,0xf7,0xca,0x42,0x07,0x22,0xf9,0xd6,0x5a,0xe7,0x5a,0xe7,0x5a,0xe7,0x39,0xe7,0x19,0xdf,0x19,0xdf,0x19,0xdf,0x19,0xdf,0x19,0xdf,0x19,0xdf,
    0x19,0xdf,0x19,0xdf,0x19,0xdf,0x19,0xdf,0x19,0xdf,0x18,0xe7,0xb3,0xbd,0xcf,0xa4,0xef,0xa4,0xef,0xa4,0xcf,0xa4,0xcf,0xa4,0xcf,0xa4,0xcf,0xa4,0xcf,0xac,0xef,0xac,
    0xef,0xac,0x0f,0xad,0x2d,0x8c,0x04,0x09,0xa5,0x31,0x08,0x73,0xc9,0xa3,0x4a,0xbc,0xac,0xc4,0x0d,0xcd,0x0d,0xcd,0x0d,0xcd,0x0d,0xcd,0x0d,0xcd,0x0d,0xcd,0x0d,0xcd,
    0x0d,0xcd,0x0d,0xcd,0x0d,0xcd,0x0d,0xcd,0x0d,0xcd,0xed,0xcc,0x4a,0xbc,0x09,0xb4,0x88,0x93,0xc7,0x6a,0x65,0x11,0x27,0x32,0x0f,0xb5,0x0f,0xb5,0x0f,0xad,0x0f,0xb5,
    0x0f,0xad,0x0f,0xb5,0x0f,0xad,0x0f,0xad,0x0f,0xb5,0x0f,0xb5,0x8e,0x9c,0x65,0x19,0x46,0x2a,0x88,0x4b,0xc9,0x53,0xc9,0x53,0xc9,0x53,0xc9,0x53,0xc9,0x53,0xc9,0x53,
    0xc9,0x53,0x28,0x3b,0xe8,0x32,0x68,0x4b,0xa9,0x4b,0x89,0x4b,0x68,0x4b,0x86,0x32,0x06,0x22,0x64,0x29,0x42,0x59,0xa2,0x61,0x82,0x71,0x61,0x79,0x22,0xa2,0xe3,0xca,
    0xe7,0xdb,0x48,0xdc,0x27,0xdc,0xe7,0xdb,0xe3,0xc2,0xc3,0xc2,0xc3,0xc2,0xc3,0xc2,0xc3,0xc2,0x02,0x9a,0x01,0x59,0xa2,0x18,0x81,0x10,0xa1,0x20,0xa1,0x20,0xa1,0x18,
    0x81,0x18,0xe2,0x20,0xe2,0x20,0xa1,0x20,0x81,0x18,0xe2,0x18,0x04,0x09,0x04,0x09,0x03,0x11,0xc1,0x28,0xc1,0x20,0xc1,0x20,0x81,0x18,0xc1,0x20,0xe2,0x20,0xc1,0x20,
    0x81,0x20,0xc1,0x20,0xc2,0x08,0xe3,0x08,0xc2,0x08,0x81,0x18,0xe2,0x28,0x02,0x29,0x81,0x18,0xa1,0x20,0xe2,0x28,0xc2,0x20,0x81,0x18,0xe1,0x20,0xc2,0x18,0xe3,0x08,
    0x06,0x22,0xe7,0x32,0x68,0x43,0x89,0x4b,0xa9,0x4b,0xc9,0x53,0xc9,0x53,0xc9,0x53,0xc9,0x53,0xa9,0x4b,0x28,0x3b,0x69,0x43,0xc9,0x53,0xc9,0x53,0xc9,0x53,0xc9,0x53,
    0xc9,0x53,0xc9,0x53,0xc9,0x53,0xa8,0x53,0xa5,0x19,0xa9,0x42,0x50,0xb5,0x10,0xad,0x10,0xad,0x10,0xad,0x10,0xad,0x10,0xad,0x10,0xad,0x30,0xb5,0x8e,0x9c,0xa6,0x21,
    0x26,0x42,0x47,0x9b,0x47,0x9b,0x47,0xa3,0x47,0x9b,0x87,0xa3,0xb0,0xdd,0x94,0xee,0xd5,0xf6,0xb5,0xee,0xa9,0xa3,0x27,0x93,0x27,0x93,0x27,0x93,0x27,0x93,0x27,0x93,
    0x27,0x93,0x47,0x93,0x27,0x93,0x27,0x93,0x27,0x93,0x47,0x93,0x47,0x93,0x27,0x93,0x27,0x93,0x27,0x93,0x27,0x93,0x27,0x93,0x27,0x93,0x27,0x93,0x27,0x93,0x27,0x93,
    0x27,0x93,0x27,0x93,0x27,0x93,0x27,0x93,0x27,0x93,0x27,0x93,0x27,0x93,0x27,0x93,0x27,0x93,0x27,0x93,0x27,0x93,0x27,0x93,0x27,0x93,0x27,0x93,0x27,0x93,0x27,0x93,
    0x27,0x93,0x07,0x93,0xd2,0xd5,0x18,0xef,0xf7,0xee,0xf7,0xee,0xd6,0xee,0xb6,0xee,0xf7,0xee,0xca,0x42,0xe7,0x21,0xf1,0x9c,0x11,0xa5,0x11,0xa5,0x11,0xa5,0x97,0xd6,
    0x39,0xdf,0x19,0xdf,0x19,0xdf,0x19,0xdf,0x19,0xdf,0x19,0xdf,0x19,0xdf,0x19,0xdf,0x19,0xdf,0x19,0xdf,0x19,0xdf,0x19,0xe7,0xed,0x83,0xe5,0x49,0x64,0x39,0x63,0x39,
    0x63,0x39,0x63,0x39,0x64,0x39,0x64,0x39,0x64,0x39,0x64,0x39,0x84,0x41,0xe4,0x51,0xc5,0x49,0x85,0x11,0x85,0x11,0x45,0x09,0x27,0x83,0x29,0xc4,0x8b,0xc4,0x0d,0xcd,
    0x0d,0xcd,0x0d,0xcd,0xed,0xcc,0xed,0xcc,0xed,0xcc,0x0d,0xcd,0xed,0xcc,0x0d,0xcd,0xed,0xcc,0xed,0xcc,0x0d,0xcd,0x0d,0xd5,0x4a,0xbc,0x09,0xbc,0x87,0x52,0x86,0x09,
    0x85,0x11,0x85,0x19,0xa4,0x41,0xa4,0x41,0xa4,0x41,0xa4,0x41,0xa4,0x41,0xa4,0x41,0xa4,0x41,0xa4,0x41,0xa4,0x41,0xa4,0x49,0xa4,0x41,0x44,0x11,0xa7,0x32,0xc9,0x53,
    0x88,0x4b,0xa9,0x53,0xc9,0x53,0xc9,0x53,0xc9,0x53,0xc9,0x53,0xc9,0x53,0x69,0x43,0x68,0x43,0xe9,0x53,0xc9,0x53,0xe9,0x53,0xe9,0x5b,0xa9,0x4b,0x28,0x3b,0x46,0x2a,
    0x43,0x29,0x02,0x21,0xe2,0x28,0x02,0x29,0xa2,0x69,0x22,0x9a,0xa4,0x9a,0xc5,0x9a,0xc5,0x9a,0xa4,0x9a,0x02,0x92,0x02,0x92,0x02,0x8a,0x02,0x8a,0xe2,0x89,0x62,0x51,
    0x03,0x19,0x25,0x2a,0x45,0x2a,0x45,0x32,0x46,0x32,0x45,0x32,0x45,0x32,0x45,0x32,0x45,0x32,0x45,0x32,0x66,0x32,0x86,0x32,0xe7,0x3a,0xc7,0x3a,0xa7,0x32,0x45,0x32,
    0x45,0x32,0x45,0x32,0x45,0x32,0x45,0x32,0x65,0x32,0x66,0x32,0x66,0x32,0x45,0x32,0x86,0x32,0x66,0x32,0x46,0x2a,0x25,0x2a,0x25,0x2a,0x25,0x2a,0x45,0x32,0x45,0x32,
    0x25,0x32,0x25,0x32,0x45,0x32,0x25,0x32,0x46,0x32,0xc7,0x32,0x48,0x43,0x89,0x43,0x48,0x43,0xa9,0x4b,0xc9,0x53,0xc9,0x53,0xc9,0x53,0xc9,0x53,0xe9,0x53,0xc9,0x53,
    0x69,0x43,0x89,0x4b,0xc9,0x53,0xc9,0x53,0xc9,0x53,0xc9,0x53,0xc9,0x53,0xc9,0x53,0xc9,0x53,0x89,0x4b,0x07,0x22,0x85,0x21,0x84,0x41,0xa4,0x41,0xa4,0x41,0xa4,0x41,
    0xa4,0x41,0x84,0x41,0xa4,0x41,0xa4,0x41,0xa4,0x41,0xe5,0x49,0x06,0x4a,0x07,0x93,0x67,0xa3,0x67,0xa3,0x47,0x9b,0x87,0xa3,0x90,0xdd,0x73,0xee,0xd5,0xee,0x95,0xee,
    0x89,0xa3,0x27,0x93,0x27,0x93,0x27,0x93,0x27,0x93,0x27,0x93,0x47,0x93,0x47,0x93,0x27,0x93,0x47,0x93,0x47,0x9b,0x47,0x9b,0x47,0x9b,0x27,0x93,0x27,0x93,0x27,0x93,
    0x27,0x93,0x27,0x93,0x27,0x93,0x27,0x93,0x27,0x93,0x27,0x93,0x27,0x93,0x27,0x93,0x27,0x93,0x27,0x93,0x27,0x93,0x27,0x93,0x27,0x93,0x27,0x93,0x27,0x93,0x27,0x93,
    0x27,0x93,0x27,0x93,0x27,0x93,0x27,0x93,0x27,0x93,0x27,0x93,0x27,0x93,0x06,0x93,0xd2,0xd5,0x38,0xf7,0xf7,0xee,0xf7,0xee,0xf7,0xee,0x91,0xd5,0x4f,0xcd,0x48,0x32,
    0x65,0x11,0xc5,0x41,0xc5,0x41,0xc4,0x41,0xc4,0x49,0xd4,0xbd,0x3a,0xe7,0x19,0xdf,0x19,0xdf,0x19,0xdf,0x19,0xdf,0x19,0xdf,0x19,0xdf,0x19,0xdf,0x19,0xdf,0x19,0xdf,
    0x19,0xdf,0x19,0xe7,0x2f,0xc5,0x09,0xac,0xc8,0xa3,0xc8,0xa3,0xc8,0xa3,0xc8,0xab,0xc8,0xab,0xc8,0xab,0xc8,0xab,0xc8,0xa3,0xa8,0xa3,0xe6,0x82,0xa6,0x7a,0x66,0x5a,
    0x26,0x42,0x85,0x11,0x06,0x3a,0x26,0x4a,0x67,0x4a,0xa8,0x52,0xa8,0x52,0xa8,0x52,0xa8,0x52,0xa8,0x52,0xa8,0x52,0xa8,0x52,0x88,0x52,0x88,0x52,0x88,0x52,0x88,0x52,
    0xa8,0x52,0xa8,0x52,0x67,0x4a,0x67,0x4a,0x06,0x2a,0xa5,0x19,0xa6,0x72,0x06,0x83,0x88,0xa3,0xc8,0xab,0xe8,0xb3,0xe8,0xb3,0xe8,0xb3,0xe8,0xb3,0xe8,0xab,0xe8,0xab,
    0xe8,0xb3,0x08,0xb4,0xc8,0xa3,0x85,0x19,0x67,0x2a,0x48,0x3b,0xe8,0x32,0x68,0x4b,0xc9,0x53,0xc9,0x53,0xc9,0x53,0xe9,0x53,0xe9,0x53,0xe9,0x53,0xe9,0x53,0xc9,0x53,
    0xc9,0x53,0xc9,0x53,0xe9,0x53,0xe9,0x53,0xe9,0x5b,0x09,0x5c,0x89,0x4b,0x08,0x33,0xe8,0x32,0xe8,0x2a,0x64,0x29,0x20,0x20,0x40,0x18,0x40,0x18,0x40,0x20,0x40,0x20,
    0x60,0x20,0x60,0x20,0x40,0x18,0x60,0x20,0x40,0x18,0x64,0x21,0x49,0x3b,0x0a,0x54,0x0a,0x5c,0x0a,0x5c,0x0a,0x5c,0x0a,0x5c,0x09,0x5c,0x09,0x5c,0x09,0x5c,0x09,0x5c,
    0x09,0x5c,0x09,0x5c,0xe9,0x5b,0x09,0x5c,0x09,0x5c,0x0a,0x5c,0x0a,0x5c,0x0a,0x5c,0x0a,0x5c,0x0a,0x5c,0x09,0x5c,0xe9,0x5b,0xe9,0x5b,0xe9,0x5b,0xe9,0x5b,0xe9,0x5b,
    0xe9,0x5b,0x09,0x5c,0x09,0x5c,0x09,0x5c,0x09,0x5c,0x09,0x5c,0x09,0x5c,0x09,0x5c,0x09,0x5c,0x0a,0x5c,0x0a,0x5c,0xe9,0x5b,0xe9,0x5b,0xa9,0x53,0x28,0x3b,0xa9,0x4b,
    0xc9,0x53,0xc9,0x53,0xc9,0x53,0xc9,0x53,0xe9,0x53,0xc9,0x53,0xe9,0x53,0xe9,0x53,0xe9,0x53,0xc9,0x53,0xc9,0x53,0xc9,0x53,0xc9,0x53,0xa9,0x53,0x89,0x4b,0x48,0x3b,
    0xc6,0x19,0x26,0x42,0xe8,0xb3,0xe8,0xab,0xe8,0xab,0xe8,0xab,0xe8,0xab,0xe8,0xab,0xe8,0xab,0xa8,0xa3,0x88,0x9b,0x88,0x9b,0x67,0x4a,0x26,0x42,0x27,0x9b,0x27,0x93,
    0xe6,0x8a,0x07,0x8b,0x4f,0xd5,0xd1,0xdd,0xd1,0xdd,0xb1,0xdd,0x68,0x9b,0x07,0x93,0x07,0x93,0x07,0x93,0x27,0x93,0x27,0x93,0x27,0x93,0x27,0x93,0x27,0x93,0x27,0x93,
    0x27,0x93,0x27,0x93,0x27,0x93,0x07,0x93,0x07,0x93,0x07,0x93,0x07,0x93,0x07,0x93,0x07,0x93,0x07,0x93,0x27,0x93,0x27,0x93,0x27,0x93,0x07,0x93,0x07,0x93,0x07,0x93,
    0x07,0x93,0x07,0x93,0x07,0x93,0x07,0x93,0x07,0x93,0x07,0x93,0x07,0x93,0x07,0x93,0x07,0x93,0x07,0x93,0x07,0x8b,0x07,0x8b,0x07,0x8b,0xe6,0x8a,0x71,0xcd,0xd6,0xee,
    0xf7,0xee,0xf7,0xee,0xd6,0xee,0xb1,0xd5,0x4f,0xd5,0x28,0x7b,0x66,0x52,0xc6,0x29,0xc7,0x62,0x88,0x93,0xa8,0x9b,0x55,0xd6,0x39,0xdf,0x19,0xdf,0x19,0xdf,0x19,0xdf,
    0x19,0xdf,0x19,0xdf,0x19,0xdf,0x19,0xdf,0x19,0xdf,0x19,0xdf,0x19,0xdf,0x18,0xe7,0xaf,0xdd,0x0b,0xdd,0xeb,0xdc,0x0b,0xdd,0x0b,0xdd,0x0b,0xdd,0x2b,0xe5,0x0b,0xdd,
    0xeb,0xdc,0xca,0xd4,0x69,0xc4,0x47,0x93,0x27,0x8b,0x06,0x83,0x86,0x62,0x85,0x19,0x65,0x11,0x45,0x09,0x45,0x09,0x45,0x09,0x45,0x09,0x45,0x09,0x45,0x09,0x45,0x09,
    0x45,0x09,0x45,0x09,0x45,0x09,0x45,0x09,0x45,0x09,0x45,0x09,0x45,0x09,0x45,0x11,0x65,0x11,0x45,0x09,0xa5,0x19,0x06,0x3a,0x87,0xab,0xa7,0xb3,0x08,0xbc,0x89,0xd4,
    0x0a,0xe5,0x0a,0xe5,0x0a,0xe5,0x0a,0xe5,0x0a,0xe5,0xea,0xdc,0xea,0xdc,0x0a,0xe5,0xaa,0xcc,0x64,0x19,0x26,0x22,0x28,0x3b,0xe8,0x32,0x88,0x4b,0xc9,0x53,0xc9,0x53,
    0xc9,0x53,0xc9,0x53,0xc9,0x53,0xc9,0x53,0xc9,0x53,0xc9,0x53,0xc9,0x53,0xc9,0x53,0xe9,0x53,0xe9,0x53,0xe9,0x53,0xe9,0x53,0xa9,0x53,0x89,0x4b,0x89,0x4b,0x89,0x4b,
    0x07,0x43,0xc7,0x42,0xc7,0x42,0xc7,0x42,0xe7,0x4a,0xe7,0x4a,0xe7,0x4a,0xe7,0x4a,0xe7,0x4a,0xe7,0x4a,0x07,0x4b,0x68,0x4b,0xc9,0x53,0xe9,0x53,0xe9,0x53,0xe9,0x53,
    0xe9,0x53,0xe9,0x53,0xc9,0x53,0xc9,0x53,0xc9,0x53,0xe9,0x53,0xe9,0x53,0xe9,0x53,0xe9,0x53,0xe9,0x5b,0xe9,0x5b,0xe9,0x5b,0xe9,0x5b,0xe9,0x53,0xe9,0x53,0xe9,0x5b,
    0xe9,0x53,0xe9,0x53,0xc9,0x53,0xc9,0x53,0xc9,0x53,0xe9,0x53,0xe9,0x53,0xe9,0x53,0xe9,0x53,0xe9,0x53,0xe9,0x53,0xe9,0x53,0xe9,0x53,0xe9,0x53,0xe9,0x53,0xe9,0x53,
    0xe9,0x53,0xc9,0x53,0xc9,0x53,0xc9,0x53,0xc9,0x53,0xc9,0x53,0xc9,0x53,0xc9,0x53,0xc9,0x53,0xc9,0x53,0xc9,0x53,0xc9,0x53,0xc9,0x53,0xe9,0x53,0xe9,0x53,0xe9,0x53,
    0xc9,0x53,0xa9,0x4b,0x68,0x43,0x48,0x43,0x28,0x3b,0x28,0x3b,0xe6,0x19,0xc7,0x5a,0x2a,0xed,0xea,0xdc,0xea,0xdc,0xea,0xdc,0xea,0xdc,0x0a,0xdd,0xea,0xdc,0xaa,0xcc,
    0x89,0xcc,0x49,0xc4,0xc8,0x5a,0xe6,0x21,0x06,0x4a,0x46,0x5a,0x66,0x6a,0x86,0x72,0xcd,0xbc,0x2f,0xc5,0x2f,0xc5,0x2f,0xc5,0x08,0x83,0x86,0x72,0x86,0x6a,0x86,0x6a,
    0x87,0x6a,0x87,0x6a,0x87,0x6a,0x87,0x6a,0x87,0x6a,0x86,0x6a,0x86,0x6a,0x86,0x6a,0x86,0x6a,0x86,0x6a,0x86,0x6a,0x86,0x6a,0x66,0x6a,0x86,0x6a,0x66,0x6a,0x66,0x6a,
    0x86,0x6a,0x86,0x6a,0x87,0x6a,0x86,0x6a,0x86,0x6a,0x86,0x6a,0x86,0x6a,0x86,0x6a,0x86,0x6a,0x86,0x6a,0x86,0x6a,0x66,0x6a,0x66,0x62,0x66,0x62,0x66,0x62,0x66,0x62,
    0x66,0x62,0x66,0x6a,0x66,0x6a,0x66,0x6a,0xeb,0x9b,0x0f,0xbd,0x34,0xd6,0xb2,0xc5,0x50,0xbd,0x30,0xbd,0x0f,0xbd,0x89,0x9b,0xc7,0x72,0x86,0x09,0x28,0x73,0x69,0xc4,
    0x49,0xbc,0x76,0xd6,0x39,0xdf,0x19,0xdf,0x19,0xdf,0x19,0xdf,0x19,0xdf,0x19,0xdf,0x19,0xdf,0x19,0xdf,0x19,0xdf,0x19,0xdf,0x19,0xdf,0x19,0xe7,0x6f,0xcd,0x8a,0xc4,
    0x6a,0xc4,0x49,0xbc,0x29,0xbc,0xe8,0xb3,0xc8,0xab,0xc8,0xab,0xc8,0xab,0xa8,0xab,0x88,0xa3,0x27,0x8b,0x27,0x8b,0x27,0x93,0x27,0x8b,0x07,0x83,0x07,0x83,0xe7,0x7a,
    0xe7,0x7a,0xe7,0x7a,0x07,0x7b,0x07,0x7b,0x07,0x7b,0x27,0x83,0x47,0x93,0x87,0x9b,0x87,0x9b,0x88,0x9b,0x68,0x9b,0x67,0x93,0x67,0x93,0x67,0x93,0x47,0x93,0x27,0x8b,
    0x47,0x9b,0x67,0xa3,0x87,0xab,0x87,0xab,0x87,0xab,0xe8,0xbb,0x69,0xcc,0xa9,0xd4,0x89,0xcc,0x49,0xc4,0x49,0xc4,0x49,0xc4,0x49,0xc4,0x69,0xcc,0x29,0xb4,0x65,0x19,
    0xc6,0x19,0x67,0x2a,0x08,0x3b,0x28,0x3b,0x48,0x43,0x88,0x4b,0x48,0x3b,0x48,0x43,0xe9,0x5b,0xe9,0x53,0xc9,0x53,0xc9,0x53,0xc9,0x53,0xe9,0x53,0xe9,0x53,0xe9,0x53,
    0xe9,0x53,0xe9,0x53,0xe9,0x53,0xe9,0x53,0xe9,0x53,0xc9,0x53,0xe9,0x53,0xe9,0x53,0xe9,0x53,0xe9,0x53,0xe9,0x53,0x09,0x5c,0x09,0x5c,0x09,0x5c,0xe9,0x53,0xe9,0x53,
    0x69,0x43,0x89,0x43,0xa9,0x4b,0xe9,0x5b,0xe9,0x53,0xe9,0x53,0xe9,0x53,0xe9,0x53,0xe9,0x53,0xe9,0x53,0xe9,0x53,0xe9,0x53,0xe9,0x53,0xc9,0x53,0xe9,0x53,0xe9,0x53,
    0xe9,0x5b,0xe9,0x5b,0xe9,0x5b,0xe9,0x5b,0xe9,0x53,0xe9,0x53,0xc9,0x53,0xc9,0x53,0xc9,0x53,0xc9,0x53,0xc9,0x53,0xc9,0x53,0xe9,0x53,0xe9,0x53,0xe9,0x53,0xc9,0x53,
    0xc9,0x53,0xe9,0x53,0xe9,0x53,0xe9,0x53,0xe9,0x53,0xe9,0x53,0xe9,0x53,0xc9,0x53,0xc9,0x53,0xc9,0x53,0xc9,0x53,0xc9,0x53,0xc9,0x53,0xe9,0x53,0xc9,0x53,0xc9,0x53,
    0xe9,0x53,0xc9,0x53,0xc9,0x53,0xe9,0x5b,0xc9,0x53,0xa9,0x4b,0xa9,0x53,0x68,0x43,0xe8,0x32,0xe8,0x32,0xe8,0x32,0x08,0x3b,0xe6,0x19,0x67,0x4a,0xaa,0xd4,0x8a,0xcc,
    0x89,0xcc,0x89,0xcc,0x8a,0xcc,0x49,0xc4,0x08,0xb4,0x09,0xbc,0x29,0xbc,0x09,0xb4,0xe9,0xab,0x48,0x83,0x66,0x09,0x65,0x09,0x85,0x11,0xa6,0x11,0xe7,0x19,0xe7,0x19,
    0xc7,0x19,0xc6,0x19,0xa6,0x19,0xa6,0x11,0xa6,0x11,0xa6,0x11,0xa6,0x11,0xa6,0x11,0xa6,0x11,0xa6,0x11,0xa6,0x11,0xa6,0x11,0xa6,0x11,0xa6,0x11,0x86,0x11,0x86,0x11,
    0x86,0x11,0x86,0x11,0x86,0x11,0x86,0x11,0x86,0x11,0x86,0x11,0x86,0x11,0x86,0x11,0xa6,0x11,0xa6,0x11,0xa6,0x11,0xa6,0x11,0xa6,0x11,0xa6,0x11,0xa6,0x11,0xa6,0x11,
    0xa6,0x11,0x86,0x11,0xa6,0x11,0xa6,0x11,0xa6,0x11,0xa6,0x11,0xa6,0x11,0xa6,0x11,0xa6,0x19,0xa6,0x19,0xc6,0x19,0xc7,0x19,0xc7,0x19,0xa6,0x11,0xa6,0x11,0xa6,0x11,
    0xa6,0x11,0x86,0x11,0x86,0x11,0x45,0x01,0x07,0x73,0x6a,0xc4,0x49,0xbc,0x75,0xd6,0x39,0xdf,0x19,0xdf,0x19,0xdf,0x19,0xdf,0x19,0xdf,0x19,0xdf,0x19,0xdf,0x19,0xdf,
    0x19,0xdf,0x19,0xdf,0x19,0xdf,0x19,0xe7,0x8f,0xd5,0xaa,0xcc,0xaa,0xcc,0x8a,0xcc,0x8a,0xcc,0x69,0xc4,0x6a,0xc4,0x69,0xc4,0x49,0xc4,0x49,0xbc,0x49,0xbc,0x29,0xbc,
    0x29,0xb4,0x09,0xb4,0x29,0xb4,0x29,0xbc,0x29,0xb4,0x29,0xb4,0x29,0xb4,0x29,0xb4,0x29,0xb4,0x29,0xb4,0x29,0xbc,0x49,0xbc,0x49,0xbc,0x49,0xc4,0x49,0xc4,0x49,0xc4,
    0x69,0xc4,0x69,0xcc,0x69,0xcc,0x69,0xcc,0x69,0xc4,0x69,0xc4,0x49,0xc4,0x49,0xc4,0x49,0xc4,0x69,0xcc,0x69,0xcc,0x89,0xcc,0xaa,0xd4,0xca,0xdc,0xca,0xdc,0xca,0xd4,
    0xca,0xd4,0xca,0xd4,0xaa,0xd4,0x69,0xcc,0x08,0xbc,0x46,0x4a,0xe6,0x29,0xe6,0x19,0x88,0x2a,0xe8,0x3a,0x28,0x3b,0x48,0x43,0x28,0x3b,0x28,0x3b,0x89,0x4b,0xa9,0x53,
    0xc9,0x53,0xc9,0x53,0xc9,0x53,0xe9,0x53,0xe9,0x53,0xe9,0x53,0xe9,0x53,0xe9,0x53,0xe9,0x53,0xc9,0x53,0xc9,0x53,0xc9,0x53,0xc9,0x53,0xc9,0x53,0xc9,0x53,0xc9,0x53,
    0xc9,0x53,0xe9,0x53,0xe9,0x53,0xc9,0x53,0x89,0x4b,0x89,0x4b,0x88,0x43,0x28,0x3b,0x69,0x4b,0xe9,0x5b,0xe9,0x5b,0xe9,0x53,0xe9,0x5b,0xe9,0x53,0xc9,0x53,0x89,0x4b,
    0x89,0x4b,0xa9,0x53,0xc9,0x53,0xc9,0x53,0xc9,0x53,0xe9,0x53,0xe9,0x53,0xe9,0x53,0xe9,0x53,0xe9,0x53,0xe9,0x53,0xe9,0x53,0xc9,0x53,0xc9,0x53,0xc9,0x53,0xc9,0x53,
    0xc9,0x53,0xc9,0x53,0xe9,0x53,0xe9,0x53,0xc9,0x53,0xc9,0x53,0xc9,0x53,0xe9,0x53,0xe9,0x53,0xe9,0x53,0xe9,0x53,0xe9,0x53,0xe9,0x53,0xc9,0x53,0xc9,0x53,0xa9,0x53,
    0x89,0x4b,0x89,0x4b,0xa9,0x4b,0xe9,0x53,0xc9,0x53,0xe9,0x53,0xc9,0x53,0xc9,0x53,0xe9,0x5b,0x89,0x4b,0x28,0x3b,0xe8,0x32,0x48,0x3b,0x48,0x43,0x08,0x3b,0xe8,0x32,
    0xc8,0x32,0x27,0x22,0x85,0x11,0x86,0x5a,0x69,0xc4,0xaa,0xd4,0xca,0xd4,0xca,0xd4,0xca,0xd4,0xaa,0xd4,0xaa,0xd4,0xaa,0xd4,0xaa,0xcc,0x8a,0xcc,0x8a,0xcc,0x29,0xb4,
    0x68,0x8b,0x28,0x73,0x08,0x63,0x08,0x63,0x08,0x6b,0x28,0x6b,0x48,0x73,0x48,0x73,0x48,0x73,0x48,0x73,0x28,0x73,0x28,0x73,0x28,0x73,0x28,0x73,0x28,0x6b,0x28,0x6b,
    0x28,0x6b,0x48,0x73,0x48,0x7b,0x48,0x7b,0x48,0x7b,0x48,0x7b,0x48,0x7b,0x48,0x73,0x28,0x73,0x08,0x63,0x08,0x63,0x28,0x6b,0x28,0x6b,0x08,0x6b,0x08,0x6b,0x48,0x7b,
    0x48,0x7b,0x48,0x7b,0x48,0x7b,0x48,0x73,0x28,0x73,0x08,0x6b,0x08,0x6b,0xe8,0x62,0xe8,0x62,0xe8,0x62,0xe8,0x62,0xe8,0x62,0xe8,0x62,0xe8,0x62,0xe8,0x62,0xe8,0x62,
    0xe8,0x62,0xc8,0x62,0xe8,0x62,0x08,0x63,0x08,0x6b,0x08,0x6b,0x08,0x6b,0x08,0x6b,0x28,0x73,0x68,0x83,0xe9,0xa3,0x6a,0xc4,0x49,0xbc,0x75,0xd6,0x39,0xdf,0x19,0xdf,
    0x19,0xdf,0x19,0xdf,0x19,0xdf,0x19,0xdf,0x19,0xdf,0x19,0xdf,0x19,0xdf,0x19,0xdf,0x19,0xdf,0x39,0xe7,0x6f,0xcd,0x8a,0xc4,0x8a,0xc4,0x8a,0xcc,0x8a,0xcc,0xca,0xd4,
    0xeb,0xdc,0x0b,0xdd,0xca,0xd4,0xaa,0xcc,0x8a,0xcc,0x8a,0xcc,0x8a,0xcc,0x8a,0xcc,0x8a,0xcc,0x8a,0xcc,0x8a,0xcc,0x8a,0xcc,0x8a,0xc4,0x8a,0xc4,0x6a,0xc4,0x6a,0xc4,
    0x8a,0xc4,0x8a,0xc4,0x6a,0xc4,0x6a,0xc4,0x6a,0xc4,0x6a,0xc4,0x8a,0xcc,0xaa,0xd4,0xca,0xd4,0xca,0xd4,0xca,0xd4,0xaa,0xcc,0x8a,0xcc,0x8a,0xcc,0x8a,0xcc,0x8a,0xcc,
    0x8a,0xcc,0x8a,0xcc,0xaa,0xcc,0xca,0xdc,0xea,0xdc,0x0a,0xdd,0x0b,0xdd,0xea,0xdc,0x8a,0xcc,0x29,0xbc,0xe8,0xb3,0x27,0x93,0x26,0x42,0x86,0x09,0x85,0x11,0xa7,0x32,
    0x28,0x3b,0x28,0x3b,0x08,0x3b,0x08,0x3b,0x08,0x3b,0x28,0x3b,0x48,0x43,0x48,0x43,0x48,0x43,0x48,0x43,0x48,0x43,0x48,0x43,0x48,0x43,0x48,0x43,0x48,0x43,0x48,0x43,
    0x28,0x3b,0x28,0x43,0x28,0x3b,0x28,0x43,0x28,0x43,0x28,0x43,0x48,0x43,0x48,0x43,0x68,0x43,0x68,0x43,0x48,0x43,0x28,0x43,0xc9,0x53,0x08,0x3b,0x28,0x43,0xa9,0x4b,
    0x89,0x4b,0x69,0x4b,0x68,0x43,0x48,0x43,0x28,0x3b,0x28,0x3b,0x28,0x3b,0x28,0x3b,0x48,0x43,0x48,0x43,0x48,0x43,0x48,0x43,0x48,0x43,0x48,0x43,0x48,0x43,0x48,0x43,
    0x48,0x43,0x48,0x43,0x48,0x43,0x48,0x43,0x68,0x43,0x68,0x43,0x68,0x43,0x48,0x43,0x49,0x43,0x69,0x43,0x69,0x43,0x68,0x43,0x68,0x43,0x48,0x43,0x48,0x43,0x69,0x43,
    0x68,0x43,0x48,0x43,0x48,0x43,0x48,0x43,0x48,0x43,0x48,0x43,0x48,0x3b,0x28,0x3b,0x68,0x43,0xa9,0x4b,0x89,0x4b,0x89,0x4b,0x89,0x4b,0x88,0x4b,0xa9,0x4b,0x08,0x3b,
    0xc8,0x32,0x08,0x33,0x48,0x43,0x48,0x43,0x28,0x3b,0xc8,0x32,0x67,0x2a,0x66,0x09,0x06,0x42,0xe6,0x82,0xa7,0xab,0x49,0xc4,0xca,0xd4,0x0b,0xe5,0x0a,0xdd,0x0a,0xdd,
    0x0a,0xdd,0xea,0xdc,0xea,0xdc,0xea,0xdc,0xca,0xd4,0xaa,0xcc,0xca,0xd4,0xca,0xd4,0xca,0xd4,0xca,0xd4,0xea,0xd4,0x2b,0xe5,0x2b,0xe5,0x2b,0xe5,0x0b,0xe5,0x0b,0xe5,
    0x0b,0xe5,0x0b,0xe5,0x2b,0xe5,0x2b,0xe5,0x2b,0xe5,0x2b,0xe5,0x0b,0xe5,0x2b,0xe5,0x0b,0xe5,0x0b,0xe5,0x0b,0xe5,0x0b,0xe5,0x0b,0xe5,0x2b,0xe5,0x0b,0xe5,0xeb,0xdc,
    0xeb,0xdc,0xeb,0xdc,0xeb,0xdc,0xeb,0xdc,0xeb,0xdc,0xca,0xdc,0xca,0xd4,0xca,0xd4,0xca,0xd4,0xca,0xd4,0xca,0xd4,0xaa,0xd4,0xaa,0xd4,0xcb,0xd4,0xcb,0xd4,0xcb,0xd4,
    0xcb,0xd4,0xca,0xd4,0xca,0xd4,0xea,0xdc,0xeb,0xdc,0xeb,0xdc,0xeb,0xdc,0xeb,0xdc,0xeb,0xdc,0xcb,0xdc,0xcb,0xdc,0xcb,0xd4,0xcb,0xdc,0xca,0xd4,0xca,0xd4,0xaa,0xd4,
    0x8a,0xcc,0x4a,0xc4,0x49,0xbc,0x75,0xd6,0x39,0xdf,0x19,0xdf,0x19,0xdf,0x19,0xdf,0x19,0xdf,0x19,0xdf,0x19,0xdf,0x19,0xdf,0x19,0xdf,0x19,0xdf,0x19,0xdf,0x39,0xe7,
    0xce,0xac,0x68,0x8b,0x27,0x83,0x27,0x8b,0x68,0x93,0x68,0x9b,0x47,0x93,0xe7,0x82,0xe7,0x7a,0xe7,0x7a,0xc7,0x7a,0xc6,0x72,0xc6,0x72,0xc6,0x72,0xc6,0x72,0xc7,0x7a,
    0xc7,0x7a,0xc7,0x7a,0xc7,0x7a,0xe7,0x7a,0x47,0x8b,0x27,0x8b,0x47,0x8b,0x47,0x8b,0x47,0x8b,0x47,0x8b,0x47,0x8b,0x47,0x8b,0x47,0x8b,0x47,0x8b,0x47,0x8b,0xe7,0x82,
    0xe7,0x7a,0xe7,0x7a,0xc7,0x7a,0xc7,0x7a,0xc7,0x7a,0xc7,0x7a,0xc7,0x7a,0xc7,0x7a,0xe7,0x7a,0xe7,0x82,0x07,0x83,0x68,0x93,0x88,0x9b,0x68,0x93,0x48,0x93,0x47,0x8b,
    0x27,0x8b,0x07,0x83,0xa6,0x6a,0x05,0x4a,0x85,0x19,0xe6,0x19,0x07,0x1a,0xe6,0x19,0x07,0x1a,0x07,0x1a,0x87,0x32,0xe8,0x32,0x08,0x3b,0x08,0x3b,0x08,0x3b,0x08,0x3b,
    0x08,0x3b,0x08,0x3b,0x08,0x3b,0x08,0x3b,0x08,0x3b,0x08,0x3b,0x08,0x3b,0x08,0x3b,0x08,0x3b,0x08,0x3b,0x08,0x3b,0x08,0x3b,0x08,0x3b,0x08,0x3b,0x08,0x3b,0x28,0x3b,
    0x28,0x3b,0x08,0x3b,0x08,0x3b,0xe8,0x3a,0x08,0x3b,0xe8,0x32,0xe8,0x32,0xe8,0x32,0x08,0x3b,0x08,0x3b,0x08,0x3b,0x08,0x3b,0x08,0x3b,0x08,0x3b,0x08,0x3b,0x08,0x3b,
    0x08,0x3b,0x08,0x3b,0x08,0x3b,0x08,0x3b,0x08,0x3b,0x28,0x3b,0x28,0x3b,0x28,0x3b,0x48,0x3b,0x28,0x3b,0x28,0x3b,0x28,0x3b,0x28,0x3b,0x28,0x3b,0x28,0x3b,0x28,0x3b,
    0x28,0x3b,0x28,0x3b,0x28,0x3b,0x28,0x3b,0x28,0x3b,0x28,0x3b,0x28,0x3b,0x28,0x3b,0x28,0x3b,0x28,0x3b,0x28,0x3b,0x08,0x3b,0x08,0x3b,0x08,0x3b,0x08,0x3b,0x08,0x3b,
    0x08,0x3b,0x08,0x3b,0x08,0x3b,0x08,0x33,0xe8,0x32,0xe8,0x32,0xe8,0x3a,0xe8,0x32,0x47,0x2a,0x27,0x22,0x07,0x1a,0xc6,0x19,0xa6,0x11,0xa6,0x21,0xc6,0x72,0x07,0x83,
    0x27,0x8b,0x67,0x93,0x88,0x9b,0x88,0x9b,0x88,0x9b,0x88,0x9b,0x88,0x9b,0x88,0x9b,0x88,0x93,0x88,0x93,0x68,0x93,0x68,0x93,0x68,0x93,0x67,0x93,0x47,0x8b,0x67,0x93,
    0x88,0x93,0x47,0x8b,0x07,0x83,0x07,0x83,0x07,0x83,0x07,0x7b,0x07,0x7b,0x07,0x7b,0x07,0x7b,0x07,0x7b,0x07,0x7b,0x07,0x83,0x07,0x83,0x07,0x83,0x07,0x83,0x07,0x7b,
    0x07,0x7b,0x07,0x7b,0x07,0x7b,0x27,0x83,0x88,0x93,0xa8,0x9b,0xa8,0x9b,0x88,0x93,0x88,0x93,0x88,0x93,0x88,0x93,0x88,0x93,0x88,0x93,0x88,0x93,0x88,0x93,0x88,0x93,
    0x88,0x93,0x88,0x93,0x68,0x93,0x68,0x93,0x27,0x8b,0x27,0x83,0x27,0x83,0x27,0x83,0x27,0x83,0x27,0x83,0x27,0x83,0x27,0x83,0x27,0x83,0x27,0x8b,0x27,0x8b,0x68,0x93,
    0xa8,0x9b,0xa8,0x9b,0x88,0x9b,0x88,0x93,0x88,0x93,0x68,0x93,0x68,0x93,0x68,0x93,0x47,0x93,0x35,0xce,0x3a,0xe7,0x19,0xdf,0x19,0xdf,0x19,0xdf,0x19,0xdf,0x19,0xdf,
    0x19,0xdf,0x19,0xdf,0x19,0xdf,0x19,0xdf,0x19,0xdf,0x39,0xe7,0x8e,0xa4,0x07,0x7b,0xc7,0x72,0xc7,0x7a,0xe7,0x7a,0xe7,0x82,0xc6,0x7a,0x46,0x5a,0x46,0x62,0x46,0x62,
    0x45,0x62,0x45,0x62,0x46,0x62,0x46,0x62,0x46,0x62,0x46,0x62,0x46,0x62,0x46,0x62,0x46,0x62,0x66,0x62,0x07,0x83,0x07,0x83,0x07,0x83,0x07,0x83,0x07,0x83,0x07,0x83,
    0x07,0x83,0x07,0x83,0x07,0x83,0x07,0x83,0xc7,0x72,0x46,0x5a,0x66,0x62,0x66,0x62,0x46,0x62,0x46,0x62,0x46,0x62,0x66,0x62,0x46,0x62,0x46,0x62,0x66,0x62,0x66,0x62,
    0x86,0x6a,0x07,0x7b,0x07,0x83,0x07,0x83,0x07,0x83,0x07,0x83,0x07,0x83,0x07,0x83,0xe7,0x7a,0x86,0x6a,0x26,0x4a,0xa6,0x21,0x65,0x11,0x86,0x11,0xa6,0x19,0xa6,0x19,
    0x27,0x22,0x87,0x2a,0xc8,0x32,0xc8,0x32,0xc8,0x32,0xc8,0x32,0xc8,0x32,0xc8,0x32,0xc8,0x32,0xc8,0x32,0xa8,0x32,0xa7,0x32,0xa7,0x32,0xa7,0x32,0xa7,0x32,0xa7,0x32,
    0xa7,0x32,0xa7,0x32,0xa7,0x32,0xa7,0x32,0xa8,0x32,0xa8,0x32,0xa7,0x2a,0x87,0x2a,0x87,0x2a,0x87,0x2a,0x87,0x2a,0x87,0x2a,0x87,0x2a,0x87,0x2a,0x87,0x2a,0x87,0x2a,
    0x87,0x2a,0x67,0x2a,0x67,0x2a,0x87,0x2a,0x87,0x2a,0x87,0x2a,0x87,0x2a,0x87,0x2a,0x87,0x2a,0x87,0x2a,0x87,0x2a,0x87,0x32,0x87,0x32,0xa7,0x32,0xa7,0x32,0xa7,0x32,
    0xa7,0x32,0x87,0x2a,0x87,0x2a,0x87,0x2a,0x87,0x2a,0x87,0x2a,0x87,0x2a,0x87,0x2a,0x87,0x2a,0x87,0x2a,0x87,0x32,0x87,0x32,0x87,0x2a,0x87,0x2a,0x87,0x2a,0x87,0x2a,
    0x87,0x2a,0x67,0x2a,0x47,0x2a,0x47,0x2a,0x67,0x2a,0x67,0x2a,0x67,0x2a,0x67,0x2a,0x67,0x2a,0x67,0x2a,0x67,0x2a,0x67,0x2a,0x67,0x2a,0x47,0x22,0xa6,0x19,0x86,0x19,
    0x86,0x19,0xa6,0x19,0xc6,0x21,0x66,0x62,0xe7,0x82,0x07,0x83,0x07,0x83,0x07,0x83,0xe7,0x82,0x07,0x83,0x07,0x83,0x07,0x83,0x07,0x83,0x07,0x83,0x07,0x83,0x07,0x7b,
    0x07,0x7b,0x07,0x83,0x07,0x83,0x07,0x7b,0x07,0x7b,0x07,0x83,0xe7,0x7a,0x26,0x5a,0x05,0x52,0x05,0x52,0x25,0x52,0x06,0x52,0x05,0x52,0x05,0x52,0x05,0x52,0x05,0x52,
    0x05,0x52,0x05,0x52,0x05,0x52,0x05,0x52,0x05,0x52,0x05,0x4a,0xe5,0x49,0xe5,0x49,0x05,0x4a,0x06,0x4a,0xc7,0x72,0x07,0x7b,0xe7,0x7a,0xe7,0x7a,0x07,0x7b,0x07,0x7b,
    0x07,0x7b,0x07,0x7b,0x07,0x7b,0x07,0x7b,0x07,0x7b,0x07,0x7b,0x07,0x7b,0x07,0x7b,0x07,0x7b,0xa6,0x72,0x25,0x5a,0x26,0x5a,0x46,0x5a,0x46,0x5a,0x26,0x5a,0x26,0x5a,
    0x46,0x5a,0x46,0x5a,0x46,0x5a,0x26,0x5a,0x25,0x5a,0xa6,0x72,0x07,0x7b,0xe7,0x7a,0xe7,0x7a,0xe7,0x7a,0xe7,0x7a,0xe7,0x7a,0x07,0x7b,0x07,0x7b,0xe7,0x7a,0x35,0xce,
    0x39,0xe7,0x19,0xdf,0x19,0xdf,0x19,0xdf,0x19,0xdf,0x19,0xdf,0x19,0xdf,0x19,0xdf,0x19,0xdf,0x19,0xdf,0x19,0xdf,0x19,0xdf,0xae,0xa4,0x07,0x7b,0xe7,0x7a,0xe7,0x7a,
    0xe7,0x7a,0xe7,0x7a,0xc6,0x72,0xa6,0x72,0xc7,0x7a,0xe7,0x7a,0xe7,0x7a,0xe7,0x7a,0xe7,0x7a,0xe7,0x7a,0xe7,0x7a,0xe7,0x7a,0xe7,0x7a,0x07,0x7b,0x07,0x7b,0x07,0x7b,
    0x07,0x83,0x07,0x83,0x07,0x83,0x07,0x83,0x07,0x83,0x07,0x83,0x07,0x83,0x07,0x83,0x07,0x83,0x07,0x83,0x07,0x7b,0xe7,0x7a,0xe7,0x7a,0xe7,0x7a,0xe7,0x7a,0xe7,0x7a,
    0xe7,0x7a,0xe7,0x7a,0xe7,0x7a,0xe7,0x7a,0xe7,0x7a,0xe7,0x7a,0x07,0x83,0x07,0x83,0x07,0x83,0x07,0x83,0x07,0x83,0x07,0x83,0x07,0x83,0x07,0x83,0x07,0x83,0x07,0x7b,
    0x07,0x83,0x46,0x5a,0x05,0x4a,0x05,0x4a,0x26,0x52,0x06,0x4a,0x86,0x11,0x86,0x11,0x86,0x11,0x86,0x11,0x86,0x11,0x86,0x11,0x86,0x11,0x86,0x11,0x86,0x11,0x86,0x11,
    0x86,0x11,0x86,0x11,0x86,0x11,0x86,0x11,0x86,0x11,0x86,0x11,0x86,0x11,0x86,0x11,0x86,0x11,0x86,0x11,0x86,0x11,0x86,0x11,0x86,0x11,0x86,0x11,0x86,0x11,0x86,0x11,
    0x86,0x11,0x86,0x11,0x86,0x11,0x86,0x11,0x65,0x11,0x65,0x11,0x86,0x11,0x86,0x11,0x86,0x11,0x86,0x11,0x86,0x11,0x86,0x11,0x86,0x11,0x86,0x11,0x86,0x11,0x66,0x11,
    0x65,0x11,0x66,0x11,0x66,0x11,0x66,0x11,0x66,0x11,0x66,0x11,0x66,0x11,0x66,0x11,0x66,0x11,0x66,0x11,0x65,0x09,0x65,0x11,0x86,0x11,0x86,0x11,0x66,0x11,0x86,0x11,
    0x86,0x11,0x86,0x11,0x86,0x11,0x86,0x11,0x86,0x11,0x66,0x11,0x86,0x11,0x86,0x11,0x66,0x11,0x66,0x11,0x86,0x11,0x86,0x11,0x86,0x11,0x86,0x11,0x86,0x11,0x86,0x11,
    0x86,0x11,0x86,0x11,0x86,0x11,0x86,0x11,0xe5,0x39,0xe5,0x49,0xe5,0x49,0x06,0x52,0x86,0x62,0x07,0x83,0x07,0x83,0x07,0x83,0x07,0x83,0x07,0x83,0x07,0x83,0x07,0x83,
    0x07,0x83,0x27,0x83,0x27,0x83,0x07,0x83,0x07,0x83,0x07,0x83,0x07,0x83,0x07,0x83,0x07,0x83,0x07,0x83,0x07,0x83,0x07,0x83,0xe7,0x7a,0xa6,0x72,0xc6,0x72,0xe7,0x7a,
    0xc7,0x7a,0xc7,0x7a,0xc7,0x7a,0xc7,0x7a,0xc7,0x7a,0xc7,0x7a,0xc7,0x7a,0xc7,0x7a,0xc7,0x7a,0xc7,0x7a,0xe7,0x7a,0xc7,0x7a,0xc7,0x72,0xa7,0x6a,0xa7,0x72,0xe7,0x7a,
    0xe7,0x82,0x07,0x83,0x07,0x83,0x07,0x83,0x07,0x83,0x07,0x83,0x07,0x83,0x07,0x83,0x07,0x83,0x07,0x83,0x07,0x83,0x07,0x83,0x07,0x83,0x07,0x83,0x07,0x83,0xc7,0x7a,
    0xc6,0x72,0xe7,0x7a,0xe7,0x7a,0xe7,0x7a,0xe7,0x7a,0xe7,0x7a,0xe7,0x7a,0xe7,0x7a,0xe7,0x7a,0xe7,0x7a,0xe7,0x7a,0xe7,0x7a,0x07,0x7b,0x07,0x7b,0x07,0x7b,0x07,0x7b,
    0x07,0x7b,0x07,0x7b,0x07,0x7b,0x07,0x83,0x07,0x83,0x35,0xce,0x39,0xe7,0x19,0xdf,0x19,0xdf,0x19,0xdf,0x19,0xdf,0x19,0xdf,0x19,0xdf,0x19,0xdf,0x19,0xdf,0x19,0xdf,
    0x19,0xdf,0x19,0xdf,0x8d,0xa4,0x07,0x83,0xe7,0x82,0xe7,0x82,0xe7,0x82,0xe7,0x7a,0xe7,0x7a,0xe7,0x82,0x07,0x83,0x07,0x83,0x07,0x83,0x07,0x83,0x07,0x83,0x07,0x83,
    0x07,0x83,0x07,0x83,0x07,0x83,0x07,0x83,0x07,0x83,0x07,0x83,0x07,0x83,0x07,0x83,0x07,0x83,0x07,0x83,0x07,0x83,0x07,0x83,0x07,0x83,0x07,0x83,0x07,0x83,0x07,0x83,
    0x07,0x83,0x07,0x83,0x07,0x83,0x07,0x83,0x07,0x83,0x07,0x83,0x27,0x83,0x07,0x83,0x07,0x83,0xe7,0x7a,0xa6,0x6a,0xa6,0x6a,0xa6,0x6a,0xa6,0x6a,0xa6,0x72,0xa6,0x72,
    0xa6,0x72,0xa6,0x72,0xa6,0x72,0xa6,0x6a,0xe7,0x7a,0x07,0x83,0x27,0x8b,0x07,0x83,0xc6,0x7a,0xc6,0x7a,0xa6,0x72,0x66,0x6a,0xe6,0x39,0xa5,0x29,0xa5,0x29,0xa5,0x29,
    0xa5,0x29,0xa5,0x29,0xa5,0x29,0xa5,0x29,0xa6,0x29,0xa5,0x29,0xa5,0x29,0xa5,0x29,0xc6,0x29,0xa5,0x29,0xa5,0x29,0xa5,0x29,0xa5,0x29,0xa5,0x29,0xc6,0x29,0xc5,0x29,
    0xc5,0x29,0xc5,0x29,0xa5,0x29,0xa5,0x29,0xa5,0x29,0xa5,0x29,0xa5,0x29,0xa5,0x29,0xa5,0x29,0xa5,0x29,0xa5,0x29,0xa5,0x29,0xa5,0x29,0xa5,0x29,0xc6,0x31,0xc6,0x31,
    0xc6,0x29,0xc6,0x29,0xc5,0x29,0xc5,0x29,0xc5,0x29,0xc5,0x29,0xc5,0x31,0xc5,0x31,0xc5,0x31,0xc5,0x31,0xc5,0x31,0xc5,0x31,0xc5,0x31,0xc5,0x31,0xc5,0x31,0xc5,0x31,
    0xa5,0x31,0xc5,0x31,0xc5,0x31,0xc5,0x31,0xc6,0x31,0xc5,0x31,0xc5,0x31,0xc5,0x31,0xc5,0x31,0xc5,0x31,0xc5,0x31,0xc5,0x31,0xc5,0x31,0xc5,0x31,0xa5,0x29,0xa5,0x29,
    0xa5,0x29,0xa5,0x29,0xa5,0x29,0xa5,0x29,0xa5,0x29,0xa5,0x29,0xa5,0x29,0xc5,0x29,0xc6,0x31,0xc5,0x31,0x46,0x5a,0xa6,0x72,0xc6,0x7a,0xc6,0x7a,0xc6,0x7a,0x07,0x83,
    0x07,0x83,0x07,0x8b,0x07,0x83,0x07,0x83,0x07,0x83,0x07,0x8b,0xc6,0x72,0xa6,0x72,0xa6,0x72,0xa6,0x72,0xa6,0x72,0xa6,0x72,0xa6,0x72,0xa6,0x72,0xc6,0x7a,0xe7,0x82,
    0x07,0x83,0x07,0x83,0x07,0x83,0x07,0x83,0x07,0x83,0x07,0x83,0x07,0x83,0x07,0x83,0x07,0x83,0x07,0x83,0x07,0x83,0x07,0x83,0x07,0x83,0x07,0x83,0x07,0x83,0x07,0x83,
    0x07,0x83,0x07,0x83,0x07,0x83,0xc7,0x72,0xa6,0x72,0xa6,0x72,0xa6,0x72,0xa6,0x72,0xa6,0x72,0xa6,0x72,0xa6,0x72,0xa6,0x72,0xa6,0x72,0x07,0x83,0x07,0x83,0x07,0x83,
    0x07,0x83,0x07,0x83,0x07,0x83,0x07,0x83,0x07,0x83,0x07,0x83,0x07,0x83,0x07,0x83,0x27,0x83,0x27,0x83,0x27,0x83,0x07,0x83,0x07,0x83,0x07,0x83,0x07,0x83,0x07,0x83,
    0x07,0x83,0x07,0x7b,0x07,0x7b,0x07,0x7b,0x07,0x7b,0x07,0x7b,0xe7,0x7a,0xe7,0x7a,0x07,0x7b,0x07,0x7b,0x07,0x83,0x35,0xce,0x39,0xe7,0x19,0xdf,0x19,0xdf,0x19,0xdf,
    0x19,0xdf,0x19,0xdf,0x19,0xdf,0x19,0xdf,0x19,0xdf,0x19,0xdf,0x19,0xdf,0x19,0xdf,0x4c,0xa4,0x27,0x8b,0x07,0x8b,0x07,0x83,0x07,0x83,0x07,0x83,0x07,0x83,0x07,0x83,
    0x07,0x83,0x07,0x83,0x07,0x83,0x07,0x83,0x27,0x83,0x07,0x83,0x07,0x83,0x07,0x83,0x07,0x83,0x07,0x83,0x07,0x83,0x07,0x83,0x07,0x83,0x07,0x83,0x07,0x83,0x07,0x83,
    0x07,0x83,0x07,0x83,0x07,0x83,0x07,0x83,0x07,0x83,0x07,0x83,0x07,0x83,0x07,0x83,0x07,0x83,0x27,0x83,0x07,0x83,0x07,0x83,0x07,0x83,0x07,0x83,0x07,0x83,0xa6,0x72,
    0x46,0x5a,0x66,0x62,0x66,0x62,0x66,0x62,0x66,0x62,0x66,0x62,0x66,0x62,0x66,0x62,0x66,0x62,0x86,0x6a,0xe7,0x82,0x27,0x83,0x07,0x83,0x07,0x83,0x07,0x83,0x07,0x83,
    0xc7,0x7a,0xa6,0x72,0x66,0x62,0x46,0x62,0x46,0x5a,0x46,0x5a,0x26,0x5a,0x26,0x5a,0x26,0x5a,0x26,0x5a,0x46,0x5a,0x26,0x5a,0x26,0x5a,0x26,0x5a,0x46,0x5a,0x26,0x5a,
    0x26,0x5a,0x26,0x5a,0x26,0x5a,0x26,0x5a,0x46,0x5a,0x46,0x5a,0x46,0x62,0x26,0x5a,0x26,0x5a,0x26,0x5a,0x46,0x5a,0x46,0x5a,0x26,0x5a,0x26,0x5a,0x26,0x5a,0x26,0x5a,
    0x26,0x5a,0x26,0x5a,0x46,0x62,0x46,0x62,0x46,0x62,0x46,0x62,0x46,0x62,0x46,0x62,0x46,0x62,0x46,0x62,0x46,0x62,0x46,0x62,0x46,0x62,0x26,0x5a,0x06,0x52,0x06,0x52,
    0x26,0x52,0x25,0x5a,0x05,0x52,0x05,0x52,0x05,0x52,0x05,0x52,0x05,0x52,0x05,0x52,0x26,0x5a,0x26,0x5a,0x26,0x5a,0x25,0x5a,0x26,0x5a,0x26,0x5a,0x26,0x5a,0x25,0x5a,
    0x26,0x5a,0x26,0x5a,0x26,0x5a,0x26,0x5a,0x25,0x5a,0x26,0x5a,0x46,0x5a,0x46,0x5a,0x46,0x5a,0x46,0x5a,0x46,0x5a,0x46,0x5a,0x46,0x5a,0x46,0x5a,0x46,0x62,0x66,0x6a,
    0xc6,0x7a,0xc6,0x7a,0xe7,0x82,0x07,0x83,0x07,0x83,0x07,0x83,0x07,0x83,0x07,0x83,0x07,0x83,0x07,0x83,0x07,0x83,0x07,0x83,0xa6,0x72,0x66,0x62,0x66,0x6a,0x66,0x6a,
    0x66,0x6a,0x66,0x62,0x66,0x62,0x66,0x62,0x66,0x6a,0xe7,0x7a,0xe7,0x7a,0xe7,0x82,0xe7,0x82,0xe7,0x82,0xe7,0x7a,0xe7,0x7a,0xe7,0x7a,0xe7,0x82,0xe7,0x82,0x07,0x83,
    0x07,0x83,0xe7,0x7a,0xe7,0x7a,0xe7,0x7a,0xe7,0x82,0x07,0x83,0x07,0x83,0xe7,0x82,0x07,0x83,0x66,0x62,0x26,0x5a,0x46,0x62,0x46,0x62,0x66,0x62,0x66,0x62,0x66,0x62,
    0x66,0x62,0x66,0x62,0x66,0x62,0xe7,0x82,0x07,0x83,0x07,0x83,0x07,0x83,0x07,0x83,0x07,0x83,0x07,0x83,0x07,0x83,0x07,0x83,0x07,0x83,0x07,0x83,0x07,0x83,0x07,0x83,
    0x07,0x83,0x07,0x83,0x07,0x7b,0x07,0x7b,0x07,0x83,0x07,0x7b,0x07,0x7b,0x07,0x7b,0x07,0x83,0x07,0x7b,0x07,0x7b,0x07,0x7b,0x07,0x7b,0x07,0x7b,0x07,0x7b,0x07,0x83,
    0x07,0x83,0x35,0xce,0x3a,0xe7,0x19,0xdf,0x19,0xdf,0x19,0xdf,0x19,0xdf,0x19,0xdf,0x19,0xdf,0x19,0xdf,0x19,0xdf,0x19,0xdf,0x19,0xdf,0x19,0xdf,0xcb,0x8b,0x45,0x62,
    0x66,0x62,0x66,0x62,0x46,0x62,0x46,0x62,0x46,0x62,0x46,0x62,0x46,0x62,0x46,0x62,0x66,0x62,0x66,0x62,0x66,0x62,0x66,0x62,0x66,0x62,0x66,0x62,0x66,0x62,0x66,0x62,
    0x66,0x62,0x66,0x6a,0x66,0x62,0x66,0x62,0x66,0x62,0x66,0x62,0x66,0x62,0x66,0x62,0x66,0x62,0x66,0x62,0x66,0x62,0x66,0x6a,0x66,0x62,0x66,0x62,0x66,0x62,0x66,0x62,
    0x46,0x62,0x46,0x62,0x46,0x62,0x46,0x62,0x46,0x62,0x46,0x5a,0x25,0x5a,0x46,0x5a,0x46,0x62,0x46,0x62,0x26,0x5a,0x26,0x5a,0x26,0x62,0x46,0x62,0x46,0x62,0x46,0x62,
    0x46,0x62,0x66,0x62,0x46,0x62,0x46,0x62,0x46,0x62,0x46,0x62,0x46,0x62,0x46,0x62,0x46,0x62,0x45,0x62,0x46,0x62,0x46,0x62,0x25,0x62,0x25,0x62,0x25,0x5a,0x25,0x62,
    0x26,0x62,0x46,0x62,0x46,0x62,0x25,0x62,0x25,0x62,0x25,0x5a,0x25,0x62,0x25,0x62,0x25,0x62,0x25,0x62,0x25,0x62,0x25,0x62,0x25,0x5a,0x25,0x5a,0x25,0x5a,0x25,0x5a,
    0x25,0x5a,0x25,0x5a,0x25,0x5a,0x25,0x5a,0x25,0x5a,0x05,0x5a,0x25,0x5a,0x25,0x5a,0x25,0x5a,0x25,0x62,0x25,0x62,0x25,0x62,0x25,0x62,0x25,0x5a,0x25,0x5a,0x25,0x5a,
    0x25,0x5a,0x25,0x5a,0x25,0x5a,0x05,0x5a,0x05,0x5a,0x05,0x5a,0x05,0x5a,0x05,0x5a,0x05,0x5a,0x05,0x5a,0x05,0x5a,0x05,0x5a,0x05,0x5a,0x05,0x5a,0x25,0x5a,0x25,0x5a,
    0x25,0x5a,0x25,0x5a,0x25,0x5a,0x25,0x5a,0x05,0x5a,0x05,0x5a,0x05,0x5a,0x25,0x5a,0x25,0x5a,0x05,0x5a,0x05,0x5a,0x25,0x5a,0x25,0x5a,0x25,0x5a,0x25,0x5a,0x25,0x5a,
    0x25,0x5a,0x25,0x5a,0x25,0x5a,0x25,0x5a,0x25,0x5a,0x25,0x5a,0x25,0x5a,0x25,0x5a,0x25,0x5a,0x25,0x5a,0x25,0x5a,0x25,0x5a,0x25,0x5a,0x25,0x5a,0x25,0x5a,0x25,0x5a,
    0x25,0x5a,0x25,0x5a,0x26,0x62,0x26,0x5a,0x25,0x5a,0x25,0x5a,0x25,0x5a,0x25,0x5a,0x25,0x5a,0x25,0x5a,0x25,0x5a,0x45,0x62,0x25,0x5a,0x25,0x5a,0x25,0x5a,0x25,0x5a,
    0x25,0x5a,0x25,0x5a,0x25,0x62,0x26,0x5a,0x25,0x5a,0x25,0x5a,0x25,0x5a,0x26,0x5a,0x25,0x5a,0x25,0x5a,0x25,0x5a,0x25,0x5a,0x25,0x5a,0x25,0x5a,0x25,0x5a,0x25,0x5a,
    0x25,0x5a,0x25,0x5a,0x25,0x5a,0x25,0x5a,0x46,0x5a,0x46,0x5a,0x26,0x5a,0x46,0x62,0x46,0x62,0x46,0x62,0x46,0x62,0x25,0x5a,0x46,0x62,0x46,0x62,0x46,0x62,0x46,0x62,
    0x46,0x62,0x46,0x62,0x46,0x62,0x46,0x62,0x46,0x62,0x46,0x62,0x46,0x62,0x46,0x62,0x46,0x62,0x46,0x62,0x46,0x62,0x46,0x62,0x46,0x62,0x46,0x62,0x46,0x62,0x46,0x62,
    0x46,0x62,0x46,0x62,0x46,0x62,0x46,0x62,0x46,0x62,0x46,0x62,0x46,0x62,0xf5,0xc5,0x3a,0xe7,0x19,0xdf,0x19,0xdf,0x19,0xdf,0x19,0xdf,0x19,0xdf,0x19,0xdf,0x19,0xdf,
    0x19,0xdf,0x19,0xdf,0x19,0xdf,0x19,0xdf,0xac,0x83,0x46,0x5a,0x87,0x62,0x87,0x62,0x87,0x62,0x87,0x62,0x87,0x62,0x87,0x62,0x87,0x62,0x87,0x62,0x87,0x62,0x87,0x62,
    0x87,0x62,0x87,0x62,0x87,0x62,0x87,0x62,0xa7,0x62,0xa7,0x62,0xa7,0x62,0xa7,0x6a,0xa7,0x6a,0xa7,0x6a,0xa7,0x6a,0xa7,0x6a,0xa7,0x6a,0xa7,0x62,0x87,0x62,0x87,0x62,
    0x87,0x62,0x87,0x62,0xa7,0x6a,0xa7,0x6a,0xa7,0x6a,0xa7,0x6a,0xa7,0x6a,0xa7,0x6a,0xa7,0x6a,0xa7,0x6a,0xa7,0x6a,0xa7,0x6a,0xa7,0x6a,0xa7,0x6a,0xa7,0x6a,0xa7,0x6a,
    0xa7,0x6a,0xa7,0x6a,0xa8,0x6a,0xa8,0x6a,0xa8,0x6a,0xa8,0x6a,0xa8,0x6a,0xa8,0x6a,0xa8,0x6a,0xc8,0x6a,0xa8,0x6a,0xa8,0x6a,0xa8,0x6a,0xa8,0x6a,0xa8,0x6a,0xa8,0x6a,
    0xc8,0x6a,0xc8,0x6a,0xc8,0x6a,0xc8,0x6a,0xc8,0x6a,0xc8,0x6a,0xc8,0x6a,0xc8,0x6a,0xc8,0x6a,0xc8,0x6a,0xc8,0x6a,0xc8,0x6a,0xc8,0x6a,0xc8,0x6a,0xc8,0x6a,0xc8,0x6a,
    0xe8,0x72,0xe8,0x72,0xc8,0x6a,0xc8,0x6a,0xc8,0x6a,0xc8,0x6a,0xc8,0x6a,0xc8,0x6a,0xe8,0x72,0xe8,0x72,0xe8,0x72,0xc8,0x72,0xe8,0x72,0xe8,0x72,0xe9,0x72,0xe9,0x72,
    0xe9,0x72,0xe9,0x72,0xe8,0x72,0xe9,0x72,0xe8,0x72,0xe8,0x72,0xe9,0x72,0xe9,0x72,0xe9,0x72,0xe9,0x72,0xe9,0x72,0xe9,0x72,0x09,0x73,0x09,0x73,0xe9,0x72,0x09,0x73,
    0x09,0x73,0x09,0x73,0x09,0x73,0x09,0x73,0x09,0x73,0x09,0x73,0x09,0x73,0x09,0x73,0xe9,0x72,0x09,0x73,0xe9,0x72,0xe9,0x72,0x09,0x73,0xe9,0x72,0x09,0x73,0x09,0x73,
    0x09,0x73,0x09,0x73,0x09,0x73,0x09,0x73,0x09,0x73,0x09,0x73,0xe9,0x72,0x09,0x73,0x09,0x73,0x09,0x73,0x09,0x73,0x09,0x73,0x09,0x73,0x09,0x73,0x09,0x73,0x09,0x73,
    0xe9,0x72,0xe9,0x6a,0xe9,0x6a,0xe9,0x72,0xe9,0x72,0x09,0x73,0xe9,0x72,0xe9,0x72,0x09,0x73,0x09,0x73,0x09,0x73,0x09,0x73,0x09,0x73,0x09,0x73,0x09,0x73,0x09,0x73,
    0x09,0x73,0x09,0x73,0x09,0x73,0xe9,0x72,0xe9,0x72,0x09,0x73,0x09,0x73,0x09,0x73,0x09,0x73,0x09,0x73,0x09,0x73,0x09,0x73,0x09,0x73,0x09,0x73,0x09,0x73,0xe9,0x72,
    0xe9,0x72,0xe9,0x72,0xe9,0x6a,0xe8,0x6a,0xe8,0x6a,0xe8,0x6a,0xe8,0x6a,0xe8,0x6a,0xe8,0x6a,0xe8,0x72,0xe8,0x72,0xe8,0x72,0xe8,0x72,0xe9,0x72,0xe9,0x72,0x09,0x73,
    0xe9,0x72,0xc8,0x6a,0xc8,0x6a,0xe8,0x6a,0xe8,0x6a,0xe8,0x6a,0xe8,0x6a,0xc8,0x6a,0xc8,0x6a,0xc8,0x6a,0xc8,0x6a,0xc8,0x6a,0xa8,0x6a,0xc8,0x6a,0xc8,0x6a,0xc8,0x6a,
    0xa8,0x6a,0xa8,0x6a,0xa8,0x6a,0xa8,0x6a,0xc8,0x6a,0xc8,0x6a,0xc8,0x6a,0xa8,0x6a,0xa8,0x6a,0xa8,0x6a,0xa8,0x6a,0xa7,0x62,0x87,0x62,0x15,0xc6,0x3a,0xe7,0x19,0xdf,
    0x19,0xdf,0x19,0xdf,0x19,0xdf,0x19,0xdf,0x19,0xdf,0x19,0xdf,0x19,0xdf,0x19,0xdf,0x19,0xdf,0x19,0xdf,0xb8,0xd6,0x97,0xd6,0x97,0xd6,0x97,0xd6,0xb7,0xd6,0xb7,0xd6,
    0x97,0xd6,0xb7,0xd6,0xb7,0xd6,0xb7,0xd6,0xb7,0xd6,0xb7,0xd6,0xb7,0xd6,0xb7,0xd6,0xb7,0xd6,0xb7,0xd6,0xb7,0xd6,0xb7,0xd6,0xb7,0xd6,0xb7,0xd6,0xb7,0xd6,0xb7,0xd6,
    0xb7,0xd6,0xb7,0xd6,0xb8,0xd6,0xb7,0xd6,0xb7,0xd6,0xb7,0xd6,0xb7,0xd6,0xb7,0xd6,0xb7,0xd6,0xb8,0xd6,0xb8,0xd6,0xb8,0xd6,0xb8,0xd6,0xb8,0xd6,0xb8,0xd6,0xb8,0xd6,
    0xb7,0xd6,0xb7,0xd6,0xb8,0xd6,0xb7,0xd6,0xb8,0xd6,0xb8,0xd6,0xb8,0xd6,0xb8,0xd6,0xb8,0xd6,0xb8,0xd6,0xb8,0xd6,0xb8,0xd6,0xb8,0xd6,0xb8,0xd6,0xb8,0xd6,0xb8,0xd6,
    0xb8,0xd6,0xb8,0xd6,0xb8,0xd6,0xb8,0xd6,0xb8,0xd6,0xd8,0xd6,0xd8,0xd6,0xd8,0xd6,0xd8,0xd6,0xd8,0xd6,0xd8,0xd6,0xd8,0xd6,0xd8,0xd6,0xd8,0xd6,0xd8,0xd6,0xd8,0xd6,
    0xd8,0xd6,0xd8,0xd6,0xd8,0xd6,0xd8,0xd6,0xd8,0xd6,0xd8,0xd6,0xd8,0xd6,0xd8,0xd6,0xd8,0xd6,0xd8,0xd6,0xd8,0xd6,0xd8,0xd6,0xd8,0xde,0xd8,0xde,0xf8,0xde,0xf8,0xde,
    0xd8,0xde,0xd8,0xde,0xf8,0xde,0xf8,0xde,0xf9,0xde,0xf9,0xde,0xf8,0xde,0xf8,0xde,0xf8,0xde,0xf8,0xde,0xf8,0xde,0xf8,0xde,0xf8,0xde,0xf8,0xde,0xf9,0xde,0xf9,0xde,
    0xf8,0xde,0xf9,0xde,0xf9,0xde,0xf9,0xde,0xf9,0xde,0xf9,0xde,0xf9,0xde,0xf9,0xde,0xf9,0xde,0xf9,0xde,0xf9,0xde,0xf9,0xde,0xf9,0xde,0xf8,0xde,0xf8,0xde,0xf8,0xde,
    0xf8,0xde,0xf8,0xde,0xf9,0xde,0xf8,0xde,0xf9,0xde,0xf8,0xde,0xf8,0xde,0xf9,0xde,0xf9,0xde,0xf9,0xde,0xf9,0xde,0xf8,0xde,0xf8,0xde,0xf9,0xde,0xf9,0xde,0xf9,0xde,
    0xf8,0xde,0xf8,0xde,0xf9,0xde,0xf9,0xde,0xf9,0xde,0xf9,0xde,0xf8,0xde,0xf8,0xde,0xf8,0xde,0xf8,0xde,0xf9,0xde,0xf9,0xde,0xf9,0xde,0xf8,0xde,0xf8,0xde,0xf8,0xde,
    0xf8,0xde,0xf9,0xde,0xf8,0xde,0xf8,0xde,0xf8,0xde,0xf9,0xde,0xf9,0xde,0xf9,0xde,0xf9,0xde,0xf9,0xde,0xf8,0xde,0xf9,0xde,0xf8,0xde,0xf8,0xde,0xf8,0xde,0xf8,0xde,
    0xf9,0xde,0xf9,0xde,0xf9,0xde,0xf8,0xde,0xf8,0xde,0xf8,0xde,0xf8,0xde,0xf8,0xde,0xf8,0xde,0xf8,0xde,0xf8,0xde,0xf8,0xde,0xf8,0xde,0xf8,0xde,0xd8,0xde,0xd8,0xde,
    0xd8,0xde,0xd8,0xde,0xf8,0xde,0xd8,0xde,0xf8,0xde,0xf8,0xde,0xf8,0xde,0xd8,0xde,0xd8,0xde,0xd8,0xde,0xd8,0xde,0xd8,0xde,0xd8,0xde,0xd8,0xde,0xd8,0xd6,0xd8,0xd6,
    0xd8,0xd6,0xd8,0xd6,0xd8,0xd6,0xd8,0xd6,0xd8,0xd6,0xd8,0xd6,0xd8,0xd6,0xd8,0xd6,0xd8,0xd6,0xd8,0xd6,0xd8,0xd6,0xd8,0xd6,0xd8,0xd6,0xd8,0xd6,0xd8,0xd6,0xb8,0xd6,
    0xb8,0xd6,0xb8,0xd6,0xb8,0xd6,0x19,0xdf,0x19,0xdf,0x19,0xdf,0x19,0xdf,0x19,0xdf,0x19,0xdf,0x19,0xdf,0x19,0xdf,0x19,0xdf,0x19,0xdf,0x19,0xdf,0x19,0xdf,0x19,0xdf,
    0x19,0xdf,0x19,0xdf,0x39,0xdf,0x19,0xdf,0x39,0xdf,0x39,0xdf,0x19,0xdf,0x39,0xe7,0x39,0xe7,0x39,0xe7,0x39,0xdf,0x39,0xe7,0x39,0xdf,0x39,0xdf,0x39,0xdf,0x39,0xdf,
    0x39,0xe7,0x39,0xe7,0x39,0xdf,0x39,0xe7,0x39,0xdf,0x19,0xdf,0x39,0xdf,0x39,0xdf,0x39,0xe7,0x39,0xe7,0x39,0xdf,0x39,0xdf,0x39,0xdf,0x39,0xdf,0x39,0xdf,0x39,0xe7,
    0x39,0xe7,0x39,0xe7,0x39,0xdf,0x39,0xdf,0x39,0xe7,0x39,0xdf,0x39,0xdf,0x39,0xe7,0x39,0xdf,0x39,0xdf,0x39,0xdf,0x39,0xdf,0x39,0xe7,0x39,0xe7,0x39,0xdf,0x39,0xdf,
    0x19,0xdf,0x19,0xdf,0x19,0xdf,0x19,0xdf,0x19,0xdf,0x19,0xdf,0x39,0xdf,0x39,0xdf,0x39,0xdf,0x39,0xe7,0x39,0xe7,0x39,0xe7,0x39,0xe7,0x39,0xe7,0x39,0xdf,0x39,0xdf,
    0x39,0xdf,0x39,0xdf,0x39,0xdf,0x39,0xdf,0x39,0xdf,0x39,0xdf,0x39,0xdf,0x39,0xdf,0x39,0xe7,0x39,0xe7,0x39,0xdf,0x39,0xe7,0x19,0xdf,0x39,0xdf,0x19,0xdf,0x19,0xdf,
    0x39,0xdf,0x39,0xe7,0x39,0xdf,0x39,0xdf,0x39,0xdf,0x39,0xdf,0x19,0xdf,0x19,0xdf,0x19,0xdf,0x19,0xdf,0x19,0xdf,0x19,0xdf,0x19,0xdf,0x19,0xdf,0x19,0xdf,0x19,0xdf,
    0x19,0xdf,0x19,0xdf,0x19,0xdf,0x39,0xdf,0x19,0xdf,0x19,0xdf,0x19,0xdf,0x19,0xdf,0x19,0xdf,0x19,0xdf,0x39,0xdf,0x39,0xdf,0x39,0xdf,0x39,0xdf,0x19,0xdf,0x19,0xdf,
    0x19,0xdf,0x19,0xdf,0x19,0xdf,0x19,0xdf,0x19,0xdf,0x19,0xdf,0x19,0xdf,0x19,0xdf,0x19,0xdf,0x19,0xdf,0x19,0xdf,0x19,0xdf,0x19,0xdf,0x19,0xdf,0x39,0xdf,0x39,0xdf,
    0x19,0xdf,0x19,0xdf,0x19,0xdf,0x19,0xdf,0x19,0xdf,0x19,0xdf,0x19,0xdf,0x19,0xdf,0x19,0xdf,0x19,0xdf,0x39,0xdf,0x19,0xdf,0x19,0xdf,0x19,0xdf,0x19,0xdf,0x19,0xdf,
    0x19,0xdf,0x19,0xdf,0x19,0xdf,0x19,0xdf,0x19,0xdf,0x19,0xdf,0x19,0xdf,0x19,0xdf,0x19,0xdf,0x19,0xdf,0x19,0xdf,0x19,0xdf,0x19,0xdf,0x19,0xdf,0x19,0xdf,0x19,0xdf,
    0x19,0xdf,0x19,0xdf,0x19,0xdf,0x19,0xdf,0x19,0xdf,0x19,0xdf,0x19,0xdf,0x19,0xdf,0x19,0xdf,0x19,0xdf,0x19,0xdf,0x19,0xdf,0x19,0xdf,0x19,0xdf,0x19,0xdf,0x19,0xdf,
    0x19,0xdf,0x19,0xdf,0x19,0xdf,0x19,0xdf,0x19,0xdf,0x19,0xdf,0x19,0xdf,0x39,0xdf,0x19,0xdf,0x39,0xdf,0x19,0xdf,0x19,0xdf,0x39,0xdf,0x39,0xdf,0x39,0xdf,0x39,0xdf,
    0x39,0xdf,0x19,0xdf,0x19,0xdf,0x19,0xdf,0x39,0xdf,0x39,0xdf,0x39,0xdf,0x39,0xdf,0x39,0xdf,0x39,0xe7,0x39,0xdf,0x39,0xdf,0x39,0xdf,0x39,0xdf,0x19,0xdf,0x19,0xdf,
    0x19,0xdf,0x39,0xdf,0x19,0xdf,0x39,0xe7,0x39,0xe7,0x39,0xe7,0x39,0xdf,0x39,0xdf,0x39,0xdf,0x19,0xdf,0x19,0xdf,0x19,0xdf,0x19,0xdf,0x19,0xdf,0x19,0xdf,0x19,0xdf,
    0x19,0xdf,0x19,0xdf,0x19,0xdf,0x19,0xdf,0x19,0xdf,0x19,0xdf,0x19,0xdf,0x19,0xdf,0x19,0xdf,0x19,0xdf,0x19,0xdf,0x19,0xdf,0x19,0xdf,0x19,0xdf,0x19,0xdf,0x19,0xdf,
    0x19,0xdf,0x19,0xdf,0x19,0xdf,0x19,0xdf,0x19,0xdf,0x19,0xdf,0x19,0xdf,0x19,0xdf,0x19,0xdf,0x19,0xdf,0x19,0xdf,0x19,0xdf,0x19,0xdf,0x19,0xdf,0x19,0xdf,0x19,0xdf,
    0x19,0xdf,0x19,0xdf,0x19,0xdf,0x19,0xdf,0x19,0xdf,0x19,0xdf,0x19,0xdf,0x19,0xdf,0x19,0xdf,0x19,0xdf,0x19,0xdf,0x19,0xdf,0x19,0xdf,0x19,0xdf,0x19,0xdf,0x19,0xdf,
    0x19,0xdf,0x19,0xdf,0x19,0xdf,0x19,0xdf,0x19,0xdf,0x19,0xdf,0x19,0xdf,0x19,0xdf,0x19,0xdf,0x19,0xdf,0x19,0xdf,0x19,0xdf,0x19,0xdf,0x19,0xdf,0x19,0xdf,0x19,0xdf,
    0x19,0xdf,0x19,0xdf,0x19,0xdf,0x19,0xdf,0x19,0xdf,0x19,0xdf,0x19,0xdf,0x19,0xdf,0x19,0xdf,0x19,0xdf,0x19,0xdf,0x19,0xdf,0x19,0xdf,0x19,0xdf,0x19,0xdf,0x19,0xdf,
    0x19,0xdf,0x19,0xdf,0x19,0xdf,0x19,0xdf,0x19,0xdf,0x19,0xdf,0x19,0xdf,0x19,0xdf,0x19,0xdf,0x19,0xdf,0x19,0xdf,0x19,0xdf,0x19,0xdf,0x19,0xdf,0x19,0xdf,0x19,0xdf,
    0x19,0xdf,0x19,0xdf,0x19,0xdf,0x19,0xdf,0x19,0xdf,0x19,0xdf,0x19,0xdf,0x19,0xdf,0x19,0xdf,0x19,0xdf,0x19,0xdf,0x19,0xdf,0x19,0xdf,0x19,0xdf,0x19,0xdf,0x19,0xdf,
    0x19,0xdf,0x19,0xdf,0x19,0xdf,0x19,0xdf,0x19,0xdf,0x19,0xdf,0x19,0xdf,0x19,0xdf,0x19,0xdf,0x19,0xdf,0x19,0xdf,0x19,0xdf,0x19,0xdf,0x19,0xdf,0x19,0xdf,0x19,0xdf,
    0x19,0xdf,0x19,0xdf,0x19,0xdf,0x19,0xdf,0x19,0xdf,0x19,0xdf,0x19,0xdf,0x19,0xdf,0x19,0xdf,0x19,0xdf,0x19,0xdf,0x19,0xdf,0x19,0xdf,0x19,0xdf,0x19,0xdf,0x19,0xdf,
    0x19,0xdf,0x19,0xdf,0x19,0xdf,0x19,0xdf,0x19,0xdf,0x19,0xdf,0x19,0xdf,0x19,0xdf,0x19,0xdf,0x19,0xdf,0x19,0xdf,0x19,0xdf,0x19,0xdf,0x19,0xdf,0x19,0xdf,0x19,0xdf,
    0x19,0xdf,0x19,0xdf,0x19,0xdf,0x19,0xdf,0x19,0xdf,0x19,0xdf,0x19,0xdf,0x19,0xdf,0x19,0xdf,0x19,0xdf,0x19,0xdf,0x19,0xdf,0x19,0xdf,0x19,0xdf,0x19,0xdf,0x19,0xdf,
    0x19,0xdf,0x19,0xdf,0x19,0xdf,0x19,0xdf,0x19,0xdf,0x19,0xdf,0x19,0xdf,0x19,0xdf,0x19,0xdf,0x19,0xdf,0x19,0xdf,0x19,0xdf,0x19,0xdf,0x19,0xdf,0x19,0xdf,0x19,0xdf,
    0x19,0xdf,0x19,0xdf,0x19,0xdf,0x19,0xdf,0x19,0xdf,0x19,0xdf,0x19,0xdf,0x19,0xdf,0x19,0xdf,0x19,0xdf,0x19,0xdf,0x19,0xdf,0x19,0xdf,0x19,0xdf,0x19,0xdf,0x19,0xdf,
    0x19,0xdf,0x19,0xdf,0x19,0xdf,0x19,0xdf,0x19,0xdf,0x19,0xdf,0x19,0xdf,0x19,0xdf,0x19,0xdf,0x19,0xdf,0x19,0xdf,0x19,0xdf,0x19,0xdf,0x19,0xdf,0x19,0xdf,0x19,0xdf,
    0x19,0xdf,0x19,0xdf,0x19,0xdf,0x19,0xdf,0x19,0xdf,0x19,0xdf,0x19,0xdf,0x19,0xdf,0x19,0xdf,0x19,0xdf,0x19,0xdf,0x19,0xdf,0x19,0xdf,0x19,0xdf,0x19,0xdf,0x19,0xdf,
    0x19,0xdf,0x19,0xdf,0x19,0xdf,0x19,0xdf,0x19,0xdf,0x19,0xdf,0x19,0xdf,0x19,0xdf,0x19,0xdf,0x19,0xdf,0x19,0xdf,0x19,0xdf,0x19,0xdf,0x19,0xdf,0x19,0xdf,0x19,0xdf,
    0x19,0xdf,0x19,0xdf,0x19,0xdf,0x19,0xdf,0x19,0xdf,0x19,0xdf,0x19,0xdf,0x19,0xdf,0x19,0xdf,0x19,0xdf,0x19,0xdf,0x19,0xdf,0x19,0xdf,0x19,0xdf,0x19,0xdf,0x19,0xdf,
    0x19,0xdf,0x19,0xdf,0x19,0xdf,0x19,0xdf,0x19,0xdf,0x19,0xdf,0x19,0xdf,0x19,0xdf,0x19,0xdf,0x19,0xdf,0x19,0xdf,0x19,0xdf,0x19,0xdf,0x19,0xdf,0x19,0xdf,0x19,0xdf,
    0x19,0xdf,0x19,0xdf,0x19,0xdf,0x19,0xdf,0x19,0xdf,0x19,0xdf,0x19,0xdf,0x19,0xdf,0x19,0xdf,0x19,0xdf,0x19,0xdf,0x19,0xdf,0x19,0xdf,0x19,0xdf,0x19,0xdf,0x19,0xdf,
    0x19,0xdf,0x19,0xdf,0x19,0xdf,0x19,0xdf,0x19,0xdf,0x19,0xdf,0x19,0xdf,0x19,0xdf,0x19,0xdf,0x19,0xdf,0x19,0xdf,0x19,0xdf,0x19,0xdf,0x19,0xdf,0x19,0xdf,0x19,0xdf,
    0x19,0xdf,0x19,0xdf,0x19,0xdf,0x19,0xdf,0x19,0xdf,0x19,0xdf,0x19,0xdf,0x19,0xdf,0x19,0xdf,0x19,0xdf,0x19,0xdf,0x19,0xdf,0x19,0xdf,0x19,0xdf,0x19,0xdf,0x19,0xdf,
    0x19,0xdf,0x19,0xdf,0x19,0xdf,0x19,0xdf,0x19,0xdf,0x19,0xdf,0x19,0xdf,0x19,0xdf,0x19,0xdf,0x19,0xdf,0x19,0xdf,0x19,0xdf,0x19,0xdf,0x19,0xdf,0x19,0xdf,0x19,0xdf,
    0x19,0xdf,0x19,0xdf,0x19,0xdf,0x19,0xdf,0x19,0xdf,0x19,0xdf,0x19,0xdf,0x19,0xdf,0x19,0xdf,0x19,0xdf,0x19,0xdf,0x19,0xdf,0x19,0xdf,0x19,0xdf,0x19,0xdf,0x19,0xdf,
    0x19,0xdf,0x19,0xdf,0x19,0xdf,0x19,0xdf,0x19,0xdf,0x19,0xdf,0x19,0xdf,0x19,0xdf,0x19,0xdf,0x19,0xdf,0x19,0xdf,0x19,0xdf,0x19,0xdf,0x19,0xdf,0x19,0xdf,0x19,0xdf,
    0x19,0xdf,0x19,0xdf,0x19,0xdf,0x19,0xdf,0x19,0xdf,0x19,0xdf,0x19,0xdf,0x19,0xdf,0x19,0xdf,0x19,0xdf,0x19,0xdf,0x19,0xdf,0x19,0xdf,0x19,0xdf,0x19,0xdf,0x19,0xdf,
    0x19,0xdf,0x19,0xdf,0x19,0xdf,0x19,0xdf,0x19,0xdf,0x19,0xdf,0x19,0xdf,0x19,0xdf,0x19,0xdf,0x19,0xdf,0x19,0xdf,0x19,0xdf,0x19,0xdf,0x19,0xdf,0x19,0xdf,0x19,0xdf,
    0x19,0xdf,0x19,0xdf,0x19,0xdf,0x19,0xdf,0x19,0xdf,0x19,0xdf,0x19,0xdf,0x19,0xdf,0x19,0xdf,0x19,0xdf,0x19,0xdf,0x19,0xdf,0x19,0xdf,0x19,0xdf,0x19,0xdf,0x19,0xdf,
    0x19,0xdf,0x19,0xdf,0x19,0xdf,0x19,0xdf,0x19,0xdf,0x19,0xdf,0x19,0xdf,0x19,0xdf,0x19,0xdf,0x19,0xdf,0x19,0xdf,0x19,0xdf,0x19,0xdf,0x19,0xdf,0x19,0xdf,0x19,0xdf,
    0x19,0xdf,0x19,0xdf,0x19,0xdf,0x19,0xdf,0x19,0xdf,0x19,0xdf,0x19,0xdf,0x19,0xdf,0x19,0xdf,0x19,0xdf,0x19,0xdf,0x19,0xdf,0x19,0xdf,0x19,0xdf,0x19,0xdf,0x19,0xdf,
    0x19,0xdf,0x19,0xdf,0x19,0xdf,0x19,0xdf,0x19,0xdf,0x19,0xdf,0x19,0xdf,0x19,0xdf,0x19,0xdf,0x19,0xdf,0x19,0xdf,0x19,0xdf,0x19,0xdf,0x19,0xdf,0x19,0xdf,0x19,0xdf,
    0x19,0xdf,0x19,0xdf,0x19,0xdf,0x19,0xdf,0x19,0xdf,0x19,0xdf,0x19,0xdf,0x19,0xdf,0x19,0xdf,0x19,0xdf,0x19,0xdf,0x19,0xdf,0x19,0xdf,0x19,0xdf,0x19,0xdf,0x19,0xdf,
    0x19,0xdf,0x19,0xdf,0x19,0xdf,0x19,0xdf,0x19,0xdf,0x19,0xdf,0x19,0xdf,0x19,0xdf,0x19,0xdf,0x19,0xdf,0x19,0xdf,0x19,0xdf,0x19,0xdf,0x19,0xdf,0x19,0xdf,0x19,0xdf,
    0x19,0xdf,0x19,0xdf,0x19,0xdf,0x19,0xdf,0x19,0xdf,0x19,0xdf,0x19,0xdf,0x19,0xdf,0x19,0xdf,0x19,0xdf,0x19,0xdf,0x19,0xdf,0x19,0xdf,0x19,0xdf,0x19,0xdf,0x19,0xdf,
    0x19,0xdf,0x19,0xdf,0x19,0xdf,0x19,0xdf,0x19,0xdf,0x19,0xdf,0x19,0xdf,0x19,0xdf,0x19,0xdf,0x19,0xdf,0x19,0xdf,0x19,0xdf,0x19,0xdf,0x19,0xdf,0x19,0xdf,0x19,0xdf,
    0x19,0xdf,0x19,0xdf,0x19,0xdf,0x19,0xdf,0x19,0xdf,0x19,0xdf,0x19,0xdf,0x19,0xdf,0x19,0xdf,0x19,0xdf,0x19,0xdf,0x19,0xdf,0x19,0xdf,0x19,0xdf,0x19,0xdf,0x19,0xdf,
    0x19,0xdf,0x19,0xdf,0x19,0xdf,0x19,0xdf,0x19,0xdf,0x19,0xdf,0x19,0xdf,0x19,0xdf,0x19,0xdf,0x19,0xdf,0x19,0xdf,0x19,0xdf,0x19,0xdf,0x19,0xdf,0x19,0xdf,0x19,0xdf,
    0x19,0xdf,0x19,0xdf,0x19,0xdf,0x19,0xdf,0x19,0xdf,0x19,0xdf,0x19,0xdf,0x19,0xdf,0x19,0xdf,0x19,0xdf,0x19,0xdf,0x19,0xdf,0x19,0xdf,0x19,0xdf,0x19,0xdf,0x19,0xdf,
    0x19,0xdf,0x19,0xdf,0x19,0xdf,0x19,0xdf,0x19,0xdf,0x19,0xdf,0x19,0xdf,0x19,0xdf,0x19,0xdf,0x19,0xdf,0x19,0xdf,0x19,0xdf,0x19,0xdf,0x19,0xdf,0x19,0xdf,0x19,0xdf,
    0x19,0xdf,0x19,0xdf,0x19,0xdf,0x19,0xdf,0x19,0xdf,0x19,0xdf,0x19,0xdf,0x19,0xdf,0x19,0xdf,0x19,0xdf,0x19,0xdf,0x19,0xdf,0x19,0xdf,0x19,0xdf,0x19,0xdf,0x19,0xdf,
    0x19,0xdf,0x19,0xdf,0x19,0xdf,0x19,0xdf,0x19,0xdf,0x19,0xdf,0x19,0xdf,0x19,0xdf,0x19,0xdf,0x19,0xdf,0x19,0xdf,0x19,0xdf,0x19,0xdf,0x19,0xdf,0x19,0xdf,0x19,0xdf,
    0x19,0xdf,0x19,0xdf,0x19,0xdf,0x19,0xdf,0x19,0xdf,0x19,0xdf,0x19,0xdf,0x19,0xdf,0x19,0xdf,0x19,0xdf,0x19,0xdf,0x19,0xdf,0x19,0xdf,0x19,0xdf,0x19,0xdf,0x19,0xdf,
    0x19,0xdf,0x19,0xdf,0x19,0xdf,0x19,0xdf,0x19,0xdf,0x19,0xdf,0x19,0xdf,0x19,0xdf,0x19,0xdf,0x19,0xdf,0x19,0xdf,0x19,0xdf,0x19,0xdf,0x19,0xdf,0x19,0xdf,0x19,0xdf,
    0x19,0xdf,0x19,0xdf,0x19,0xdf,0x19,0xdf,0x19,0xdf,0x19,0xdf,0x19,0xdf,0x19,0xdf,0x19,0xdf,0x19,0xdf,0x19,0xdf,0x19,0xdf,0x19,0xdf,0x19,0xdf,0x19,0xdf,0x19,0xdf,
    0x19,0xdf,0x19,0xdf,0x19,0xdf,0x19,0xdf,0x19,0xdf,0x19,0xdf,0x19,0xdf,0x19,0xdf,0x19,0xdf,0x19,0xdf,0x19,0xdf,0x19,0xdf,0x19,0xdf,0x19,0xdf,0x19,0xdf,0x19,0xdf,
    0x19,0xdf,0x19,0xdf,0x19,0xdf,0x19,0xdf,0x19,0xdf,0x19,0xdf,0x19,0xdf,0x19,0xdf,0x19,0xdf,0x19,0xdf,0x19,0xdf,0x19,0xdf,0x19,0xdf,0x19,0xdf,0x19,0xdf,0x19,0xdf,
    0x19,0xdf,0x19,0xdf,0x19,0xdf,0x19,0xdf,0x19,0xdf,0x19,0xdf,0x19,0xdf,0x19,0xdf,0x19,0xdf,0x19,0xdf,0x19,0xdf,0x19,0xdf,0x19,0xdf,0x19,0xdf,0x19,0xdf,0x19,0xdf,
    0x19,0xdf,0x19,0xdf,0x19,0xdf,0x19,0xdf,0x19,0xdf,0x19,0xdf,0x19,0xdf,0x19,0xdf,0x19,0xdf,0x19,0xdf,0x19,0xdf,0x19,0xdf,0x19,0xdf,0x19,0xdf,0x19,0xdf,0x19,0xdf,
    0x19,0xdf,0x19,0xdf,0x19,0xdf,0x19,0xdf,0x19,0xdf,0x19,0xdf,0x19,0xdf,0x19,0xdf,0x19,0xdf,0x19,0xdf,0x19,0xdf,0x19,0xdf,0x19,0xdf,0x19,0xdf,0x19,0xdf,0x19,0xdf,
    0x19,0xdf,0x19,0xdf,0x19,0xdf,0x19,0xdf,0x19,0xdf,0x19,0xdf,0x19,0xdf,0x19,0xdf,0x19,0xdf,0x19,0xdf,0x19,0xdf,0x19,0xdf,0x19,0xdf,0x19,0xdf,0x19,0xdf,0x19,0xdf,
    0x19,0xdf,0x19,0xdf,0x19,0xdf,0x19,0xdf,0x19,0xdf,0x19,0xdf,0x19,0xdf,0x19,0xdf,0x19,0xdf,0x19,0xdf,0x19,0xdf,0x19,0xdf,0x19,0xdf,0x19,0xdf,0x19,0xdf,0x19,0xdf,
    0x19,0xdf,0x19,0xdf,0x19,0xdf,0x19,0xdf,0x19,0xdf,0x19,0xdf,0x19,0xdf,0x19,0xdf,0x19,0xdf,0x19,0xdf,0x19,0xdf,0x19,0xdf,0x19,0xdf,0x19,0xdf,0x19,0xdf,0x19,0xdf,
    0x19,0xdf,0x19,0xdf,0x19,0xdf,0x19,0xdf,0x19,0xdf,0x19,0xdf,0x19,0xdf,0x19,0xdf,0x19,0xdf,0x19,0xdf,0x19,0xdf,0x19,0xdf,0x19,0xdf,0x19,0xdf,0x19,0xdf,0x19,0xdf,
    0x19,0xdf,0x19,0xdf,0x19,0xdf,0x19,0xdf,0x19,0xdf,0x19,0xdf,0x19,0xdf,0x19,0xdf,0x19,0xdf,0x19,0xdf,0x19,0xdf,0x19,0xdf,0x19,0xdf,0x19,0xdf,0x19,0xdf,0x19,0xdf,
    0x19,0xdf,0x19,0xdf,0x19,0xdf,0x19,0xdf,0x19,0xdf,0x19,0xdf,0x19,0xdf,0x19,0xdf,0x19,0xdf,0x19,0xdf,0x19,0xdf,0x19,0xdf,0x19,0xdf,0x19,0xdf,0x19,0xdf,0x19,0xdf,
    0x19,0xdf,0x19,0xdf,0x19,0xdf,0x19,0xdf,0x19,0xdf,0x19,0xdf,0x19,0xdf,0x19,0xdf,0x19,0xdf,0x19,0xdf,0x19,0xdf,0x19,0xdf,0x19,0xdf,0x19,0xdf,0x19,0xdf,0x19,0xdf,
    0x19,0xdf,0x19,0xdf,0x19,0xdf,0x19,0xdf,0x19,0xdf,0x19,0xdf,0x19,0xdf,0x19,0xdf,0x19,0xdf,0x19,0xdf,0x19,0xdf,0x19,0xdf,0x19,0xdf,0x19,0xdf,0x19,0xdf,0x19,0xdf,
    0x19,0xdf,0x19,0xdf,0x19,0xdf,0x19,0xdf,0x19,0xdf,0x19,0xdf,0x19,0xdf,0x19,0xdf,0x19,0xdf,0x19,0xdf,0x19,0xdf,0x19,0xdf,0x19,0xdf,0x19,0xdf,0x19,0xdf,0x19,0xdf,
    0x19,0xdf,0x19,0xdf,0x19,0xdf,0x19,0xdf,0x19,0xdf,0x19,0xdf,0x19,0xdf,0x19,0xdf,0x19,0xdf,0x19,0xdf,0x19,0xdf,0x19,0xdf,0x19,0xdf,0x19,0xdf,0x19,0xdf,0x19,0xdf,
    0x19,0xdf,0x19,0xdf,0x19,0xdf,0x19,0xdf,0x19,0xdf,0x19,0xdf,0x19,0xdf,0x19,0xdf,0x19,0xdf,0x19,0xdf,0x19,0xdf,0x19,0xdf,0x19,0xdf,0x19,0xdf,0x19,0xdf,0x19,0xdf,
    0x19,0xdf,0x19,0xdf,0x19,0xdf,0x19,0xdf,0x19,0xdf,0x19,0xdf,0x19,0xdf,0x19,0xdf,0x19,0xdf,0x19,0xdf,0x19,0xdf,0x19,0xdf,0x19,0xdf,0x19,0xdf,0x19,0xdf,0x19,0xdf,
    0x19,0xdf,0x19,0xdf,0x19,0xdf,0x19,0xdf,0x19,0xdf,0x19,0xdf,0x19,0xdf,0x19,0xdf,0x19,0xdf,0x19,0xdf,0x19,0xdf,0x19,0xdf,0x19,0xdf,0x19,0xdf,0x19,0xdf,0x19,0xdf,
    0x19,0xdf,0x19,0xdf,0x19,0xdf,0x19,0xdf,0x19,0xdf,0x19,0xdf,0x19,0xdf,0x19,0xdf,0x19,0xdf,0x19,0xdf,0x19,0xdf,0x19,0xdf,0x19,0xdf,0x19,0xdf,0x19,0xdf,0x19,0xdf,
    0x19,0xdf,0x19,0xdf,0x19,0xdf,0x19,0xdf,0x19,0xdf,0x19,0xdf,0x19,0xdf,0x19,0xdf,0x19,0xdf,0x19,0xdf,0x19,0xdf,0x19,0xdf,0x19,0xdf,0x19,0xdf,0x19,0xdf,0x19,0xdf,
    0x19,0xdf,0x19,0xdf,0x19,0xdf,0x19,0xdf,0x19,0xdf,0x19,0xdf,0x19,0xdf,0x19,0xdf,0x19,0xdf,0x19,0xdf,0x19,0xdf,0x19,0xdf,0x19,0xdf,0x19,0xdf,0x19,0xdf,0x19,0xdf,
    0x19,0xdf,0x19,0xdf,0x19,0xdf,0x19,0xdf,0x19,0xdf,0x19,0xdf,0x19,0xdf,0x19,0xdf,0x19,0xdf,0x19,0xdf,0x19,0xdf,0x19,0xdf,0x19,0xdf,0x19,0xdf,0x19,0xdf,0x19,0xdf,
    0x19,0xdf,0x19,0xdf,0x19,0xdf,0x19,0xdf,0x19,0xdf,0x19,0xdf,0x19,0xdf,0x19,0xdf,0x19,0xdf,0x19,0xdf,0x19,0xdf,0x19,0xdf,0x19,0xdf,0x19,0xdf,0x19,0xdf,0x19,0xdf,
    0x19,0xdf,0x19,0xdf,0x19,0xdf,0x19,0xdf,0x19,0xdf,0x19,0xdf,0x19,0xdf,0x19,0xdf,0x19,0xdf,0x19,0xdf,0x19,0xdf,0x19,0xdf,0x19,0xdf,0x19,0xdf,0x19,0xdf,0x19,0xdf,
    0x19,0xdf,0x19,0xdf,0x19,0xdf,0x19,0xdf,0x19,0xdf,0x19,0xdf,0x19,0xdf,0x19,0xdf,0x19,0xdf,0x19,0xdf,0x19,0xdf,0x19,0xdf,0x19,0xdf,0x19,0xdf,0x19,0xdf,0x19,0xdf,
    0x19,0xdf,0x19,0xdf,0x19,0xdf,0x19,0xdf,0x19,0xdf,0x19,0xdf,0x19,0xdf,0x19,0xdf,0x19,0xdf,0x19,0xdf,0x19,0xdf,0x19,0xdf,0x19,0xdf,0x19,0xdf,0x19,0xdf,0x19,0xdf,
    0x19,0xdf,0x19,0xdf,0x19,0xdf,0x19,0xdf,0x19,0xdf,0x19,0xdf,0x19,0xdf,0x19,0xdf,0x19,0xdf,0x19,0xdf,0x19,0xdf,0x19,0xdf,0x19,0xdf,0x19,0xdf,0x19,0xdf,0x19,0xdf,
    0x19,0xdf,0x19,0xdf,0x19,0xdf,0x19,0xdf,0x19,0xdf,0x19,0xdf,0x19,0xdf,0x19,0xdf,0x19,0xdf,0x19,0xdf,0x19,0xdf,0x19,0xdf,0x19,0xdf,0x19,0xdf,0x19,0xdf,0x19,0xdf,
    0x19,0xdf,0x19,0xdf,0x19,0xdf,0x19,0xdf,0x19,0xdf,0x19,0xdf,0x19,0xdf,0x19,0xdf,0x19,0xdf,0x19,0xdf,0x19,0xdf,0x19,0xdf,0x19,0xdf,0x19,0xdf,0x19,0xdf,0x19,0xdf,
    0x19,0xdf,0x19,0xdf,0x19,0xdf,0x19,0xdf,0x19,0xdf,0x19,0xdf,0x19,0xdf,0x19,0xdf,0x19,0xdf,0x19,0xdf,0x19,0xdf,0x19,0xdf,0x19,0xdf,0x19,0xdf,0x19,0xdf,0x19,0xdf,
    0x19,0xdf,0x19,0xdf,0x19,0xdf,0x19,0xdf,0x19,0xdf,0x19,0xdf,0x19,0xdf,0x19,0xdf,0x19,0xdf,0x19,0xdf,0x19,0xdf,0x19,0xdf,0x19,0xdf,0x19,0xdf,0x19,0xdf,0x19,0xdf,
    0x19,0xdf,0x19,0xdf,0x19,0xdf,0x19,0xdf,0x19,0xdf,0x19,0xdf,0x19,0xdf,0x19,0xdf,0x19,0xdf,0x19,0xdf,0x19,0xdf,0x19,0xdf,0x19,0xdf,0x19,0xdf,0x19,0xdf,0x19,0xdf,
    0x19,0xdf,0x19,0xdf,0x19,0xdf,0x19,0xdf,0x19,0xdf,0x19,0xdf,0x19,0xdf,0x19,0xdf,0x19,0xdf,0x19,0xdf,0x19,0xdf,0x19,0xdf,0x19,0xdf,0x19,0xdf,0x19,0xdf,0x19,0xdf,
    0x19,0xdf,0x19,0xdf,0x19,0xdf,0x19,0xdf,0x19,0xdf,0x19,0xdf,0x19,0xdf,0x19,0xdf,0x19,0xdf,0x19,0xdf,0x19,0xdf,0x19,0xdf,0x19,0xdf,0x19,0xdf,0x19,0xdf,0x19,0xdf,
    0x19,0xdf,0x19,0xdf,0x19,0xdf,0x19,0xdf,0x19,0xdf,0x19,0xdf,0x19,0xdf,0x19,0xdf,0x19,0xdf,0x19,0xdf,0x19,0xdf,0x19,0xdf,0x19,0xdf,0x19,0xdf,0x19,0xdf,0x19,0xdf,
    0x19,0xdf,0x19,0xdf,0x19,0xdf,0x19,0xdf,0x19,0xdf,0x19,0xdf,0x19,0xdf,0x19,0xdf,0x19,0xdf,0x19,0xdf,0x19,0xdf,0x19,0xdf,0x19,0xdf,0x19,0xdf,0x19,0xdf,0x19,0xdf,
    0x19,0xdf,0x19,0xdf,0x19,0xdf,0x19,0xdf,0x19,0xdf,0x19,0xdf,0x19,0xdf,0x19,0xdf,0x19,0xdf,0x19,0xdf,0x19,0xdf,0x19,0xdf,0x19,0xdf,0x19,0xdf,0x19,0xdf,0x19,0xdf,
    0x19,0xdf,0x19,0xdf,0x19,0xdf,0x19,0xdf,0x19,0xdf,0x19,0xdf,0x19,0xdf,0x19,0xdf,0x19,0xdf,0x19,0xdf,0x19,0xdf,0x19,0xdf,0x19,0xdf,0x19,0xdf,0x19,0xdf,0x19,0xdf,
    0x19,0xdf,0x19,0xdf,0x19,0xdf,0x19,0xdf,0x19,0xdf,0x19,0xdf,0x19,0xdf,0x19,0xdf,0x19,0xdf,0x19,0xdf,0x19,0xdf,0x19,0xdf,0x19,0xdf,0x19,0xdf,0x19,0xdf,0x19,0xdf,
    0x19,0xdf,0x19,0xdf,0x19,0xdf,0x19,0xdf,0x19,0xdf,0x19,0xdf,0x19,0xdf,0x19,0xdf,0x19,0xdf,0x19,0xdf,0x19,0xdf,0x19,0xdf,0x19,0xdf,0x19,0xdf,0x19,0xdf,0x19,0xdf,
    0x19,0xdf,0x19,0xdf,0x19,0xdf,0x19,0xdf,0x19,0xdf,0x19,0xdf,0x19,0xdf,0x19,0xdf,0x19,0xdf,0x19,0xdf,0x19,0xdf,0x19,0xdf,0x19,0xdf,0x19,0xdf,0x19,0xdf,0x19,0xdf,
    0x19,0xdf,0x19,0xdf,0x19,0xdf,0x19,0xdf,0x19,0xdf,0x19,0xdf,0x19,0xdf,0x19,0xdf,0x19,0xdf,0x19,0xdf,0x19,0xdf,0x19,0xdf,0x19,0xdf,0x19,0xdf,0x19,0xdf,0x19,0xdf,
    0x19,0xdf,0x19,0xdf,0x19,0xdf,0x19,0xdf,0x19,0xdf,0x19,0xdf,0x19,0xdf,0x19,0xdf,0x19,0xdf,0x19,0xdf,0x19,0xdf,0x19,0xdf,0x19,0xdf,0x19,0xdf,0x19,0xdf,0x19,0xdf,
    0x19,0xdf,0x19,0xdf,0x19,0xdf,0x19,0xdf,0x19,0xdf,0x19,0xdf,0x19,0xdf,0x19,0xdf,0x19,0xdf,0x19,0xdf,0x19,0xdf,0x19,0xdf,0x19,0xdf,0x19,0xdf,0x19,0xdf,0x19,0xdf,
    0x19,0xdf,0x19,0xdf,0x19,0xdf,0x19,0xdf,0x19,0xdf,0x19,0xdf,0x19,0xdf,0x19,0xdf,0x19,0xdf,0x19,0xdf,0x19,0xdf,0x19,0xdf,0x19,0xdf,0x19,0xdf,0x19,0xdf,0x19,0xdf,
    0x19,0xdf,0x19,0xdf,0x19,0xdf,0x19,0xdf,0x19,0xdf,0x19,0xdf,0x19,0xdf,0x19,0xdf,0x19,0xdf,0x19,0xdf,0x19,0xdf,0x19,0xdf,0x19,0xdf,0x19,0xdf,0x19,0xdf,0x19,0xdf,
    0x19,0xdf,0x19,0xdf,0x19,0xdf,0x19,0xdf,0x19,0xdf,0x19,0xdf,0x19,0xdf,0x19,0xdf,0x19,0xdf,0x19,0xdf,0x19,0xdf,0x19,0xdf,0x19,0xdf,0x19,0xdf,0x19,0xdf,0x19,0xdf,
    0x19,0xdf,0x19,0xdf,0x19,0xdf,0x19,0xdf,0x19,0xdf,0x19,0xdf,0x19,0xdf,0x19,0xdf,0x19,0xdf,0x19,0xdf,0x19,0xdf,0x19,0xdf,0x19,0xdf,0x19,0xdf,0x19,0xdf,0x19,0xdf,
    0x19,0xdf,0x19,0xdf,0x19,0xdf,0x19,0xdf,0x19,0xdf,0x19,0xdf,0x19,0xdf,0x19,0xdf,0x19,0xdf,0x19,0xdf,0x19,0xdf,0x19,0xdf,0x19,0xdf,0x19,0xdf,0x19,0xdf,0x19,0xdf,
    0x19,0xdf,0x19,0xdf,0x19,0xdf,0x19,0xdf,0x19,0xdf,0x19,0xdf,0x19,0xdf,0x19,0xdf,0x19,0xdf,0x19,0xdf,0x19,0xdf,0x19,0xdf,0x19,0xdf,0x19,0xdf,0x19,0xdf,0x19,0xdf,
    0x19,0xdf,0x19,0xdf,0x19,0xdf,0x19,0xdf,0x19,0xdf,0x19,0xdf,0x19,0xdf,0x19,0xdf,0x19,0xdf,0x19,0xdf,0x19,0xdf,0x19,0xdf,0x19,0xdf,0x19,0xdf,0x19,0xdf,0x19,0xdf,
    0x19,0xdf,0x19,0xdf,0x19,0xdf,0x19,0xdf,0x19,0xdf,0x19,0xdf,0x19,0xdf,0x19,0xdf,0x19,0xdf,0x19,0xdf,0x19,0xdf,0x19,0xdf,0x19,0xdf,0x19,0xdf,0x19,0xdf,0x19,0xdf,
    0x19,0xdf,0x19,0xdf,0x19,0xdf,0x19,0xdf,0x19,0xdf,0x19,0xdf,0x19,0xdf,0x19,0xdf,0x19,0xdf,0x19,0xdf,0x19,0xdf,0x19,0xdf,0x19,0xdf,0x19,0xdf,0x19,0xdf,0x19,0xdf,
    0x19,0xdf,0x19,0xdf,0x19,0xdf,0x19,0xdf,0x19,0xdf,0x19,0xdf,0x19,0xdf,0x19,0xdf,0x19,0xdf,0x19,0xdf,0x19,0xdf,0x19,0xdf,0x19,0xdf,0x19,0xdf,0x19,0xdf,0x19,0xdf,
    0x19,0xdf,0x19,0xdf,0x19,0xdf,0x19,0xdf,0x19,0xdf,0x19,0xdf,0x19,0xdf,0x19,0xdf,0x19,0xdf,0x19,0xdf,0x19,0xdf,0x19,0xdf,0x19,0xdf,0x19,0xdf,0x19,0xdf,0x19,0xdf,
    0x19,0xdf,0x19,0xdf,0x19,0xdf,0x19,0xdf,0x19,0xdf,0x19,0xdf,0x19,0xdf,0x19,0xdf,0x19,0xdf,0x19,0xdf,0x19,0xdf,0x19,0xdf,0x19,0xdf,0x19,0xdf,0x19,0xdf,0x19,0xdf,
    0x19,0xdf,0x19,0xdf,0x19,0xdf,0x19,0xdf,0x19,0xdf,0x19,0xdf,0x19,0xdf,0x19,0xdf,0x19,0xdf,0x19,0xdf,0x19,0xdf,0x19,0xdf,0x19,0xdf,0x19,0xdf,0x19,0xdf,0x19,0xdf,
    0x19,0xdf,0x19,0xdf,0x19,0xdf,0x19,0xdf,0x19,0xdf,0x19,0xdf,0x19,0xdf,0x19,0xdf,0x19,0xdf,0x19,0xdf,0x19,0xdf,0x19,0xdf,0x19,0xdf,0x19,0xdf,0x19,0xdf,0x19,0xdf,
    0x19,0xdf,0x19,0xdf,0x19,0xdf,0x19,0xdf,0x19,0xdf,0x19,0xdf,0x19,0xdf,0x19,0xdf,0x19,0xdf,0x19,0xdf,0x19,0xdf,0x19,0xdf,0x19,0xdf,0x19,0xdf,0x19,0xdf,0x19,0xdf,
    0x19,0xdf,0x19,0xdf,0x19,0xdf,0x19,0xdf,0x19,0xdf,0x19,0xdf,0x19,0xdf,0x19,0xdf,0x19,0xdf,0x19,0xdf,0x19,0xdf,0x19,0xdf,0x19,0xdf,0x19,0xdf,0x19,0xdf,0x19,0xdf,
    0x19,0xdf,0x19,0xdf,0x19,0xdf,0x19,0xdf,0x19,0xdf,0x19,0xdf,0x19,0xdf,0x19,0xdf,0x19,0xdf,0x19,0xdf,0x19,0xdf,0x19,0xdf,0x19,0xdf,0x19,0xdf,0x19,0xdf,0x19,0xdf,
    0x19,0xdf,0x19,0xdf,0x19,0xdf,0x19,0xdf,0x19,0xdf,0x19,0xdf,0x19,0xdf,0x19,0xdf,0x19,0xdf,0x19,0xdf,0x19,0xdf,0x19,0xdf,0x19,0xdf,0x19,0xdf,0x19,0xdf,0x19,0xdf,
    0x19,0xdf,0x19,0xdf,0x19,0xdf,0x19,0xdf,0x19,0xdf,0x19,0xdf,0x19,0xdf,0x19,0xdf,0x19,0xdf,0x19,0xdf,0x19,0xdf,0x19,0xdf,0x19,0xdf,0x19,0xdf,0x19,0xdf,0x19,0xdf,
    0x19,0xdf,0x19,0xdf,0x19,0xdf,0x19,0xdf,0x19,0xdf,0x19,0xdf,0x19,0xdf,0x19,0xdf,0x19,0xdf,0x19,0xdf,0x19,0xdf,0x19,0xdf,0x19,0xdf,0x19,0xdf,0x19,0xdf,0x19,0xdf,
    0x19,0xdf,0x19,0xdf,0x19,0xdf,0x19,0xdf,0x19,0xdf,0x19,0xdf,0x19,0xdf,0x19,0xdf,0x19,0xdf,0x19,0xdf,0x19,0xdf,0x19,0xdf,0x19,0xdf,0x19,0xdf,0x19,0xdf,0x19,0xdf,
    0x19,0xdf,0x19,0xdf,0x19,0xdf,0x19,0xdf,0x19,0xdf,0x19,0xdf,0x19,0xdf,0x19,0xdf,0x19,0xdf,0x19,0xdf,0x19,0xdf,0x19,0xdf,0x19,0xdf,0x19,0xdf,0x19,0xdf,0x19,0xdf,
    0x19,0xdf,0x19,0xdf,0x19,0xdf,0x19,0xdf,0x19,0xdf,0x19,0xdf,0x19,0xdf,0x19,0xdf,0x19,0xdf,0x19,0xdf,0x19,0xdf,0x19,0xdf,0x19,0xdf,0x19,0xdf,0x19,0xdf,0x19,0xdf,
    0x19,0xdf,0x19,0xdf,0x19,0xdf,0x19,0xdf,0x19,0xdf,0x19,0xdf,0x19,0xdf,0x19,0xdf,0x19,0xdf,0x19,0xdf,0x19,0xdf,0x19,0xdf,0x19,0xdf,0x19,0xdf,0x19,0xdf,0x19,0xdf,
    0x19,0xdf,0x19,0xdf,0x19,0xdf,0x19,0xdf,0x19,0xdf,0x19,0xdf,0x19,0xdf,0x19,0xdf,0x19,0xdf,0x19,0xdf,0x19,0xdf,0x19,0xdf,0x19,0xdf,0x19,0xdf,0x19,0xdf,0x19,0xdf,
    0x19,0xdf,0x19,0xdf,0x19,0xdf,0x19,0xdf,0x19,0xdf,0x19,0xdf,0x19,0xdf,0x19,0xdf,0x19,0xdf,0x19,0xdf,0x19,0xdf,0x19,0xdf,0x19,0xdf,0x19,0xdf,0x19,0xdf,0x19,0xdf,
    0x19,0xdf,0x19,0xdf,0x19,0xdf,0x19,0xdf,0x19,0xdf,0x19,0xdf,0x19,0xdf,0x19,0xdf,0x19,0xdf,0x19,0xdf,0x19,0xdf,0x19,0xdf,0x19,0xdf,0x19,0xdf,0x19,0xdf,0x19,0xdf,
    0x19,0xdf,0x19,0xdf,0x19,0xdf,0x19,0xdf,0x19,0xdf,0x19,0xdf,0x19,0xdf,0x19,0xdf,0x19,0xdf,0x19,0xdf,0x19,0xdf,0x19,0xdf,0x19,0xdf,0x19,0xdf,0x19,0xdf,0x19,0xdf,
    0x19,0xdf,0x19,0xdf,0x19,0xdf,0x19,0xdf,0x19,0xdf,0x19,0xdf,0x19,0xdf,0x19,0xdf,0x19,0xdf,0x19,0xdf,0x19,0xdf,0x19,0xdf,0x19,0xdf,0x19,0xdf,0x19,0xdf,0x19,0xdf,
    0x19,0xdf,0x19,0xdf,0x19,0xdf,0x19,0xdf,0x19,0xdf,0x19,0xdf,0x19,0xdf,0x19,0xdf,0x19,0xdf,0x19,0xdf,0x19,0xdf,0x19,0xdf,0x19,0xdf,0x19,0xdf,0x19,0xdf,0x19,0xdf,
    0x19,0xdf,0x19,0xdf,0x19,0xdf,0x19,0xdf,0x19,0xdf,0x19,0xdf,0x19,0xdf,0x19,0xdf,0x19,0xdf,0x19,0xdf,0x19,0xdf,0x19,0xdf,0x19,0xdf,0x19,0xdf,0x19,0xdf,0x19,0xdf,
    0x19,0xdf,0x19,0xdf,0x19,0xdf,0x19,0xdf,0x19,0xdf,0x19,0xdf,0x19,0xdf,0x19,0xdf,0x19,0xdf,0x19,0xdf,0x19,0xdf,0x19,0xdf,0x19,0xdf,0x19,0xdf,0x19,0xdf,0x19,0xdf,
    0x19,0xdf,0x19,0xdf,0x19,0xdf,0x19,0xdf,0x19,0xdf,0x19,0xdf,0x19,0xdf,0x19,0xdf,0x19,0xdf,0x19,0xdf,0x19,0xdf,0x19,0xdf,0x19,0xdf,0x19,0xdf,0x19,0xdf,0x19,0xdf,
    0x19,0xdf,0x19,0xdf,0x19,0xdf,0x19,0xdf,0x19,0xdf,0x19,0xdf,0x19,0xdf,0x19,0xdf,0x19,0xdf,0x19,0xdf,0x19,0xdf,0x19,0xdf,0x19,0xdf,0x19,0xdf,0x19,0xdf,0x19,0xdf,
    0x19,0xdf,0x19,0xdf,0x19,0xdf,0x19,0xdf,0x19,0xdf,0x19,0xdf,0x19,0xdf,0x19,0xdf,0x19,0xdf,0x19,0xdf,0x19,0xdf,0x19,0xdf,0x19,0xdf,0x19,0xdf,0x19,0xdf,0x19,0xdf,
    0x19,0xdf,0x19,0xdf,0x19,0xdf,0x19,0xdf,0x19,0xdf,0x19,0xdf,0x19,0xdf,0x19,0xdf,0x19,0xdf,0x19,0xdf,0x19,0xdf,0x19,0xdf,0x19,0xdf,0x19,0xdf,0x19,0xdf,0x19,0xdf,
    0x19,0xdf,0x19,0xdf,0x19,0xdf,0x19,0xdf,0x19,0xdf,0x19,0xdf,0x19,0xdf,0x19,0xdf,0x19,0xdf,0x19,0xdf,0x19,0xdf,0x19,0xdf,0x19,0xdf,0x19,0xdf,0x19,0xdf,0x19,0xdf,
    0x19,0xdf,0x19,0xdf,0x19,0xdf,0x19,0xdf,0x19,0xdf,0x19,0xdf,0x19,0xdf,0x19,0xdf,0x19,0xdf,0x19,0xdf,0x19,0xdf,0x19,0xdf,0x19,0xdf,0x19,0xdf,0x19,0xdf,0x19,0xdf,
    0x19,0xdf,0x19,0xdf,0x19,0xdf,0x19,0xdf,0x19,0xdf,0x19,0xdf,0x19,0xdf,0x19,0xdf,0x19,0xdf,0x19,0xdf,0x19,0xdf,0x19,0xdf,0x19,0xdf,0x19,0xdf,0x19,0xdf,0x19,0xdf,
    0x19,0xdf,0x19,0xdf,0x19,0xdf,0x19,0xdf,0x19,0xdf,0x19,0xdf,0x19,0xdf,0x19,0xdf,0x19,0xdf,0x19,0xdf,0x19,0xdf,0x19,0xdf,0x19,0xdf,0x19,0xdf,0x19,0xdf,0x19,0xdf,
    0x19,0xdf,0x19,0xdf,0x19,0xdf,0x19,0xdf,0x19,0xdf,0x19,0xdf,0x19,0xdf,0x19,0xdf,0x19,0xdf,0x19,0xdf,0x19,0xdf,0x19,0xdf,0x19,0xdf,0x19,0xdf,0x19,0xdf,0x19,0xdf,
    0x19,0xdf,0x19,0xdf,0x19,0xdf,0x19,0xdf,0x19,0xdf,0x19,0xdf,0x19,0xdf,0x19,0xdf,0x19,0xdf,0x19,0xdf,0x19,0xdf,0x19,0xdf,0x19,0xdf,0x19,0xdf,0x19,0xdf,0x19,0xdf,
    0x19,0xdf,0x19,0xdf,0x19,0xdf,0x19,0xdf,0x19,0xdf,0x19,0xdf,0x19,0xdf,0x19,0xdf,0x19,0xdf,0x19,0xdf,0x19,0xdf,0x19,0xdf,0x19,0xdf,0x19,0xdf,0x19,0xdf,0x19,0xdf,
    0x19,0xdf,0x19,0xdf,0x19,0xdf,0x19,0xdf,0x19,0xdf,0x19,0xdf,0x19,0xdf,0x19,0xdf,0x19,0xdf,0x19,0xdf,0x19,0xdf,0x19,0xdf,0x19,0xdf,0x19,0xdf,0x19,0xdf,0x19,0xdf,
    0x19,0xdf,0x19,0xdf,0x19,0xdf,0x19,0xdf,0x19,0xdf,0x19,0xdf,0x19,0xdf,0x19,0xdf,0x19,0xdf,0x19,0xdf,0x19,0xdf,0x19,0xdf,0x19,0xdf,0x19,0xdf,0x19,0xdf,0x19,0xdf,
    0x19,0xdf,0x19,0xdf,0x19,0xdf,0x19,0xdf,0x19,0xdf,0x19,0xdf,0x19,0xdf,0x19,0xdf,0x19,0xdf,0x19,0xdf,0x19,0xdf,0x19,0xdf,0x19,0xdf,0x19,0xdf,0x19,0xdf,0x19,0xdf,
    0x19,0xdf,0x19,0xdf,0x19,0xdf,0x19,0xdf,0x19,0xdf,0x19,0xdf,0x19,0xdf,0x19,0xdf,0x19,0xdf,0x19,0xdf,0x19,0xdf,0x19,0xdf,0x19,0xdf,0x19,0xdf,0x19,0xdf,0x19,0xdf,
    0x19,0xdf,0x19,0xdf,0x19,0xdf,0x19,0xdf,0x19,0xdf,0x19,0xdf,0x19,0xdf,0x19,0xdf,0x19,0xdf,0x19,0xdf,0x19,0xdf,0x19,0xdf,0x19,0xdf,0x19,0xdf,0x19,0xdf,0x19,0xdf,
    0x19,0xdf,0x19,0xdf,0x19,0xdf,0x19,0xdf,0x19,0xdf,0x19,0xdf,0x19,0xdf,0x19,0xdf,0x19,0xdf,0x19,0xdf,0x19,0xdf,0x19,0xdf,0x19,0xdf,0x19,0xdf,0x19,0xdf,0x19,0xdf,
    0x19,0xdf,0x19,0xdf,0x19,0xdf,0x19,0xdf,0x19,0xdf,0x19,0xdf,0x19,0xdf,0x19,0xdf,0x19,0xdf,0x19,0xdf,0x19,0xdf,0x19,0xdf,0x19,0xdf,0x19,0xdf,0x19,0xdf,0x19,0xdf,
    0x19,0xdf,0x19,0xdf,0x19,0xdf,0x19,0xdf,0x19,0xdf,0x19,0xdf,0x19,0xdf,0x19,0xdf,0x19,0xdf,0x19,0xdf,0x19,0xdf,0x19,0xdf,0x19,0xdf,0x19,0xdf,0x19,0xdf,0x19,0xdf,
    0x19,0xdf,0x19,0xdf,0x19,0xdf,0x19,0xdf,0x19,0xdf,0x19,0xdf,0x19,0xdf,0x19,0xdf,0x19,0xdf,0x19,0xdf,0x19,0xdf,0x19,0xdf,0x19,0xdf,0x19,0xdf,0x19,0xdf,0x19,0xdf,
    0x19,0xdf,0x19,0xdf,0x19,0xdf,0x19,0xdf,0x19,0xdf,0x19,0xdf,0x19,0xdf,0x19,0xdf,0x19,0xdf,0x19,0xdf,0x19,0xdf,0x19,0xdf,0x19,0xdf,0x19,0xdf,0x19,0xdf,0x19,0xdf,
    0x19,0xdf,0x19,0xdf,0x19,0xdf,0x19,0xdf,0x19,0xdf,0x19,0xdf,0x19,0xdf,0x19,0xdf,0x19,0xdf,0x19,0xdf,0x19,0xdf,0x19,0xdf,0x19,0xdf,0x19,0xdf,0x19,0xdf,0x19,0xdf,
    0x19,0xdf,0x19,0xdf,0x19,0xdf,0x19,0xdf,0x19,0xdf,0x19,0xdf,0x19,0xdf,0x19,0xdf,0x19,0xdf,0x19,0xdf,0x19,0xdf,0x19,0xdf,0x19,0xdf,0x19,0xdf,0x19,0xdf,0x19,0xdf,
    0x19,0xdf,0x19,0xdf,0x19,0xdf,0x19,0xdf,0x19,0xdf,0x19,0xdf,0x19,0xdf,0x19,0xdf,0x19,0xdf,0x19,0xdf,0x19,0xdf,0x19,0xdf,0x19,0xdf,0x19,0xdf,0x19,0xdf,0x19,0xdf,
    0x19,0xdf,0x19,0xdf,0x19,0xdf,0x19,0xdf,0x19,0xdf,0x19,0xdf,0x19,0xdf,0x19,0xdf,0x19,0xdf,0x19,0xdf,0x19,0xdf,0x19,0xdf,0x19,0xdf,0x19,0xdf,0x19,0xdf,0x19,0xdf,
    0x19,0xdf,0x19,0xdf,0x19,0xdf,0x19,0xdf,0x19,0xdf,0x19,0xdf,0x19,0xdf,0x19,0xdf,0x19,0xdf,0x19,0xdf,0x19,0xdf,0x19,0xdf,0x19,0xdf,0x19,0xdf,0x19,0xdf,0x19,0xdf,
    0x19,0xdf,0x19,0xdf,0x19,0xdf,0x19,0xdf,0x19,0xdf,0x19,0xdf,0x19,0xdf,0x19,0xdf,0x19,0xdf,0x19,0xdf,0x19,0xdf,0x19,0xdf,0x19,0xdf,0x19,0xdf,0x19,0xdf,0x19,0xdf,
    0x19,0xdf,0x19,0xdf,0x19,0xdf,0x19,0xdf,0x19,0xdf,0x19,0xdf,0x19,0xdf,0x19,0xdf,0x19,0xdf,0x19,0xdf,0x19,0xdf,0x19,0xdf,0x19,0xdf,0x19,0xdf,0x19,0xdf,0x19,0xdf,
    0x19,0xdf,0x19,0xdf,0x19,0xdf,0x19,0xdf,0x19,0xdf,0x19,0xdf,0x19,0xdf,0x19,0xdf,0x19,0xdf,0x19,0xdf,0x19,0xdf,0x19,0xdf,0x19,0xdf,0x19,0xdf,0x19,0xdf,0x19,0xdf,
    0x19,0xdf,0x19,0xdf,0x19,0xdf,0x19,0xdf,0x19,0xdf,0x19,0xdf,0x19,0xdf,0x19,0xdf,0x19,0xdf,0x19,0xdf,0x19,0xdf,0x19,0xdf,0x19,0xdf,0x19,0xdf,0x19,0xdf,0x19,0xdf,
    0x19,0xdf,0x19,0xdf,0x19,0xdf,0x19,0xdf,0x19,0xdf,0x19,0xdf,0x19,0xdf,0x19,0xdf,0x19,0xdf,0x19,0xdf,0x19,0xdf,0x19,0xdf,0x19,0xdf,0x19,0xdf,0x19,0xdf,0x19,0xdf,
    0x19,0xdf,0x19,0xdf,0x19,0xdf,0x19,0xdf,0x19,0xdf,0x19,0xdf,0x19,0xdf,0x19,0xdf,0x19,0xdf,0x19,0xdf,0x19,0xdf,0x19,0xdf,0x19,0xdf,0x19,0xdf,0x19,0xdf,0x19,0xdf,
    0x19,0xdf,0x19,0xdf,0x19,0xdf,0x19,0xdf,0x19,0xdf,0x19,0xdf,0x19,0xdf,0x19,0xdf,0x19,0xdf,0x19,0xdf,0x19,0xdf,0x19,0xdf,0x19,0xdf,0x19,0xdf,0x19,0xdf,0x19,0xdf,
    0x19,0xdf,0x19,0xdf,0x19,0xdf,0x19,0xdf,0x19,0xdf,0x19,0xdf,0x19,0xdf,0x19,0xdf,0x19,0xdf,0x19,0xdf,0x19,0xdf,0x19,0xdf,0x19,0xdf,0x19,0xdf,0x19,0xdf,0x19,0xdf,
    0x19,0xdf,0x19,0xdf,0x19,0xdf,0x19,0xdf,0x19,0xdf,0x19,0xdf,0x19,0xdf,0x19,0xdf,0x19,0xdf,0x19,0xdf,0x19,0xdf,0x19,0xdf,0x19,0xdf,0x19,0xdf,0x19,0xdf,0x19,0xdf,
    0x19,0xdf,0x19,0xdf,0x19,0xdf,0x19,0xdf,0x19,0xdf,0x19,0xdf,0x19,0xdf,0x19,0xdf,0x19,0xdf,0x19,0xdf,0x19,0xdf,0x19,0xdf,0x19,0xdf,0x19,0xdf,0x19,0xdf,0x19,0xdf,
    0x19,0xdf,0x19,0xdf,0x19,0xdf,0x19,0xdf,0x19,0xdf,0x19,0xdf,0x19,0xdf,0x19,0xdf,0x19,0xdf,0x19,0xdf,0x19,0xdf,0x19,0xdf,0x19,0xdf,0x19,0xdf,0x19,0xdf,0x19,0xdf,
    0x19,0xdf,0x19,0xdf,0x19,0xdf,0x19,0xdf,0x19,0xdf,0x19,0xdf,0x19,0xdf,0x19,0xdf,0x19,0xdf,0x19,0xdf,0x19,0xdf,0x19,0xdf,0x19,0xdf,0x19,0xdf,0x19,0xdf,0x19,0xdf,
    0x19,0xdf,0x19,0xdf,0x19,0xdf,0x19,0xdf,0x19,0xdf,0x19,0xdf,0x19,0xdf,0x19,0xdf,0x19,0xdf,0x19,0xdf,0x19,0xdf,0x19,0xdf,0x19,0xdf,0x19,0xdf,0x19,0xdf,0x19,0xdf,
    0x19,0xdf,0x19,0xdf,
};

const lv_image_dsc_t folotoy_pomodoro_scene_night_focus = {
  .header = {
    .magic = LV_IMAGE_HEADER_MAGIC,
    .cf = LV_COLOR_FORMAT_RGB565,
    .flags = 0,
    .w = 230,
    .h = 107,
    .stride = 460,
    .reserved_2 = 0,
  },
  .data_size = sizeof(folotoy_pomodoro_scene_night_focus_map),
  .data = folotoy_pomodoro_scene_night_focus_map,
  .reserved = NULL,
};
