
#if defined(LV_LVGL_H_INCLUDE_SIMPLE)
#include "lvgl.h"
#elif defined(LV_LVGL_H_INCLUDE_SYSTEM)
#include <lvgl.h>
#elif defined(LV_BUILD_TEST)
#include "../lvgl.h"
#else
#include "lvgl.h"
#endif

#ifndef LV_ATTRIBUTE_MEM_ALIGN
#define LV_ATTRIBUTE_MEM_ALIGN
#endif

#ifndef LV_ATTRIBUTE_FOLOTOY_POMODORO_SCENE_FOREST_FOCUS
#define LV_ATTRIBUTE_FOLOTOY_POMODORO_SCENE_FOREST_FOCUS
#endif

static const
LV_ATTRIBUTE_MEM_ALIGN LV_ATTRIBUTE_LARGE_CONST LV_ATTRIBUTE_FOLOTOY_POMODORO_SCENE_FOREST_FOCUS
uint8_t folotoy_pomodoro_scene_forest_focus_map[] = {
    0x13,0xd6,0x33,0xd6,0x33,0xd6,0x13,0xd6,0x13,0xd6,0x33,0xd6,0x13,0xd6,0x13,0xd6,0x13,0xd6,0x13,0xd6,0x33,0xd6,0x13,0xd6,0x13,0xd6,0x13,0xd6,0x33,0xd6,0x33,0xd6,
    0x34,0xd6,0x33,0xd6,0x33,0xd6,0x13,0xd6,0x13,0xd6,0x13,0xd6,0x13,0xd6,0x13,0xd6,0x13,0xd6,0x33,0xd6,0x13,0xd6,0x13,0xd6,0x13,0xd6,0x33,0xd6,0x33,0xd6,0x33,0xd6,
    0x13,0xd6,0x13,0xd6,0x13,0xd6,0x13,0xd6,0x33,0xd6,0x13,0xd6,0x13,0xd6,0x13,0xd6,0x33,0xd6,0x33,0xd6,0x33,0xd6,0x33,0xd6,0x33,0xd6,0x33,0xd6,0x33,0xd6,0x13,0xd6,
    0x13,0xd6,0x33,0xd6,0x34,0xd6,0x13,0xd6,0x33,0xd6,0x33,0xd6,0x33,0xd6,0x13,0xd6,0x13,0xd6,0x13,0xd6,0x13,0xd6,0x13,0xd6,0x13,0xd6,0x13,0xd6,0x13,0xd6,0x13,0xd6,
    0x13,0xd6,0x33,0xd6,0x33,0xd6,0x13,0xd6,0x13,0xd6,0x33,0xd6,0x13,0xd6,0x33,0xd6,0x33,0xd6,0x33,0xd6,0x13,0xd6,0x33,0xd6,0x33,0xd6,0x33,0xd6,0x33,0xd6,0x33,0xd6,
    0x33,0xd6,0x33,0xd6,0x13,0xd6,0x33,0xd6,0x33,0xd6,0x33,0xd6,0x13,0xd6,0x33,0xd6,0x33,0xd6,0x33,0xd6,0x13,0xd6,0x33,0xd6,0x34,0xd6,0x33,0xd6,0x13,0xd6,0x13,0xd6,
    0x33,0xd6,0x33,0xd6,0x33,0xd6,0x13,0xd6,0x33,0xd6,0x33,0xd6,0x33,0xd6,0x13,0xd6,0x33,0xd6,0x34,0xd6,0x34,0xd6,0x34,0xd6,0x34,0xd6,0x34,0xd6,0x34,0xd6,0x34,0xd6,
    0x34,0xd6,0x34,0xd6,0x33,0xd6,0x33,0xd6,0x34,0xd6,0x34,0xd6,0x34,0xd6,0x34,0xd6,0x34,0xd6,0x13,0xd6,0x13,0xd6,0x33,0xd6,0x34,0xd6,0x33,0xd6,0x33,0xd6,0x33,0xd6,
    0x33,0xd6,0x33,0xd6,0x34,0xd6,0x34,0xd6,0x34,0xd6,0x33,0xd6,0x13,0xd6,0x33,0xd6,0x34,0xd6,0x33,0xd6,0x13,0xd6,0x13,0xd6,0x33,0xd6,0x13,0xd6,0x13,0xd6,0x33,0xd6,
    0x33,0xd6,0x13,0xd6,0x33,0xd6,0x33,0xd6,0x33,0xd6,0x33,0xd6,0x33,0xd6,0x34,0xd6,0x33,0xd6,0x13,0xd6,0x13,0xd6,0x13,0xd6,0x13,0xd6,0x13,0xd6,0x13,0xd6,0x13,0xd6,
    0x13,0xd6,0x13,0xd6,0x13,0xd6,0x13,0xd6,0x33,0xd6,0x13,0xd6,0x13,0xd6,0x13,0xd6,0x13,0xd6,0x13,0xd6,0x13,0xd6,0x13,0xd6,0x13,0xd6,0x13,0xd6,0x33,0xd6,0x13,0xd6,
    0x13,0xd6,0x13,0xd6,0x13,0xd6,0x13,0xd6,0x13,0xd6,0x13,0xd6,0x13,0xd6,0x13,0xd6,0x13,0xd6,0x13,0xd6,0x13,0xd6,0x13,0xd6,0x13,0xd6,0x13,0xd6,0x13,0xd6,0x13,0xd6,
    0x13,0xd6,0x13,0xd6,0x13,0xd6,0x13,0xd6,0x13,0xd6,0x13,0xd6,0x33,0xd6,0x13,0xd6,0x13,0xd6,0x13,0xd6,0x13,0xd6,0x33,0xd6,0x34,0xd6,0x34,0xd6,0x33,0xd6,0x13,0xd6,
    0x13,0xd6,0x13,0xd6,0x13,0xd6,0x13,0xd6,0x13,0xd6,0x13,0xd6,0x13,0xd6,0x13,0xd6,0x13,0xd6,0x13,0xd6,0x13,0xd6,0x13,0xd6,0x13,0xd6,0x13,0xd6,0x13,0xd6,0x13,0xd6,
    0x13,0xd6,0x13,0xd6,0x13,0xd6,0x13,0xd6,0x13,0xd6,0x13,0xce,0x13,0xd6,0x13,0xd6,0x13,0xd6,0x13,0xd6,0x13,0xd6,0x13,0xd6,0x13,0xd6,0x13,0xd6,0x33,0xd6,0x13,0xd6,
    0x13,0xd6,0x13,0xd6,0x33,0xd6,0x33,0xd6,0x33,0xd6,0x33,0xd6,0x33,0xd6,0x33,0xd6,0x33,0xd6,0x13,0xd6,0x13,0xd6,0x13,0xd6,0x13,0xd6,0x13,0xd6,0x13,0xd6,0x13,0xd6,
    0x13,0xd6,0x13,0xd6,0x33,0xd6,0x33,0xd6,0x33,0xd6,0x13,0xd6,0x13,0xd6,0x13,0xd6,0x13,0xd6,0x33,0xd6,0x33,0xd6,0x33,0xd6,0x33,0xd6,0x33,0xd6,0x33,0xd6,0x33,0xd6,
    0x13,0xd6,0x33,0xd6,0x33,0xd6,0x33,0xd6,0x33,0xd6,0x33,0xd6,0x33,0xd6,0x33,0xd6,0x33,0xd6,0x33,0xd6,0x33,0xd6,0x33,0xd6,0x33,0xd6,0x13,0xd6,0x13,0xd6,0x13,0xd6,
    0x13,0xd6,0x13,0xd6,0x13,0xd6,0x13,0xd6,0x13,0xd6,0x13,0xd6,0x13,0xd6,0x13,0xd6,0x13,0xd6,0x13,0xd6,0x13,0xd6,0x33,0xd6,0x13,0xd6,0x33,0xd6,0x33,0xd6,0x13,0xd6,
    0x33,0xd6,0x33,0xd6,0x13,0xd6,0x33,0xd6,0x33,0xd6,0x33,0xd6,0x33,0xd6,0x13,0xd6,0x13,0xd6,0x13,0xd6,0x13,0xd6,0x33,0xd6,0x33,0xd6,0x33,0xd6,0x33,0xd6,0x33,0xd6,
    0x33,0xd6,0x33,0xd6,0x33,0xd6,0x13,0xd6,0x33,0xd6,0x33,0xd6,0x33,0xd6,0x33,0xd6,0x33,0xd6,0x33,0xd6,0x33,0xd6,0x33,0xd6,0x33,0xd6,0x33,0xd6,0x33,0xd6,0x33,0xd6,
    0x34,0xd6,0x34,0xd6,0x33,0xd6,0x33,0xd6,0x33,0xd6,0x33,0xd6,0x33,0xd6,0x33,0xd6,0x33,0xd6,0x33,0xd6,0x33,0xd6,0x33,0xd6,0x33,0xd6,0x33,0xd6,0x33,0xd6,0x33,0xd6,
    0x33,0xd6,0x33,0xd6,0x33,0xd6,0x33,0xd6,0x33,0xd6,0x33,0xd6,0x33,0xd6,0x33,0xd6,0x33,0xd6,0x34,0xd6,0x33,0xd6,0x33,0xd6,0x33,0xd6,0x33,0xd6,0x33,0xd6,0x33,0xd6,
    0x33,0xd6,0x13,0xd6,0x33,0xd6,0x33,0xd6,0x33,0xd6,0x33,0xd6,0x33,0xd6,0x33,0xd6,0x33,0xd6,0x33,0xd6,0x33,0xd6,0x33,0xd6,0x33,0xd6,0x33,0xd6,0x33,0xd6,0x33,0xd6,
    0x13,0xd6,0x33,0xd6,0x33,0xd6,0x13,0xd6,0x13,0xd6,0x13,0xd6,0x13,0xd6,0x13,0xd6,0x13,0xd6,0x13,0xd6,0x13,0xd6,0x33,0xd6,0x33,0xd6,0x33,0xd6,0x13,0xd6,0x13,0xd6,
    0x13,0xd6,0x13,0xd6,0x13,0xd6,0x13,0xd6,0x13,0xd6,0x33,0xd6,0x13,0xd6,0x13,0xd6,0x13,0xd6,0x13,0xd6,0x13,0xd6,0x13,0xd6,0x13,0xd6,0x13,0xd6,0x13,0xd6,0x13,0xd6,
    0x13,0xd6,0x13,0xd6,0x13,0xd6,0x13,0xd6,0x13,0xd6,0x13,0xd6,0x13,0xd6,0x13,0xd6,0x13,0xd6,0x13,0xd6,0x13,0xd6,0x13,0xd6,0x33,0xd6,0x33,0xd6,0x33,0xd6,0x33,0xd6,
    0x33,0xd6,0x33,0xd6,0x33,0xd6,0x33,0xd6,0x33,0xd6,0x33,0xd6,0x13,0xd6,0x13,0xd6,0x13,0xd6,0x13,0xd6,0x13,0xd6,0x13,0xd6,0x13,0xd6,0x13,0xd6,0x13,0xd6,0x13,0xd6,
    0x13,0xd6,0x13,0xd6,0x13,0xd6,0x13,0xd6,0x13,0xd6,0x13,0xd6,0x13,0xd6,0x13,0xd6,0x13,0xd6,0x13,0xd6,0x13,0xd6,0x13,0xd6,0x13,0xd6,0x13,0xd6,0x13,0xd6,0x13,0xd6,
    0x13,0xd6,0x13,0xd6,0x33,0xd6,0x13,0xd6,0x33,0xd6,0x13,0xd6,0x13,0xd6,0x13,0xd6,0x33,0xd6,0x33,0xd6,0x33,0xd6,0x33,0xd6,0x33,0xd6,0x33,0xd6,0x33,0xd6,0x33,0xd6,
    0x13,0xd6,0x13,0xd6,0x33,0xd6,0x33,0xd6,0x33,0xd6,0x33,0xd6,0x33,0xd6,0x13,0xd6,0x33,0xd6,0x33,0xd6,0x13,0xd6,0x33,0xd6,0x33,0xd6,0x33,0xd6,0x33,0xd6,0x33,0xd6,
    0x33,0xd6,0x33,0xd6,0x33,0xd6,0x33,0xd6,0x13,0xd6,0x33,0xd6,0x33,0xd6,0x33,0xd6,0x33,0xd6,0x33,0xd6,0x33,0xd6,0x33,0xd6,0x33,0xd6,0x33,0xd6,0x33,0xd6,0x33,0xd6,
    0x33,0xd6,0x33,0xd6,0x33,0xd6,0x33,0xd6,0x13,0xd6,0x13,0xd6,0x13,0xd6,0x13,0xd6,0x13,0xd6,0x13,0xd6,0x13,0xd6,0x13,0xd6,0x13,0xd6,0x13,0xd6,0x13,0xd6,0x13,0xd6,
    0x13,0xd6,0x13,0xd6,0x33,0xd6,0x33,0xd6,0x33,0xd6,0x33,0xd6,0x33,0xd6,0x33,0xd6,0x33,0xd6,0x33,0xd6,0x13,0xd6,0x33,0xd6,0x33,0xd6,0x33,0xd6,0x33,0xd6,0x13,0xd6,
    0x33,0xd6,0x33,0xd6,0x33,0xd6,0x33,0xd6,0x33,0xd6,0x33,0xd6,0x13,0xd6,0x33,0xd6,0x33,0xd6,0x33,0xd6,0x33,0xd6,0x33,0xd6,0x33,0xd6,0x33,0xd6,0x33,0xd6,0x33,0xd6,
    0x33,0xd6,0x33,0xd6,0x33,0xd6,0x33,0xd6,0x33,0xd6,0x33,0xd6,0x34,0xd6,0x34,0xd6,0x34,0xd6,0x33,0xd6,0x33,0xd6,0x33,0xd6,0x33,0xd6,0x33,0xd6,0x33,0xd6,0x33,0xd6,
    0x33,0xd6,0x33,0xd6,0x33,0xd6,0x33,0xd6,0x33,0xd6,0x33,0xd6,0x33,0xd6,0x33,0xd6,0x33,0xd6,0x33,0xd6,0x33,0xd6,0x33,0xd6,0x33,0xd6,0x33,0xd6,0x33,0xd6,0x34,0xd6,
    0x33,0xd6,0x33,0xd6,0x33,0xd6,0x33,0xd6,0x33,0xd6,0x33,0xd6,0x33,0xd6,0x33,0xd6,0x33,0xd6,0x33,0xd6,0x33,0xd6,0x33,0xd6,0x33,0xd6,0x33,0xd6,0x33,0xd6,0x33,0xd6,
    0x33,0xd6,0x33,0xd6,0x33,0xd6,0x33,0xd6,0x33,0xd6,0x33,0xd6,0x33,0xd6,0x33,0xd6,0x33,0xd6,0x33,0xd6,0x33,0xd6,0x13,0xd6,0x13,0xd6,0x13,0xd6,0x13,0xd6,0x13,0xd6,
    0x13,0xd6,0x13,0xd6,0x33,0xd6,0x33,0xd6,0x13,0xd6,0x13,0xd6,0x13,0xd6,0x13,0xd6,0x13,0xd6,0x33,0xd6,0x13,0xd6,0x13,0xd6,0x33,0xd6,0x33,0xd6,0x33,0xd6,0x33,0xd6,
    0x13,0xd6,0x33,0xd6,0x33,0xd6,0x13,0xd6,0x13,0xd6,0x13,0xd6,0x13,0xd6,0x33,0xd6,0x33,0xd6,0x13,0xd6,0x13,0xd6,0x13,0xd6,0x13,0xd6,0x13,0xd6,0x13,0xd6,0x13,0xd6,
    0x13,0xd6,0x33,0xd6,0x33,0xd6,0x33,0xd6,0x33,0xd6,0x34,0xd6,0x33,0xd6,0x33,0xd6,0x33,0xd6,0x33,0xd6,0x33,0xd6,0x33,0xd6,0x13,0xd6,0x13,0xd6,0x33,0xd6,0x13,0xd6,
    0x13,0xd6,0x13,0xd6,0x13,0xd6,0x33,0xd6,0x13,0xd6,0x33,0xd6,0x13,0xd6,0x13,0xd6,0x13,0xd6,0x13,0xd6,0x13,0xd6,0x13,0xd6,0x13,0xd6,0x13,0xd6,0x13,0xd6,0x13,0xd6,
    0x13,0xd6,0x13,0xd6,0x13,0xd6,0x13,0xd6,0x13,0xd6,0x13,0xd6,0x13,0xd6,0x33,0xd6,0x13,0xd6,0x13,0xd6,0x33,0xd6,0x13,0xd6,0x33,0xd6,0x33,0xd6,0x33,0xd6,0x33,0xd6,
    0x33,0xd6,0x33,0xd6,0x33,0xd6,0x33,0xd6,0x33,0xd6,0x33,0xd6,0x13,0xd6,0x33,0xd6,0x33,0xd6,0x33,0xd6,0x33,0xd6,0x33,0xd6,0x33,0xd6,0x33,0xd6,0x33,0xd6,0x33,0xd6,
    0x33,0xd6,0x33,0xd6,0x33,0xd6,0x33,0xd6,0x33,0xd6,0x33,0xd6,0x33,0xd6,0x33,0xd6,0x33,0xd6,0x33,0xd6,0x33,0xd6,0x33,0xd6,0x33,0xd6,0x33,0xd6,0x33,0xd6,0x33,0xd6,
    0x33,0xd6,0x33,0xd6,0x33,0xd6,0x33,0xd6,0x33,0xd6,0x33,0xd6,0x33,0xd6,0x33,0xd6,0x33,0xd6,0x13,0xd6,0x13,0xd6,0x13,0xd6,0x13,0xd6,0x13,0xd6,0x13,0xd6,0x13,0xd6,
    0x13,0xd6,0x13,0xd6,0x13,0xd6,0x13,0xd6,0x13,0xd6,0x13,0xd6,0x13,0xd6,0x13,0xd6,0x13,0xd6,0x13,0xd6,0x33,0xd6,0x33,0xd6,0x33,0xd6,0x33,0xd6,0x33,0xd6,0x33,0xd6,
    0x13,0xd6,0x33,0xd6,0x33,0xd6,0x33,0xd6,0x33,0xd6,0x13,0xd6,0x13,0xd6,0x33,0xd6,0x33,0xd6,0x33,0xd6,0x33,0xd6,0x33,0xd6,0x33,0xd6,0x33,0xd6,0x13,0xd6,0x13,0xd6,
    0x33,0xd6,0x33,0xd6,0x33,0xd6,0x33,0xd6,0x33,0xd6,0x33,0xd6,0x33,0xd6,0x33,0xd6,0x33,0xd6,0x33,0xd6,0x33,0xd6,0x33,0xd6,0x34,0xd6,0x33,0xd6,0x33,0xd6,0x34,0xd6,
    0x34,0xd6,0x33,0xd6,0x33,0xd6,0x33,0xd6,0x33,0xd6,0x33,0xd6,0x33,0xd6,0x33,0xd6,0x33,0xd6,0x33,0xd6,0x33,0xd6,0x33,0xd6,0x33,0xd6,0x33,0xd6,0x33,0xd6,0x33,0xd6,
    0x33,0xd6,0x33,0xd6,0x33,0xd6,0x33,0xd6,0x33,0xd6,0x33,0xd6,0x33,0xd6,0x33,0xd6,0x33,0xd6,0x33,0xd6,0x33,0xd6,0x33,0xd6,0x33,0xd6,0x33,0xd6,0x33,0xd6,0x33,0xd6,
    0x33,0xd6,0x33,0xd6,0x33,0xd6,0x33,0xd6,0x33,0xd6,0x33,0xd6,0x33,0xd6,0x33,0xd6,0x33,0xd6,0x33,0xd6,0x33,0xd6,0x33,0xd6,0x33,0xd6,0x33,0xd6,0x33,0xd6,0x33,0xd6,
    0x13,0xd6,0x13,0xd6,0x33,0xd6,0x13,0xd6,0x13,0xd6,0x13,0xd6,0x13,0xd6,0x13,0xd6,0x13,0xd6,0x13,0xd6,0x33,0xd6,0x13,0xd6,0x13,0xd6,0x13,0xd6,0x13,0xd6,0x13,0xd6,
    0x13,0xd6,0x33,0xd6,0x33,0xd6,0x33,0xd6,0x33,0xd6,0x13,0xd6,0x13,0xd6,0x33,0xd6,0x33,0xd6,0x13,0xd6,0x13,0xd6,0x13,0xd6,0x33,0xd6,0x13,0xd6,0x13,0xd6,0x13,0xd6,
    0x13,0xd6,0x13,0xd6,0x13,0xd6,0x13,0xd6,0x13,0xd6,0x13,0xd6,0x13,0xd6,0x13,0xd6,0x33,0xd6,0x33,0xd6,0x33,0xd6,0x33,0xd6,0x33,0xd6,0x33,0xd6,0x33,0xd6,0x33,0xd6,
    0x33,0xd6,0x33,0xd6,0x33,0xd6,0x33,0xd6,0x13,0xd6,0x33,0xd6,0x13,0xd6,0x13,0xd6,0x13,0xd6,0x33,0xd6,0x13,0xd6,0x33,0xd6,0x33,0xd6,0x13,0xd6,0x13,0xd6,0x13,0xd6,
    0x13,0xd6,0x13,0xd6,0x13,0xd6,0x13,0xd6,0x13,0xd6,0x13,0xd6,0x13,0xd6,0x13,0xd6,0x13,0xd6,0x33,0xd6,0x33,0xd6,0x33,0xd6,0x13,0xd6,0x33,0xd6,0x13,0xd6,0x13,0xd6,
    0x33,0xd6,0x33,0xd6,0x33,0xd6,0x13,0xd6,0x13,0xd6,0x33,0xd6,0x33,0xd6,0x33,0xd6,0x33,0xd6,0x33,0xd6,0x33,0xd6,0x33,0xd6,0x13,0xd6,0x33,0xd6,0x33,0xd6,0x33,0xd6,
    0x33,0xd6,0x33,0xd6,0x33,0xd6,0x33,0xd6,0x33,0xd6,0x33,0xd6,0x33,0xd6,0x33,0xd6,0x33,0xd6,0x33,0xd6,0x33,0xd6,0x33,0xd6,0x33,0xd6,0x33,0xd6,0x33,0xd6,0x33,0xd6,
    0x33,0xd6,0x33,0xd6,0x33,0xd6,0x33,0xd6,0x33,0xd6,0x33,0xd6,0x33,0xd6,0x33,0xd6,0x33,0xd6,0x33,0xd6,0x33,0xd6,0x33,0xd6,0x33,0xd6,0x33,0xd6,0x33,0xd6,0x33,0xd6,
    0x13,0xd6,0x13,0xd6,0x13,0xd6,0x13,0xd6,0x13,0xd6,0x13,0xd6,0x13,0xd6,0x13,0xd6,0x13,0xd6,0x13,0xd6,0x13,0xd6,0x13,0xd6,0x13,0xd6,0x13,0xd6,0x13,0xd6,0x13,0xd6,
    0x33,0xd6,0x33,0xd6,0x33,0xd6,0x33,0xd6,0x33,0xd6,0x13,0xd6,0x13,0xd6,0x33,0xd6,0x33,0xd6,0x33,0xd6,0x33,0xd6,0x33,0xd6,0x13,0xd6,0x33,0xd6,0x33,0xd6,0x33,0xd6,
    0x33,0xd6,0x33,0xd6,0x33,0xd6,0x33,0xd6,0x33,0xd6,0x33,0xd6,0x33,0xd6,0x33,0xd6,0x33,0xd6,0x33,0xd6,0x13,0xd6,0x13,0xd6,0x33,0xd6,0x33,0xd6,0x33,0xd6,0x33,0xd6,
    0x33,0xd6,0x33,0xd6,0x33,0xd6,0x33,0xd6,0x33,0xd6,0x33,0xd6,0x33,0xd6,0x33,0xd6,0x33,0xd6,0x33,0xd6,0x33,0xd6,0x33,0xd6,0x13,0xd6,0x33,0xd6,0x33,0xd6,0x33,0xd6,
    0x33,0xd6,0x33,0xd6,0x33,0xd6,0x33,0xd6,0x33,0xd6,0x33,0xd6,0x33,0xd6,0x33,0xd6,0x33,0xd6,0x33,0xd6,0x33,0xd6,0x33,0xd6,0x33,0xd6,0x33,0xd6,0x33,0xd6,0x33,0xd6,
    0x33,0xd6,0x33,0xd6,0x33,0xd6,0x33,0xd6,0x13,0xd6,0x13,0xd6,0x33,0xd6,0x33,0xd6,0x33,0xd6,0x33,0xd6,0x33,0xd6,0x33,0xd6,0x33,0xd6,0x33,0xd6,0x33,0xd6,0x33,0xd6,
    0x33,0xd6,0x33,0xd6,0x33,0xd6,0x33,0xd6,0x33,0xd6,0x33,0xd6,0x33,0xd6,0x33,0xd6,0x13,0xd6,0x13,0xd6,0x13,0xd6,0x13,0xd6,0x13,0xd6,0x13,0xd6,0x13,0xd6,0x13,0xd6,
    0x13,0xd6,0x13,0xd6,0x13,0xd6,0x13,0xd6,0x13,0xd6,0x13,0xd6,0x13,0xd6,0x13,0xd6,0x33,0xd6,0x33,0xd6,0x33,0xd6,0x33,0xd6,0x33,0xd6,0x33,0xd6,0x33,0xd6,0x33,0xd6,
    0x13,0xd6,0x13,0xd6,0x13,0xd6,0x13,0xd6,0x13,0xd6,0x13,0xd6,0x13,0xd6,0x13,0xd6,0x13,0xd6,0x13,0xd6,0x13,0xd6,0x13,0xd6,0x13,0xd6,0x33,0xd6,0x33,0xd6,0x33,0xd6,
    0x33,0xd6,0x33,0xd6,0x33,0xd6,0x33,0xd6,0x33,0xd6,0x33,0xd6,0x33,0xd6,0x33,0xd6,0x33,0xd6,0x33,0xd6,0x33,0xd6,0x33,0xd6,0x13,0xd6,0x33,0xd6,0x33,0xd6,0x33,0xd6,
    0x33,0xd6,0x33,0xd6,0x33,0xd6,0x33,0xd6,0x13,0xd6,0x13,0xd6,0x13,0xd6,0x13,0xd6,0x13,0xd6,0x13,0xd6,0x13,0xd6,0x13,0xd6,0x13,0xd6,0x13,0xd6,0x13,0xd6,0x13,0xd6,
    0x33,0xd6,0x33,0xd6,0x33,0xd6,0x13,0xd6,0x33,0xd6,0x13,0xd6,0x33,0xd6,0x33,0xd6,0x33,0xd6,0x33,0xd6,0x33,0xd6,0x33,0xd6,0x33,0xd6,0x33,0xd6,0x33,0xd6,0x33,0xd6,
    0x33,0xd6,0x33,0xd6,0x33,0xd6,0x33,0xd6,0x13,0xd6,0x33,0xd6,0x33,0xd6,0x33,0xd6,0x33,0xd6,0x33,0xd6,0x33,0xd6,0x33,0xd6,0x33,0xd6,0x33,0xd6,0x33,0xd6,0x33,0xd6,
    0x33,0xd6,0x33,0xd6,0x33,0xd6,0x33,0xd6,0x33,0xd6,0x33,0xd6,0x33,0xd6,0x33,0xd6,0x33,0xd6,0x33,0xd6,0x33,0xd6,0x33,0xd6,0x33,0xd6,0x33,0xd6,0x33,0xd6,0x33,0xd6,
    0x33,0xd6,0x13,0xd6,0x33,0xd6,0x33,0xd6,0x33,0xd6,0x33,0xd6,0x13,0xd6,0x13,0xd6,0x13,0xd6,0x13,0xd6,0x13,0xd6,0x13,0xd6,0x13,0xd6,0x13,0xd6,0x13,0xd6,0x13,0xd6,
    0x13,0xd6,0x13,0xd6,0x13,0xd6,0x13,0xd6,0x13,0xd6,0x13,0xd6,0x13,0xd6,0x33,0xd6,0x33,0xd6,0x33,0xd6,0x13,0xd6,0x13,0xd6,0x13,0xd6,0x33,0xd6,0x33,0xd6,0x33,0xd6,
    0x33,0xd6,0x33,0xd6,0x33,0xd6,0x33,0xd6,0x33,0xd6,0x33,0xd6,0x33,0xd6,0x33,0xd6,0x33,0xd6,0x33,0xd6,0x33,0xd6,0x33,0xd6,0x13,0xd6,0x13,0xd6,0x13,0xd6,0x13,0xd6,
    0x13,0xd6,0x13,0xd6,0x33,0xd6,0x33,0xd6,0x33,0xd6,0x33,0xd6,0x33,0xd6,0x33,0xd6,0x33,0xd6,0x13,0xd6,0x13,0xd6,0x13,0xd6,0x13,0xd6,0x34,0xd6,0x34,0xd6,0x13,0xd6,
    0x13,0xd6,0x13,0xd6,0x13,0xd6,0x33,0xd6,0x33,0xd6,0x33,0xd6,0x33,0xd6,0x33,0xd6,0x33,0xd6,0x13,0xd6,0x33,0xd6,0x33,0xd6,0x13,0xd6,0x33,0xd6,0x33,0xd6,0x33,0xd6,
    0x33,0xd6,0x33,0xd6,0x33,0xd6,0x33,0xd6,0x33,0xd6,0x13,0xd6,0x13,0xd6,0x13,0xd6,0x33,0xd6,0x33,0xd6,0x33,0xd6,0x33,0xd6,0x33,0xd6,0x33,0xd6,0x33,0xd6,0x33,0xd6,
    0x33,0xd6,0x13,0xd6,0x33,0xd6,0x33,0xd6,0x33,0xd6,0x33,0xd6,0x13,0xd6,0x33,0xd6,0x13,0xd6,0x33,0xd6,0x33,0xd6,0x13,0xd6,0x13,0xd6,0x33,0xd6,0x33,0xd6,0x13,0xd6,
    0x13,0xd6,0x13,0xd6,0x13,0xd6,0x13,0xd6,0x13,0xd6,0x13,0xd6,0x13,0xd6,0x13,0xd6,0x13,0xd6,0x13,0xd6,0x13,0xd6,0x13,0xd6,0x13,0xd6,0x13,0xd6,0x13,0xd6,0x13,0xd6,
    0x33,0xd6,0x33,0xd6,0x13,0xd6,0x13,0xd6,0x33,0xd6,0x13,0xd6,0x13,0xd6,0x13,0xd6,0x13,0xd6,0x13,0xd6,0x13,0xd6,0x13,0xd6,0x13,0xd6,0x13,0xd6,0x13,0xd6,0x13,0xd6,
    0x13,0xd6,0x13,0xd6,0x13,0xd6,0x33,0xd6,0x33,0xd6,0x33,0xd6,0x33,0xd6,0x33,0xd6,0x33,0xd6,0x33,0xd6,0x33,0xd6,0x33,0xd6,0x33,0xd6,0x33,0xd6,0x33,0xd6,0x33,0xd6,
    0x33,0xd6,0x33,0xd6,0x33,0xd6,0x33,0xd6,0x33,0xd6,0x13,0xd6,0x13,0xd6,0x13,0xd6,0x13,0xd6,0x13,0xd6,0x13,0xd6,0x13,0xd6,0x13,0xd6,0x13,0xd6,0x13,0xd6,0x13,0xd6,
    0x13,0xd6,0x13,0xd6,0x33,0xd6,0x13,0xd6,0x13,0xd6,0x33,0xd6,0x13,0xd6,0x13,0xd6,0x13,0xd6,0x13,0xd6,0x13,0xd6,0x13,0xd6,0x13,0xd6,0x33,0xd6,0x33,0xd6,0x33,0xd6,
    0x33,0xd6,0x13,0xd6,0x13,0xd6,0x33,0xd6,0x33,0xd6,0x33,0xd6,0x33,0xd6,0x33,0xd6,0x33,0xd6,0x33,0xd6,0x33,0xd6,0x13,0xd6,0x33,0xd6,0x33,0xd6,0x33,0xd6,0x33,0xd6,
    0x33,0xd6,0x13,0xd6,0x33,0xd6,0x33,0xd6,0x13,0xd6,0x13,0xd6,0x33,0xd6,0x33,0xd6,0x33,0xd6,0x33,0xd6,0x33,0xd6,0x33,0xd6,0x33,0xd6,0x33,0xd6,0x33,0xd6,0x33,0xd6,
    0x33,0xd6,0x33,0xd6,0x33,0xd6,0x13,0xd6,0x33,0xd6,0x33,0xd6,0x33,0xd6,0x33,0xd6,0x33,0xd6,0x33,0xd6,0x33,0xd6,0x33,0xd6,0x33,0xd6,0x13,0xd6,0x13,0xd6,0x13,0xd6,
    0x13,0xd6,0x13,0xd6,0x13,0xd6,0x13,0xd6,0x13,0xd6,0x13,0xd6,0x13,0xd6,0x13,0xd6,0x13,0xd6,0x13,0xd6,0x74,0xde,0x74,0xe6,0x74,0xe6,0x94,0xe6,0x95,0xe6,0x94,0xe6,
    0x94,0xe6,0x94,0xe6,0x94,0xe6,0x74,0xe6,0x74,0xde,0x94,0xe6,0x94,0xe6,0x74,0xde,0x74,0xde,0x74,0xde,0x74,0xde,0x74,0xde,0x94,0xe6,0x94,0xe6,0x94,0xe6,0x74,0xde,
    0x74,0xe6,0x94,0xe6,0x74,0xde,0x74,0xde,0x74,0xde,0x54,0xde,0x74,0xde,0x74,0xde,0x74,0xde,0x74,0xde,0x74,0xde,0x74,0xde,0x74,0xde,0x74,0xde,0x74,0xde,0x74,0xde,
    0x74,0xde,0x74,0xde,0x75,0xde,0x74,0xde,0x74,0xde,0x74,0xde,0x74,0xde,0x74,0xde,0x74,0xde,0x74,0xde,0x74,0xde,0x74,0xde,0x74,0xde,0x74,0xde,0x74,0xde,0x74,0xde,
    0x74,0xde,0x74,0xde,0x74,0xde,0x74,0xde,0x74,0xde,0x74,0xde,0x74,0xde,0x74,0xde,0x74,0xde,0x74,0xde,0x74,0xde,0x74,0xde,0x75,0xde,0x75,0xde,0x75,0xde,0x74,0xde,
    0x74,0xde,0x74,0xde,0x75,0xde,0x74,0xde,0x74,0xde,0x74,0xde,0x74,0xde,0x74,0xde,0x74,0xde,0x74,0xde,0x74,0xde,0x74,0xde,0x74,0xde,0x74,0xde,0x74,0xde,0x74,0xde,
    0x74,0xde,0x74,0xde,0x74,0xde,0x74,0xde,0x54,0xde,0x13,0xd6,0x13,0xd6,0x13,0xd6,0x13,0xd6,0x13,0xd6,0x13,0xd6,0x13,0xd6,0x13,0xd6,0x13,0xd6,0x13,0xd6,0x13,0xd6,
    0x13,0xd6,0x13,0xd6,0x13,0xd6,0x13,0xd6,0x13,0xd6,0x13,0xd6,0x33,0xd6,0x33,0xd6,0x13,0xd6,0x13,0xd6,0x13,0xd6,0x13,0xd6,0x13,0xd6,0x13,0xd6,0x13,0xd6,0x13,0xd6,
    0x13,0xd6,0x13,0xd6,0x13,0xd6,0x13,0xd6,0x13,0xd6,0x13,0xd6,0x13,0xd6,0x13,0xd6,0x33,0xd6,0x33,0xd6,0x33,0xd6,0x33,0xd6,0x33,0xd6,0x33,0xd6,0x13,0xd6,0x33,0xd6,
    0x33,0xd6,0x33,0xd6,0x33,0xd6,0x34,0xd6,0x33,0xd6,0x33,0xd6,0x33,0xd6,0x33,0xd6,0x33,0xd6,0x33,0xd6,0x33,0xd6,0x13,0xd6,0x13,0xd6,0x13,0xd6,0x13,0xd6,0x13,0xd6,
    0x13,0xd6,0x13,0xd6,0x13,0xd6,0x13,0xd6,0x13,0xd6,0x13,0xd6,0x13,0xd6,0x13,0xd6,0x33,0xd6,0x13,0xd6,0x13,0xd6,0x13,0xd6,0x13,0xd6,0x33,0xd6,0x13,0xd6,0x13,0xd6,
    0x13,0xd6,0x13,0xd6,0x13,0xd6,0x33,0xd6,0x33,0xd6,0x33,0xd6,0x13,0xd6,0x13,0xd6,0x13,0xd6,0x13,0xd6,0x13,0xd6,0x13,0xd6,0x33,0xd6,0x13,0xd6,0x33,0xd6,0x13,0xd6,
    0x33,0xd6,0x13,0xd6,0x33,0xd6,0x33,0xd6,0x33,0xd6,0x33,0xd6,0x33,0xd6,0x33,0xd6,0x33,0xd6,0x33,0xd6,0x33,0xd6,0x33,0xd6,0x13,0xd6,0x33,0xd6,0x13,0xd6,0x33,0xd6,
    0x33,0xd6,0x33,0xd6,0x13,0xd6,0x13,0xd6,0x33,0xd6,0x33,0xd6,0x33,0xd6,0x33,0xd6,0x33,0xd6,0x33,0xd6,0x33,0xd6,0x33,0xd6,0x33,0xd6,0x33,0xd6,0x13,0xd6,0x33,0xd6,
    0x33,0xd6,0x33,0xd6,0x13,0xd6,0x33,0xd6,0x13,0xd6,0x13,0xd6,0x13,0xd6,0x13,0xd6,0x13,0xd6,0x13,0xd6,0x13,0xd6,0x13,0xd6,0x13,0xd6,0x13,0xd6,0x13,0xd6,0x13,0xd6,
    0x0d,0x8c,0xab,0x7b,0xac,0x7b,0xac,0x7b,0xac,0x7b,0xac,0x7b,0xac,0x7b,0xac,0x7b,0xac,0x7b,0xac,0x7b,0x8b,0x7b,0x8b,0x7b,0xac,0x7b,0xac,0x7b,0x8b,0x7b,0x8b,0x7b,
    0xab,0x7b,0xac,0x7b,0xac,0x7b,0xac,0x7b,0xac,0x7b,0xac,0x7b,0xab,0x7b,0xac,0x7b,0xac,0x7b,0x8b,0x7b,0x8b,0x7b,0x6b,0x73,0x8b,0x7b,0x8b,0x7b,0x8c,0x7b,0x8c,0x7b,
    0x8b,0x7b,0x8b,0x7b,0x8b,0x7b,0x8b,0x7b,0x8b,0x7b,0xac,0x7b,0xac,0x7b,0xac,0x7b,0xac,0x7b,0x8b,0x7b,0x8b,0x7b,0x8b,0x7b,0x8b,0x7b,0x8b,0x7b,0x8b,0x7b,0x8c,0x7b,
    0x8c,0x7b,0x8c,0x7b,0xac,0x7b,0xac,0x7b,0xac,0x7b,0x8c,0x7b,0xac,0x7b,0x8b,0x7b,0x8b,0x7b,0x8b,0x7b,0x8b,0x7b,0x8c,0x7b,0xac,0x7b,0x8c,0x7b,0x8c,0x7b,0x8b,0x7b,
    0x8b,0x7b,0x8b,0x7b,0xac,0x7b,0x8c,0x7b,0x8c,0x7b,0xac,0x7b,0xac,0x7b,0xac,0x7b,0x8b,0x7b,0x8b,0x7b,0x8c,0x7b,0x8c,0x7b,0x8c,0x7b,0x8b,0x7b,0x8b,0x7b,0x8c,0x7b,
    0x8b,0x7b,0x8c,0x7b,0x8c,0x7b,0x8c,0x7b,0x8b,0x7b,0x8b,0x7b,0x8b,0x7b,0x8b,0x7b,0x8b,0x73,0x8b,0x7b,0x4d,0x94,0x33,0xd6,0x13,0xd6,0x13,0xd6,0x13,0xd6,0x13,0xd6,
    0x13,0xd6,0x13,0xd6,0x13,0xd6,0x13,0xd6,0x13,0xd6,0x13,0xd6,0x13,0xd6,0x13,0xd6,0x13,0xd6,0x13,0xd6,0x13,0xd6,0x13,0xd6,0x13,0xd6,0x33,0xd6,0x13,0xd6,0x13,0xd6,
    0x13,0xd6,0x13,0xd6,0x13,0xd6,0x13,0xd6,0x13,0xd6,0x13,0xd6,0x13,0xd6,0x13,0xd6,0x13,0xd6,0x13,0xd6,0x13,0xd6,0x13,0xd6,0x13,0xd6,0x13,0xd6,0x33,0xd6,0x33,0xd6,
    0x33,0xd6,0x33,0xd6,0x33,0xd6,0x13,0xd6,0x13,0xd6,0x33,0xd6,0x33,0xd6,0x33,0xd6,0x33,0xd6,0x33,0xd6,0x33,0xd6,0x33,0xd6,0x33,0xd6,0x33,0xd6,0x33,0xd6,0x33,0xd6,
    0x33,0xd6,0x13,0xd6,0x13,0xd6,0x13,0xd6,0x13,0xd6,0x13,0xd6,0x13,0xd6,0x13,0xd6,0x13,0xd6,0x13,0xd6,0x13,0xd6,0x13,0xd6,0x13,0xd6,0x13,0xd6,0x33,0xd6,0x13,0xd6,
    0x13,0xd6,0x33,0xd6,0x13,0xd6,0x33,0xd6,0x13,0xd6,0x13,0xd6,0x13,0xd6,0x13,0xd6,0x13,0xd6,0x13,0xd6,0x13,0xd6,0x13,0xd6,0x33,0xd6,0x13,0xd6,0x13,0xd6,0x13,0xd6,
    0x13,0xd6,0x13,0xd6,0x13,0xd6,0x13,0xd6,0x13,0xd6,0x13,0xd6,0x13,0xd6,0x13,0xd6,0x33,0xd6,0x33,0xd6,0x33,0xd6,0x33,0xd6,0x33,0xd6,0x33,0xd6,0x33,0xd6,0x33,0xd6,
    0x33,0xd6,0x33,0xd6,0x33,0xd6,0x33,0xd6,0x33,0xd6,0x33,0xd6,0x33,0xd6,0x13,0xd6,0x13,0xd6,0x33,0xd6,0x33,0xd6,0x33,0xd6,0x33,0xd6,0x33,0xd6,0x33,0xd6,0x33,0xd6,
    0x33,0xd6,0x33,0xd6,0x33,0xd6,0x13,0xd6,0x33,0xd6,0x33,0xd6,0x33,0xd6,0x13,0xd6,0x13,0xd6,0x33,0xd6,0x33,0xd6,0x13,0xd6,0x13,0xd6,0x13,0xd6,0x13,0xd6,0x13,0xd6,
    0x13,0xd6,0x13,0xd6,0x13,0xd6,0x13,0xd6,0x13,0xd6,0x33,0xd6,0x65,0x29,0x61,0x08,0xc2,0x20,0xc2,0x20,0xc2,0x20,0xc2,0x20,0xc2,0x20,0xc2,0x20,0xc2,0x20,0xc2,0x20,
    0xc2,0x20,0xc2,0x20,0xc2,0x20,0xc2,0x20,0xc2,0x20,0xc2,0x20,0xc2,0x20,0xc2,0x20,0xc2,0x20,0xc2,0x20,0xc2,0x20,0xc2,0x20,0xc2,0x20,0xc2,0x20,0xc2,0x20,0xc2,0x20,
    0xc2,0x20,0xc2,0x18,0xc2,0x20,0xc2,0x20,0xc2,0x20,0xc2,0x20,0xc2,0x20,0xc2,0x20,0xc2,0x20,0xc2,0x20,0xe2,0x20,0xe2,0x20,0xc2,0x20,0xc2,0x18,0xc2,0x20,0xe2,0x20,
    0xe2,0x20,0xc2,0x20,0xc2,0x18,0xc2,0x18,0xc2,0x18,0xc2,0x18,0xc2,0x20,0xc2,0x20,0xc2,0x20,0xc2,0x20,0xc2,0x20,0xc2,0x20,0xc2,0x20,0xc2,0x20,0xc2,0x20,0xe2,0x20,
    0xc2,0x20,0xc2,0x20,0xc2,0x20,0xc2,0x18,0xc2,0x20,0xc2,0x20,0xc2,0x20,0xc2,0x20,0xc2,0x20,0xc2,0x20,0xc2,0x18,0xc2,0x18,0xc2,0x18,0xc2,0x18,0xc2,0x18,0xc2,0x18,
    0xc2,0x18,0xc2,0x18,0xc2,0x18,0xc2,0x18,0xc2,0x18,0xc2,0x18,0xc2,0x18,0xc2,0x18,0xc2,0x18,0xc2,0x18,0xc2,0x18,0xc2,0x20,0xc2,0x20,0xc2,0x20,0xe2,0x20,0x61,0x08,
    0xe6,0x39,0x33,0xd6,0x13,0xd6,0x13,0xd6,0x13,0xd6,0x13,0xd6,0x13,0xd6,0x13,0xd6,0x13,0xd6,0x13,0xd6,0x13,0xd6,0x13,0xd6,0x13,0xd6,0x13,0xd6,0x13,0xd6,0x13,0xd6,
    0x13,0xd6,0x13,0xd6,0x13,0xd6,0x13,0xd6,0x13,0xd6,0x13,0xd6,0x13,0xd6,0x13,0xd6,0x13,0xd6,0x13,0xd6,0x13,0xd6,0x13,0xd6,0x13,0xd6,0x13,0xd6,0x13,0xd6,0x13,0xd6,
    0x13,0xd6,0x13,0xd6,0x13,0xd6,0x13,0xd6,0x33,0xd6,0x33,0xd6,0x33,0xd6,0x33,0xd6,0x33,0xd6,0x13,0xd6,0x13,0xd6,0x33,0xd6,0x33,0xd6,0x33,0xd6,0x33,0xd6,0x33,0xd6,
    0x33,0xd6,0x33,0xd6,0x33,0xd6,0x13,0xd6,0x33,0xd6,0x13,0xd6,0x33,0xd6,0x13,0xd6,0x13,0xd6,0x13,0xd6,0x13,0xd6,0x13,0xd6,0x13,0xd6,0x13,0xd6,0x13,0xd6,0x13,0xd6,
    0x13,0xd6,0x13,0xd6,0x13,0xd6,0x33,0xd6,0x33,0xd6,0x33,0xd6,0x13,0xd6,0x33,0xd6,0x33,0xd6,0x33,0xd6,0x13,0xd6,0x33,0xd6,0x13,0xd6,0x13,0xd6,0x13,0xd6,0x13,0xd6,
    0x13,0xd6,0x13,0xd6,0x13,0xd6,0x13,0xd6,0x13,0xd6,0x13,0xd6,0x13,0xd6,0x13,0xd6,0x13,0xd6,0x33,0xd6,0x13,0xd6,0x13,0xd6,0x13,0xd6,0x13,0xd6,0x13,0xd6,0x13,0xd6,
    0x33,0xd6,0x33,0xd6,0x33,0xd6,0x33,0xd6,0x33,0xd6,0x33,0xd6,0x33,0xd6,0x33,0xd6,0x33,0xd6,0x33,0xd6,0x33,0xd6,0x33,0xd6,0x13,0xd6,0x13,0xd6,0x13,0xd6,0x13,0xd6,
    0x33,0xd6,0x33,0xd6,0x33,0xd6,0x33,0xd6,0x33,0xd6,0x33,0xd6,0x33,0xd6,0x33,0xd6,0x13,0xd6,0x13,0xd6,0x33,0xd6,0x33,0xd6,0x33,0xd6,0x13,0xd6,0x13,0xd6,0x33,0xd6,
    0x33,0xd6,0x13,0xd6,0x13,0xd6,0x13,0xd6,0x33,0xd6,0x13,0xd6,0x13,0xd6,0x13,0xd6,0x13,0xd6,0x13,0xd6,0x13,0xd6,0x33,0xd6,0x85,0x31,0x02,0x29,0xe6,0x92,0xe6,0x8a,
    0xe6,0x8a,0xe6,0x8a,0xe6,0x8a,0xe6,0x8a,0xe6,0x8a,0xe6,0x8a,0xe6,0x8a,0xe6,0x8a,0xe6,0x8a,0xe6,0x8a,0xe6,0x8a,0xe6,0x8a,0xe6,0x8a,0xe6,0x8a,0xe6,0x8a,0xe6,0x8a,
    0xe6,0x8a,0xe6,0x8a,0xe6,0x8a,0xe6,0x8a,0xc6,0x8a,0xc6,0x82,0xc6,0x8a,0xc6,0x82,0xc6,0x82,0xc6,0x82,0xc6,0x82,0xc6,0x82,0xc6,0x82,0xc6,0x82,0xc6,0x82,0xc6,0x82,
    0xc6,0x82,0xc6,0x82,0xc6,0x82,0xc6,0x82,0xc6,0x82,0xc6,0x82,0xc6,0x82,0xc6,0x82,0xc6,0x82,0xa6,0x82,0xc6,0x82,0xc6,0x82,0xc6,0x82,0xc6,0x82,0xc6,0x82,0xc6,0x82,
    0xc6,0x82,0xc6,0x82,0xc6,0x82,0xc6,0x82,0xc6,0x8a,0xe6,0x8a,0xe6,0x8a,0xe6,0x8a,0xc6,0x82,0xc6,0x82,0xc6,0x8a,0xc6,0x8a,0xc6,0x82,0xc6,0x82,0xc6,0x82,0xc6,0x82,
    0xc6,0x82,0xc6,0x82,0xc6,0x82,0xc6,0x82,0xc6,0x82,0xc6,0x82,0xc6,0x82,0xc6,0x82,0xc6,0x82,0xc6,0x82,0xc6,0x82,0xc6,0x82,0xc6,0x82,0xc6,0x82,0xc6,0x82,0xc6,0x82,
    0xc6,0x82,0xc6,0x82,0xc6,0x82,0xc6,0x82,0xe6,0x8a,0x02,0x29,0xe6,0x41,0x33,0xd6,0x13,0xd6,0x13,0xd6,0x13,0xd6,0x13,0xd6,0x13,0xd6,0x13,0xd6,0x13,0xd6,0x13,0xd6,
    0x13,0xd6,0x13,0xd6,0x13,0xd6,0x13,0xd6,0x13,0xd6,0x13,0xd6,0x13,0xd6,0x13,0xd6,0x13,0xd6,0x13,0xd6,0x13,0xd6,0x13,0xd6,0x13,0xd6,0x13,0xd6,0x13,0xd6,0x13,0xd6,
    0x13,0xd6,0x13,0xd6,0x13,0xd6,0x13,0xd6,0x13,0xd6,0x13,0xd6,0x13,0xd6,0x13,0xd6,0x13,0xd6,0x13,0xd6,0x33,0xd6,0x13,0xd6,0x13,0xd6,0x33,0xd6,0x33,0xd6,0x13,0xd6,
    0x13,0xd6,0x33,0xd6,0x13,0xd6,0x13,0xd6,0x13,0xd6,0x33,0xd6,0x33,0xd6,0x13,0xd6,0x13,0xd6,0x33,0xd6,0x33,0xd6,0x13,0xd6,0x13,0xd6,0x13,0xd6,0x13,0xd6,0x13,0xd6,
    0x13,0xd6,0x13,0xd6,0x13,0xd6,0x13,0xd6,0x13,0xd6,0x13,0xd6,0x13,0xd6,0x13,0xd6,0x13,0xd6,0x33,0xd6,0x33,0xd6,0x33,0xd6,0x13,0xd6,0x13,0xd6,0x13,0xd6,0x33,0xd6,
    0x13,0xd6,0x13,0xd6,0x33,0xd6,0x13,0xd6,0x13,0xd6,0x13,0xd6,0x13,0xd6,0x13,0xd6,0x13,0xd6,0x13,0xd6,0x13,0xd6,0x13,0xd6,0x13,0xd6,0x13,0xd6,0x13,0xd6,0x13,0xd6,
    0x13,0xd6,0x13,0xd6,0x13,0xd6,0x13,0xd6,0x13,0xd6,0x13,0xd6,0x13,0xd6,0x33,0xd6,0x13,0xd6,0x33,0xd6,0x33,0xd6,0x33,0xd6,0x33,0xd6,0x33,0xd6,0x13,0xd6,0x13,0xd6,
    0x33,0xd6,0x33,0xd6,0x33,0xd6,0x13,0xd6,0x13,0xd6,0x13,0xd6,0x33,0xd6,0x13,0xd6,0x33,0xd6,0x33,0xd6,0x33,0xd6,0x13,0xd6,0x33,0xd6,0x13,0xd6,0x13,0xd6,0x13,0xd6,
    0x33,0xd6,0x33,0xd6,0x33,0xd6,0x13,0xd6,0x33,0xd6,0x13,0xd6,0x33,0xd6,0x13,0xd6,0x13,0xd6,0x13,0xd6,0x13,0xd6,0x13,0xd6,0x33,0xd6,0x33,0xd6,0x33,0xd6,0x33,0xd6,
    0x33,0xd6,0x33,0xd6,0xa5,0x31,0x02,0x29,0xa5,0x82,0xc6,0x8a,0xe6,0x92,0xe6,0x8a,0xe6,0x8a,0xe6,0x8a,0xe6,0x8a,0xe6,0x8a,0xe6,0x8a,0xe6,0x8a,0xe6,0x8a,0xe6,0x8a,
    0xe6,0x8a,0xe6,0x8a,0xe6,0x8a,0xe6,0x8a,0xe6,0x8a,0xe6,0x8a,0xe6,0x8a,0xe6,0x8a,0xe6,0x8a,0xe6,0x8a,0xe6,0x8a,0xe6,0x8a,0xe6,0x8a,0xe6,0x8a,0xe6,0x8a,0xe6,0x8a,
    0xe6,0x8a,0xe6,0x8a,0xe6,0x8a,0xc6,0x8a,0xc6,0x8a,0xc6,0x8a,0xe6,0x8a,0xe6,0x8a,0xe6,0x8a,0xe6,0x8a,0xe6,0x8a,0xe6,0x8a,0xc6,0x8a,0xc6,0x8a,0xc6,0x8a,0xc6,0x82,
    0xc6,0x8a,0xc6,0x8a,0xc6,0x8a,0xc6,0x8a,0xc6,0x8a,0xc6,0x8a,0xc6,0x8a,0xc6,0x8a,0xe6,0x8a,0xe6,0x8a,0xe6,0x8a,0xe6,0x8a,0xe6,0x8a,0xe6,0x8a,0xe6,0x8a,0xe6,0x8a,
    0xe6,0x8a,0xe6,0x8a,0xe6,0x8a,0xe6,0x8a,0xe6,0x8a,0xe6,0x8a,0xe6,0x8a,0xc6,0x8a,0xc6,0x8a,0xe6,0x8a,0xe6,0x8a,0xe6,0x8a,0xc6,0x8a,0xe6,0x8a,0xc6,0x8a,0xc6,0x8a,
    0xe6,0x8a,0xe6,0x8a,0xe6,0x8a,0xe6,0x8a,0xe6,0x8a,0xe6,0x8a,0xc6,0x8a,0xc6,0x8a,0xc6,0x8a,0xc6,0x8a,0xc6,0x82,0xe2,0x28,0x06,0x42,0x33,0xd6,0x33,0xd6,0x13,0xd6,
    0x13,0xd6,0x13,0xd6,0x13,0xd6,0x13,0xd6,0x13,0xd6,0x13,0xd6,0x13,0xd6,0x13,0xd6,0x13,0xd6,0x13,0xd6,0x13,0xd6,0x13,0xd6,0x13,0xd6,0x13,0xd6,0x13,0xd6,0x13,0xd6,
    0x13,0xd6,0x13,0xd6,0x13,0xd6,0x13,0xd6,0x13,0xd6,0x13,0xd6,0x13,0xd6,0x13,0xd6,0x13,0xd6,0x13,0xd6,0x13,0xd6,0x13,0xd6,0x13,0xd6,0x13,0xd6,0x13,0xd6,0x13,0xd6,
    0x13,0xd6,0x33,0xd6,0x33,0xd6,0x13,0xd6,0x33,0xd6,0x13,0xd6,0x13,0xd6,0x13,0xd6,0x33,0xd6,0x13,0xd6,0x13,0xd6,0x13,0xd6,0x13,0xd6,0x13,0xd6,0x13,0xd6,0x33,0xd6,
    0x13,0xd6,0x13,0xd6,0x13,0xd6,0x13,0xd6,0x13,0xd6,0x13,0xd6,0x13,0xd6,0x13,0xd6,0x13,0xd6,0x13,0xd6,0x13,0xd6,0x13,0xd6,0x13,0xd6,0x13,0xd6,0x13,0xd6,0x33,0xd6,
    0x33,0xd6,0x33,0xd6,0x13,0xd6,0x33,0xd6,0x33,0xd6,0x33,0xd6,0x33,0xd6,0x33,0xd6,0x13,0xd6,0x13,0xd6,0x13,0xd6,0x13,0xd6,0x13,0xd6,0x33,0xd6,0x33,0xd6,0x13,0xd6,
    0x13,0xd6,0x13,0xd6,0x13,0xd6,0x13,0xd6,0x13,0xd6,0x13,0xd6,0x13,0xd6,0x13,0xd6,0x13,0xd6,0x13,0xd6,0x13,0xd6,0x33,0xd6,0x13,0xd6,0x13,0xd6,0x33,0xd6,0x13,0xd6,
    0x13,0xd6,0x33,0xd6,0x13,0xd6,0x33,0xd6,0x33,0xd6,0x13,0xd6,0x13,0xd6,0x33,0xd6,0x33,0xd6,0x13,0xd6,0x13,0xd6,0x13,0xd6,0x33,0xd6,0x13,0xd6,0x33,0xd6,0x13,0xd6,
    0x33,0xd6,0x33,0xd6,0x13,0xd6,0x33,0xd6,0x13,0xd6,0x13,0xd6,0x33,0xd6,0x33,0xd6,0x33,0xd6,0x33,0xd6,0x13,0xd6,0x13,0xd6,0x13,0xd6,0x33,0xd6,0x13,0xd6,0x13,0xd6,
    0x13,0xd6,0x13,0xd6,0x33,0xd6,0x33,0xd6,0x33,0xd6,0x33,0xd6,0x33,0xd6,0x33,0xd6,0xa5,0x31,0xe2,0x20,0x04,0x62,0x85,0x7a,0xc6,0x8a,0xe6,0x8a,0x06,0x93,0x06,0x93,
    0xe6,0x92,0xe6,0x92,0x06,0x93,0x06,0x93,0x06,0x93,0x06,0x93,0x06,0x93,0x06,0x93,0x06,0x93,0x06,0x93,0x06,0x93,0x06,0x93,0x06,0x93,0xe6,0x92,0xe6,0x92,0xe6,0x92,
    0xe6,0x8a,0xe6,0x8a,0xe6,0x8a,0xe6,0x8a,0xe6,0x8a,0xe6,0x8a,0xe6,0x8a,0xe6,0x8a,0xe6,0x8a,0xe6,0x8a,0xe6,0x8a,0xe6,0x8a,0xe6,0x8a,0xe6,0x8a,0xe6,0x8a,0xe6,0x8a,
    0xe6,0x8a,0xe6,0x8a,0xe6,0x8a,0xe6,0x8a,0xe6,0x8a,0xe6,0x8a,0xe6,0x8a,0xe6,0x8a,0xe6,0x8a,0xe6,0x8a,0xe6,0x8a,0xe6,0x8a,0xe6,0x8a,0xe6,0x8a,0xe6,0x8a,0xe6,0x8a,
    0xe6,0x8a,0xe6,0x92,0x06,0x93,0x06,0x93,0x06,0x93,0x06,0x93,0x06,0x93,0x06,0x93,0x06,0x93,0x06,0x93,0xe6,0x92,0xe6,0x8a,0xe6,0x8a,0xe6,0x8a,0xe6,0x8a,0xe6,0x8a,
    0xe6,0x8a,0xe6,0x8a,0xe6,0x8a,0xe6,0x8a,0xe6,0x8a,0xe6,0x92,0x06,0x93,0x06,0x93,0xe6,0x92,0xe6,0x8a,0xe6,0x8a,0xe6,0x8a,0xe6,0x8a,0xa6,0x82,0x85,0x7a,0xc6,0x8a,
    0x45,0x72,0xe2,0x20,0x06,0x42,0x33,0xd6,0x33,0xd6,0x13,0xd6,0x13,0xd6,0x13,0xd6,0x13,0xd6,0x13,0xd6,0x13,0xd6,0x13,0xd6,0x13,0xd6,0x13,0xd6,0x13,0xd6,0x13,0xd6,
    0x13,0xd6,0x13,0xd6,0x13,0xd6,0x13,0xd6,0x13,0xd6,0x13,0xd6,0x13,0xd6,0x13,0xd6,0x13,0xd6,0x13,0xd6,0x13,0xd6,0x13,0xd6,0x13,0xd6,0x13,0xd6,0x13,0xd6,0x13,0xd6,
    0x13,0xd6,0x13,0xd6,0x13,0xd6,0x13,0xd6,0x13,0xd6,0x13,0xd6,0x33,0xd6,0x13,0xd6,0x33,0xd6,0x13,0xd6,0x13,0xd6,0x13,0xd6,0x33,0xd6,0x13,0xd6,0x13,0xd6,0x13,0xd6,
    0x13,0xd6,0x13,0xd6,0x13,0xd6,0x13,0xd6,0x13,0xd6,0x13,0xd6,0x33,0xd6,0x13,0xd6,0x13,0xd6,0x13,0xd6,0x13,0xd6,0x13,0xd6,0x33,0xd6,0x13,0xd6,0x13,0xd6,0x13,0xd6,
    0x13,0xd6,0x13,0xd6,0x13,0xd6,0x13,0xd6,0x13,0xd6,0x13,0xd6,0x33,0xd6,0x33,0xd6,0x13,0xd6,0x13,0xd6,0x33,0xd6,0x33,0xd6,0x33,0xd6,0x33,0xd6,0x13,0xd6,0x33,0xd6,
    0x13,0xd6,0x13,0xd6,0x33,0xd6,0x33,0xd6,0x13,0xd6,0x33,0xd6,0x13,0xd6,0x13,0xd6,0x13,0xd6,0x13,0xd6,0x13,0xd6,0x13,0xd6,0x13,0xd6,0x13,0xd6,0x13,0xd6,0x13,0xd6,
    0x13,0xd6,0x33,0xd6,0x33,0xd6,0x13,0xd6,0x33,0xd6,0x13,0xd6,0x13,0xd6,0x13,0xd6,0x33,0xd6,0x13,0xd6,0x13,0xd6,0x33,0xd6,0x33,0xd6,0x33,0xd6,0x13,0xd6,0x33,0xd6,
    0x33,0xd6,0x13,0xd6,0x13,0xd6,0x13,0xd6,0x13,0xd6,0x13,0xd6,0x13,0xd6,0x33,0xd6,0x13,0xd6,0x33,0xd6,0x33,0xd6,0x33,0xd6,0x33,0xd6,0x33,0xd6,0x33,0xd6,0x33,0xd6,
    0x13,0xd6,0x13,0xd6,0x13,0xd6,0x13,0xd6,0x13,0xd6,0x33,0xd6,0x13,0xd6,0x13,0xd6,0x33,0xd6,0x33,0xd6,0x33,0xd6,0x33,0xd6,0x33,0xd6,0x34,0xd6,0xa5,0x31,0xc2,0x20,
    0x04,0x62,0x85,0x7a,0xc6,0x8a,0x65,0x72,0x65,0x72,0x65,0x7a,0x65,0x72,0x65,0x72,0x65,0x72,0x65,0x72,0x65,0x72,0x65,0x72,0x65,0x7a,0x85,0x7a,0x65,0x72,0x65,0x72,
    0x85,0x72,0x65,0x72,0x65,0x72,0x65,0x72,0x65,0x72,0x65,0x72,0x65,0x72,0x65,0x72,0x65,0x72,0x65,0x72,0x45,0x72,0x65,0x72,0x65,0x72,0x65,0x72,0x65,0x72,0x65,0x72,
    0x65,0x72,0x65,0x72,0x65,0x72,0x65,0x72,0x65,0x72,0x65,0x72,0x65,0x72,0x65,0x72,0x65,0x72,0x65,0x72,0x65,0x72,0x85,0x7a,0x85,0x7a,0x65,0x72,0x65,0x72,0x65,0x72,
    0x65,0x72,0x65,0x72,0x65,0x72,0x65,0x72,0x65,0x72,0x65,0x72,0x65,0x72,0x65,0x72,0x65,0x72,0x65,0x72,0x65,0x72,0x65,0x72,0x65,0x72,0x65,0x72,0x65,0x72,0x65,0x72,
    0x65,0x72,0x65,0x72,0x65,0x72,0x65,0x72,0x65,0x72,0x65,0x72,0x65,0x72,0x65,0x72,0x65,0x72,0x65,0x72,0x65,0x72,0x65,0x72,0x65,0x72,0x65,0x72,0x65,0x72,0x65,0x72,
    0x45,0x72,0x45,0x72,0x45,0x6a,0x65,0x72,0x85,0x7a,0xa6,0x82,0x45,0x72,0xe2,0x20,0xe6,0x41,0x33,0xd6,0x33,0xd6,0x13,0xd6,0x13,0xd6,0x13,0xd6,0x13,0xd6,0x13,0xd6,
    0x13,0xd6,0x13,0xd6,0x13,0xd6,0x13,0xd6,0x13,0xd6,0x13,0xd6,0x13,0xd6,0x13,0xd6,0x13,0xd6,0x13,0xd6,0x13,0xd6,0x13,0xd6,0x13,0xd6,0x13,0xd6,0x13,0xd6,0x13,0xd6,
    0x13,0xd6,0x13,0xd6,0x13,0xd6,0x13,0xd6,0x13,0xd6,0x13,0xd6,0x13,0xd6,0x13,0xd6,0x13,0xd6,0x13,0xd6,0x13,0xd6,0x13,0xd6,0x13,0xd6,0x33,0xd6,0x33,0xd6,0x13,0xd6,
    0x13,0xd6,0x13,0xd6,0x13,0xd6,0x13,0xd6,0x13,0xd6,0x13,0xd6,0x13,0xd6,0x13,0xd6,0x13,0xd6,0x13,0xd6,0x13,0xd6,0x13,0xd6,0x13,0xd6,0x13,0xd6,0x13,0xd6,0x13,0xd6,
    0x13,0xd6,0x33,0xd6,0x13,0xd6,0x13,0xd6,0x13,0xd6,0x13,0xd6,0x13,0xd6,0x13,0xd6,0x13,0xd6,0x13,0xd6,0x13,0xd6,0x13,0xd6,0x13,0xd6,0x33,0xd6,0x13,0xd6,0x13,0xd6,
    0x13,0xd6,0x33,0xd6,0x33,0xd6,0x13,0xd6,0x13,0xd6,0x13,0xd6,0x13,0xd6,0x13,0xd6,0x33,0xd6,0x33,0xd6,0x13,0xd6,0x13,0xd6,0x13,0xd6,0x13,0xd6,0x13,0xd6,0x13,0xd6,
    0x13,0xd6,0x13,0xd6,0x13,0xd6,0x13,0xd6,0x13,0xd6,0x33,0xd6,0x13,0xd6,0x13,0xd6,0x33,0xd6,0x33,0xd6,0x33,0xd6,0x33,0xd6,0x33,0xd6,0x33,0xd6,0x33,0xd6,0x33,0xd6,
    0x33,0xd6,0x33,0xd6,0x33,0xd6,0x33,0xd6,0x33,0xd6,0x33,0xd6,0x33,0xd6,0x33,0xd6,0x13,0xd6,0x13,0xd6,0x13,0xd6,0x13,0xd6,0x13,0xd6,0x33,0xd6,0x33,0xd6,0x33,0xd6,
    0x33,0xd6,0x33,0xd6,0x33,0xd6,0x33,0xd6,0x33,0xd6,0x33,0xd6,0x13,0xd6,0x13,0xd6,0x13,0xd6,0x13,0xd6,0x13,0xd6,0x33,0xd6,0x13,0xd6,0x33,0xd6,0x13,0xd6,0x33,0xd6,
    0x33,0xd6,0x33,0xd6,0x33,0xd6,0x33,0xd6,0xa5,0x31,0xe2,0x20,0x04,0x62,0x85,0x7a,0x06,0x9b,0xc4,0x51,0x43,0x39,0xa3,0x51,0xa3,0x51,0xa3,0x51,0xa4,0x51,0xa4,0x51,
    0xc4,0x51,0xa4,0x51,0xa4,0x51,0xa4,0x51,0xa4,0x51,0xa4,0x51,0xa4,0x51,0xa4,0x51,0xa4,0x51,0xa4,0x51,0xa4,0x51,0xa4,0x51,0xa4,0x51,0xa4,0x51,0xa4,0x51,0xa3,0x51,
    0xa4,0x51,0xa4,0x51,0xa4,0x51,0xa3,0x51,0xa3,0x51,0xa3,0x51,0xa4,0x51,0xa4,0x51,0xa4,0x51,0xa4,0x51,0xa4,0x51,0xa4,0x51,0xa4,0x51,0xa4,0x51,0xc4,0x51,0xa4,0x51,
    0xa4,0x51,0x05,0x62,0x05,0x6a,0xc4,0x51,0xa4,0x51,0xc4,0x51,0xa4,0x51,0xa3,0x51,0xa4,0x51,0xa4,0x51,0xa4,0x51,0xa4,0x51,0xa4,0x51,0xa4,0x51,0xa4,0x51,0xa4,0x51,
    0xa4,0x51,0xa4,0x51,0xa4,0x51,0xa4,0x51,0xa4,0x51,0xa4,0x51,0xa4,0x51,0xa4,0x51,0xa4,0x51,0xa4,0x51,0xa4,0x51,0xa4,0x59,0xc4,0x59,0xc4,0x59,0xc4,0x59,0xc4,0x51,
    0xa4,0x51,0xa4,0x51,0xa4,0x51,0xa4,0x51,0xa4,0x51,0xa4,0x51,0xa4,0x51,0x83,0x49,0x43,0x39,0xe4,0x59,0x06,0x93,0xc6,0x8a,0x45,0x72,0xe2,0x20,0xe6,0x39,0x33,0xd6,
    0x13,0xd6,0x13,0xd6,0x13,0xd6,0x13,0xd6,0x13,0xd6,0x13,0xd6,0x13,0xd6,0x13,0xd6,0x13,0xd6,0x13,0xd6,0x13,0xd6,0x13,0xd6,0x13,0xd6,0x13,0xd6,0x13,0xd6,0x13,0xd6,
    0x13,0xd6,0x13,0xd6,0x13,0xd6,0x13,0xd6,0x13,0xd6,0x13,0xd6,0x13,0xd6,0x13,0xd6,0x13,0xd6,0x13,0xd6,0x13,0xd6,0x13,0xd6,0x13,0xd6,0x13,0xd6,0x13,0xd6,0x13,0xd6,
    0x13,0xd6,0x13,0xd6,0x13,0xd6,0x13,0xd6,0x13,0xd6,0x33,0xd6,0x13,0xd6,0x13,0xd6,0x13,0xd6,0x13,0xd6,0x13,0xd6,0x13,0xd6,0x13,0xd6,0x33,0xd6,0x33,0xd6,0x33,0xd6,
    0x33,0xd6,0x33,0xd6,0x33,0xd6,0x13,0xd6,0x13,0xd6,0x13,0xd6,0x13,0xd6,0x13,0xd6,0x13,0xd6,0x13,0xd6,0x13,0xd6,0x13,0xd6,0x13,0xd6,0x13,0xd6,0x13,0xd6,0x13,0xd6,
    0x13,0xd6,0x13,0xd6,0x13,0xd6,0x33,0xd6,0x13,0xd6,0x13,0xd6,0x13,0xd6,0x13,0xd6,0x13,0xd6,0x13,0xd6,0x13,0xd6,0x13,0xd6,0x13,0xd6,0x13,0xd6,0x13,0xd6,0x13,0xd6,
    0x13,0xd6,0x13,0xd6,0x13,0xd6,0x13,0xd6,0x13,0xd6,0x13,0xd6,0x13,0xd6,0x13,0xd6,0x33,0xd6,0x33,0xd6,0x13,0xd6,0x13,0xd6,0x33,0xd6,0x33,0xd6,0x13,0xd6,0x13,0xd6,
    0x33,0xd6,0x33,0xd6,0x33,0xd6,0x33,0xd6,0x33,0xd6,0x33,0xd6,0x33,0xd6,0x13,0xd6,0x33,0xd6,0x33,0xd6,0x33,0xd6,0x33,0xd6,0x33,0xd6,0x33,0xd6,0x13,0xd6,0x13,0xd6,
    0x13,0xd6,0x13,0xd6,0x33,0xd6,0x33,0xd6,0x33,0xd6,0x13,0xd6,0x33,0xd6,0x13,0xd6,0x33,0xd6,0x33,0xd6,0x33,0xd6,0x33,0xd6,0x33,0xd6,0x33,0xd6,0x13,0xd6,0x13,0xd6,
    0x13,0xd6,0x13,0xd6,0x13,0xd6,0x13,0xd6,0x13,0xd6,0x13,0xd6,0x13,0xd6,0x33,0xd6,0x33,0xd6,0x33,0xd6,0xa5,0x31,0xe2,0x20,0x04,0x62,0x65,0x7a,0xe6,0x92,0x45,0x72,
    0x04,0x62,0xa6,0x39,0xa6,0x39,0xa6,0x39,0xc7,0x39,0xc7,0x39,0xc6,0x39,0xc7,0x39,0xc7,0x39,0xc6,0x39,0xc6,0x39,0xc6,0x39,0xc6,0x39,0xc6,0x39,0xc7,0x39,0xc7,0x39,
    0xc6,0x39,0xc6,0x39,0xa6,0x39,0xc6,0x39,0xc6,0x39,0xc6,0x39,0xc6,0x39,0xc6,0x39,0xc6,0x39,0xc6,0x39,0xc6,0x39,0xc6,0x39,0xc6,0x39,0xc6,0x39,0xc6,0x39,0xc6,0x39,
    0xc7,0x39,0xc7,0x39,0xc7,0x39,0xc7,0x39,0xa7,0x31,0xa5,0x49,0xc4,0x59,0xc5,0x82,0xe6,0x8a,0xe4,0x61,0xc4,0x49,0xa6,0x39,0xa6,0x39,0xa6,0x39,0xc6,0x39,0xc6,0x39,
    0xc6,0x39,0xc6,0x39,0xc6,0x39,0xc6,0x39,0xc6,0x39,0xc6,0x39,0xa6,0x39,0xc6,0x39,0xc6,0x39,0xc6,0x39,0xc6,0x39,0xc6,0x39,0xc6,0x39,0xc6,0x39,0xa6,0x39,0xc6,0x39,
    0xc6,0x39,0xc6,0x39,0xc6,0x39,0xc6,0x39,0xc6,0x39,0xc6,0x39,0xa6,0x39,0xa6,0x39,0xc6,0x39,0xc6,0x39,0xa6,0x39,0xa6,0x39,0xa6,0x31,0xc6,0x41,0xe4,0x61,0x45,0x72,
    0xe6,0x8a,0xc6,0x8a,0x45,0x72,0xe2,0x28,0xe6,0x41,0x33,0xd6,0x13,0xd6,0x13,0xd6,0x13,0xd6,0x13,0xd6,0x13,0xd6,0x13,0xd6,0x13,0xd6,0x13,0xd6,0x13,0xd6,0x13,0xd6,
    0x13,0xd6,0x13,0xd6,0x13,0xd6,0x13,0xd6,0x33,0xd6,0x13,0xd6,0x13,0xd6,0x13,0xd6,0x13,0xd6,0x13,0xd6,0x13,0xd6,0x13,0xd6,0x13,0xd6,0x13,0xd6,0x13,0xd6,0x13,0xd6,
    0x13,0xd6,0x13,0xd6,0x13,0xd6,0x13,0xd6,0x13,0xd6,0x13,0xd6,0x13,0xd6,0x13,0xd6,0x13,0xd6,0x13,0xd6,0x13,0xd6,0x13,0xd6,0x33,0xd6,0x13,0xd6,0x13,0xd6,0x13,0xd6,
    0x13,0xd6,0x13,0xd6,0x13,0xd6,0x33,0xd6,0x33,0xd6,0x33,0xd6,0x33,0xd6,0x33,0xd6,0x33,0xd6,0x13,0xd6,0x13,0xd6,0x13,0xd6,0x13,0xd6,0x13,0xd6,0x13,0xd6,0x13,0xd6,
    0x13,0xd6,0x13,0xd6,0x13,0xd6,0x13,0xd6,0x13,0xd6,0x13,0xd6,0x13,0xd6,0x13,0xd6,0x33,0xd6,0x13,0xd6,0x13,0xd6,0x13,0xd6,0x13,0xd6,0x13,0xd6,0x13,0xd6,0x13,0xd6,
    0x13,0xd6,0x13,0xd6,0x13,0xd6,0x13,0xd6,0x13,0xd6,0x13,0xd6,0x13,0xd6,0x13,0xd6,0x13,0xd6,0x13,0xd6,0x13,0xd6,0x13,0xd6,0x13,0xd6,0x13,0xd6,0x13,0xd6,0x33,0xd6,
    0x13,0xd6,0x33,0xd6,0x33,0xd6,0x33,0xd6,0x13,0xd6,0x13,0xd6,0x33,0xd6,0x33,0xd6,0x33,0xd6,0x33,0xd6,0x33,0xd6,0x33,0xd6,0x33,0xd6,0x13,0xd6,0x33,0xd6,0x33,0xd6,
    0x33,0xd6,0x33,0xd6,0x33,0xd6,0x33,0xd6,0x13,0xd6,0x33,0xd6,0x13,0xd6,0x13,0xd6,0x13,0xd6,0x33,0xd6,0x33,0xd6,0x13,0xd6,0x33,0xd6,0x33,0xd6,0x33,0xd6,0x33,0xd6,
    0x33,0xd6,0x33,0xd6,0x33,0xd6,0x13,0xd6,0x13,0xd6,0x13,0xd6,0x13,0xd6,0x13,0xd6,0x13,0xd6,0x13,0xd6,0x13,0xd6,0x13,0xd6,0x33,0xd6,0x33,0xd6,0x33,0xd6,0x33,0xd6,
    0xa5,0x31,0xe2,0x20,0x04,0x62,0x85,0x7a,0xe6,0x92,0x85,0x82,0x65,0x7a,0xc8,0x29,0xa9,0x21,0xa9,0x21,0xc9,0x21,0xc9,0x21,0xc9,0x21,0xc9,0x21,0xc9,0x21,0xc9,0x21,
    0xc9,0x21,0xc9,0x21,0xc9,0x21,0xc9,0x21,0xc9,0x21,0xc9,0x21,0xc9,0x21,0xc9,0x21,0xc9,0x21,0xc9,0x21,0xc9,0x21,0xc9,0x21,0xc9,0x21,0xa9,0x21,0xc9,0x21,0xc9,0x21,
    0xc9,0x21,0xc9,0x21,0xc9,0x21,0xc9,0x21,0xc9,0x21,0xc9,0x21,0xc9,0x21,0xc9,0x21,0xc9,0x21,0xa9,0x21,0xa9,0x19,0xc6,0x41,0xc4,0x59,0x06,0x9b,0x26,0x9b,0xe4,0x61,
    0xa5,0x41,0xa9,0x21,0xa9,0x21,0xa9,0x21,0xa9,0x21,0xc9,0x21,0xc9,0x21,0xc9,0x21,0xc9,0x21,0xc9,0x21,0xa9,0x21,0xa9,0x21,0xa9,0x21,0xc9,0x21,0xc9,0x21,0xc9,0x21,
    0xc9,0x21,0xc9,0x21,0xc9,0x21,0xc9,0x21,0xc9,0x21,0xc9,0x21,0xc9,0x21,0xc9,0x21,0xa9,0x21,0xa9,0x21,0xa9,0x21,0xc9,0x21,0xc9,0x21,0xc9,0x21,0xa9,0x21,0xa8,0x21,
    0xa8,0x21,0xa8,0x21,0xa9,0x19,0xc7,0x31,0x24,0x72,0x85,0x82,0x06,0x93,0xc5,0x8a,0x45,0x72,0xe2,0x28,0xe6,0x41,0x33,0xd6,0x13,0xd6,0x13,0xd6,0x33,0xd6,0x13,0xd6,
    0x13,0xd6,0x13,0xd6,0x13,0xd6,0x13,0xd6,0x13,0xd6,0x13,0xd6,0x13,0xd6,0x13,0xd6,0x13,0xd6,0x13,0xd6,0x13,0xd6,0x13,0xd6,0x13,0xd6,0x33,0xd6,0x13,0xd6,0x13,0xd6,
    0x13,0xd6,0x13,0xd6,0x13,0xd6,0x13,0xd6,0x13,0xd6,0x13,0xd6,0x13,0xd6,0x13,0xd6,0x13,0xd6,0x13,0xd6,0x13,0xd6,0x13,0xd6,0x13,0xd6,0x13,0xd6,0x13,0xd6,0x33,0xd6,
    0x13,0xd6,0x13,0xd6,0x13,0xd6,0x13,0xd6,0x33,0xd6,0x33,0xd6,0x13,0xd6,0x13,0xd6,0x13,0xd6,0x13,0xd6,0x33,0xd6,0x33,0xd6,0x13,0xd6,0x33,0xd6,0x33,0xd6,0x13,0xd6,
    0x13,0xd6,0x13,0xd6,0x13,0xd6,0x13,0xd6,0x13,0xd6,0x13,0xd6,0x13,0xd6,0x13,0xd6,0x13,0xd6,0x13,0xd6,0x13,0xd6,0x13,0xd6,0x13,0xd6,0x13,0xd6,0x33,0xd6,0x33,0xd6,
    0x13,0xd6,0x13,0xd6,0x13,0xd6,0x13,0xd6,0x13,0xd6,0x13,0xd6,0x13,0xd6,0x13,0xd6,0x13,0xd6,0x13,0xd6,0x13,0xd6,0x13,0xd6,0x13,0xd6,0x13,0xd6,0x13,0xd6,0x13,0xd6,
    0x13,0xd6,0x33,0xd6,0x13,0xd6,0x13,0xd6,0x13,0xd6,0x13,0xd6,0x33,0xd6,0x33,0xd6,0x33,0xd6,0x13,0xd6,0x13,0xd6,0x33,0xd6,0x33,0xd6,0x13,0xd6,0x33,0xd6,0x33,0xd6,
    0x33,0xd6,0x33,0xd6,0x33,0xd6,0x33,0xd6,0x33,0xd6,0x33,0xd6,0x33,0xd6,0x33,0xd6,0x33,0xd6,0x33,0xd6,0x13,0xd6,0x33,0xd6,0x33,0xd6,0x33,0xd6,0x33,0xd6,0x13,0xd6,
    0x33,0xd6,0x33,0xd6,0x33,0xd6,0x33,0xd6,0x33,0xd6,0x33,0xd6,0x33,0xd6,0x33,0xd6,0x13,0xd6,0x13,0xd6,0x13,0xd6,0x13,0xd6,0x13,0xd6,0x13,0xd6,0x13,0xd6,0x13,0xd6,
    0x13,0xd6,0x13,0xd6,0x33,0xd6,0x33,0xd6,0x33,0xd6,0x33,0xd6,0xa5,0x31,0xc2,0x20,0x04,0x62,0x85,0x7a,0xe6,0x92,0xe8,0xb3,0x29,0xbc,0xe8,0x31,0xa8,0x21,0xa8,0x21,
    0xc9,0x21,0xc9,0x21,0xc9,0x21,0xc9,0x21,0xc9,0x21,0xc9,0x21,0xc9,0x21,0xc9,0x21,0xc9,0x21,0xc9,0x21,0xc9,0x21,0xc9,0x21,0xc9,0x21,0xc9,0x21,0xc9,0x21,0xc9,0x21,
    0xc9,0x21,0xc9,0x21,0xc9,0x21,0xc9,0x21,0xc9,0x21,0xc9,0x21,0xc9,0x21,0xc9,0x21,0xc9,0x21,0xc9,0x29,0xc9,0x21,0xc9,0x21,0xc9,0x21,0xc8,0x21,0xc8,0x21,0xa8,0x21,
    0xc9,0x21,0xc6,0x41,0xe4,0x59,0x06,0x93,0x06,0x93,0xe4,0x61,0xc5,0x49,0xc9,0x21,0xc9,0x21,0xa8,0x21,0xa8,0x19,0xc8,0x21,0xc9,0x21,0xc9,0x21,0xc9,0x21,0xc9,0x21,
    0xc9,0x21,0xc9,0x21,0xc9,0x21,0xc9,0x21,0xc9,0x21,0xc9,0x21,0xc9,0x21,0xc9,0x21,0xc9,0x21,0xc9,0x21,0xc8,0x21,0xc8,0x21,0xc8,0x21,0xc8,0x21,0xc8,0x21,0xc9,0x21,
    0xc9,0x21,0xc9,0x21,0xc9,0x21,0xc8,0x21,0xc8,0x21,0xc8,0x21,0xc8,0x21,0xa8,0x21,0x88,0x19,0x08,0x42,0xa8,0xb3,0x87,0xab,0x06,0x9b,0xc6,0x8a,0x45,0x72,0xe2,0x20,
    0xe6,0x41,0x13,0xd6,0x13,0xd6,0x13,0xd6,0x33,0xd6,0x13,0xd6,0x13,0xd6,0x13,0xd6,0x13,0xd6,0x13,0xd6,0x13,0xd6,0x13,0xd6,0x13,0xd6,0x13,0xd6,0x13,0xd6,0x13,0xd6,
    0x13,0xd6,0x13,0xd6,0x13,0xd6,0x33,0xd6,0x13,0xd6,0x13,0xd6,0x13,0xd6,0x13,0xd6,0x13,0xd6,0x13,0xd6,0x13,0xd6,0x13,0xd6,0x13,0xd6,0x13,0xd6,0x13,0xd6,0x13,0xd6,
    0x13,0xd6,0x13,0xd6,0x13,0xd6,0x13,0xd6,0x13,0xd6,0x13,0xd6,0x13,0xd6,0x13,0xd6,0x13,0xd6,0x33,0xd6,0x33,0xd6,0x33,0xd6,0x13,0xd6,0x13,0xd6,0x13,0xd6,0x13,0xd6,
    0x13,0xd6,0x33,0xd6,0x13,0xd6,0x33,0xd6,0x13,0xd6,0x13,0xd6,0x13,0xd6,0x13,0xd6,0x13,0xd6,0x13,0xd6,0x13,0xd6,0x13,0xd6,0x13,0xd6,0x13,0xd6,0x13,0xd6,0x13,0xd6,
    0x13,0xd6,0x13,0xd6,0x13,0xd6,0x13,0xd6,0x13,0xd6,0x33,0xd6,0x13,0xd6,0x13,0xd6,0x13,0xd6,0x13,0xd6,0x13,0xd6,0x13,0xd6,0x13,0xd6,0x13,0xd6,0x13,0xd6,0x13,0xd6,
    0x13,0xd6,0x13,0xd6,0x13,0xd6,0x13,0xd6,0x13,0xd6,0x13,0xd6,0x13,0xd6,0x13,0xd6,0x13,0xd6,0x13,0xd6,0x13,0xd6,0x13,0xd6,0x13,0xd6,0x13,0xd6,0x13,0xd6,0x13,0xd6,
    0x33,0xd6,0x13,0xd6,0x13,0xd6,0x13,0xd6,0x33,0xd6,0x33,0xd6,0x33,0xd6,0x33,0xd6,0x33,0xd6,0x13,0xd6,0x33,0xd6,0x33,0xd6,0x33,0xd6,0x33,0xd6,0x33,0xd6,0x33,0xd6,
    0x33,0xd6,0x33,0xd6,0x33,0xd6,0x13,0xd6,0x13,0xd6,0x33,0xd6,0x33,0xd6,0x33,0xd6,0x33,0xd6,0x33,0xd6,0x33,0xd6,0x33,0xd6,0x33,0xd6,0x33,0xd6,0x13,0xd6,0x13,0xd6,
    0x13,0xd6,0x13,0xd6,0x13,0xd6,0x13,0xd6,0x13,0xd6,0x13,0xd6,0x13,0xd6,0x13,0xd6,0x33,0xd6,0x33,0xd6,0x33,0xd6,0x33,0xd6,0xa5,0x31,0xc2,0x20,0x25,0x6a,0x85,0x7a,
    0xe6,0x92,0x49,0xc4,0xaa,0xcc,0xe8,0x31,0xa8,0x21,0xc9,0x21,0xc9,0x21,0xc9,0x21,0xc9,0x21,0xc9,0x21,0xc9,0x21,0xc9,0x21,0xc9,0x21,0xc9,0x21,0xc9,0x21,0xc9,0x21,
    0xc9,0x29,0xc9,0x29,0xc9,0x29,0xc9,0x29,0xc9,0x21,0xc9,0x21,0xc9,0x21,0xa8,0x21,0xc9,0x21,0xe9,0x29,0xc9,0x21,0xc9,0x21,0xc9,0x21,0xc9,0x21,0xc9,0x21,0xc9,0x29,
    0xc9,0x29,0xc9,0x29,0xc9,0x29,0xc9,0x21,0xc9,0x21,0xc9,0x21,0xc9,0x21,0xc6,0x49,0xe4,0x59,0x06,0x93,0x06,0x9b,0xe4,0x61,0xc5,0x49,0xc9,0x21,0xa8,0x21,0xe9,0x29,
    0xcc,0x42,0xc9,0x21,0xc9,0x21,0xc9,0x21,0xc9,0x21,0xc9,0x21,0xc9,0x21,0xc9,0x21,0xc9,0x21,0xc9,0x21,0xc9,0x21,0xc9,0x21,0xc9,0x21,0xc9,0x21,0xc9,0x21,0xc9,0x21,
    0xc9,0x21,0xc9,0x21,0xc9,0x21,0xc9,0x21,0xc9,0x21,0xc9,0x21,0xc9,0x21,0xc9,0x21,0xc9,0x21,0xc9,0x21,0xc9,0x21,0xc9,0x21,0xc9,0x21,0xa8,0x21,0x88,0x19,0x08,0x42,
    0x09,0xc4,0xa8,0xb3,0x06,0x9b,0xe6,0x92,0x45,0x72,0xe2,0x20,0xe6,0x41,0x13,0xd6,0x13,0xd6,0x13,0xd6,0x13,0xd6,0x13,0xd6,0x13,0xd6,0x13,0xd6,0x13,0xd6,0x13,0xd6,
    0x13,0xd6,0x13,0xd6,0x13,0xd6,0x13,0xd6,0x13,0xd6,0x13,0xd6,0x13,0xd6,0x33,0xd6,0x13,0xd6,0x33,0xd6,0x13,0xd6,0x13,0xd6,0x13,0xd6,0x13,0xd6,0x13,0xd6,0x13,0xd6,
    0x13,0xd6,0x13,0xd6,0x13,0xd6,0x13,0xd6,0x13,0xd6,0x13,0xd6,0x13,0xd6,0x13,0xd6,0x13,0xd6,0x13,0xd6,0x13,0xd6,0x13,0xd6,0x13,0xd6,0x13,0xd6,0x13,0xd6,0x13,0xd6,
    0x33,0xd6,0x33,0xd6,0x13,0xd6,0x13,0xd6,0x13,0xd6,0x13,0xd6,0x33,0xd6,0x33,0xd6,0x33,0xd6,0x33,0xd6,0x13,0xd6,0x13,0xd6,0x13,0xd6,0x13,0xd6,0x13,0xd6,0x13,0xd6,
    0x13,0xd6,0x13,0xd6,0x13,0xd6,0x13,0xd6,0x13,0xd6,0x13,0xd6,0x13,0xd6,0x13,0xd6,0x13,0xd6,0x13,0xd6,0x13,0xd6,0x13,0xd6,0x13,0xd6,0x13,0xd6,0x13,0xd6,0x13,0xd6,
    0x13,0xd6,0x13,0xd6,0x13,0xd6,0x13,0xd6,0x13,0xd6,0x13,0xd6,0x13,0xd6,0x13,0xd6,0x13,0xd6,0x13,0xd6,0x13,0xd6,0x13,0xd6,0x13,0xd6,0x13,0xd6,0x13,0xd6,0x13,0xd6,
    0x13,0xd6,0x13,0xd6,0x13,0xd6,0x13,0xd6,0x33,0xd6,0x33,0xd6,0x13,0xd6,0x13,0xd6,0x13,0xd6,0x13,0xd6,0x13,0xd6,0x33,0xd6,0x33,0xd6,0x33,0xd6,0x33,0xd6,0x33,0xd6,
    0x33,0xd6,0x33,0xd6,0x33,0xd6,0x33,0xd6,0x33,0xd6,0x33,0xd6,0x33,0xd6,0x33,0xd6,0x33,0xd6,0x33,0xd6,0x13,0xd6,0x13,0xd6,0x13,0xd6,0x13,0xd6,0x13,0xd6,0x33,0xd6,
    0x33,0xd6,0x33,0xd6,0x13,0xd6,0x13,0xd6,0x13,0xd6,0x13,0xd6,0x13,0xd6,0x13,0xd6,0x13,0xd6,0x13,0xd6,0x13,0xd6,0x13,0xd6,0x13,0xd6,0x13,0xd6,0x33,0xd6,0x33,0xd6,
    0x33,0xd6,0x33,0xd6,0x85,0x31,0xe2,0x20,0x25,0x6a,0xa6,0x82,0x06,0x93,0x29,0xc4,0x6a,0xc4,0xa7,0x31,0xa8,0x21,0xc9,0x21,0xc9,0x21,0xc9,0x21,0xc9,0x21,0xc9,0x21,
    0xc9,0x21,0xc9,0x21,0x09,0x32,0xc9,0x21,0xc9,0x21,0xc9,0x21,0xc9,0x29,0xc9,0x29,0xc9,0x29,0xc9,0x29,0xc9,0x29,0xc9,0x21,0xc9,0x21,0xae,0x63,0x09,0x2a,0xc9,0x21,
    0xc9,0x21,0xc9,0x21,0xc9,0x21,0xc9,0x21,0xc9,0x21,0xc9,0x29,0xc9,0x29,0xc9,0x29,0xc9,0x29,0xc9,0x29,0xc9,0x21,0xc9,0x21,0xe9,0x21,0xe6,0x49,0xe4,0x61,0x06,0x9b,
    0x06,0x9b,0x04,0x62,0xc5,0x49,0xe9,0x21,0xc9,0x21,0xe9,0x21,0x6b,0x3a,0xc9,0x21,0xc9,0x21,0xc9,0x21,0xc9,0x21,0xc9,0x21,0xc9,0x21,0xe9,0x21,0xe9,0x21,0xe9,0x21,
    0xc9,0x21,0xc9,0x21,0xe9,0x21,0xe9,0x21,0xc9,0x21,0xc9,0x21,0xe9,0x21,0xe9,0x21,0xc9,0x21,0xe9,0x29,0x6a,0x32,0x4a,0x32,0x4a,0x32,0xc9,0x21,0xc9,0x21,0xc9,0x21,
    0xc9,0x21,0xc9,0x21,0xc9,0x21,0xc8,0x21,0xa8,0x21,0x28,0x42,0x09,0xbc,0xa8,0xab,0x06,0x9b,0xe6,0x92,0x85,0x7a,0xe2,0x20,0xe6,0x39,0x13,0xd6,0x13,0xd6,0x13,0xd6,
    0x13,0xd6,0x13,0xd6,0x13,0xd6,0x13,0xd6,0x13,0xd6,0x13,0xd6,0x13,0xd6,0x13,0xd6,0x13,0xd6,0x13,0xd6,0x13,0xd6,0x13,0xd6,0x13,0xd6,0x13,0xd6,0x13,0xd6,0x13,0xd6,
    0x13,0xd6,0x13,0xd6,0x13,0xd6,0x13,0xd6,0x13,0xd6,0x13,0xd6,0x13,0xd6,0x13,0xd6,0x13,0xd6,0x13,0xd6,0x13,0xd6,0x33,0xd6,0x13,0xd6,0x13,0xd6,0x13,0xd6,0x13,0xd6,
    0x13,0xd6,0x13,0xd6,0x13,0xd6,0x13,0xd6,0x13,0xd6,0x33,0xd6,0x13,0xd6,0x33,0xd6,0x13,0xd6,0x13,0xd6,0x13,0xd6,0x13,0xd6,0x33,0xd6,0x33,0xd6,0x33,0xd6,0x13,0xd6,
    0x33,0xd6,0x13,0xd6,0x13,0xd6,0x13,0xd6,0x13,0xd6,0x13,0xd6,0x13,0xd6,0x13,0xd6,0x13,0xd6,0x13,0xd6,0x13,0xd6,0x13,0xd6,0x13,0xd6,0x13,0xd6,0x13,0xd6,0x13,0xd6,
    0x13,0xd6,0x13,0xd6,0x13,0xd6,0x13,0xd6,0x13,0xd6,0x13,0xd6,0x13,0xd6,0x13,0xd6,0x13,0xd6,0x13,0xd6,0x13,0xd6,0x13,0xd6,0x13,0xd6,0x13,0xd6,0x13,0xd6,0x13,0xd6,
    0x13,0xd6,0x13,0xd6,0x13,0xd6,0x13,0xd6,0x13,0xd6,0x13,0xd6,0x13,0xd6,0x13,0xd6,0x13,0xd6,0x13,0xd6,0x32,0xde,0x52,0xe6,0x32,0xe6,0x33,0xd6,0x13,0xd6,0x13,0xd6,
    0x13,0xd6,0x33,0xd6,0x33,0xd6,0x33,0xd6,0x33,0xd6,0x33,0xd6,0x33,0xd6,0x33,0xd6,0x33,0xd6,0x13,0xd6,0x13,0xd6,0x13,0xd6,0x33,0xd6,0x33,0xd6,0x33,0xd6,0x33,0xd6,
    0x13,0xd6,0x13,0xd6,0x13,0xd6,0x13,0xd6,0x13,0xd6,0x33,0xd6,0x33,0xd6,0x33,0xd6,0x13,0xd6,0x33,0xd6,0x13,0xd6,0x13,0xd6,0x13,0xd6,0x13,0xd6,0x13,0xd6,0x13,0xd6,
    0x13,0xd6,0x13,0xd6,0x13,0xd6,0x13,0xd6,0x33,0xd6,0x33,0xd6,0x33,0xd6,0x33,0xd6,0xa5,0x31,0xc2,0x20,0x45,0x72,0xa6,0x82,0xe6,0x92,0x29,0xc4,0x8a,0xcc,0xc8,0x31,
    0xa8,0x21,0xc9,0x21,0xc9,0x21,0xc9,0x21,0xc9,0x21,0xc9,0x21,0xc9,0x21,0xe9,0x29,0x71,0x84,0x09,0x2a,0xc9,0x21,0xe9,0x21,0xe9,0x21,0xe9,0x29,0xe9,0x29,0xe9,0x29,
    0xc9,0x29,0xc9,0x21,0xc9,0x21,0x0a,0x32,0xc9,0x21,0xc9,0x21,0xc9,0x21,0xc9,0x21,0xc9,0x21,0xc9,0x21,0xc9,0x21,0xc9,0x29,0xc9,0x29,0xc9,0x29,0xc9,0x29,0xc9,0x29,
    0xc9,0x29,0xc9,0x29,0xc9,0x21,0xe6,0x49,0xe4,0x61,0xe6,0x92,0x06,0x9b,0x04,0x6a,0xc5,0x49,0xc9,0x21,0xc9,0x21,0xc9,0x21,0xa8,0x21,0xc9,0x21,0xc9,0x21,0xc9,0x21,
    0xc9,0x21,0xc9,0x21,0xc9,0x21,0xe9,0x21,0xe9,0x29,0xe9,0x21,0xe9,0x21,0xe9,0x21,0xe9,0x21,0xe9,0x21,0xe9,0x21,0xe9,0x21,0xe9,0x21,0xc9,0x21,0x0a,0x2a,0x6f,0x84,
    0x14,0xef,0xf3,0xee,0xf3,0xe6,0xad,0x63,0x0a,0x2a,0xc9,0x21,0xc9,0x21,0xc9,0x21,0xc9,0x21,0xc9,0x21,0xa8,0x21,0x28,0x42,0x09,0xc4,0x88,0xab,0x06,0x9b,0xe6,0x8a,
    0x85,0x7a,0xe2,0x20,0xe6,0x41,0x33,0xd6,0x33,0xd6,0x13,0xd6,0x33,0xd6,0x33,0xd6,0x33,0xd6,0x13,0xd6,0x13,0xd6,0x13,0xd6,0x13,0xd6,0x13,0xd6,0x13,0xd6,0x13,0xd6,
    0x13,0xd6,0x13,0xd6,0x13,0xd6,0x33,0xd6,0x13,0xd6,0x13,0xd6,0x33,0xd6,0x13,0xd6,0x13,0xd6,0x13,0xd6,0x13,0xd6,0x13,0xd6,0x13,0xd6,0x13,0xd6,0x13,0xd6,0x13,0xd6,
    0x13,0xd6,0x13,0xd6,0x13,0xd6,0x13,0xd6,0x13,0xd6,0x13,0xd6,0x13,0xd6,0x13,0xd6,0x13,0xd6,0x13,0xd6,0x13,0xd6,0x13,0xd6,0x13,0xd6,0x13,0xd6,0x13,0xd6,0x13,0xd6,
    0x13,0xd6,0x13,0xd6,0x33,0xd6,0x33,0xd6,0x33,0xd6,0x33,0xd6,0x33,0xd6,0x13,0xd6,0x13,0xd6,0x13,0xd6,0x33,0xd6,0x13,0xd6,0x13,0xd6,0x13,0xd6,0x13,0xd6,0x13,0xd6,
    0x13,0xd6,0x13,0xd6,0x13,0xd6,0x13,0xd6,0x13,0xd6,0x13,0xd6,0x13,0xd6,0x13,0xd6,0x13,0xd6,0x13,0xd6,0x13,0xd6,0x13,0xd6,0x13,0xd6,0x13,0xd6,0x13,0xd6,0x13,0xd6,
    0x13,0xd6,0x13,0xd6,0x13,0xd6,0x13,0xd6,0x13,0xd6,0x13,0xd6,0x13,0xd6,0x13,0xd6,0x13,0xd6,0x33,0xd6,0x33,0xd6,0x13,0xd6,0x33,0xd6,0x33,0xd6,0x33,0xd6,0x32,0xde,
    0x50,0xee,0x70,0xf6,0x71,0xf6,0x33,0xde,0x32,0xde,0x33,0xd6,0x33,0xde,0x51,0xee,0x33,0xd6,0x33,0xd6,0x33,0xd6,0x33,0xd6,0x33,0xd6,0x32,0xde,0x32,0xde,0x13,0xd6,
    0x13,0xd6,0x13,0xd6,0x33,0xd6,0x33,0xd6,0x33,0xd6,0x33,0xd6,0x13,0xd6,0x13,0xd6,0x13,0xd6,0x33,0xd6,0x33,0xd6,0x33,0xd6,0x33,0xd6,0x33,0xd6,0x33,0xd6,0x33,0xd6,
    0x13,0xd6,0x13,0xd6,0x13,0xd6,0x13,0xd6,0x13,0xd6,0x13,0xd6,0x13,0xd6,0x13,0xd6,0x13,0xd6,0x13,0xd6,0x13,0xd6,0x33,0xd6,0x33,0xd6,0x33,0xd6,0xa5,0x31,0xc2,0x20,
    0x65,0x72,0xe6,0x8a,0xe6,0x92,0x49,0xc4,0x8b,0xcc,0xe8,0x31,0xa9,0x21,0xc9,0x21,0xc9,0x21,0xc9,0x21,0xc9,0x21,0xe9,0x21,0xc9,0x21,0xc9,0x21,0xc9,0x21,0xc9,0x21,
    0xe9,0x21,0xe9,0x21,0xe9,0x21,0xe9,0x21,0xe9,0x29,0xe9,0x29,0xc9,0x29,0xc9,0x29,0xe9,0x21,0xc9,0x21,0xc9,0x21,0xc9,0x21,0xc9,0x21,0xc9,0x21,0xc8,0x21,0xc7,0x21,
    0xc9,0x21,0xe9,0x29,0xc9,0x29,0xe9,0x29,0xe9,0x29,0xe9,0x29,0xe9,0x29,0xc9,0x29,0xe9,0x21,0xe6,0x49,0xe4,0x61,0x06,0x93,0x06,0x9b,0x04,0x6a,0xe5,0x51,0xc9,0x21,
    0xc9,0x21,0xc9,0x21,0xc9,0x21,0xc9,0x21,0xc9,0x21,0xe9,0x29,0xe9,0x21,0xc9,0x21,0xc9,0x21,0xe9,0x21,0xe9,0x21,0xc9,0x21,0xe9,0x21,0xe9,0x21,0xe9,0x21,0xe9,0x21,
    0xe9,0x21,0xe9,0x21,0xe9,0x21,0xc9,0x19,0xed,0x73,0x74,0xff,0x33,0xff,0x33,0xff,0x33,0xff,0x33,0xf7,0x0c,0x4b,0xc9,0x19,0xc9,0x21,0xc9,0x21,0xc9,0x21,0xc9,0x21,
    0xa8,0x21,0x28,0x42,0x09,0xc4,0xa8,0xb3,0x06,0x9b,0xe6,0x92,0x85,0x7a,0xe2,0x20,0xe6,0x39,0x33,0xd6,0x33,0xd6,0x13,0xd6,0x33,0xd6,0x13,0xd6,0x33,0xd6,0x13,0xd6,
    0x13,0xd6,0x13,0xd6,0x13,0xd6,0x13,0xd6,0x13,0xd6,0x13,0xd6,0x13,0xd6,0x13,0xd6,0x13,0xd6,0x33,0xd6,0x33,0xd6,0x33,0xd6,0x33,0xd6,0x13,0xd6,0x13,0xd6,0x13,0xd6,
    0x13,0xd6,0x13,0xd6,0x13,0xd6,0x13,0xd6,0x13,0xd6,0x13,0xd6,0x13,0xd6,0x33,0xd6,0x33,0xd6,0x33,0xd6,0x13,0xd6,0x13,0xd6,0x13,0xd6,0x13,0xd6,0x13,0xd6,0x13,0xd6,
    0x13,0xd6,0x13,0xd6,0x13,0xd6,0x13,0xd6,0x13,0xd6,0x13,0xd6,0x13,0xd6,0x13,0xd6,0x13,0xd6,0x33,0xd6,0x33,0xd6,0x33,0xd6,0x13,0xd6,0x13,0xd6,0x13,0xd6,0x13,0xd6,
    0x13,0xd6,0x13,0xd6,0x13,0xd6,0x13,0xd6,0x13,0xd6,0x13,0xd6,0x13,0xd6,0x13,0xd6,0x13,0xd6,0x13,0xd6,0x13,0xd6,0x13,0xd6,0x13,0xd6,0x13,0xd6,0x13,0xd6,0x13,0xd6,
    0x13,0xd6,0x13,0xd6,0x13,0xd6,0x13,0xd6,0x13,0xd6,0x13,0xd6,0x13,0xd6,0x13,0xd6,0x13,0xd6,0x13,0xd6,0x13,0xd6,0x13,0xd6,0x13,0xd6,0x13,0xd6,0x13,0xd6,0x33,0xde,
    0x51,0xee,0x51,0xee,0x51,0xee,0x51,0xee,0x51,0xee,0x71,0xf6,0x70,0xf6,0x50,0xf6,0x70,0xf6,0x71,0xf6,0x71,0xf6,0x71,0xee,0x51,0xee,0x50,0xf6,0x51,0xee,0x51,0xee,
    0x51,0xee,0x51,0xee,0x51,0xee,0x51,0xee,0x51,0xee,0x51,0xee,0x51,0xee,0x52,0xe6,0x51,0xee,0x33,0xd6,0x13,0xd6,0x32,0xde,0x32,0xde,0x13,0xd6,0x13,0xd6,0x33,0xd6,
    0x33,0xd6,0x33,0xd6,0x33,0xd6,0x33,0xd6,0x33,0xd6,0x33,0xd6,0x13,0xd6,0x33,0xd6,0x33,0xd6,0x13,0xd6,0x13,0xd6,0x13,0xd6,0x13,0xd6,0x13,0xd6,0x13,0xd6,0x13,0xd6,
    0x13,0xd6,0x13,0xd6,0x33,0xd6,0x33,0xd6,0xa5,0x31,0xc2,0x20,0x65,0x72,0xe6,0x92,0xe6,0x92,0x49,0xc4,0xab,0xcc,0x09,0x32,0xc9,0x21,0xe9,0x21,0xe9,0x21,0xe9,0x21,
    0xe9,0x21,0xc9,0x21,0xc9,0x21,0xc9,0x21,0xe9,0x21,0xe9,0x21,0xe9,0x21,0xe9,0x21,0xe9,0x21,0xe9,0x21,0xe9,0x21,0xe9,0x21,0xe9,0x29,0xe9,0x29,0xe9,0x29,0xe9,0x29,
    0xc9,0x21,0xc9,0x21,0xc9,0x21,0xe9,0x21,0xc8,0x21,0x86,0x21,0xe9,0x29,0xe9,0x29,0xe9,0x29,0xe9,0x29,0xe9,0x29,0xe9,0x29,0xe9,0x29,0xc9,0x29,0xe9,0x21,0xc6,0x49,
    0xc4,0x61,0x06,0x9b,0x06,0x9b,0x04,0x6a,0xe5,0x51,0xe9,0x21,0xc9,0x21,0xc9,0x21,0xc9,0x29,0xc9,0x29,0xc9,0x21,0xe9,0x29,0x09,0x2a,0xc9,0x21,0xe9,0x21,0xc9,0x21,
    0xc9,0x21,0xc9,0x21,0xc9,0x21,0xe9,0x21,0xe9,0x21,0xe9,0x21,0xe9,0x21,0xe9,0x21,0xe9,0x21,0xc9,0x19,0xed,0x73,0x74,0xff,0x14,0xff,0x13,0xff,0x13,0xff,0x33,0xff,
    0x0c,0x4b,0xc9,0x21,0xc9,0x21,0xc9,0x21,0xc9,0x21,0xc9,0x21,0xa8,0x21,0x48,0x42,0x29,0xc4,0xa8,0xb3,0x06,0x9b,0xe6,0x92,0x85,0x82,0xe2,0x20,0xe6,0x39,0x33,0xd6,
    0x33,0xd6,0x13,0xd6,0x13,0xd6,0x33,0xd6,0x13,0xd6,0x13,0xd6,0x13,0xd6,0x13,0xd6,0x13,0xd6,0x13,0xd6,0x13,0xd6,0x13,0xd6,0x13,0xd6,0x13,0xd6,0x13,0xd6,0x33,0xd6,
    0x33,0xd6,0x13,0xd6,0x13,0xd6,0x13,0xd6,0x13,0xd6,0x13,0xd6,0x13,0xd6,0x13,0xd6,0x13,0xd6,0x13,0xd6,0x13,0xd6,0x13,0xd6,0x13,0xd6,0x13,0xd6,0x13,0xd6,0x13,0xd6,
    0x13,0xd6,0x13,0xd6,0x13,0xd6,0x13,0xd6,0x13,0xd6,0x13,0xd6,0x13,0xd6,0x13,0xd6,0x13,0xd6,0x13,0xd6,0x13,0xd6,0x13,0xd6,0x13,0xd6,0x13,0xd6,0x13,0xd6,0x33,0xd6,
    0x33,0xd6,0x13,0xd6,0x13,0xd6,0x13,0xd6,0x13,0xd6,0x13,0xd6,0x13,0xd6,0x13,0xd6,0x13,0xd6,0x33,0xd6,0x13,0xd6,0x13,0xd6,0x13,0xd6,0x13,0xd6,0x13,0xd6,0x13,0xd6,
    0x13,0xd6,0x13,0xd6,0x13,0xd6,0x13,0xd6,0x13,0xd6,0x33,0xd6,0x33,0xd6,0x13,0xd6,0x13,0xd6,0x13,0xd6,0x13,0xd6,0x13,0xd6,0x13,0xd6,0x13,0xd6,0x13,0xd6,0x13,0xd6,
    0x13,0xd6,0x13,0xd6,0x31,0xe6,0x32,0xde,0x33,0xd6,0x52,0xe6,0x71,0xee,0x71,0xee,0x71,0xf6,0x70,0xf6,0x70,0xf6,0x50,0xf6,0x50,0xf6,0x50,0xf6,0x70,0xf6,0x70,0xf6,
    0x71,0xf6,0x71,0xf6,0x70,0xf6,0x50,0xf6,0x70,0xf6,0x70,0xf6,0x50,0xee,0x50,0xf6,0x50,0xf6,0x50,0xf6,0x70,0xf6,0x70,0xf6,0x70,0xf6,0x70,0xf6,0x71,0xf6,0x52,0xe6,
    0x52,0xe6,0x51,0xee,0x51,0xee,0x51,0xee,0x51,0xe6,0x51,0xe6,0x52,0xe6,0x33,0xd6,0x33,0xd6,0x33,0xd6,0x33,0xd6,0x33,0xd6,0x13,0xd6,0x33,0xd6,0x33,0xd6,0x13,0xd6,
    0x13,0xd6,0x13,0xd6,0x13,0xd6,0x13,0xd6,0x13,0xd6,0x13,0xd6,0x13,0xd6,0x13,0xd6,0x33,0xd6,0x33,0xd6,0xa5,0x31,0xc2,0x20,0x65,0x72,0xe6,0x92,0xe6,0x92,0x49,0xc4,
    0xab,0xcc,0x09,0x32,0xc9,0x21,0xe9,0x21,0xe9,0x21,0xe9,0x21,0xc9,0x21,0xc9,0x21,0xc9,0x21,0xc9,0x21,0xe9,0x21,0xea,0x21,0xe9,0x21,0xe9,0x21,0xe9,0x21,0xe9,0x21,
    0xe9,0x21,0xe9,0x21,0xe9,0x21,0xe9,0x29,0xe9,0x21,0xe9,0x21,0xe9,0x21,0xc9,0x21,0xe9,0x21,0xe9,0x21,0x86,0x19,0x86,0x19,0xe9,0x21,0xe9,0x29,0xe9,0x29,0xe9,0x29,
    0xe9,0x29,0xe9,0x21,0xe9,0x29,0xe9,0x29,0xe9,0x21,0xc6,0x49,0xe4,0x61,0x26,0x9b,0x46,0xa3,0x04,0x6a,0xe6,0x51,0xea,0x21,0xe9,0x21,0xe9,0x29,0xe9,0x29,0xe9,0x21,
    0xc9,0x21,0x09,0x2a,0x29,0x32,0xe9,0x21,0xe9,0x21,0xc9,0x21,0xc9,0x21,0x2a,0x32,0x91,0x84,0xea,0x29,0xc9,0x21,0xc9,0x21,0xe9,0x21,0xe9,0x21,0xe9,0x21,0xa8,0x19,
    0xed,0x73,0x74,0xff,0x14,0xff,0x13,0xff,0x13,0xff,0x33,0xff,0x2c,0x53,0xc9,0x21,0xc9,0x21,0xc9,0x21,0xc9,0x21,0xc9,0x21,0xa8,0x21,0x48,0x42,0x29,0xc4,0xa8,0xb3,
    0xe6,0x9a,0xe6,0x92,0x85,0x82,0xe2,0x20,0xe6,0x39,0x33,0xd6,0x33,0xd6,0x33,0xd6,0x33,0xd6,0x33,0xd6,0x13,0xd6,0x13,0xd6,0x13,0xd6,0x13,0xd6,0x13,0xd6,0x13,0xd6,
    0x13,0xd6,0x13,0xd6,0x13,0xd6,0x13,0xd6,0x13,0xd6,0x13,0xd6,0x33,0xd6,0x13,0xd6,0x13,0xd6,0x13,0xd6,0x13,0xd6,0x13,0xd6,0x13,0xd6,0x13,0xd6,0x13,0xd6,0x13,0xd6,
    0x13,0xd6,0x13,0xd6,0x13,0xd6,0x33,0xd6,0x13,0xd6,0x13,0xd6,0x13,0xd6,0x13,0xd6,0x13,0xd6,0x13,0xd6,0x13,0xd6,0x13,0xd6,0x13,0xd6,0x13,0xd6,0x13,0xd6,0x13,0xd6,
    0x13,0xd6,0x13,0xd6,0x13,0xd6,0x13,0xd6,0x13,0xd6,0x13,0xd6,0x33,0xd6,0x33,0xd6,0x13,0xd6,0x13,0xd6,0x33,0xd6,0x13,0xd6,0x13,0xd6,0x13,0xd6,0x13,0xd6,0x13,0xd6,
    0x33,0xd6,0x13,0xd6,0x13,0xd6,0x13,0xd6,0x13,0xd6,0x13,0xd6,0x13,0xd6,0x13,0xd6,0x13,0xd6,0x13,0xd6,0x13,0xd6,0x13,0xd6,0x13,0xd6,0x13,0xd6,0x13,0xd6,0x13,0xd6,
    0x13,0xd6,0x13,0xd6,0x13,0xd6,0x13,0xd6,0x13,0xd6,0x13,0xd6,0x13,0xd6,0x32,0xe6,0x50,0xf6,0x71,0xee,0x51,0xee,0x71,0xf6,0x51,0xee,0x50,0xf6,0x70,0xf6,0x70,0xf6,
    0x70,0xf6,0x50,0xf6,0x70,0xf6,0x70,0xf6,0x70,0xf6,0x70,0xf6,0x70,0xf6,0x70,0xf6,0x70,0xf6,0x70,0xf6,0x70,0xf6,0x70,0xf6,0x70,0xf6,0x50,0xf6,0x50,0xf6,0x70,0xf6,
    0x70,0xf6,0x70,0xf6,0x70,0xf6,0x70,0xf6,0x70,0xf6,0x70,0xf6,0x70,0xf6,0x70,0xf6,0x70,0xf6,0x71,0xf6,0x51,0xf6,0x51,0xf6,0x51,0xee,0x51,0xee,0x51,0xee,0x33,0xde,
    0x33,0xd6,0x33,0xd6,0x33,0xd6,0x33,0xd6,0x33,0xd6,0x33,0xd6,0x13,0xd6,0x13,0xd6,0x13,0xd6,0x13,0xd6,0x13,0xd6,0x13,0xd6,0x13,0xd6,0x13,0xd6,0x33,0xd6,0x33,0xd6,
    0xa5,0x31,0xe2,0x20,0x65,0x72,0xe6,0x92,0x06,0x93,0x49,0xc4,0xab,0xd4,0x09,0x32,0xc9,0x21,0xe9,0x21,0xe9,0x21,0xe9,0x21,0xe9,0x21,0xa8,0x21,0x65,0x19,0xc9,0x21,
    0xe9,0x21,0xe9,0x21,0xe9,0x21,0x0a,0x2a,0x66,0x19,0x25,0x19,0x25,0x19,0x46,0x19,0xe9,0x21,0xe9,0x29,0xe9,0x21,0xe9,0x21,0xe9,0x21,0xc9,0x21,0xe9,0x21,0xc8,0x21,
    0x44,0x19,0x65,0x19,0xa7,0x21,0xe9,0x21,0xe9,0x29,0x0a,0x2a,0x09,0x2a,0xe9,0x29,0xe9,0x29,0xe9,0x21,0x0a,0x22,0xe6,0x49,0xe4,0x61,0x47,0xa3,0x45,0x6a,0x43,0x31,
    0x24,0x29,0x87,0x21,0xe9,0x29,0xe9,0x29,0xe9,0x29,0xe9,0x21,0xe9,0x21,0x09,0x2a,0x09,0x2a,0xe9,0x21,0xc9,0x21,0xc9,0x21,0xc9,0x21,0xe9,0x29,0x4a,0x32,0xe9,0x21,
    0xc9,0x21,0xe9,0x21,0xe9,0x21,0xe9,0x21,0xe9,0x21,0xc9,0x21,0xab,0x42,0x91,0xb5,0x75,0xff,0x54,0xff,0x53,0xff,0x71,0xad,0x8b,0x32,0xc9,0x21,0xc9,0x21,0xc9,0x21,
    0xc9,0x21,0xc9,0x21,0xa8,0x21,0x48,0x42,0x29,0xc4,0xa8,0xb3,0xe6,0x92,0xe6,0x92,0x85,0x82,0xe2,0x20,0xe6,0x39,0x33,0xd6,0x13,0xd6,0x13,0xd6,0x13,0xd6,0x13,0xd6,
    0x13,0xd6,0x13,0xd6,0x33,0xd6,0x13,0xd6,0x13,0xd6,0x13,0xd6,0x13,0xd6,0x13,0xd6,0x13,0xd6,0x13,0xd6,0x13,0xd6,0x33,0xd6,0x13,0xd6,0x13,0xd6,0x13,0xd6,0x13,0xd6,
    0x13,0xd6,0x13,0xd6,0x13,0xd6,0x13,0xd6,0x13,0xd6,0x13,0xd6,0x13,0xd6,0x13,0xd6,0x13,0xd6,0xf3,0xd5,0x13,0xd6,0x13,0xd6,0x13,0xd6,0x13,0xd6,0x33,0xd6,0x13,0xd6,
    0x13,0xd6,0x13,0xd6,0x13,0xd6,0x13,0xd6,0x13,0xd6,0x13,0xd6,0x13,0xd6,0x13,0xd6,0x13,0xd6,0x13,0xd6,0x13,0xd6,0x13,0xd6,0x13,0xd6,0x13,0xd6,0x13,0xd6,0x33,0xd6,
    0x33,0xd6,0x33,0xd6,0x33,0xd6,0x33,0xd6,0x13,0xd6,0x13,0xd6,0x13,0xd6,0x13,0xd6,0x13,0xd6,0x13,0xd6,0x13,0xd6,0x13,0xd6,0x13,0xd6,0x13,0xd6,0x13,0xd6,0x13,0xd6,
    0x13,0xd6,0x13,0xd6,0x13,0xd6,0x13,0xd6,0x13,0xd6,0x13,0xd6,0x13,0xd6,0x13,0xd6,0x13,0xd6,0x13,0xd6,0x13,0xd6,0x33,0xd6,0x32,0xe6,0x51,0xe6,0x51,0xee,0x71,0xf6,
    0x71,0xf6,0x71,0xee,0x70,0xf6,0x70,0xf6,0x70,0xf6,0x70,0xf6,0x70,0xf6,0x70,0xf6,0x70,0xf6,0x70,0xf6,0x70,0xf6,0x70,0xf6,0x70,0xf6,0x70,0xf6,0x70,0xf6,0x70,0xf6,
    0x70,0xf6,0x70,0xf6,0x70,0xf6,0x70,0xf6,0x70,0xf6,0x70,0xf6,0x70,0xf6,0x70,0xf6,0x70,0xf6,0x70,0xf6,0x70,0xf6,0x70,0xf6,0x70,0xf6,0x70,0xf6,0x70,0xf6,0x51,0xee,
    0x51,0xee,0x51,0xee,0x51,0xee,0x51,0xee,0x71,0xee,0x51,0xee,0x52,0xe6,0x52,0xe6,0x52,0xe6,0x52,0xe6,0x33,0xd6,0x33,0xd6,0x33,0xd6,0x33,0xd6,0x13,0xd6,0x13,0xd6,
    0x13,0xd6,0x13,0xd6,0x13,0xd6,0x13,0xd6,0x33,0xd6,0x33,0xd6,0xa5,0x31,0xe2,0x20,0x45,0x72,0xe6,0x92,0xe6,0x92,0x49,0xc4,0xab,0xd4,0x09,0x32,0xc9,0x21,0xe9,0x21,
    0xe9,0x21,0xe9,0x21,0xc9,0x21,0xa7,0x21,0x65,0x19,0xc9,0x21,0xe9,0x21,0xe9,0x21,0xe9,0x21,0x87,0x21,0x24,0x21,0x24,0x29,0x24,0x29,0x24,0x29,0x66,0x19,0xc8,0x21,
    0xe9,0x21,0xe9,0x21,0xc9,0x21,0xe9,0x21,0xc9,0x21,0xa7,0x21,0x44,0x19,0x44,0x19,0x85,0x21,0xe9,0x21,0xe9,0x29,0x09,0x2a,0xe9,0x29,0xe9,0x29,0xe9,0x21,0xe9,0x29,
    0x0a,0x22,0xe6,0x49,0xe4,0x61,0x65,0x72,0x84,0x39,0x24,0x21,0x24,0x29,0x04,0x19,0xa8,0x21,0xe9,0x29,0xe9,0x29,0xe9,0x29,0xe9,0x21,0x09,0x2a,0x29,0x2a,0xc7,0x21,
    0xc9,0x21,0xe9,0x21,0xe9,0x21,0xe9,0x21,0xc9,0x21,0xc9,0x21,0xc9,0x21,0xc9,0x21,0xe9,0x29,0xc9,0x21,0xc9,0x21,0xe9,0x21,0xc9,0x19,0x0c,0x4b,0x70,0xad,0x50,0xa5,
    0x30,0xa5,0xab,0x3a,0xea,0x21,0xa7,0x21,0xa7,0x21,0xe9,0x21,0xc9,0x21,0xc9,0x21,0xa8,0x21,0x28,0x42,0x29,0xc4,0xa8,0xb3,0xe6,0x9a,0xe6,0x92,0x85,0x7a,0xe2,0x20,
    0xe6,0x41,0x33,0xd6,0x13,0xd6,0x13,0xd6,0x33,0xd6,0x13,0xd6,0x13,0xd6,0x13,0xd6,0x13,0xd6,0x13,0xd6,0x13,0xd6,0x13,0xd6,0x13,0xd6,0x13,0xd6,0x13,0xd6,0x13,0xd6,
    0x13,0xd6,0x13,0xd6,0x13,0xd6,0x13,0xd6,0x13,0xd6,0x13,0xd6,0x13,0xd6,0x13,0xd6,0x13,0xd6,0x13,0xd6,0x13,0xd6,0x13,0xd6,0x13,0xd6,0x33,0xd6,0xb1,0xcd,0x0a,0xb4,
    0x8c,0xbc,0x33,0xd6,0x13,0xd6,0x13,0xd6,0x13,0xd6,0x13,0xd6,0x33,0xd6,0x13,0xd6,0x13,0xd6,0x13,0xd6,0x33,0xd6,0x13,0xd6,0x13,0xd6,0x13,0xd6,0x13,0xd6,0x13,0xd6,
    0x13,0xd6,0x33,0xd6,0x13,0xd6,0x13,0xd6,0x33,0xd6,0x33,0xd6,0x33,0xd6,0x33,0xd6,0x33,0xd6,0x33,0xd6,0x33,0xd6,0x13,0xd6,0x13,0xd6,0x13,0xd6,0x13,0xd6,0x13,0xd6,
    0x13,0xd6,0x13,0xd6,0x13,0xd6,0x13,0xd6,0x13,0xd6,0x13,0xd6,0x13,0xd6,0x13,0xd6,0x13,0xd6,0x13,0xd6,0x13,0xd6,0x13,0xd6,0x13,0xd6,0x13,0xd6,0x13,0xd6,0x13,0xd6,
    0x13,0xd6,0x32,0xde,0x70,0xf6,0x70,0xf6,0x51,0xee,0x51,0xee,0x70,0xf6,0x70,0xf6,0x70,0xf6,0x70,0xf6,0x70,0xf6,0x70,0xf6,0x70,0xf6,0x70,0xf6,0x70,0xf6,0x70,0xf6,
    0x70,0xf6,0x70,0xf6,0x70,0xf6,0x70,0xf6,0x70,0xf6,0x70,0xf6,0x70,0xf6,0x70,0xf6,0x70,0xf6,0x70,0xf6,0x70,0xf6,0x70,0xf6,0x70,0xf6,0x70,0xf6,0x70,0xf6,0x70,0xf6,
    0x70,0xf6,0x70,0xf6,0x70,0xf6,0x70,0xf6,0x70,0xf6,0x50,0xf6,0x70,0xf6,0x71,0xee,0x71,0xee,0x70,0xee,0x70,0xee,0x71,0xee,0x70,0xee,0x70,0xee,0x70,0xee,0x70,0xee,
    0x32,0xde,0x32,0xde,0x33,0xd6,0x33,0xd6,0x13,0xd6,0x13,0xd6,0x13,0xd6,0x13,0xd6,0x13,0xd6,0x33,0xd6,0x33,0xd6,0x33,0xd6,0x85,0x31,0xc2,0x20,0x45,0x72,0xe6,0x8a,
    0xe6,0x92,0x49,0xc4,0xcb,0xd4,0x29,0x32,0xc9,0x21,0xc9,0x21,0xe9,0x21,0xe9,0x21,0xea,0x21,0xa7,0x19,0x64,0x19,0xe9,0x21,0xe9,0x21,0xe9,0x21,0xe9,0x29,0xe4,0x10,
    0x44,0x31,0xc6,0x49,0x64,0x39,0x44,0x29,0xc2,0x18,0x25,0x19,0xe9,0x29,0xea,0x21,0xe9,0x21,0xe9,0x21,0xa7,0x21,0x44,0x19,0x24,0x19,0x65,0x19,0xa6,0x21,0x07,0x2a,
    0xe9,0x21,0xe9,0x21,0x09,0x22,0xe9,0x29,0x0a,0x2a,0x0a,0x2a,0x0a,0x2a,0xc6,0x41,0x23,0x29,0xc3,0x10,0x85,0x39,0xe6,0x49,0xe6,0x49,0xe3,0x18,0x87,0x21,0x0a,0x2a,
    0xe9,0x21,0xe9,0x21,0xe9,0x21,0x09,0x2a,0x29,0x2a,0xa6,0x21,0xe9,0x21,0xe9,0x29,0x0a,0x2a,0x0a,0x2a,0xe9,0x21,0xe9,0x21,0xe9,0x21,0xc9,0x21,0x0c,0x4b,0xe9,0x21,
    0xc9,0x21,0xe9,0x21,0xe9,0x21,0xc9,0x21,0xa9,0x19,0xa9,0x19,0xa9,0x19,0xc9,0x21,0xe9,0x21,0xe8,0x29,0xa7,0x21,0xe9,0x21,0xe9,0x21,0xc8,0x21,0xa8,0x21,0x48,0x42,
    0x29,0xc4,0xa8,0xb3,0xe6,0x9a,0xe6,0x92,0x65,0x7a,0xe2,0x20,0xe6,0x41,0x33,0xd6,0x33,0xd6,0x13,0xd6,0x13,0xd6,0x13,0xd6,0x13,0xd6,0x13,0xd6,0x13,0xd6,0x13,0xd6,
    0x13,0xd6,0x13,0xd6,0x13,0xd6,0x13,0xd6,0x13,0xd6,0x13,0xd6,0x13,0xd6,0x13,0xd6,0x13,0xd6,0x13,0xd6,0x13,0xd6,0x13,0xd6,0x13,0xd6,0x13,0xd6,0x13,0xd6,0x13,0xd6,
    0x13,0xd6,0x13,0xd6,0x13,0xd6,0x33,0xd6,0x91,0xcd,0xc9,0xb3,0x6b,0xbc,0x13,0xd6,0x13,0xd6,0x13,0xd6,0x13,0xd6,0x13,0xd6,0x33,0xd6,0x13,0xd6,0x13,0xd6,0x13,0xd6,
    0x33,0xd6,0x13,0xd6,0x13,0xd6,0x13,0xd6,0x13,0xd6,0x13,0xd6,0x13,0xd6,0x13,0xd6,0x13,0xd6,0x13,0xd6,0x13,0xd6,0x13,0xd6,0x33,0xd6,0x33,0xd6,0x33,0xd6,0x33,0xd6,
    0x33,0xd6,0x13,0xd6,0x13,0xd6,0x13,0xd6,0x13,0xd6,0x13,0xd6,0x13,0xd6,0x13,0xd6,0x13,0xd6,0x33,0xd6,0x33,0xd6,0x13,0xd6,0x13,0xd6,0x13,0xd6,0x13,0xd6,0x13,0xd6,
    0x13,0xd6,0x13,0xd6,0x13,0xd6,0x32,0xde,0x52,0xe6,0x32,0xde,0x33,0xd6,0x51,0xee,0x71,0xf6,0x71,0xee,0x71,0xee,0x70,0xf6,0x70,0xf6,0x70,0xf6,0x70,0xf6,0x70,0xf6,
    0x70,0xf6,0x70,0xf6,0x70,0xf6,0x70,0xf6,0x70,0xf6,0x70,0xf6,0x70,0xf6,0x70,0xf6,0x70,0xf6,0x70,0xf6,0x70,0xf6,0x70,0xf6,0x70,0xf6,0x70,0xf6,0x70,0xf6,0x70,0xf6,
    0x70,0xf6,0x70,0xf6,0x70,0xf6,0x70,0xf6,0x70,0xf6,0x70,0xf6,0x70,0xf6,0x70,0xf6,0x70,0xf6,0x70,0xf6,0x70,0xf6,0x50,0xf6,0x90,0xfe,0x6b,0x94,0xc6,0x4a,0xe7,0x52,
    0xe7,0x52,0xe7,0x52,0xe7,0x52,0xe7,0x52,0xe7,0x52,0xc6,0x52,0x6e,0xc5,0x91,0xf6,0x71,0xee,0x52,0xe6,0x13,0xd6,0x13,0xd6,0x13,0xd6,0x13,0xd6,0x13,0xd6,0x33,0xd6,
    0x33,0xd6,0x33,0xd6,0x85,0x31,0xc2,0x20,0x45,0x72,0xc6,0x8a,0xe6,0x92,0x49,0xc4,0xab,0xd4,0x08,0x32,0xc9,0x21,0xea,0x29,0x0a,0x22,0x0a,0x22,0x66,0x19,0x24,0x19,
    0x44,0x19,0x86,0x21,0xe9,0x21,0x0a,0x2a,0xe9,0x21,0xc3,0x10,0x64,0x39,0x47,0x72,0x68,0x72,0xe6,0x59,0x24,0x29,0x65,0x31,0x04,0x19,0x87,0x19,0xc9,0x21,0xa7,0x21,
    0x65,0x19,0x65,0x19,0x24,0x19,0x24,0x19,0x64,0x19,0xc6,0x21,0xe9,0x21,0xe9,0x21,0xe9,0x21,0xea,0x21,0x0a,0x2a,0x2a,0x2a,0xc8,0x21,0x65,0x31,0x64,0x31,0x04,0x21,
    0x85,0x39,0x68,0x72,0x47,0x72,0xe3,0x18,0x66,0x19,0x0a,0x2a,0xe9,0x29,0x09,0x2a,0xe9,0x29,0x2a,0x2a,0x49,0x2a,0xa6,0x21,0xa7,0x21,0xe9,0x21,0x0a,0x2a,0x0a,0x2a,
    0x0a,0x2a,0x0a,0x2a,0xe9,0x21,0xc9,0x21,0xc9,0x21,0xe9,0x21,0x2a,0x2a,0xc9,0x21,0xe9,0x21,0xe9,0x21,0xe9,0x21,0xe9,0x21,0xe9,0x21,0xc9,0x21,0x09,0x2a,0x27,0x2a,
    0x86,0x19,0xe9,0x21,0xe9,0x21,0xc9,0x21,0xa9,0x21,0x49,0x42,0x29,0xc4,0xa8,0xb3,0x06,0x9b,0xe6,0x92,0x65,0x7a,0xc2,0x20,0xe6,0x39,0x33,0xd6,0x33,0xd6,0x13,0xd6,
    0x13,0xd6,0x13,0xd6,0x13,0xd6,0x13,0xd6,0x13,0xd6,0x13,0xd6,0x13,0xd6,0x13,0xd6,0x13,0xd6,0x13,0xd6,0x13,0xd6,0x13,0xd6,0x13,0xd6,0x13,0xd6,0x13,0xd6,0x13,0xd6,
    0x13,0xd6,0x13,0xd6,0x13,0xd6,0x13,0xd6,0x13,0xd6,0x13,0xd6,0x13,0xd6,0x33,0xd6,0x13,0xd6,0xac,0xc4,0xac,0xc4,0xb1,0xd5,0xd2,0xcd,0x13,0xd6,0x13,0xd6,0x13,0xd6,
    0x13,0xd6,0x13,0xd6,0x13,0xd6,0x13,0xd6,0x13,0xd6,0x13,0xd6,0x13,0xd6,0x13,0xd6,0x13,0xd6,0x13,0xd6,0x13,0xd6,0x33,0xd6,0x13,0xd6,0x13,0xd6,0x13,0xd6,0x13,0xd6,
    0x13,0xd6,0x13,0xd6,0x13,0xd6,0x33,0xd6,0x33,0xd6,0x33,0xd6,0x33,0xd6,0x33,0xd6,0x13,0xd6,0x13,0xd6,0x13,0xd6,0x13,0xd6,0x13,0xd6,0x13,0xd6,0x13,0xd6,0x13,0xd6,
    0x33,0xd6,0x33,0xd6,0x13,0xd6,0x13,0xd6,0x13,0xd6,0x13,0xd6,0x13,0xd6,0x13,0xd6,0x13,0xd6,0x32,0xde,0x71,0xf6,0x71,0xee,0x71,0xee,0x71,0xee,0x71,0xee,0x71,0xee,
    0x70,0xf6,0x70,0xf6,0x70,0xf6,0x70,0xf6,0x70,0xf6,0x70,0xf6,0x70,0xf6,0x70,0xf6,0x70,0xf6,0x70,0xf6,0x70,0xf6,0x70,0xf6,0x70,0xf6,0x70,0xf6,0x70,0xf6,0x70,0xf6,
    0x70,0xf6,0x70,0xf6,0x90,0xf6,0x90,0xf6,0x90,0xf6,0x70,0xf6,0x70,0xf6,0x90,0xf6,0x70,0xf6,0x70,0xf6,0x70,0xf6,0x70,0xf6,0x70,0xf6,0x70,0xf6,0x70,0xf6,0x70,0xee,
    0x70,0xee,0x70,0xee,0xb0,0xf6,0xc9,0x7b,0xe4,0x29,0x24,0x32,0x24,0x32,0x24,0x32,0x24,0x32,0x04,0x32,0x04,0x32,0xe4,0x29,0x4d,0xbd,0x91,0xf6,0x71,0xf6,0x52,0xe6,
    0x13,0xd6,0x13,0xd6,0x33,0xd6,0x13,0xd6,0x33,0xd6,0x33,0xd6,0x33,0xd6,0x33,0xd6,0x85,0x31,0xe2,0x20,0x45,0x72,0xc6,0x8a,0x06,0x93,0x49,0xc4,0xaa,0xcc,0x08,0x32,
    0xe9,0x21,0x2a,0x2a,0x0a,0x2a,0x0a,0x2a,0x45,0x19,0x03,0x19,0x04,0x19,0x64,0x19,0xe8,0x21,0x0a,0x2a,0x2a,0x2a,0xe3,0x10,0x85,0x41,0xa8,0x8a,0x4b,0xb3,0xc9,0x92,
    0x85,0x41,0x65,0x39,0x85,0x39,0xc3,0x18,0x46,0x19,0xe9,0x21,0xc7,0x21,0x44,0x19,0x03,0x19,0x04,0x19,0xe3,0x18,0x44,0x19,0xe3,0x10,0xe3,0x10,0xe9,0x21,0x0a,0x2a,
    0x0a,0x2a,0xe9,0x21,0x24,0x21,0xa6,0x39,0xc6,0x41,0x44,0x31,0xa8,0x8a,0x6b,0xbb,0xc9,0x92,0xe3,0x20,0x87,0x19,0x2a,0x2a,0x0a,0x2a,0x0a,0x2a,0x0a,0x2a,0x29,0x2a,
    0x28,0x2a,0x85,0x21,0xa7,0x21,0x0a,0x2a,0x0a,0x2a,0x0a,0x2a,0x0a,0x2a,0x0a,0x2a,0x0a,0x2a,0xc9,0x21,0xc9,0x21,0xe9,0x21,0x4b,0x32,0xe9,0x21,0xe9,0x21,0xe9,0x21,
    0xe9,0x21,0xe9,0x21,0xe9,0x21,0xe9,0x21,0xe8,0x29,0x85,0x21,0x86,0x19,0xe9,0x21,0xe9,0x21,0xe9,0x21,0xa9,0x21,0x28,0x42,0x29,0xc4,0xa8,0xb3,0x06,0x9b,0xe6,0x92,
    0x65,0x7a,0xc2,0x20,0xe6,0x39,0x33,0xd6,0x33,0xd6,0x13,0xd6,0x13,0xd6,0x13,0xd6,0x13,0xd6,0x13,0xd6,0x13,0xd6,0x13,0xd6,0x13,0xd6,0x13,0xd6,0x13,0xd6,0x13,0xd6,
    0x33,0xd6,0x33,0xd6,0x33,0xd6,0x33,0xd6,0x13,0xd6,0x13,0xd6,0x13,0xd6,0x13,0xd6,0x13,0xd6,0x13,0xd6,0x13,0xd6,0x13,0xd6,0x33,0xd6,0x13,0xd6,0xf2,0xd5,0x2a,0xbc,
    0x6b,0xc4,0x33,0xd6,0x33,0xd6,0x13,0xd6,0x13,0xd6,0x33,0xd6,0x13,0xd6,0x13,0xd6,0x13,0xd6,0x13,0xd6,0x13,0xd6,0x13,0xd6,0x13,0xd6,0x13,0xd6,0x13,0xd6,0x13,0xd6,
    0x13,0xd6,0x13,0xd6,0x13,0xd6,0x33,0xd6,0x13,0xd6,0x13,0xd6,0x33,0xd6,0x13,0xd6,0x13,0xd6,0x33,0xd6,0x33,0xd6,0x33,0xd6,0x13,0xd6,0x13,0xd6,0x13,0xd6,0x13,0xd6,
    0x13,0xd6,0x13,0xd6,0x13,0xd6,0x13,0xd6,0x13,0xd6,0x33,0xd6,0x33,0xd6,0x33,0xd6,0x13,0xd6,0x13,0xd6,0x13,0xd6,0x13,0xd6,0x13,0xd6,0x13,0xd6,0x13,0xd6,0x33,0xde,
    0x70,0xf6,0x70,0xf6,0x71,0xf6,0x71,0xee,0x71,0xf6,0x70,0xf6,0x70,0xf6,0x70,0xf6,0x70,0xf6,0x70,0xf6,0x70,0xf6,0x70,0xf6,0x70,0xf6,0x70,0xf6,0x70,0xf6,0x70,0xf6,
    0x70,0xf6,0x70,0xf6,0x70,0xf6,0x70,0xf6,0x6f,0xf6,0x6f,0xf6,0x70,0xf6,0x90,0xf6,0x90,0xf6,0x90,0xfe,0x90,0xf6,0x90,0xf6,0x90,0xf6,0x90,0xf6,0x70,0xf6,0x70,0xf6,
    0x90,0xfe,0x90,0xfe,0x90,0xfe,0xd0,0xfe,0xcb,0xa4,0x47,0x5b,0x67,0x63,0x88,0x63,0x87,0x63,0x06,0x53,0xc6,0x42,0xc6,0x4a,0xc6,0x4a,0xc6,0x4a,0xc6,0x4a,0xc6,0x42,
    0x65,0x3a,0xe4,0x29,0x2d,0xbd,0x92,0xf6,0x71,0xf6,0x71,0xee,0x71,0xee,0x71,0xee,0x71,0xee,0x33,0xd6,0x33,0xd6,0x33,0xd6,0x33,0xd6,0x33,0xd6,0xa5,0x31,0xe2,0x20,
    0x45,0x72,0xc6,0x8a,0xe6,0x92,0x49,0xc4,0xaa,0xcc,0xe8,0x29,0xc9,0x21,0x2a,0x2a,0x2a,0x2a,0x09,0x2a,0x65,0x19,0x24,0x19,0x04,0x19,0x44,0x19,0xa5,0x21,0xe9,0x21,
    0x0a,0x2a,0xc3,0x10,0xc6,0x51,0x4a,0xab,0x6e,0xe4,0x8b,0xc3,0xe6,0x69,0x03,0x29,0x85,0x39,0xe6,0x49,0x44,0x29,0xc3,0x10,0x82,0x08,0x41,0x00,0x64,0x29,0x4e,0x94,
    0x82,0x08,0x41,0x08,0xec,0x8b,0xc6,0x39,0xa3,0x08,0xa3,0x10,0xc3,0x10,0x24,0x29,0xc6,0x49,0x85,0x39,0x24,0x29,0x67,0x8a,0xcc,0xcb,0x4e,0xe4,0x0d,0xd4,0x23,0x29,
    0x87,0x21,0x2b,0x2a,0x2a,0x2a,0x2b,0x2a,0x2a,0x2a,0xa7,0x21,0xa6,0x21,0x86,0x21,0xc6,0x21,0x28,0x2a,0x2b,0x2a,0x2b,0x2a,0x0a,0x2a,0x0a,0x2a,0x0a,0x2a,0xc9,0x21,
    0xc9,0x21,0xc9,0x21,0xea,0x21,0x4b,0x2a,0xe9,0x29,0xe9,0x21,0xe9,0x21,0xe9,0x21,0xe9,0x21,0xc7,0x21,0xc6,0x21,0x65,0x19,0x86,0x19,0xa6,0x21,0xe9,0x21,0x0a,0x22,
    0xc9,0x21,0x49,0x4a,0x29,0xc4,0xa8,0xb3,0xe6,0x9a,0xe6,0x92,0x65,0x7a,0xe2,0x20,0xe6,0x41,0x33,0xd6,0x13,0xd6,0x13,0xd6,0x13,0xd6,0x13,0xd6,0x13,0xd6,0x13,0xd6,
    0x13,0xd6,0x13,0xd6,0x33,0xd6,0x13,0xd6,0x33,0xd6,0x33,0xd6,0x33,0xd6,0x33,0xd6,0x33,0xd6,0x33,0xd6,0x33,0xd6,0x13,0xd6,0x13,0xd6,0x13,0xd6,0x13,0xd6,0x13,0xd6,
    0x13,0xd6,0x13,0xd6,0x13,0xd6,0xcd,0xc4,0x6b,0xc4,0x29,0xbc,0x8b,0xc4,0x13,0xd6,0x13,0xd6,0x13,0xd6,0x13,0xd6,0x33,0xd6,0x13,0xd6,0x13,0xd6,0x33,0xd6,0x33,0xd6,
    0x13,0xd6,0x13,0xd6,0x13,0xd6,0x13,0xd6,0x13,0xd6,0x13,0xd6,0x13,0xd6,0x13,0xd6,0x13,0xd6,0x13,0xd6,0x13,0xd6,0x33,0xd6,0x33,0xd6,0x33,0xd6,0x33,0xd6,0x13,0xd6,
    0x13,0xd6,0x33,0xd6,0x13,0xd6,0x13,0xd6,0x13,0xd6,0x13,0xd6,0x13,0xd6,0x13,0xd6,0x13,0xd6,0x13,0xd6,0x13,0xd6,0x13,0xd6,0x33,0xd6,0x33,0xd6,0x13,0xd6,0x13,0xd6,
    0x13,0xd6,0x13,0xd6,0x13,0xd6,0x13,0xd6,0x13,0xd6,0x33,0xde,0x70,0xf6,0x50,0xf6,0x70,0xf6,0x70,0xf6,0x71,0xf6,0x90,0xf6,0x70,0xf6,0x70,0xf6,0x70,0xf6,0x70,0xf6,
    0x90,0xfe,0x90,0xfe,0x90,0xfe,0x70,0xf6,0x70,0xf6,0x70,0xf6,0x70,0xf6,0x90,0xfe,0x90,0xf6,0x8f,0xf6,0x8f,0xf6,0x8f,0xf6,0x90,0xf6,0x90,0xf6,0x90,0xfe,0x90,0xfe,
    0x90,0xfe,0x90,0xfe,0x8f,0xfe,0x8f,0xf6,0x8f,0xfe,0xb0,0xfe,0x0e,0xe6,0x8d,0xcd,0xad,0xcd,0xee,0xcd,0x09,0x7c,0xc5,0x42,0xe5,0x4a,0xe5,0x4a,0xe6,0x4a,0xe6,0x4a,
    0xe6,0x4a,0xc6,0x4a,0xc6,0x42,0xa5,0x42,0x85,0x3a,0xc6,0x4a,0xe6,0x4a,0xa6,0x4a,0x6e,0xc5,0x91,0xf6,0x71,0xf6,0x71,0xee,0x71,0xf6,0x71,0xf6,0x71,0xee,0x32,0xde,
    0x33,0xde,0x33,0xd6,0x13,0xd6,0x33,0xd6,0x85,0x31,0xe2,0x20,0x45,0x72,0xe6,0x8a,0x06,0x9b,0x29,0xc4,0x8a,0xcc,0xc7,0x29,0xc9,0x21,0x2b,0x2a,0x2b,0x2a,0x65,0x19,
    0x23,0x19,0x44,0x19,0x24,0x19,0x44,0x19,0xa5,0x21,0xe8,0x29,0x0a,0x2a,0xa2,0x08,0x47,0x6a,0xec,0xcb,0x4e,0xe4,0x8f,0xd4,0xac,0xb3,0x88,0x92,0xa5,0x49,0xe6,0x49,
    0x06,0x52,0x06,0x4a,0x8e,0x9c,0x8e,0x9c,0x8e,0xa4,0x33,0xe6,0x30,0xb5,0x10,0xb5,0x74,0xe6,0x10,0xad,0x8e,0x9c,0x8f,0x9c,0xc6,0x39,0x85,0x41,0x85,0x39,0x85,0x41,
    0xa8,0x92,0xcc,0xc3,0xcf,0xe4,0x6e,0xe4,0xec,0xd3,0xe3,0x20,0x87,0x21,0x4b,0x2a,0x2b,0x2a,0x4a,0x2a,0x4a,0x2a,0x28,0x2a,0x67,0x32,0x86,0x21,0xc6,0x21,0x28,0x32,
    0x2a,0x2a,0x4b,0x2a,0x2b,0x2a,0x2b,0x2a,0x4b,0x2a,0x0a,0x2a,0xea,0x21,0x0a,0x22,0x2a,0x2a,0x2b,0x2a,0x0a,0x2a,0x0a,0x2a,0x0a,0x2a,0x49,0x2a,0x69,0x32,0x27,0x2a,
    0xe6,0x21,0x45,0x19,0x45,0x19,0x45,0x19,0xc8,0x21,0x0a,0x2a,0xea,0x21,0x69,0x4a,0x29,0xc4,0xa8,0xb3,0xe6,0x9a,0xe6,0x92,0x65,0x7a,0xc2,0x20,0xe6,0x41,0x33,0xd6,
    0x13,0xd6,0x13,0xd6,0x13,0xd6,0x13,0xd6,0x13,0xd6,0x13,0xd6,0x13,0xd6,0x13,0xd6,0x33,0xd6,0x33,0xd6,0x33,0xd6,0x33,0xd6,0x33,0xd6,0x33,0xd6,0x33,0xd6,0x33,0xd6,
    0x33,0xd6,0x33,0xd6,0x13,0xd6,0x13,0xd6,0x13,0xd6,0x13,0xd6,0x13,0xd6,0x13,0xd6,0x13,0xd6,0x8c,0xc4,0x29,0xc4,0x0e,0xcd,0xb1,0xcd,0x33,0xd6,0x13,0xd6,0x13,0xd6,
    0x33,0xd6,0xf2,0xd5,0xed,0xc4,0x4f,0xcd,0x33,0xd6,0x33,0xd6,0x13,0xd6,0x13,0xd6,0x13,0xd6,0x13,0xd6,0x13,0xd6,0x13,0xd6,0x13,0xd6,0x13,0xd6,0x13,0xd6,0x13,0xd6,
    0x13,0xd6,0x33,0xd6,0x33,0xd6,0x33,0xd6,0x33,0xd6,0x13,0xd6,0x33,0xd6,0x33,0xd6,0x13,0xd6,0x13,0xd6,0x13,0xd6,0x13,0xd6,0x13,0xd6,0x13,0xd6,0x13,0xd6,0x13,0xd6,
    0x13,0xd6,0x13,0xd6,0x33,0xd6,0x13,0xd6,0x13,0xd6,0x13,0xd6,0x13,0xd6,0x13,0xd6,0x33,0xd6,0x13,0xd6,0x13,0xd6,0x32,0xde,0x70,0xf6,0x70,0xf6,0x70,0xf6,0x30,0xe6,
    0x2f,0xe6,0x2f,0xe6,0x4f,0xe6,0x4f,0xe6,0x4f,0xe6,0x4f,0xe6,0x4f,0xe6,0x4f,0xe6,0x4f,0xe6,0x6f,0xf6,0x90,0xfe,0x6f,0xf6,0x90,0xfe,0x8f,0xfe,0x8f,0xfe,0x8f,0xf6,
    0x8f,0xfe,0x8f,0xfe,0x90,0xf6,0x90,0xf6,0xb0,0xf6,0xb0,0xfe,0x8f,0xfe,0x8f,0xfe,0x8f,0xfe,0x8f,0xfe,0x6f,0xf6,0x6f,0xee,0x8a,0x94,0xa5,0x42,0xe5,0x4a,0xe5,0x4a,
    0xe5,0x4a,0x06,0x53,0x06,0x4b,0xe6,0x4a,0xc5,0x4a,0xe6,0x4a,0xe6,0x4a,0x04,0x32,0xc4,0x29,0xe4,0x29,0x04,0x32,0x44,0x32,0x8b,0x94,0x90,0xf6,0x70,0xee,0x71,0xf6,
    0x71,0xf6,0x71,0xf6,0x71,0xf6,0x71,0xf6,0x71,0xf6,0x71,0xf6,0x71,0xf6,0x33,0xde,0x33,0xd6,0x33,0xd6,0x85,0x31,0xe2,0x20,0x45,0x72,0xe6,0x92,0x06,0x9b,0x29,0xc4,
    0x6a,0xcc,0xc7,0x29,0xc9,0x21,0x2b,0x2a,0x45,0x19,0x03,0x11,0x03,0x19,0x44,0x19,0x44,0x19,0x24,0x19,0x44,0x19,0x64,0x19,0x45,0x19,0xa2,0x08,0x88,0x7a,0x6e,0xe4,
    0x8f,0xe4,0x72,0xed,0xb2,0xed,0x0d,0xd4,0x27,0x7a,0xa5,0x39,0x09,0x7b,0xac,0x8b,0x57,0xff,0x37,0xff,0x37,0xff,0x16,0xf7,0x13,0xde,0x10,0xbd,0xd5,0xf6,0x16,0xff,
    0x36,0xff,0x37,0xff,0x4b,0x73,0xa9,0x6a,0x44,0x29,0x67,0x7a,0x8e,0xec,0x31,0xe5,0x71,0xed,0xd0,0xec,0xed,0xc3,0xe3,0x20,0x87,0x19,0x2b,0x2a,0x2b,0x2a,0x4a,0x2a,
    0x89,0x32,0x48,0x32,0xc6,0x21,0xa6,0x21,0xc6,0x21,0x07,0x2a,0x6b,0x2a,0x4b,0x2a,0x4b,0x2a,0x4b,0x2a,0x4b,0x2a,0x4b,0x2a,0x4b,0x2a,0x4b,0x2a,0x2b,0x2a,0x4b,0x2a,
    0x4b,0x2a,0x4b,0x2a,0x4b,0x2a,0x6a,0x32,0x48,0x32,0x27,0x32,0xc6,0x21,0x66,0x19,0x45,0x19,0x25,0x19,0xa8,0x21,0x2b,0x2a,0x0a,0x22,0x28,0x42,0x29,0xc4,0xa8,0xb3,
    0x06,0x9b,0xc6,0x8a,0x45,0x72,0xc2,0x20,0xe6,0x41,0x33,0xd6,0x13,0xd6,0x13,0xd6,0x13,0xd6,0x13,0xd6,0x13,0xd6,0x13,0xd6,0x13,0xd6,0x13,0xd6,0x13,0xd6,0x13,0xd6,
    0x13,0xd6,0x13,0xd6,0x33,0xd6,0x33,0xd6,0x33,0xd6,0x33,0xd6,0x33,0xd6,0x33,0xd6,0x33,0xd6,0x13,0xd6,0x13,0xd6,0x13,0xd6,0x13,0xd6,0x13,0xd6,0x13,0xd6,0xac,0xc4,
    0x29,0xc4,0x90,0xcd,0x54,0xd6,0x13,0xd6,0x13,0xd6,0x33,0xd6,0x34,0xd6,0xb1,0xcd,0x4a,0xc4,0xed,0xcc,0x34,0xd6,0x33,0xd6,0x33,0xd6,0x13,0xd6,0x13,0xd6,0x13,0xd6,
    0x13,0xd6,0x13,0xd6,0x33,0xd6,0x33,0xd6,0x13,0xd6,0x13,0xd6,0x13,0xd6,0x13,0xd6,0x33,0xd6,0x33,0xd6,0x33,0xd6,0x13,0xd6,0x33,0xd6,0x33,0xd6,0x13,0xd6,0x13,0xd6,
    0x13,0xd6,0x13,0xd6,0x13,0xd6,0x13,0xd6,0x13,0xd6,0x13,0xd6,0x13,0xd6,0x13,0xd6,0x33,0xd6,0x13,0xd6,0x13,0xd6,0x33,0xd6,0x13,0xd6,0x13,0xd6,0x13,0xd6,0x13,0xd6,
    0x33,0xde,0x51,0xe6,0x70,0xf6,0x70,0xf6,0x90,0xf6,0x68,0x6b,0x45,0x3a,0x65,0x3a,0x65,0x3a,0x85,0x42,0x85,0x42,0x86,0x42,0x85,0x42,0x65,0x42,0x45,0x3a,0xad,0xc5,
    0xd0,0xfe,0xaf,0xfe,0xb0,0xfe,0xb0,0xfe,0x8f,0xfe,0xaf,0xfe,0xaf,0xfe,0xaf,0xfe,0xb0,0xf6,0xb0,0xf6,0xaf,0xf6,0xaf,0xf6,0xaf,0xf6,0xaf,0xf6,0x8f,0xfe,0xd0,0xfe,
    0x8c,0xc5,0x46,0x5b,0x86,0x63,0x66,0x63,0x26,0x53,0x06,0x4b,0x06,0x53,0x06,0x53,0x26,0x53,0x65,0x3a,0x84,0x21,0xc4,0x29,0xe4,0x29,0xe4,0x29,0x04,0x32,0x85,0x42,
    0xc5,0x42,0x65,0x3a,0xab,0x9c,0xb1,0xfe,0x70,0xf6,0x71,0xf6,0x71,0xf6,0x71,0xf6,0x71,0xf6,0x71,0xf6,0x71,0xf6,0x71,0xf6,0x71,0xf6,0x71,0xf6,0x52,0xe6,0x13,0xd6,
    0x85,0x31,0xe2,0x20,0x65,0x72,0xe6,0x92,0x06,0x9b,0x29,0xc4,0x8a,0xcc,0xc7,0x29,0xa8,0x21,0x0a,0x2a,0x24,0x19,0x04,0x11,0x24,0x19,0x44,0x19,0x24,0x19,0x24,0x19,
    0x24,0x11,0x03,0x11,0xe3,0x10,0xc3,0x10,0x85,0x41,0xac,0xbb,0x31,0xf5,0x2d,0xbc,0xe9,0x82,0xe9,0x82,0x44,0x31,0x30,0xb5,0xd5,0xf6,0xb6,0xee,0xf6,0xf6,0xf6,0xf6,
    0x37,0xff,0x51,0xbd,0x47,0x5a,0xe6,0x49,0x8e,0xac,0x94,0xee,0xf6,0xf6,0x16,0xf7,0xd6,0xee,0x33,0xde,0x4d,0xa4,0xcb,0xa3,0x26,0x62,0xa8,0x7a,0xaf,0xe4,0x10,0xed,
    0x4a,0xa3,0xe3,0x20,0xa8,0x21,0x4b,0x2a,0x2a,0x2a,0xa6,0x21,0xa6,0x21,0x65,0x19,0x45,0x19,0xa6,0x21,0xc6,0x21,0xc6,0x21,0xc7,0x21,0xc7,0x21,0xe8,0x21,0x4b,0x2a,
    0x4b,0x2a,0x4b,0x2a,0x4b,0x2a,0x4b,0x2a,0x08,0x22,0x4b,0x2a,0x4b,0x2a,0x6c,0x2a,0xc8,0x21,0x86,0x21,0x86,0x19,0x86,0x19,0x86,0x19,0x66,0x19,0x86,0x19,0x86,0x19,
    0x66,0x19,0x65,0x19,0xa7,0x19,0x49,0x42,0x29,0xc4,0xa8,0xb3,0x06,0x9b,0xc6,0x8a,0x45,0x72,0xc2,0x20,0x06,0x42,0x33,0xd6,0x33,0xd6,0x13,0xd6,0x13,0xd6,0x13,0xd6,
    0x13,0xd6,0x13,0xd6,0x13,0xd6,0x13,0xd6,0x13,0xd6,0x13,0xd6,0x13,0xd6,0x13,0xd6,0x13,0xd6,0x33,0xd6,0x33,0xd6,0x33,0xd6,0x33,0xd6,0x33,0xd6,0x33,0xd6,0x33,0xd6,
    0x13,0xd6,0x13,0xd6,0x13,0xd6,0x13,0xd6,0x13,0xd6,0x8c,0xc4,0x29,0xc4,0x90,0xcd,0x34,0xd6,0x33,0xd6,0x13,0xd6,0x13,0xd6,0x34,0xd6,0x91,0xcd,0x09,0xbc,0xed,0xc4,
    0x34,0xd6,0x33,0xd6,0x13,0xd6,0x13,0xd6,0x13,0xd6,0x13,0xd6,0x13,0xd6,0x13,0xd6,0x13,0xd6,0x13,0xd6,0x13,0xd6,0x13,0xd6,0x13,0xd6,0x13,0xd6,0x13,0xd6,0x33,0xd6,
    0x13,0xd6,0x13,0xd6,0x13,0xd6,0x13,0xd6,0x13,0xd6,0x13,0xd6,0x13,0xd6,0x13,0xd6,0x13,0xd6,0x13,0xd6,0x13,0xd6,0x13,0xd6,0x13,0xd6,0x13,0xd6,0x13,0xd6,0x13,0xd6,
    0x13,0xd6,0x33,0xd6,0x13,0xd6,0x13,0xd6,0x13,0xd6,0x13,0xd6,0x52,0xe6,0x71,0xee,0x70,0xf6,0x70,0xf6,0x90,0xf6,0x27,0x5b,0xe4,0x29,0x24,0x32,0x24,0x32,0x24,0x32,
    0x25,0x32,0x25,0x32,0x25,0x32,0x24,0x32,0x04,0x2a,0x4c,0xad,0x6f,0xde,0x2e,0xde,0x2e,0xd6,0x0e,0xde,0xaf,0xf6,0xaf,0xfe,0xaf,0xfe,0xaf,0xf6,0xaf,0xfe,0xaf,0xf6,
    0xaf,0xf6,0xaf,0xf6,0xaf,0xf6,0xaf,0xfe,0xaf,0xf6,0x6e,0xee,0x2b,0xb5,0x05,0x53,0x66,0x5b,0x46,0x5b,0x26,0x53,0x06,0x53,0x26,0x53,0x26,0x53,0xe6,0x4a,0x45,0x3a,
    0x63,0x21,0xc4,0x29,0x04,0x2a,0x25,0x32,0x45,0x3a,0xa5,0x42,0xa6,0x42,0x06,0x53,0xeb,0xac,0x90,0xfe,0x70,0xf6,0x70,0xf6,0x71,0xf6,0x71,0xf6,0x70,0xf6,0x71,0xf6,
    0x71,0xf6,0x71,0xf6,0x71,0xf6,0x71,0xf6,0x51,0xee,0x32,0xde,0x85,0x31,0xe3,0x20,0x65,0x72,0xe6,0x92,0x06,0x9b,0x49,0xc4,0x8a,0xcc,0xe8,0x31,0x87,0x19,0xc8,0x21,
    0x4b,0x2a,0x09,0x2a,0x24,0x19,0x24,0x19,0x24,0x19,0x24,0x19,0x66,0x19,0x0a,0x2a,0x46,0x19,0xa2,0x08,0x2a,0x8b,0x11,0xed,0xd0,0xdc,0x8b,0x9b,0x2a,0x8b,0x51,0xc5,
    0x10,0xb5,0x54,0xde,0x17,0xff,0xf6,0xf6,0xf6,0xf6,0xf6,0xf6,0x6e,0xa4,0x88,0x62,0xe6,0x51,0xe7,0x51,0x47,0x5a,0x88,0x62,0x71,0xc5,0x37,0xff,0xf6,0xf6,0xf6,0xf6,
    0xd5,0xf6,0xef,0xac,0xec,0x83,0x2a,0x83,0xcc,0xa3,0xf0,0xec,0x8f,0xdc,0x44,0x31,0x25,0x19,0x0a,0x22,0x8c,0x2a,0xe8,0x21,0x45,0x19,0x45,0x19,0x65,0x19,0xa6,0x21,
    0xa6,0x21,0x65,0x19,0x66,0x19,0xc7,0x21,0xc8,0x21,0x6b,0x2a,0x6b,0x2a,0x4b,0x2a,0x4b,0x2a,0x2a,0x2a,0xc7,0x21,0x2b,0x2a,0x4b,0x2a,0x6c,0x2a,0xc7,0x21,0x66,0x19,
    0x66,0x19,0x45,0x19,0x66,0x19,0x86,0x19,0x66,0x19,0xc8,0x21,0x2a,0x2a,0x2a,0x2a,0x0a,0x22,0x6a,0x4a,0x29,0xc4,0xa8,0xb3,0x06,0x9b,0xc6,0x8a,0x45,0x72,0xe2,0x20,
    0xe6,0x41,0x33,0xd6,0x13,0xd6,0x13,0xd6,0x13,0xd6,0x13,0xd6,0x13,0xd6,0x13,0xd6,0x13,0xd6,0x13,0xd6,0x13,0xd6,0x13,0xd6,0x13,0xd6,0x13,0xd6,0x13,0xd6,0x13,0xd6,
    0x13,0xd6,0x33,0xd6,0x33,0xd6,0x13,0xd6,0x13,0xd6,0x13,0xd6,0x13,0xd6,0x13,0xd6,0x13,0xd6,0x13,0xd6,0x13,0xd6,0xcd,0xc4,0x8b,0xc4,0x8b,0xc4,0xac,0xc4,0xf2,0xd5,
    0x33,0xd6,0x13,0xd6,0x33,0xd6,0xb1,0xcd,0x6c,0xbc,0xac,0xc4,0xed,0xcc,0xb1,0xcd,0x33,0xd6,0x13,0xd6,0x13,0xd6,0x13,0xd6,0x13,0xd6,0x13,0xd6,0x13,0xd6,0x13,0xd6,
    0x13,0xd6,0x13,0xd6,0x13,0xd6,0x13,0xd6,0x13,0xd6,0x13,0xd6,0x13,0xd6,0x13,0xd6,0x13,0xd6,0x13,0xd6,0x13,0xd6,0x13,0xd6,0x13,0xd6,0x13,0xd6,0x13,0xd6,0x13,0xd6,
    0x13,0xd6,0x13,0xd6,0x13,0xd6,0x13,0xd6,0x13,0xd6,0x13,0xd6,0x13,0xd6,0x33,0xd6,0x13,0xd6,0x13,0xd6,0x13,0xd6,0x13,0xd6,0x52,0xe6,0x71,0xf6,0x70,0xf6,0x70,0xf6,
    0xb0,0xfe,0x07,0x5b,0xe4,0x29,0xa5,0x42,0xc6,0x42,0xc6,0x42,0xc6,0x42,0xc6,0x42,0xc6,0x42,0xc6,0x42,0xa5,0x42,0xc6,0x42,0xe6,0x4a,0xc6,0x42,0x85,0x42,0xe6,0x52,
    0xaf,0xf6,0xf0,0xfe,0xaf,0xfe,0xaf,0xf6,0xaf,0xfe,0xaf,0xfe,0xaf,0xf6,0xaf,0xf6,0xaf,0xf6,0xaf,0xfe,0xcf,0xfe,0x28,0x8c,0x46,0x63,0x46,0x5b,0x26,0x53,0x06,0x53,
    0x26,0x53,0x46,0x5b,0x46,0x5b,0x26,0x53,0x04,0x2a,0xe4,0x29,0xc4,0x29,0x25,0x32,0xc6,0x42,0xc6,0x42,0xc6,0x42,0xa5,0x42,0x47,0x5b,0x6f,0xee,0x70,0xf6,0x70,0xf6,
    0x70,0xf6,0x70,0xf6,0x70,0xf6,0x70,0xf6,0x70,0xf6,0x70,0xf6,0x71,0xf6,0x71,0xf6,0x71,0xf6,0x71,0xf6,0x71,0xf6,0x71,0xee,0xa5,0x31,0xe3,0x20,0x65,0x72,0xe6,0x92,
    0x06,0x93,0x49,0xc4,0x6a,0xc4,0xc7,0x29,0x87,0x19,0xa7,0x21,0xc8,0x21,0xc8,0x21,0x24,0x19,0x04,0x19,0x04,0x19,0x24,0x19,0x86,0x19,0x2a,0x2a,0x24,0x19,0xc2,0x10,
    0x88,0x82,0x4e,0xe4,0xec,0xd3,0x67,0x72,0xab,0x83,0x34,0xe6,0xd5,0xf6,0xf6,0xf6,0xf6,0xf6,0x37,0xff,0xb5,0xee,0x50,0xc5,0x27,0x52,0xe6,0x51,0x07,0x52,0x07,0x52,
    0xe6,0x49,0xc6,0x49,0x4a,0x83,0xb1,0xd5,0x17,0xf7,0xf6,0xf6,0xf6,0xf6,0x37,0xff,0x74,0xe6,0x67,0x5a,0xeb,0xab,0x8e,0xec,0x4e,0xd4,0xc6,0x49,0x03,0x21,0x86,0x19,
    0x8c,0x32,0x6b,0x32,0x8b,0x32,0x07,0x2a,0xc6,0x21,0xa6,0x21,0xa6,0x21,0xc7,0x21,0xe7,0x29,0x4b,0x2a,0x8d,0x32,0xac,0x32,0x8c,0x32,0x6c,0x32,0x6b,0x2a,0x09,0x22,
    0xa7,0x21,0x2a,0x2a,0x6b,0x2a,0x6c,0x2a,0x6b,0x2a,0x6c,0x2a,0x66,0x19,0x45,0x19,0x66,0x19,0x45,0x19,0x45,0x19,0x66,0x19,0xa8,0x21,0x4b,0x2a,0x2b,0x22,0xe7,0x39,
    0x29,0xc4,0xa8,0xb3,0x06,0x9b,0xc6,0x8a,0x45,0x72,0xe2,0x20,0xe6,0x41,0x33,0xd6,0x13,0xd6,0x13,0xd6,0x13,0xd6,0x13,0xd6,0x13,0xd6,0x13,0xd6,0x13,0xd6,0x13,0xd6,
    0x13,0xd6,0x13,0xd6,0x13,0xd6,0x13,0xd6,0x13,0xd6,0x13,0xd6,0x13,0xd6,0x13,0xd6,0x13,0xd6,0x33,0xd6,0x13,0xd6,0x13,0xd6,0x13,0xd6,0x13,0xd6,0x13,0xd6,0x13,0xd6,
    0x13,0xd6,0x13,0xd6,0x13,0xd6,0x8b,0xc4,0x2a,0xbc,0xd2,0xd5,0x34,0xd6,0x33,0xd6,0x13,0xd6,0x13,0xd6,0x33,0xd6,0x90,0xcd,0x29,0xc4,0x70,0xcd,0x34,0xd6,0x13,0xd6,
    0x13,0xd6,0x13,0xd6,0x13,0xd6,0x13,0xd6,0x13,0xd6,0x13,0xd6,0x13,0xd6,0x13,0xd6,0x13,0xd6,0x13,0xd6,0x13,0xd6,0x13,0xd6,0x13,0xd6,0x13,0xd6,0x13,0xd6,0x13,0xd6,
    0x13,0xd6,0x13,0xd6,0x13,0xd6,0x13,0xd6,0x13,0xd6,0x13,0xd6,0x13,0xd6,0x13,0xd6,0x13,0xd6,0x13,0xd6,0x13,0xd6,0x13,0xd6,0x13,0xd6,0x13,0xd6,0x13,0xd6,0x13,0xd6,
    0x13,0xd6,0x13,0xd6,0x52,0xe6,0x71,0xf6,0x70,0xf6,0x70,0xf6,0xb0,0xfe,0xa8,0x73,0x85,0x42,0xc5,0x42,0xc6,0x4a,0xc6,0x4a,0x85,0x3a,0x65,0x3a,0x85,0x3a,0x65,0x3a,
    0x85,0x3a,0xa5,0x42,0xa5,0x42,0xa5,0x42,0xa5,0x42,0xc6,0x4a,0x6c,0xb5,0xad,0xc5,0x4e,0xe6,0xb0,0xfe,0xaf,0xfe,0xaf,0xfe,0xaf,0xfe,0xaf,0xfe,0xaf,0xfe,0xaf,0xfe,
    0xaf,0xf6,0x28,0x84,0x85,0x6b,0x86,0x6b,0x46,0x5b,0x06,0x53,0x46,0x5b,0xa6,0x63,0x26,0x5b,0xc5,0x4a,0xe4,0x29,0x04,0x2a,0x45,0x32,0x85,0x3a,0xc6,0x42,0xc6,0x42,
    0xa6,0x42,0xc5,0x42,0x88,0x63,0x90,0xf6,0x90,0xf6,0x70,0xf6,0x70,0xf6,0x70,0xf6,0x70,0xf6,0x70,0xf6,0x70,0xf6,0x70,0xf6,0x70,0xf6,0x70,0xf6,0x70,0xf6,0x70,0xf6,
    0x71,0xf6,0x71,0xee,0xa5,0x31,0xe2,0x20,0x65,0x72,0xe6,0x8a,0xe6,0x92,0x29,0xc4,0x6a,0xc4,0xa7,0x29,0x87,0x19,0x87,0x19,0x24,0x19,0x24,0x19,0x24,0x19,0x24,0x19,
    0x24,0x19,0x44,0x19,0xa5,0x21,0x84,0x19,0x04,0x19,0x24,0x29,0x06,0x5a,0x47,0x6a,0xcb,0xb3,0x70,0xd5,0x75,0xe6,0xd6,0xf6,0xd6,0xf6,0xf6,0xf6,0xd6,0xee,0xf0,0xb4,
    0x6f,0x9c,0xe6,0x51,0x07,0x52,0x07,0x52,0x07,0x52,0xe7,0x51,0x07,0x52,0xe7,0x49,0xe6,0x49,0xc9,0x6a,0x51,0xc5,0x95,0xee,0xf6,0xf6,0xf6,0xf6,0xb5,0xf6,0x53,0xe6,
    0xce,0xbc,0x27,0x72,0x68,0x72,0x03,0x21,0x45,0x19,0xa8,0x21,0xe9,0x21,0x4a,0x32,0x89,0x32,0x27,0x2a,0xa6,0x21,0x65,0x19,0x86,0x19,0xa6,0x21,0xc7,0x21,0x28,0x2a,
    0x4a,0x2a,0x6b,0x2a,0x2a,0x2a,0x4b,0x2a,0xe9,0x21,0xc8,0x21,0xc8,0x21,0xc8,0x21,0x4b,0x2a,0x6c,0x32,0x8c,0x32,0x8c,0x2a,0x08,0x2a,0xa7,0x21,0x86,0x19,0x65,0x19,
    0x45,0x19,0x66,0x19,0x66,0x19,0xa7,0x19,0xa8,0x19,0x07,0x3a,0x29,0xc4,0xa8,0xb3,0x06,0x9b,0xc6,0x8a,0x45,0x72,0xe2,0x20,0x06,0x42,0x33,0xd6,0x13,0xd6,0x33,0xd6,
    0x13,0xd6,0x13,0xd6,0x13,0xd6,0x13,0xd6,0x13,0xd6,0x13,0xd6,0x13,0xd6,0x13,0xd6,0x13,0xd6,0x13,0xd6,0x13,0xd6,0x13,0xd6,0x13,0xd6,0x13,0xd6,0x13,0xd6,0x13,0xd6,
    0x13,0xd6,0x13,0xd6,0x13,0xd6,0x13,0xd6,0x13,0xd6,0x13,0xd6,0x13,0xd6,0x13,0xd6,0xd2,0xcd,0x6b,0xc4,0x4a,0xc4,0xcc,0xc4,0x2f,0xcd,0x13,0xd6,0x33,0xd6,0x33,0xd6,
    0x34,0xd6,0x70,0xcd,0x29,0xc4,0x70,0xcd,0x34,0xd6,0x13,0xd6,0x13,0xd6,0x13,0xd6,0x13,0xd6,0x13,0xd6,0x13,0xd6,0x13,0xd6,0x13,0xd6,0x13,0xd6,0x13,0xd6,0x13,0xd6,
    0x13,0xd6,0x13,0xd6,0x13,0xd6,0x13,0xd6,0x13,0xd6,0x13,0xd6,0x13,0xd6,0x13,0xd6,0x13,0xd6,0x13,0xd6,0x13,0xd6,0x13,0xd6,0x13,0xd6,0x13,0xd6,0x13,0xd6,0x13,0xd6,
    0x13,0xd6,0x13,0xd6,0x13,0xd6,0x13,0xd6,0x13,0xd6,0x13,0xd6,0x13,0xd6,0x13,0xd6,0x52,0xe6,0x71,0xf6,0x70,0xf6,0x90,0xf6,0x90,0xf6,0x90,0xf6,0x2f,0xde,0xc6,0x4a,
    0xc5,0x42,0xe6,0x4a,0x65,0x3a,0xe4,0x29,0xc4,0x29,0xc4,0x29,0xc4,0x29,0x85,0x3a,0xc6,0x42,0xa5,0x42,0xa5,0x42,0xa5,0x42,0x85,0x3a,0x85,0x3a,0x2c,0xad,0x10,0xff,
    0xcf,0xfe,0xaf,0xf6,0xaf,0xfe,0xaf,0xfe,0xaf,0xfe,0xcf,0xfe,0x10,0xff,0x07,0x7c,0x85,0x6b,0xc6,0x73,0x86,0x63,0x26,0x53,0x86,0x63,0xc6,0x6b,0x24,0x3a,0xa4,0x21,
    0xc4,0x29,0x24,0x32,0xe6,0x4a,0xc6,0x4a,0xc6,0x4a,0xc6,0x42,0xc6,0x42,0x06,0x53,0xc7,0x73,0x90,0xf6,0x90,0xf6,0x90,0xf6,0x70,0xf6,0x70,0xf6,0x70,0xf6,0x70,0xf6,
    0x70,0xf6,0x70,0xf6,0x70,0xf6,0x70,0xf6,0x70,0xf6,0x70,0xf6,0x70,0xf6,0x71,0xee,0xa5,0x31,0xe2,0x20,0x65,0x72,0xe6,0x8a,0xe6,0x92,0x29,0xc4,0x8a,0xcc,0xc7,0x29,
    0x87,0x19,0x87,0x21,0x65,0x19,0x24,0x19,0x24,0x19,0x24,0x19,0x44,0x19,0x44,0x19,0x84,0x21,0x84,0x19,0xe3,0x10,0x04,0x21,0x27,0x5a,0x47,0x5a,0x8b,0x83,0x33,0xe6,
    0xf6,0xf6,0xf6,0xf6,0xf6,0xf6,0x16,0xff,0xd3,0xd5,0xcc,0x8b,0xcd,0x8b,0xe6,0x49,0xe7,0x49,0x07,0x52,0x07,0x52,0x07,0x52,0x07,0x52,0xe7,0x49,0xe6,0x51,0xe9,0x72,
    0x6e,0xa4,0x31,0xbd,0xf6,0xf6,0xf6,0xf6,0xf6,0xf6,0xf6,0xfe,0x91,0xcd,0x88,0x72,0x27,0x6a,0xe3,0x18,0x46,0x19,0xc8,0x21,0xe8,0x21,0xe7,0x21,0x07,0x2a,0x07,0x2a,
    0xc6,0x21,0x65,0x19,0x45,0x19,0x86,0x19,0xa6,0x21,0x28,0x2a,0x28,0x2a,0x49,0x2a,0x09,0x2a,0x2a,0x2a,0x09,0x2a,0xe8,0x21,0xc8,0x21,0x2a,0x2a,0x6b,0x2a,0x8c,0x32,
    0x6b,0x2a,0x29,0x2a,0x28,0x2a,0xa7,0x21,0x65,0x19,0x45,0x19,0x25,0x19,0x66,0x19,0x86,0x19,0x66,0x19,0x87,0x19,0x27,0x42,0x29,0xc4,0xa8,0xb3,0x06,0x9b,0xc6,0x8a,
    0x45,0x72,0xe2,0x20,0xe6,0x41,0x33,0xd6,0x33,0xd6,0x13,0xd6,0x13,0xd6,0x13,0xd6,0x13,0xd6,0x13,0xd6,0x13,0xd6,0x13,0xd6,0x13,0xd6,0x13,0xd6,0x33,0xd6,0x13,0xd6,
    0x13,0xd6,0x33,0xd6,0x13,0xd6,0x13,0xd6,0x13,0xd6,0x13,0xd6,0x13,0xd6,0x13,0xd6,0x13,0xd6,0x13,0xd6,0x13,0xd6,0x13,0xd6,0x13,0xd6,0x13,0xd6,0x91,0xcd,0x8c,0xc4,
    0x8b,0xc4,0x2a,0xbc,0xac,0xc4,0x13,0xd6,0x13,0xd6,0x13,0xd6,0xb1,0xcd,0x4f,0xcd,0x6b,0xc4,0x90,0xcd,0x34,0xd6,0x13,0xd6,0x13,0xd6,0x13,0xd6,0x13,0xd6,0x13,0xd6,
    0x13,0xd6,0x13,0xd6,0x13,0xd6,0x13,0xd6,0x13,0xd6,0x13,0xd6,0x13,0xd6,0x13,0xd6,0x13,0xd6,0x13,0xd6,0x13,0xd6,0x13,0xd6,0x13,0xd6,0x13,0xd6,0x13,0xd6,0x13,0xd6,
    0x13,0xd6,0x13,0xd6,0x13,0xd6,0x13,0xd6,0x13,0xd6,0x13,0xd6,0x13,0xd6,0x33,0xd6,0x13,0xd6,0x13,0xd6,0x13,0xd6,0x13,0xd6,0x13,0xd6,0x32,0xde,0x71,0xee,0x71,0xf6,
    0x70,0xf6,0x90,0xf6,0x90,0xfe,0x90,0xfe,0x90,0xf6,0x2e,0xd6,0x8a,0x8c,0x85,0x3a,0xc6,0x4a,0xc6,0x42,0xa6,0x42,0x25,0x32,0xc4,0x29,0x04,0x32,0x24,0x32,0x85,0x42,
    0xa5,0x42,0xa5,0x42,0xc5,0x42,0x85,0x42,0x67,0x63,0xe7,0x73,0xcd,0xcd,0xd0,0xfe,0xaf,0xfe,0xaf,0xfe,0xf0,0xfe,0x4b,0xb5,0x08,0x84,0xc6,0x73,0xa6,0x6b,0x86,0x63,
    0x86,0x63,0x86,0x63,0xc5,0x4a,0x65,0x3a,0x04,0x32,0xe4,0x29,0x65,0x3a,0x85,0x42,0xc6,0x4a,0xc6,0x42,0xc6,0x42,0xc6,0x42,0xa5,0x42,0x0b,0xa5,0x0e,0xde,0x90,0xf6,
    0x90,0xf6,0x90,0xf6,0x90,0xf6,0x70,0xf6,0x90,0xf6,0x90,0xf6,0x70,0xf6,0x70,0xf6,0x70,0xf6,0x70,0xf6,0x70,0xf6,0x70,0xf6,0x70,0xf6,0x70,0xee,0xa5,0x31,0xe2,0x20,
    0x65,0x72,0xe6,0x92,0xe6,0x92,0x29,0xc4,0x8a,0xcc,0xe8,0x31,0xa8,0x21,0x45,0x19,0x24,0x19,0x24,0x19,0x24,0x19,0x24,0x19,0x24,0x19,0x44,0x19,0x64,0x19,0xa5,0x21,
    0x64,0x19,0x61,0x08,0xe9,0x72,0x0f,0xc5,0xd6,0xf6,0xf6,0xf6,0xf6,0xf6,0x57,0xff,0x34,0xde,0x8b,0x8b,0xe9,0x72,0x88,0x62,0x88,0x62,0xe6,0x49,0xc6,0x41,0xe6,0x49,
    0x07,0x52,0x07,0x52,0x07,0x52,0xe7,0x49,0x07,0x52,0x47,0x62,0xc9,0x6a,0x27,0x5a,0x6a,0x8b,0x50,0xc5,0x57,0xff,0xf6,0xf6,0x37,0xff,0x71,0xc5,0x67,0x6a,0x61,0x08,
    0x66,0x19,0x29,0x2a,0x48,0x32,0xe7,0x29,0xa6,0x19,0xc6,0x21,0x86,0x19,0x65,0x19,0x45,0x19,0x65,0x19,0x86,0x21,0xa6,0x21,0x07,0x2a,0x08,0x2a,0x08,0x2a,0x09,0x2a,
    0x09,0x2a,0xc8,0x21,0xa7,0x21,0xa7,0x21,0xa7,0x21,0x8c,0x32,0x09,0x22,0x66,0x19,0x45,0x19,0x65,0x19,0x24,0x19,0x24,0x19,0x25,0x19,0x45,0x19,0x86,0x19,0x86,0x19,
    0x67,0x19,0xe6,0x41,0x29,0xc4,0xc8,0xb3,0x06,0x9b,0xc6,0x8a,0x45,0x7a,0xe2,0x20,0xe6,0x41,0x33,0xd6,0x13,0xd6,0x13,0xd6,0x13,0xd6,0x13,0xd6,0x13,0xd6,0x13,0xd6,
    0x13,0xd6,0x13,0xd6,0x13,0xd6,0x13,0xd6,0x33,0xd6,0x13,0xd6,0x13,0xd6,0x13,0xd6,0x13,0xd6,0x13,0xd6,0x13,0xd6,0x13,0xd6,0x13,0xd6,0x13,0xd6,0x13,0xd6,0x13,0xd6,
    0x13,0xd6,0x13,0xd6,0x13,0xd6,0x13,0xd6,0x13,0xd6,0x13,0xd6,0xf2,0xd5,0x2a,0xbc,0xac,0xc4,0x13,0xd6,0x34,0xd6,0xd2,0xd5,0x4a,0xc4,0xed,0xc4,0x33,0xd6,0x33,0xd6,
    0x33,0xd6,0x13,0xd6,0x13,0xd6,0x13,0xd6,0x13,0xd6,0x13,0xd6,0x13,0xd6,0x13,0xd6,0x13,0xd6,0x13,0xd6,0x13,0xd6,0x13,0xd6,0x13,0xd6,0x13,0xd6,0x13,0xd6,0x13,0xd6,
    0x13,0xd6,0x13,0xd6,0x13,0xd6,0x13,0xd6,0x13,0xd6,0x13,0xd6,0x13,0xd6,0x13,0xd6,0x13,0xd6,0x13,0xd6,0x13,0xd6,0x33,0xd6,0x13,0xd6,0x13,0xd6,0x13,0xd6,0x13,0xd6,
    0x13,0xd6,0x13,0xd6,0x13,0xd6,0x32,0xe6,0x71,0xee,0x70,0xf6,0x90,0xf6,0x90,0xf6,0x90,0xfe,0x90,0xfe,0x90,0xfe,0xf0,0xfe,0x2c,0xad,0xa5,0x42,0xe6,0x4a,0xe6,0x4a,
    0xe6,0x4a,0x45,0x32,0xc4,0x29,0xa4,0x29,0x84,0x21,0x04,0x32,0x45,0x3a,0xa5,0x42,0xa5,0x42,0xa5,0x42,0xe5,0x52,0x05,0x53,0x8c,0xbd,0xd0,0xf6,0xaf,0xfe,0xaf,0xfe,
    0xf0,0xfe,0xca,0x9c,0xe5,0x4a,0x66,0x63,0x86,0x63,0x46,0x5b,0x86,0x63,0x07,0x74,0x44,0x3a,0x23,0x19,0xc4,0x29,0x24,0x32,0xc6,0x42,0xc6,0x4a,0xc6,0x42,0xc6,0x42,
    0xc6,0x42,0xc5,0x4a,0xa5,0x42,0xee,0xcd,0xd1,0xfe,0x90,0xfe,0x90,0xf6,0x90,0xf6,0x90,0xfe,0x90,0xf6,0x90,0xf6,0x90,0xf6,0x90,0xf6,0x70,0xf6,0x70,0xf6,0x70,0xf6,
    0x70,0xf6,0x70,0xf6,0x70,0xf6,0x70,0xf6,0xa5,0x31,0xe3,0x20,0x65,0x72,0xe6,0x92,0xe6,0x92,0x49,0xc4,0xaa,0xcc,0x85,0x29,0x45,0x19,0x24,0x19,0x24,0x19,0x24,0x19,
    0x24,0x19,0x24,0x19,0x24,0x19,0x24,0x19,0x24,0x19,0x64,0x19,0xe6,0x39,0x4d,0x9c,0x91,0xc5,0x74,0xee,0xd6,0xf6,0x16,0xff,0xf3,0xd5,0xd0,0xb4,0x0d,0x9c,0x65,0x31,
    0x66,0x29,0xc3,0x18,0x03,0x21,0xc6,0x49,0xc6,0x49,0xe6,0x49,0xe7,0x51,0xe6,0x51,0x07,0x52,0x07,0x52,0x07,0x52,0x85,0x39,0xe3,0x20,0x04,0x21,0xc7,0x39,0xe9,0x6a,
    0xcf,0xac,0xb5,0xee,0x16,0xff,0x54,0xe6,0x71,0xc5,0x2c,0x9c,0x27,0x42,0x86,0x19,0x48,0x32,0xe7,0x29,0x65,0x19,0x65,0x19,0x65,0x19,0x45,0x19,0x45,0x19,0x45,0x19,
    0x65,0x19,0x65,0x19,0xa6,0x21,0xa6,0x21,0xe7,0x21,0xc8,0x21,0xc8,0x21,0xc8,0x21,0xc8,0x21,0xc8,0x21,0xe8,0x21,0x29,0x2a,0xe8,0x21,0xa6,0x21,0xa6,0x21,0x45,0x19,
    0x04,0x19,0x24,0x19,0x24,0x19,0x24,0x19,0x65,0x19,0x87,0x19,0x45,0x11,0xe6,0x39,0x29,0xc4,0xa8,0xb3,0x06,0x9b,0xc6,0x8a,0x65,0x7a,0xe2,0x20,0x06,0x42,0x33,0xd6,
    0x13,0xd6,0x13,0xd6,0x13,0xd6,0x13,0xd6,0x13,0xd6,0x13,0xd6,0x13,0xd6,0x13,0xd6,0x13,0xd6,0x13,0xd6,0x13,0xd6,0x13,0xd6,0x13,0xd6,0x13,0xd6,0x13,0xd6,0x13,0xd6,
    0x13,0xd6,0x13,0xd6,0x13,0xd6,0x13,0xd6,0x13,0xd6,0x13,0xd6,0x13,0xd6,0x13,0xd6,0x13,0xd6,0x13,0xd6,0x13,0xd6,0x34,0xd6,0xd2,0xd5,0x2a,0xbc,0xac,0xc4,0x33,0xd6,
    0x33,0xd6,0xb1,0xcd,0x2a,0xbc,0xcd,0xc4,0x34,0xd6,0x33,0xd6,0x33,0xd6,0x13,0xd6,0x13,0xd6,0x13,0xd6,0x13,0xd6,0x13,0xd6,0x13,0xd6,0x13,0xd6,0x13,0xd6,0x13,0xd6,
    0x13,0xd6,0x13,0xd6,0x13,0xd6,0x13,0xd6,0x13,0xd6,0x13,0xd6,0x13,0xd6,0x13,0xd6,0x13,0xd6,0x13,0xd6,0x13,0xd6,0x13,0xd6,0x13,0xd6,0x13,0xd6,0x13,0xd6,0x13,0xd6,
    0x13,0xd6,0x13,0xd6,0x13,0xd6,0x13,0xd6,0x13,0xd6,0x13,0xd6,0x13,0xd6,0x13,0xd6,0x33,0xd6,0x51,0xee,0x71,0xee,0x70,0xf6,0x90,0xf6,0x90,0xf6,0x90,0xf6,0x90,0xf6,
    0x90,0xf6,0xb0,0xfe,0x8f,0xee,0x6e,0xde,0xa8,0x63,0xc6,0x42,0xe6,0x4a,0xa6,0x42,0x85,0x3a,0xa4,0x29,0x63,0x21,0x43,0x19,0x84,0x21,0xa5,0x42,0xc6,0x4a,0xc5,0x42,
    0xa5,0x42,0xa5,0x42,0xe5,0x52,0xeb,0xa4,0xf0,0xfe,0xaf,0xfe,0xef,0xfe,0xea,0xa4,0x25,0x5b,0x46,0x5b,0x46,0x5b,0x66,0x5b,0x46,0x5b,0x66,0x63,0x44,0x3a,0x83,0x21,
    0x24,0x32,0x85,0x3a,0xc6,0x42,0xc6,0x42,0xc6,0x42,0xc6,0x4a,0xc5,0x42,0x86,0x6b,0xe6,0x83,0x0e,0xde,0xb0,0xfe,0x90,0xf6,0x90,0xf6,0x90,0xf6,0x90,0xf6,0x90,0xf6,
    0x90,0xf6,0x90,0xf6,0x90,0xf6,0x70,0xf6,0x70,0xf6,0x90,0xf6,0x90,0xf6,0x70,0xf6,0x70,0xf6,0x70,0xf6,0xa5,0x31,0xe3,0x20,0x65,0x72,0xe6,0x92,0xe6,0x92,0x49,0xc4,
    0xaa,0xd4,0x85,0x29,0x24,0x11,0x24,0x19,0x24,0x19,0x24,0x19,0x24,0x19,0x24,0x19,0x24,0x19,0x23,0x19,0x24,0x19,0xe3,0x10,0xc5,0x41,0x12,0xee,0xb5,0xf6,0x16,0xf7,
    0xf6,0xf6,0xf6,0xf6,0x8e,0xac,0xc5,0x51,0xa5,0x41,0x2a,0x2a,0xcd,0x2a,0x24,0x21,0x4e,0x53,0x66,0x21,0x85,0x39,0xa6,0x41,0x07,0x52,0xa9,0x62,0x27,0x52,0xe7,0x51,
    0x85,0x39,0x4a,0x32,0x86,0x29,0x69,0x42,0x10,0x33,0x86,0x29,0x06,0x5a,0xd2,0xd5,0x74,0xe6,0xf6,0xf6,0xf6,0xf6,0x93,0xf6,0xa8,0x5a,0x24,0x11,0x65,0x19,0x24,0x19,
    0x24,0x19,0x85,0x19,0x86,0x19,0x45,0x19,0x45,0x19,0x65,0x19,0x44,0x19,0x24,0x19,0x24,0x19,0x24,0x19,0xc7,0x21,0xe8,0x21,0xe8,0x21,0xe8,0x21,0xc8,0x21,0xe8,0x21,
    0x28,0x2a,0x28,0x2a,0x28,0x2a,0xe7,0x21,0xc6,0x21,0x24,0x19,0x04,0x19,0x04,0x19,0x24,0x19,0x45,0x19,0x65,0x19,0x86,0x19,0x66,0x11,0x27,0x42,0x29,0xcc,0xa8,0xb3,
    0x06,0x9b,0xe6,0x92,0x85,0x7a,0xe2,0x20,0x06,0x42,0x33,0xd6,0x13,0xd6,0x13,0xd6,0x13,0xd6,0x13,0xd6,0x13,0xd6,0x13,0xd6,0x13,0xd6,0x13,0xd6,0x13,0xd6,0x13,0xd6,
    0x13,0xd6,0x13,0xd6,0x13,0xd6,0x13,0xd6,0x13,0xd6,0x13,0xd6,0x13,0xd6,0x13,0xd6,0x13,0xd6,0x13,0xd6,0x13,0xd6,0x13,0xd6,0x13,0xd6,0x33,0xd6,0x13,0xd6,0x13,0xd6,
    0x13,0xd6,0x34,0xd6,0xd2,0xcd,0x6b,0xbc,0x0e,0xc5,0x33,0xd6,0x34,0xd6,0xd2,0xcd,0x6b,0xbc,0x0e,0xc5,0x34,0xd6,0x33,0xd6,0x13,0xd6,0x13,0xd6,0x13,0xd6,0x13,0xd6,
    0x13,0xd6,0x13,0xd6,0x13,0xd6,0x13,0xd6,0x13,0xd6,0x13,0xd6,0x13,0xd6,0x13,0xd6,0x13,0xd6,0x13,0xd6,0x13,0xd6,0x13,0xd6,0x13,0xd6,0x13,0xd6,0x13,0xd6,0x13,0xd6,
    0x13,0xd6,0x13,0xd6,0x13,0xd6,0x13,0xd6,0x13,0xd6,0x13,0xd6,0x13,0xd6,0x13,0xd6,0x13,0xd6,0x13,0xd6,0x13,0xd6,0x13,0xd6,0x13,0xd6,0x13,0xd6,0x33,0xd6,0x51,0xe6,
    0x71,0xee,0x70,0xf6,0x90,0xf6,0x90,0xf6,0x90,0xf6,0x90,0xf6,0x90,0xf6,0x90,0xf6,0xb0,0xfe,0xf0,0xfe,0x67,0x63,0x85,0x3a,0xc6,0x42,0xc6,0x4a,0xc6,0x42,0x24,0x32,
    0xe4,0x29,0x63,0x21,0x63,0x21,0x24,0x32,0x26,0x53,0xa5,0x42,0xa5,0x42,0x85,0x42,0xa4,0x42,0xea,0xa4,0x10,0xff,0xcf,0xfe,0x0f,0xff,0x2a,0xb5,0x85,0x7b,0x66,0x63,
    0x46,0x5b,0x86,0x63,0xe5,0x4a,0x24,0x32,0x04,0x2a,0xc4,0x29,0x65,0x3a,0xc6,0x42,0xc6,0x42,0xa6,0x42,0xa6,0x42,0xe5,0x52,0xe4,0x5a,0x0a,0xad,0xf0,0xfe,0xb0,0xfe,
    0xb0,0xfe,0xb0,0xfe,0xb0,0xfe,0xb0,0xf6,0x90,0xf6,0x90,0xf6,0x90,0xf6,0x90,0xf6,0x90,0xf6,0x90,0xf6,0x90,0xf6,0x90,0xf6,0x90,0xf6,0x90,0xf6,0x90,0xf6,0x70,0xf6,
    0xa5,0x31,0xe2,0x20,0x65,0x7a,0x06,0x93,0x06,0x93,0x29,0xc4,0x8a,0xcc,0x85,0x29,0x24,0x19,0x24,0x19,0x24,0x19,0x24,0x19,0x24,0x19,0x44,0x19,0x24,0x19,0x23,0x19,
    0x03,0x11,0x82,0x08,0x2a,0x73,0x53,0xe6,0xb5,0xee,0x16,0xff,0x94,0xee,0x2c,0xa4,0x47,0x62,0xc6,0x49,0xa7,0x21,0x99,0x6d,0x4f,0x3b,0xc2,0x18,0xee,0x42,0xef,0x2a,
    0x24,0x21,0x65,0x39,0x6b,0x7b,0x39,0xef,0xea,0x6a,0xa5,0x49,0x6b,0x3a,0xf4,0x43,0x86,0x29,0x86,0x29,0xb7,0x5c,0x4e,0x4b,0x64,0x39,0x67,0x62,0xc8,0x72,0xd2,0xdd,
    0x17,0xf7,0xae,0xb4,0x03,0x21,0xa2,0x08,0x65,0x19,0x45,0x19,0x65,0x19,0x86,0x19,0x86,0x19,0x65,0x19,0x65,0x19,0x65,0x19,0x65,0x19,0x45,0x19,0x85,0x19,0xc7,0x21,
    0xe8,0x29,0xe8,0x21,0xe8,0x29,0x08,0x2a,0x08,0x22,0xe8,0x21,0x28,0x2a,0x28,0x2a,0x08,0x2a,0xa6,0x21,0x24,0x19,0x04,0x11,0x24,0x19,0x24,0x19,0x24,0x19,0x25,0x19,
    0x86,0x19,0xa7,0x21,0x46,0x11,0xc6,0x39,0x29,0xc4,0xa8,0xb3,0x06,0x9b,0xe6,0x92,0x85,0x7a,0xe2,0x20,0xe6,0x41,0x33,0xd6,0x13,0xd6,0x13,0xd6,0x13,0xd6,0x13,0xd6,
    0x13,0xd6,0x13,0xd6,0x13,0xd6,0x13,0xd6,0x13,0xd6,0x13,0xd6,0x13,0xd6,0x13,0xd6,0x13,0xd6,0x13,0xd6,0x13,0xd6,0x13,0xd6,0x13,0xd6,0x13,0xd6,0x13,0xd6,0x13,0xd6,
    0x13,0xd6,0x13,0xd6,0x33,0xd6,0x13,0xd6,0x13,0xd6,0x13,0xd6,0x13,0xd6,0x13,0xd6,0x13,0xd6,0x13,0xd6,0x13,0xd6,0x13,0xd6,0x13,0xd6,0x13,0xd6,0x13,0xd6,0x13,0xd6,
    0x33,0xd6,0x33,0xd6,0x33,0xd6,0x13,0xd6,0x13,0xd6,0x13,0xd6,0x13,0xd6,0x13,0xd6,0x13,0xd6,0x13,0xd6,0x13,0xd6,0x13,0xd6,0x13,0xd6,0x13,0xd6,0x13,0xd6,0x13,0xd6,
    0x13,0xd6,0x13,0xd6,0x13,0xd6,0x13,0xd6,0x13,0xd6,0x13,0xd6,0x13,0xd6,0x13,0xd6,0x13,0xd6,0x13,0xd6,0x13,0xd6,0x13,0xd6,0x13,0xd6,0x13,0xd6,0x13,0xd6,0x13,0xd6,
    0x13,0xd6,0x13,0xd6,0x33,0xd6,0x33,0xde,0x52,0xde,0x51,0xe6,0x71,0xee,0x70,0xf6,0x90,0xf6,0x90,0xf6,0x90,0xfe,0xb0,0xfe,0xb0,0xfe,0xb0,0xfe,0xb0,0xfe,0xd0,0xfe,
    0xcb,0x9c,0x87,0x63,0xc6,0x42,0xc6,0x42,0xc6,0x42,0x65,0x3a,0x45,0x32,0xc4,0x29,0xa4,0x21,0xc4,0x29,0x85,0x42,0x46,0x5b,0xe5,0x4a,0xa5,0x42,0xa5,0x42,0x89,0x94,
    0x0c,0xde,0x6d,0xee,0x10,0xff,0x4a,0xbd,0x05,0x8c,0xc6,0x73,0x66,0x63,0x46,0x5b,0x65,0x3a,0xe4,0x29,0x24,0x32,0x24,0x32,0xc5,0x4a,0x26,0x53,0xc6,0x42,0xc6,0x4a,
    0xe5,0x4a,0xc7,0x73,0x88,0x9c,0xac,0xcd,0xd0,0xfe,0xb0,0xfe,0xb0,0xfe,0xb0,0xfe,0xb0,0xfe,0xb0,0xfe,0x90,0xf6,0x90,0xf6,0x90,0xf6,0x90,0xf6,0x90,0xf6,0x90,0xf6,
    0x90,0xf6,0x90,0xf6,0x90,0xf6,0x90,0xf6,0x90,0xf6,0x70,0xf6,0xa5,0x31,0xe2,0x20,0x65,0x72,0x06,0x93,0x06,0x93,0x29,0xc4,0x8a,0xcc,0x64,0x29,0x04,0x11,0x44,0x19,
    0x24,0x19,0x44,0x19,0x44,0x19,0x44,0x19,0x24,0x19,0x03,0x19,0x64,0x29,0xab,0x83,0x53,0xe6,0x34,0xde,0x54,0xe6,0x53,0xe6,0xef,0xbc,0x09,0x7b,0x27,0x5a,0x06,0x5a,
    0xa6,0x31,0x37,0x6d,0x90,0x4b,0x82,0x08,0x0e,0x3b,0xd6,0x5c,0x44,0x21,0xc6,0x49,0x90,0x9c,0x9b,0xff,0xea,0x6a,0x64,0x39,0xac,0x32,0x38,0x65,0x66,0x19,0x67,0x19,
    0x78,0x6d,0x6e,0x53,0xa5,0x49,0x47,0x62,0x6a,0x8b,0x50,0xcd,0xd6,0xf6,0x54,0xde,0x8b,0x7b,0x47,0x4a,0xc7,0x21,0xe7,0x21,0x86,0x19,0x86,0x19,0x65,0x19,0x65,0x19,
    0x65,0x19,0x65,0x19,0x65,0x19,0x86,0x19,0xe7,0x21,0xe8,0x29,0xe8,0x21,0xe8,0x29,0xe8,0x29,0x08,0x2a,0xe8,0x21,0xc8,0x21,0xe8,0x21,0x08,0x2a,0xe8,0x21,0x45,0x19,
    0x04,0x11,0x24,0x19,0x45,0x19,0x24,0x19,0x24,0x19,0x25,0x19,0x25,0x19,0x24,0x19,0x25,0x11,0xc6,0x39,0x29,0xc4,0xa8,0xb3,0x06,0x9b,0xe6,0x92,0x85,0x7a,0xe2,0x20,
    0x06,0x42,0x33,0xd6,0x13,0xd6,0x13,0xd6,0x13,0xd6,0x13,0xd6,0x13,0xd6,0x13,0xd6,0x13,0xd6,0x13,0xd6,0x13,0xd6,0x13,0xd6,0x13,0xd6,0x13,0xd6,0x13,0xd6,0x13,0xd6,
    0x13,0xd6,0x13,0xd6,0x13,0xd6,0x13,0xd6,0x13,0xd6,0x13,0xd6,0x33,0xd6,0x54,0xde,0x54,0xde,0x54,0xde,0x54,0xde,0x54,0xde,0x54,0xde,0x54,0xde,0x54,0xde,0x54,0xde,
    0x54,0xde,0x54,0xde,0x54,0xde,0x54,0xde,0x54,0xde,0x54,0xde,0x54,0xde,0x54,0xde,0x54,0xde,0x54,0xde,0x34,0xd6,0x34,0xd6,0x13,0xd6,0x13,0xd6,0x13,0xd6,0x13,0xd6,
    0x13,0xd6,0x13,0xd6,0x13,0xd6,0x13,0xd6,0x13,0xd6,0x13,0xd6,0x13,0xd6,0x13,0xd6,0x13,0xd6,0x13,0xd6,0x13,0xd6,0x13,0xd6,0x14,0xd6,0x14,0xd6,0x14,0xd6,0x14,0xd6,
    0x13,0xd6,0x13,0xd6,0x13,0xd6,0x13,0xd6,0x13,0xd6,0x13,0xd6,0x13,0xd6,0x13,0xd6,0x33,0xd6,0x33,0xde,0x52,0xe6,0x51,0xe6,0x71,0xee,0x70,0xf6,0x90,0xf6,0x90,0xfe,
    0xb0,0xfe,0xb0,0xfe,0xb0,0xfe,0xb0,0xfe,0xb0,0xfe,0xaf,0xfe,0x30,0xff,0x2b,0xad,0x65,0x3a,0xc6,0x42,0xc6,0x42,0xc6,0x42,0xc6,0x42,0x45,0x32,0x04,0x2a,0x63,0x19,
    0xc3,0x31,0x46,0x8c,0x46,0x5b,0xc6,0x42,0xa5,0x3a,0x85,0x73,0x03,0x9c,0x8a,0xcd,0x30,0xff,0x69,0xc5,0x05,0x94,0x26,0x94,0xc6,0x73,0x26,0x53,0x65,0x3a,0x83,0x21,
    0x45,0x3a,0xa5,0x42,0x26,0x53,0x66,0x5b,0x85,0x3a,0xe5,0x4a,0x45,0x63,0xea,0xa4,0x10,0xff,0xd0,0xfe,0xb0,0xfe,0xb0,0xfe,0xb0,0xfe,0xb0,0xfe,0xb0,0xfe,0xb0,0xf6,
    0x90,0xf6,0x90,0xf6,0x90,0xf6,0x90,0xf6,0x90,0xf6,0x90,0xf6,0x90,0xf6,0x90,0xf6,0x90,0xf6,0x90,0xf6,0x90,0xfe,0x90,0xf6,0xa5,0x31,0xe2,0x20,0x65,0x72,0xe6,0x92,
    0x06,0x93,0x29,0xc4,0xaa,0xcc,0x64,0x29,0x24,0x19,0x44,0x19,0x44,0x19,0x64,0x19,0x64,0x19,0x64,0x19,0x24,0x19,0xe3,0x10,0xe6,0x41,0x70,0xcd,0x6d,0xa4,0x13,0xde,
    0x34,0xde,0xb2,0xd5,0x88,0x6a,0xe6,0x51,0x27,0x5a,0x27,0x5a,0x27,0x5a,0x8a,0x42,0x16,0x6d,0xd3,0x43,0xf6,0x6c,0xcb,0x42,0xe3,0x20,0xa9,0x62,0x79,0xff,0x79,0xff,
    0xad,0x83,0x65,0x39,0x45,0x21,0xf1,0x5b,0x54,0x54,0x75,0x54,0x32,0x64,0x07,0x42,0x47,0x62,0x47,0x62,0x27,0x5a,0xe8,0x7a,0x13,0xde,0xd6,0xf6,0xd4,0xf6,0xce,0xb4,
    0xc3,0x10,0xa6,0x21,0xc6,0x21,0x86,0x19,0x65,0x19,0x65,0x19,0x65,0x19,0x65,0x19,0x66,0x19,0x65,0x19,0x45,0x19,0xc6,0x21,0x08,0x2a,0x08,0x2a,0x08,0x2a,0xe8,0x21,
    0xa7,0x21,0xa7,0x21,0xa7,0x21,0xa7,0x21,0x65,0x19,0x24,0x19,0x24,0x19,0x45,0x19,0x45,0x19,0x24,0x19,0x45,0x19,0x45,0x19,0x45,0x19,0x45,0x19,0x25,0x11,0xc5,0x39,
    0x2a,0xc4,0xa8,0xb3,0x06,0x9b,0xe6,0x92,0x85,0x7a,0xe2,0x20,0xe6,0x41,0x33,0xd6,0x13,0xd6,0x13,0xd6,0x13,0xd6,0x13,0xd6,0x13,0xd6,0x13,0xd6,0x13,0xd6,0x13,0xd6,
    0x13,0xd6,0x13,0xd6,0x13,0xd6,0x13,0xd6,0x13,0xd6,0x13,0xd6,0x13,0xd6,0x13,0xd6,0x13,0xd6,0x13,0xd6,0x13,0xd6,0x13,0xd6,0xd2,0xcd,0xef,0xac,0xef,0xac,0xef,0xac,
    0xf0,0xac,0xf0,0xac,0xf0,0xac,0xf0,0xac,0xf0,0xac,0xf0,0xac,0xf0,0xac,0xf0,0xac,0xf0,0xac,0xf0,0xac,0xef,0xac,0xf0,0xac,0xf0,0xac,0xf0,0xac,0xf0,0xac,0xf0,0xa4,
    0xef,0xa4,0xcf,0xa4,0x71,0xbd,0x13,0xd6,0x13,0xd6,0x13,0xd6,0x13,0xd6,0x13,0xd6,0x13,0xd6,0x13,0xd6,0x13,0xd6,0x13,0xd6,0x13,0xd6,0x13,0xd6,0x13,0xd6,0x13,0xd6,
    0x13,0xd6,0x13,0xd6,0x14,0xd6,0x14,0xd6,0x14,0xd6,0x14,0xd6,0x14,0xd6,0x13,0xd6,0x13,0xd6,0x13,0xd6,0x13,0xd6,0x13,0xd6,0x13,0xd6,0x13,0xd6,0x13,0xd6,0x33,0xde,
    0x52,0xe6,0x52,0xee,0x71,0xee,0x70,0xf6,0x90,0xf6,0x90,0xfe,0xb0,0xfe,0xb0,0xfe,0xb0,0xfe,0xb0,0xfe,0xb0,0xfe,0xaf,0xfe,0xf0,0xfe,0x0b,0xad,0x85,0x3a,0xc6,0x42,
    0xc6,0x42,0xc6,0x42,0xc6,0x42,0xa6,0x42,0x85,0x3a,0xc4,0x29,0xc4,0x29,0xc5,0x52,0xa5,0x73,0x65,0x6b,0xa5,0x42,0x25,0x63,0x64,0x73,0x4a,0xbd,0x30,0xff,0x49,0xc5,
    0x05,0x94,0x06,0x84,0x45,0x63,0x65,0x3a,0x44,0x3a,0xa4,0x21,0x85,0x42,0x26,0x53,0x45,0x5b,0x65,0x6b,0xaa,0x9c,0x4b,0xb5,0x6b,0xbd,0xed,0xd5,0xcf,0xfe,0xaf,0xfe,
    0xaf,0xfe,0xaf,0xfe,0xaf,0xfe,0xaf,0xfe,0xaf,0xf6,0xb0,0xf6,0x90,0xf6,0x90,0xf6,0xb0,0xf6,0x90,0xf6,0x90,0xf6,0x90,0xf6,0x90,0xf6,0x90,0xf6,0x90,0xf6,0x90,0xf6,
    0x90,0xfe,0x90,0xf6,0xa5,0x31,0xe2,0x20,0x45,0x72,0x06,0x93,0x06,0x9b,0x29,0xc4,0x8a,0xcc,0x64,0x29,0x24,0x19,0x64,0x19,0x64,0x19,0x44,0x19,0x44,0x19,0x24,0x19,
    0x23,0x19,0x03,0x11,0xc3,0x10,0x09,0x6b,0x71,0xc5,0xf6,0xee,0xf7,0xee,0x6e,0xac,0x87,0x6a,0x06,0x5a,0xc6,0x49,0xa6,0x41,0xc6,0x49,0xa5,0x41,0x07,0x4a,0x28,0x42,
    0x07,0x42,0x24,0x31,0x24,0x31,0x12,0xad,0x79,0xff,0x38,0xff,0x39,0xf7,0xca,0x62,0x03,0x29,0xc6,0x41,0x48,0x4a,0x28,0x4a,0xe6,0x41,0xa5,0x41,0xe6,0x49,0x06,0x52,
    0x47,0x62,0x4a,0x8b,0x0f,0xc5,0xb6,0xee,0xb5,0xee,0x09,0x73,0xa3,0x08,0x65,0x19,0x86,0x19,0x86,0x19,0x86,0x19,0x45,0x19,0x45,0x19,0x65,0x19,0x65,0x19,0x45,0x19,
    0x45,0x19,0x45,0x19,0x45,0x19,0xc7,0x21,0xc8,0x21,0xa7,0x21,0xa7,0x21,0xa7,0x21,0x86,0x19,0x66,0x19,0x65,0x19,0x45,0x19,0x65,0x19,0x45,0x19,0x24,0x19,0x24,0x19,
    0x45,0x19,0x45,0x19,0x45,0x19,0x66,0x19,0x25,0x11,0xc5,0x39,0x29,0xc4,0xa8,0xb3,0x06,0x9b,0xe6,0x92,0x65,0x7a,0xc2,0x20,0xe6,0x41,0x33,0xd6,0x13,0xd6,0x13,0xd6,
    0x13,0xd6,0x13,0xd6,0x13,0xd6,0x13,0xd6,0x13,0xd6,0x13,0xd6,0x13,0xd6,0x13,0xd6,0x13,0xd6,0x13,0xd6,0x13,0xd6,0x13,0xd6,0x13,0xd6,0x13,0xd6,0x13,0xd6,0x13,0xd6,
    0x13,0xd6,0x74,0xe6,0xef,0xac,0x21,0x00,0x41,0x00,0x41,0x00,0x61,0x00,0x41,0x00,0x61,0x00,0x61,0x00,0x41,0x00,0x61,0x00,0x62,0x08,0x62,0x08,0x62,0x08,0x61,0x08,
    0x61,0x08,0x61,0x08,0x61,0x08,0x61,0x00,0x61,0x00,0x62,0x08,0x62,0x08,0x41,0x00,0x2a,0x6b,0x74,0xe6,0x33,0xd6,0x13,0xd6,0x13,0xd6,0x13,0xd6,0x13,0xd6,0x13,0xd6,
    0x13,0xd6,0x13,0xd6,0x13,0xd6,0x13,0xd6,0x13,0xd6,0x13,0xd6,0x13,0xd6,0x13,0xd6,0x14,0xd6,0x14,0xd6,0x14,0xd6,0x14,0xd6,0x14,0xd6,0x13,0xd6,0x13,0xd6,0x13,0xd6,
    0x13,0xd6,0x13,0xd6,0x13,0xd6,0x13,0xd6,0x13,0xd6,0x33,0xde,0x52,0xe6,0x52,0xee,0x71,0xee,0x91,0xf6,0x90,0xf6,0x90,0xfe,0xb0,0xfe,0xb0,0xfe,0xb0,0xfe,0xb0,0xfe,
    0xb0,0xfe,0xb0,0xfe,0xf0,0xfe,0x2b,0xad,0xc6,0x4a,0xe6,0x4a,0xa6,0x42,0xc6,0x42,0xc6,0x42,0xe6,0x4a,0xa6,0x42,0x04,0x2a,0xc4,0x29,0x43,0x19,0xc4,0x5a,0xa5,0x7b,
    0x06,0x4b,0x45,0x63,0x44,0x6b,0x2a,0xb5,0x30,0xff,0xa9,0x9c,0x05,0x5b,0xc6,0x7b,0x25,0x5b,0xe4,0x29,0x04,0x32,0xc4,0x29,0xa5,0x42,0x26,0x53,0xc6,0x73,0x47,0x8c,
    0xaf,0xf6,0xf0,0xfe,0xd0,0xfe,0xaf,0xf6,0xaf,0xf6,0xaf,0xf6,0xaf,0xf6,0xcf,0xf6,0xaf,0xf6,0xaf,0xfe,0xaf,0xfe,0xaf,0xf6,0x90,0xf6,0x90,0xf6,0x90,0xf6,0x90,0xf6,
    0x90,0xf6,0x90,0xf6,0x90,0xf6,0x90,0xfe,0x90,0xf6,0x90,0xf6,0x90,0xfe,0x90,0xf6,0xa5,0x31,0xe2,0x20,0x65,0x72,0x06,0x93,0x06,0x9b,0x29,0xc4,0x8a,0xcc,0x64,0x29,
    0x03,0x11,0x24,0x19,0x24,0x19,0x24,0x19,0x24,0x19,0x23,0x19,0x23,0x19,0x23,0x19,0x67,0x52,0x53,0xe6,0x17,0xf7,0x38,0xf7,0x17,0xf7,0x30,0xc5,0xec,0x9b,0x88,0x6a,
    0xe6,0x51,0xe6,0x49,0xc6,0x41,0xc6,0x41,0xc6,0x41,0xa6,0x41,0x85,0x39,0xc9,0x62,0x0e,0x8c,0x96,0xe6,0x96,0xf6,0x96,0xf6,0x96,0xde,0x32,0xad,0x2b,0x73,0x07,0x4a,
    0x85,0x39,0xa6,0x41,0xc6,0x41,0xc6,0x41,0xc6,0x41,0xe6,0x51,0x67,0x62,0x0c,0xa4,0xd3,0xd5,0x94,0xe6,0x33,0xe6,0xd1,0xd5,0x06,0x42,0x24,0x19,0x86,0x19,0x65,0x19,
    0x65,0x19,0x45,0x19,0x45,0x19,0x65,0x19,0x85,0x19,0x65,0x19,0x85,0x19,0x45,0x19,0x24,0x19,0x45,0x19,0xa7,0x21,0xa7,0x21,0xa7,0x21,0xc7,0x21,0xc7,0x21,0xa7,0x19,
    0x66,0x19,0x45,0x19,0x65,0x19,0x45,0x19,0x24,0x19,0x24,0x19,0x25,0x19,0x25,0x19,0x24,0x19,0x24,0x19,0x04,0x11,0xc5,0x39,0x29,0xc4,0xa8,0xb3,0x06,0x9b,0xe6,0x92,
    0x65,0x7a,0xc2,0x20,0x06,0x42,0x33,0xd6,0x13,0xd6,0x13,0xd6,0x13,0xd6,0x13,0xd6,0x13,0xd6,0x13,0xd6,0x13,0xd6,0x13,0xd6,0x13,0xd6,0x13,0xd6,0x13,0xd6,0x13,0xd6,
    0x13,0xd6,0x13,0xd6,0x13,0xd6,0x13,0xd6,0x13,0xd6,0x13,0xd6,0xd2,0xc5,0x6e,0x9c,0x0c,0x8c,0xe7,0x5a,0x08,0x63,0xe8,0x5a,0xe8,0x5a,0xe8,0x5a,0xe8,0x5a,0xe8,0x5a,
    0xe8,0x5a,0xe8,0x5a,0xe8,0x62,0xe9,0x62,0xe8,0x62,0xe8,0x5a,0xe8,0x5a,0xe8,0x5a,0xe8,0x5a,0xe8,0x5a,0xc8,0x5a,0x87,0x5a,0x66,0x5a,0xa4,0x49,0x29,0x73,0x6e,0x9c,
    0x10,0xad,0x33,0xd6,0x13,0xd6,0x13,0xd6,0x13,0xd6,0x13,0xd6,0x13,0xd6,0x13,0xd6,0x13,0xd6,0x13,0xd6,0x13,0xd6,0x13,0xd6,0x13,0xd6,0x14,0xd6,0x14,0xd6,0x14,0xd6,
    0x14,0xd6,0x14,0xd6,0x14,0xd6,0x13,0xd6,0x13,0xd6,0x13,0xd6,0x13,0xd6,0x13,0xd6,0x13,0xd6,0x13,0xd6,0x33,0xd6,0x33,0xde,0x52,0xe6,0x72,0xee,0x71,0xee,0x91,0xf6,
    0x90,0xf6,0xb0,0xfe,0xb0,0xfe,0xb0,0xfe,0xb0,0xfe,0xb0,0xf6,0xb0,0xfe,0xb0,0xfe,0xaf,0xfe,0x8f,0xf6,0xaf,0xee,0x29,0x7c,0x85,0x3a,0xc6,0x42,0xc6,0x42,0xe6,0x42,
    0xc6,0x42,0xc6,0x4a,0x25,0x32,0x43,0x19,0xa3,0x21,0x24,0x3a,0xa5,0x73,0x45,0x5b,0xa5,0x42,0x2b,0xa5,0x50,0xff,0x69,0x94,0xc5,0x42,0xa6,0x6b,0x26,0x5b,0x83,0x21,
    0x85,0x42,0x05,0x53,0xea,0x9c,0x4e,0xde,0x8e,0xee,0xaf,0xfe,0x11,0xff,0x2c,0xad,0x67,0x5b,0x87,0x63,0xa7,0x6b,0xe7,0x7b,0x27,0x84,0x67,0x94,0xc8,0xac,0xd0,0xfe,
    0xaf,0xfe,0xb0,0xfe,0xb0,0xf6,0xb0,0xf6,0xb0,0xf6,0xb0,0xf6,0xb0,0xf6,0xb0,0xf6,0x90,0xf6,0x90,0xfe,0x90,0xfe,0x90,0xfe,0x90,0xfe,0x90,0xf6,0xa5,0x31,0xe2,0x20,
    0x65,0x7a,0x06,0x93,0x06,0x93,0x29,0xc4,0xaa,0xcc,0x64,0x29,0x03,0x11,0x24,0x19,0x24,0x19,0x24,0x19,0x24,0x19,0x24,0x19,0x23,0x19,0x24,0x21,0x6a,0x7b,0xa8,0x62,
    0xec,0x93,0x37,0xff,0xf6,0xf6,0x16,0xf7,0x74,0xee,0xce,0xbc,0x0c,0xa4,0xc9,0x72,0xa6,0x49,0xa5,0x41,0xa6,0x41,0xc6,0x41,0xee,0x83,0x39,0xf7,0xbb,0xff,0xee,0x83,
    0x06,0x6a,0x2a,0xbb,0xe6,0x51,0xb7,0xde,0xba,0xff,0xb3,0xc5,0x68,0x52,0x65,0x39,0xc6,0x41,0xa5,0x41,0x65,0x39,0x49,0x8b,0x6d,0xb4,0x54,0xe6,0x17,0xff,0xf6,0xf6,
    0xec,0x93,0x64,0x31,0xc6,0x39,0xe3,0x10,0x45,0x19,0x45,0x19,0x45,0x19,0x45,0x19,0x45,0x19,0x45,0x19,0x65,0x19,0x85,0x19,0xa6,0x21,0xc7,0x21,0xc7,0x21,0x87,0x21,
    0xa7,0x21,0xa7,0x21,0xc8,0x21,0xc8,0x21,0xc7,0x21,0x86,0x19,0x45,0x11,0x45,0x19,0x45,0x19,0x25,0x19,0x24,0x19,0x45,0x19,0x45,0x19,0x45,0x19,0x24,0x19,0x24,0x19,
    0x04,0x11,0xa5,0x39,0x2a,0xc4,0xa8,0xab,0x06,0x9b,0xc6,0x8a,0x65,0x7a,0xc2,0x20,0x06,0x42,0x33,0xd6,0x13,0xd6,0x13,0xd6,0x13,0xd6,0x13,0xd6,0x13,0xd6,0x13,0xd6,
    0x13,0xd6,0x13,0xd6,0x13,0xd6,0x13,0xd6,0x13,0xd6,0x13,0xd6,0x13,0xd6,0x13,0xd6,0x13,0xd6,0x13,0xd6,0x13,0xd6,0x54,0xde,0x51,0xb5,0x41,0x00,0xe5,0x39,0x93,0xff,
    0x94,0xff,0x95,0xff,0x95,0xff,0x95,0xff,0x95,0xff,0x95,0xff,0x95,0xff,0x95,0xff,0x95,0xff,0x95,0xff,0x95,0xff,0x95,0xff,0x75,0xff,0x75,0xff,0x95,0xff,0x95,0xff,
    0x95,0xff,0xd1,0xf6,0x2f,0xf6,0xea,0xe4,0x67,0x93,0x21,0x00,0xc9,0x5a,0x95,0xe6,0x54,0xde,0x54,0xde,0x34,0xd6,0x13,0xd6,0x13,0xd6,0x13,0xd6,0x13,0xd6,0x13,0xd6,
    0x13,0xd6,0x13,0xd6,0x13,0xd6,0x14,0xd6,0x14,0xd6,0x14,0xd6,0x14,0xd6,0x14,0xd6,0x14,0xd6,0x13,0xd6,0x13,0xd6,0x13,0xd6,0x13,0xd6,0x13,0xd6,0x13,0xd6,0x33,0xd6,
    0x33,0xd6,0x33,0xde,0x52,0xe6,0x72,0xe6,0x71,0xee,0x91,0xf6,0x90,0xf6,0xb0,0xfe,0xb0,0xfe,0xb0,0xfe,0xb0,0xf6,0xb0,0xfe,0xb0,0xfe,0xb0,0xfe,0xaf,0xfe,0xaf,0xfe,
    0xf0,0xfe,0x49,0x8c,0xc6,0x42,0x06,0x4b,0xe6,0x4a,0xc6,0x42,0xc6,0x42,0xe6,0x4a,0x65,0x3a,0xa4,0x29,0xc4,0x21,0xe4,0x31,0x45,0x6b,0x45,0x63,0x85,0x3a,0xeb,0xa4,
    0x30,0xff,0xca,0x9c,0x46,0x5b,0x86,0x63,0x05,0x53,0x83,0x21,0xc5,0x4a,0x66,0x63,0x8c,0xbd,0x31,0xff,0x2e,0xde,0xed,0xcd,0x0e,0xce,0x4a,0x84,0xa5,0x42,0xe6,0x42,
    0xe6,0x4a,0x26,0x53,0x25,0x53,0x45,0x63,0xe6,0x7b,0x0d,0xd6,0x2d,0xe6,0x4d,0xee,0x8f,0xf6,0xb0,0xf6,0xb0,0xf6,0xb0,0xf6,0xb0,0xf6,0xb0,0xf6,0xb0,0xf6,0x90,0xfe,
    0x90,0xfe,0x90,0xf6,0x90,0xfe,0x90,0xf6,0xa5,0x31,0xe2,0x20,0x65,0x7a,0xe6,0x92,0x06,0x93,0x49,0xc4,0x8a,0xcc,0x64,0x29,0x03,0x11,0x44,0x19,0x24,0x19,0x24,0x19,
    0x24,0x19,0x23,0x19,0x23,0x19,0x03,0x11,0x82,0x08,0x87,0x5a,0xb1,0xd5,0xf6,0xf6,0xf6,0xf6,0xf6,0xf6,0x95,0xee,0xd2,0xdd,0xf3,0xd5,0x8e,0xac,0xcb,0x93,0xeb,0x9b,
    0x6e,0xa4,0x14,0xd6,0x18,0xef,0x79,0xff,0x59,0xff,0xf8,0xe6,0x0e,0x8c,0x89,0x72,0xd4,0xc5,0x79,0xff,0x59,0xff,0x9a,0xff,0x93,0xc5,0x6e,0xa4,0x88,0x62,0xac,0x8b,
    0xd0,0xac,0x92,0xcd,0x34,0xde,0xd6,0xee,0x17,0xf7,0x17,0xff,0x33,0xe6,0x09,0x6b,0xc3,0x10,0x24,0x19,0x45,0x19,0x44,0x19,0x24,0x19,0x24,0x19,0x44,0x19,0x45,0x19,
    0x45,0x19,0x45,0x19,0x65,0x19,0x86,0x19,0xa7,0x21,0xa7,0x21,0xa7,0x21,0xc8,0x21,0xe8,0x21,0xe8,0x21,0xa7,0x21,0x66,0x19,0x45,0x19,0x45,0x19,0x25,0x19,0x25,0x19,
    0x25,0x19,0x45,0x19,0x45,0x19,0x45,0x19,0x25,0x19,0x24,0x19,0x04,0x11,0xc5,0x41,0x2a,0xc4,0xa8,0xab,0x06,0x9b,0xe6,0x92,0x65,0x7a,0xc2,0x20,0x06,0x42,0x33,0xd6,
    0x13,0xd6,0x13,0xd6,0x13,0xd6,0x13,0xd6,0x13,0xd6,0x13,0xd6,0x13,0xd6,0x13,0xd6,0x13,0xd6,0x13,0xd6,0x13,0xd6,0x13,0xd6,0x13,0xd6,0x13,0xd6,0x13,0xd6,0x13,0xd6,
    0xf3,0xcd,0x10,0xad,0x6d,0x94,0xe5,0x39,0x28,0x6b,0xd1,0xf6,0xb2,0xf6,0xb2,0xf6,0xb2,0xee,0xb2,0xee,0xb2,0xee,0xb3,0xee,0xb3,0xee,0xb3,0xee,0xb3,0xee,0xb3,0xee,
    0x93,0xee,0x93,0xe6,0x93,0xee,0x93,0xee,0x93,0xee,0x93,0xee,0xb3,0xee,0xf0,0xdd,0x6e,0xd5,0x8a,0xcc,0x07,0x8b,0x62,0x08,0x44,0x29,0x47,0x4a,0x68,0x4a,0x48,0x4a,
    0x8f,0x9c,0x54,0xde,0x13,0xd6,0x13,0xd6,0x13,0xd6,0x13,0xd6,0x14,0xd6,0x13,0xd6,0x13,0xd6,0x14,0xd6,0x14,0xd6,0x14,0xd6,0x14,0xd6,0x14,0xd6,0x14,0xd6,0x14,0xd6,
    0x13,0xd6,0x13,0xd6,0x13,0xd6,0x13,0xd6,0x13,0xd6,0x33,0xd6,0x33,0xd6,0x33,0xde,0x52,0xe6,0x51,0xe6,0x71,0xee,0x90,0xf6,0x90,0xf6,0xb0,0xfe,0xb0,0xfe,0xb0,0xfe,
    0xb0,0xfe,0xd0,0xfe,0xd0,0xfe,0xd0,0xfe,0xd0,0xfe,0xcf,0xfe,0xcf,0xfe,0x8f,0xf6,0x6e,0xe6,0x4e,0xde,0x2e,0xce,0x27,0x53,0xc6,0x42,0xc6,0x42,0xc6,0x42,0xc6,0x42,
    0xe4,0x29,0x43,0x19,0x84,0x4a,0xa5,0x73,0x85,0x3a,0xeb,0xa4,0x10,0xff,0xd0,0xf6,0x6f,0xde,0x87,0x63,0xc5,0x4a,0xc3,0x21,0x0b,0xa5,0xcf,0xf6,0xaf,0xf6,0xf0,0xfe,
    0x69,0x8c,0x86,0x63,0xe5,0x4a,0xc6,0x4a,0xe6,0x4a,0x06,0x4b,0x46,0x53,0x86,0x63,0x86,0x6b,0x86,0x63,0xa5,0x73,0xc4,0x83,0x05,0x94,0x45,0xa4,0x2d,0xe6,0xd0,0xfe,
    0xb0,0xf6,0xb0,0xf6,0xb0,0xf6,0xb0,0xf6,0xb0,0xf6,0x90,0xf6,0x90,0xf6,0x90,0xf6,0x90,0xfe,0x70,0xf6,0x85,0x31,0xe2,0x20,0x65,0x72,0xe6,0x92,0x06,0x93,0x29,0xc4,
    0x8a,0xcc,0x64,0x29,0x24,0x19,0x64,0x19,0x44,0x19,0x44,0x19,0x24,0x19,0x24,0x19,0x23,0x19,0x03,0x11,0xc2,0x10,0x6f,0xcd,0xb3,0xfe,0xb4,0xf6,0x17,0xf7,0xf6,0xf6,
    0x17,0xf7,0x17,0xff,0x16,0xff,0x73,0xf6,0xf0,0xed,0x4e,0xd5,0xb1,0xdd,0xd6,0xee,0x7a,0xff,0x59,0xf7,0x79,0xff,0x9a,0xff,0x32,0xad,0xa9,0x52,0x9a,0xff,0x79,0xff,
    0x79,0xff,0x59,0xf7,0x74,0xe6,0x54,0xe6,0x13,0xde,0x94,0xee,0x57,0xff,0x37,0xff,0x38,0xff,0x17,0xf7,0xf6,0xf6,0x94,0xf6,0xb4,0xfe,0xb1,0xd5,0xe3,0x18,0x44,0x19,
    0x44,0x19,0x24,0x19,0x24,0x19,0x24,0x19,0x45,0x19,0x65,0x19,0x45,0x19,0x45,0x19,0x44,0x19,0x45,0x19,0x66,0x19,0xa7,0x21,0xa7,0x21,0xe8,0x21,0xe8,0x21,0xc8,0x21,
    0xa7,0x21,0x86,0x19,0x45,0x19,0x45,0x19,0x24,0x19,0x25,0x19,0x25,0x19,0x45,0x19,0x45,0x19,0x45,0x19,0x45,0x19,0x45,0x19,0x04,0x11,0xc5,0x41,0x2a,0xc4,0xa8,0xab,
    0x06,0x9b,0xe6,0x92,0x65,0x7a,0xe2,0x20,0x06,0x42,0x33,0xd6,0x13,0xd6,0x13,0xd6,0x13,0xd6,0x13,0xd6,0x13,0xd6,0x13,0xd6,0x13,0xd6,0x13,0xd6,0x13,0xd6,0x13,0xd6,
    0x13,0xd6,0x13,0xd6,0x13,0xd6,0x13,0xd6,0x13,0xd6,0x33,0xd6,0x91,0xc5,0xc2,0x10,0xe5,0x39,0x53,0xf7,0xf1,0xf6,0x0f,0xe6,0x10,0xe6,0x10,0xe6,0x10,0xde,0x10,0xde,
    0xf0,0xdd,0xf0,0xdd,0xf0,0xdd,0xf1,0xdd,0xf1,0xdd,0xf1,0xdd,0xf1,0xd5,0xd1,0xd5,0xf1,0xd5,0xf2,0xd5,0xf1,0xd5,0xf1,0xd5,0xf2,0xd5,0x2e,0xc5,0xac,0xc4,0x09,0xbc,
    0xa6,0x7a,0x82,0x08,0xa2,0x10,0x82,0x08,0x82,0x08,0x61,0x08,0xac,0x7b,0x13,0xd6,0x13,0xd6,0x13,0xd6,0x14,0xd6,0x14,0xd6,0x14,0xd6,0x14,0xd6,0x14,0xd6,0x14,0xd6,
    0x14,0xd6,0x14,0xd6,0x14,0xd6,0x14,0xd6,0x14,0xd6,0x14,0xd6,0x13,0xd6,0x13,0xd6,0x33,0xd6,0x13,0xd6,0x13,0xd6,0x13,0xd6,0x13,0xd6,0x32,0xde,0x52,0xe6,0x51,0xe6,
    0x71,0xee,0x90,0xf6,0x90,0xf6,0xb0,0xf6,0xb0,0xfe,0x8f,0xee,0x4d,0xe6,0x2e,0xde,0x2e,0xde,0x2e,0xde,0x2e,0xd6,0x2e,0xd6,0x0d,0xd6,0xed,0xcd,0xee,0xd5,0x6f,0xe6,
    0x8f,0xee,0xa8,0x6b,0x67,0x5b,0x06,0x53,0xa6,0x42,0xc6,0x42,0x04,0x32,0x83,0x21,0x44,0x42,0xa5,0x6b,0xc5,0x42,0x0b,0xa5,0x10,0xff,0xcf,0xfe,0x8f,0xe6,0x26,0x53,
    0x26,0x53,0xc5,0x4a,0x4c,0xb5,0x10,0xff,0x4e,0xe6,0x0e,0xd6,0x69,0x8c,0xa6,0x6b,0x06,0x53,0xe6,0x4a,0xe6,0x4a,0x06,0x53,0x46,0x53,0x86,0x6b,0xa6,0x73,0x86,0x6b,
    0xa6,0x73,0xe5,0x83,0x25,0x94,0x04,0x9c,0x0c,0xde,0xb0,0xfe,0xb0,0xf6,0xb0,0xf6,0xb0,0xf6,0xb0,0xf6,0xb0,0xf6,0x90,0xf6,0x90,0xf6,0x90,0xf6,0x90,0xfe,0x70,0xf6,
    0x85,0x31,0xe2,0x20,0x65,0x72,0xe6,0x92,0xe6,0x92,0x29,0xc4,0x8a,0xcc,0x64,0x21,0x24,0x19,0x64,0x19,0x64,0x19,0x64,0x19,0x64,0x19,0x44,0x19,0x23,0x19,0x03,0x11,
    0x03,0x19,0xec,0x8b,0x0f,0xbd,0x73,0xf6,0x94,0xf6,0xd5,0xf6,0x17,0xf7,0xf7,0xf6,0xf6,0xf6,0xf6,0xf6,0xf6,0xf6,0xb5,0xf6,0x95,0xee,0x90,0xd5,0x30,0xc5,0x19,0xef,
    0xf8,0xe6,0x12,0xad,0x4b,0x6b,0xd0,0x9c,0x0a,0x63,0x77,0xd6,0xd7,0xe6,0xb2,0xcd,0xce,0xbc,0x53,0xee,0x16,0xff,0xf6,0xf6,0x17,0xf7,0x17,0xf7,0xf6,0xf6,0xd6,0xf6,
    0x94,0xf6,0x11,0xe6,0xec,0x93,0xc9,0x62,0x24,0x19,0x45,0x19,0x85,0x19,0x65,0x19,0x45,0x19,0x45,0x19,0x65,0x19,0x65,0x19,0x65,0x19,0x65,0x19,0x45,0x19,0x44,0x19,
    0x44,0x19,0x65,0x19,0xc7,0x21,0xe8,0x21,0xc8,0x21,0x87,0x21,0x45,0x19,0x24,0x19,0x24,0x19,0x25,0x19,0x25,0x19,0x45,0x19,0x45,0x19,0x25,0x19,0x25,0x19,0x25,0x19,
    0x25,0x19,0x25,0x19,0x04,0x11,0xc5,0x41,0x2a,0xc4,0xa8,0xab,0x06,0x9b,0xe6,0x92,0x65,0x7a,0xe2,0x20,0x06,0x42,0x33,0xd6,0x13,0xd6,0x13,0xd6,0x13,0xd6,0x13,0xd6,
    0x13,0xd6,0x13,0xd6,0x13,0xd6,0x13,0xd6,0x13,0xd6,0x13,0xd6,0x13,0xd6,0x13,0xd6,0x13,0xd6,0x13,0xd6,0x13,0xd6,0x33,0xd6,0x91,0xc5,0xc3,0x10,0xc4,0x39,0xad,0xfe,
    0x8d,0xf6,0x2f,0xe6,0x30,0xe6,0x30,0xe6,0x10,0xe6,0x11,0xde,0x11,0xde,0xf1,0xdd,0xf1,0xdd,0xf1,0xdd,0xf1,0xdd,0xf1,0xdd,0xf1,0xd5,0xf2,0xd5,0xf2,0xd5,0xf2,0xd5,
    0xf2,0xd5,0xf2,0xd5,0x12,0xde,0x2e,0xcd,0xac,0xc4,0x29,0xc4,0xe6,0x82,0x62,0x08,0xc4,0x49,0x88,0xa3,0x8c,0xb4,0x6f,0xc5,0xa8,0x5a,0xa5,0x31,0x13,0xd6,0x54,0xde,
    0x14,0xd6,0x14,0xd6,0x14,0xd6,0x14,0xd6,0x14,0xd6,0x14,0xd6,0x14,0xd6,0x14,0xd6,0x14,0xd6,0x14,0xd6,0x14,0xd6,0x13,0xd6,0x13,0xd6,0x13,0xd6,0x13,0xd6,0x13,0xd6,
    0x13,0xd6,0x13,0xd6,0x13,0xd6,0x33,0xde,0x52,0xe6,0x51,0xe6,0x71,0xee,0x90,0xf6,0x90,0xf6,0xb0,0xfe,0x11,0xff,0xcb,0xd5,0x05,0x94,0x66,0x63,0x06,0x53,0xe5,0x4a,
    0xe6,0x4a,0xa5,0x42,0x24,0x32,0x04,0x32,0xc4,0x29,0xce,0xc5,0x51,0xff,0x30,0xff,0x50,0xff,0x09,0x7c,0x44,0x32,0x85,0x3a,0xa5,0x42,0x85,0x3a,0x43,0x19,0xe5,0x5a,
    0x85,0x3a,0xca,0x9c,0xf0,0xfe,0xef,0xfe,0x6e,0xe6,0xe4,0x29,0x27,0x63,0xd0,0xfe,0xf0,0xfe,0x30,0xff,0x09,0x7c,0xa5,0x3a,0xe6,0x4a,0xe6,0x4a,0xe6,0x4a,0x06,0x4b,
    0x06,0x4b,0xe6,0x4a,0xc5,0x42,0x06,0x4b,0x26,0x53,0x26,0x53,0x26,0x53,0x46,0x63,0xc5,0x83,0xe5,0x8b,0x2d,0xde,0xf0,0xfe,0xb0,0xfe,0xb0,0xf6,0xb0,0xf6,0xb0,0xf6,
    0xb0,0xf6,0x90,0xf6,0x90,0xf6,0x90,0xf6,0x90,0xfe,0x70,0xf6,0x85,0x31,0xe2,0x20,0x65,0x72,0xe6,0x92,0xe6,0x92,0x29,0xc4,0xaa,0xcc,0x64,0x29,0x24,0x19,0x44,0x19,
    0x64,0x19,0x64,0x19,0x44,0x19,0x44,0x19,0x23,0x19,0x23,0x19,0x03,0x11,0x82,0x08,0xc5,0x39,0xee,0xc4,0x53,0xee,0xd5,0xf6,0xf6,0xf6,0x17,0xf7,0x17,0xf7,0xf7,0xf6,
    0x17,0xf7,0x17,0xf7,0xf6,0xf6,0x73,0xee,0x90,0xd5,0x0f,0xc5,0xa8,0x62,0x0d,0x8c,0x18,0xef,0x59,0xf7,0x56,0xd6,0xc9,0x62,0x8a,0x8b,0x90,0xdd,0x33,0xe6,0xb5,0xf6,
    0x17,0xf7,0x17,0xf7,0xf6,0xf6,0xf6,0xf6,0xf6,0xf6,0xf6,0xf6,0x94,0xee,0x12,0xe6,0x67,0x52,0x41,0x08,0x24,0x19,0x65,0x19,0xa6,0x21,0x86,0x19,0x25,0x19,0x45,0x19,
    0x65,0x19,0x85,0x21,0x65,0x19,0x65,0x19,0x65,0x19,0x45,0x19,0x45,0x19,0xa7,0x21,0xe8,0x21,0x87,0x19,0x45,0x19,0x25,0x19,0x24,0x19,0x24,0x19,0x24,0x19,0x25,0x19,
    0x45,0x19,0x65,0x19,0x45,0x19,0x25,0x19,0x25,0x19,0x24,0x19,0x25,0x19,0x25,0x19,0x04,0x11,0xc5,0x39,0x2a,0xc4,0xa8,0xab,0x06,0x9b,0xe6,0x92,0x65,0x7a,0xe2,0x20,
    0x06,0x42,0x33,0xd6,0x13,0xd6,0x13,0xd6,0x13,0xd6,0x13,0xd6,0x13,0xd6,0x13,0xd6,0x13,0xd6,0x13,0xd6,0x13,0xd6,0x13,0xd6,0x13,0xd6,0x13,0xd6,0x13,0xd6,0x13,0xd6,
    0x13,0xd6,0x33,0xd6,0xb2,0xc5,0xc3,0x18,0xc4,0x39,0x8c,0xf6,0x6d,0xf6,0x2f,0xe6,0x30,0xe6,0x30,0xe6,0x10,0xe6,0x11,0xde,0x11,0xde,0xf1,0xdd,0xf1,0xdd,0xf1,0xdd,
    0xf1,0xd5,0xf1,0xd5,0x12,0xde,0x12,0xde,0x12,0xde,0x12,0xde,0xf2,0xd5,0xf2,0xd5,0x12,0xde,0x2e,0xcd,0xac,0xc4,0x29,0xc4,0xe6,0x82,0x82,0x08,0xc4,0x49,0x47,0x93,
    0xab,0xbc,0xf0,0xe5,0xeb,0x8b,0x88,0x5a,0xec,0x83,0xaf,0x9c,0x34,0xd6,0x14,0xd6,0x14,0xd6,0x14,0xd6,0x14,0xd6,0x14,0xd6,0x14,0xd6,0x14,0xd6,0x14,0xd6,0x14,0xd6,
    0x14,0xd6,0x13,0xd6,0x13,0xd6,0x13,0xd6,0x33,0xd6,0x13,0xd6,0x13,0xd6,0x13,0xd6,0x13,0xd6,0x32,0xde,0x52,0xe6,0x71,0xe6,0x71,0xee,0x90,0xf6,0xb0,0xfe,0x2e,0xe6,
    0x6b,0xbd,0xc8,0xac,0xe5,0x8b,0xc5,0x73,0x85,0x6b,0x65,0x63,0x26,0x53,0xc5,0x4a,0x65,0x3a,0x85,0x3a,0x65,0x3a,0x6a,0x84,0x2c,0xad,0x0b,0xa5,0xad,0xbd,0x4c,0xad,
    0x09,0x7c,0x49,0x84,0x6a,0x8c,0x29,0x84,0x63,0x21,0x85,0x4a,0xc8,0x73,0x8c,0xc5,0xf0,0xfe,0xed,0xcd,0xeb,0x9c,0xa5,0x42,0xe8,0x7b,0x11,0xff,0xcd,0xcd,0xeb,0xa4,
    0x67,0x63,0xc5,0x42,0xa5,0x42,0x85,0x3a,0x45,0x3a,0x25,0x32,0xe4,0x31,0xc4,0x29,0xc4,0x29,0xc4,0x29,0xe4,0x31,0xe6,0x4a,0x66,0x63,0x05,0x84,0xe5,0x8b,0xe5,0x8b,
    0x09,0xb5,0x6b,0xc5,0x8f,0xf6,0xb0,0xf6,0xb0,0xf6,0xb0,0xf6,0xb0,0xf6,0xb0,0xf6,0x90,0xf6,0x90,0xf6,0x90,0xfe,0x70,0xf6,0xa5,0x39,0xe2,0x20,0x65,0x72,0xe6,0x92,
    0xe6,0x92,0x29,0xc4,0x8a,0xcc,0x44,0x21,0xe3,0x08,0x04,0x11,0x03,0x11,0x03,0x11,0x03,0x11,0xe3,0x08,0xe3,0x08,0x03,0x09,0x03,0x11,0x03,0x11,0xa2,0x10,0xa7,0x6a,
    0x0d,0xcd,0x6f,0xdd,0x94,0xf6,0xd5,0xf6,0xf6,0xf6,0xf6,0xf6,0xf7,0xf6,0xf6,0xf6,0xf6,0xf6,0xf6,0xf6,0x94,0xf6,0x32,0xee,0x8f,0xdd,0x95,0xee,0x9a,0xff,0x7a,0xff,
    0x37,0xff,0xb0,0xdd,0xd0,0xe5,0x52,0xee,0xd5,0xf6,0xf6,0xf6,0xf6,0xf6,0xf6,0xf6,0xf6,0xf6,0xb5,0xf6,0x53,0xee,0xf1,0xe5,0xce,0xb4,0xc6,0x39,0x04,0x19,0xe3,0x08,
    0x25,0x11,0x65,0x11,0x66,0x11,0x25,0x11,0x04,0x11,0x24,0x11,0x25,0x11,0x45,0x11,0x25,0x11,0x25,0x11,0x25,0x11,0x66,0x11,0x86,0x19,0x87,0x19,0x87,0x19,0x67,0x11,
    0x66,0x11,0x25,0x11,0x25,0x11,0x05,0x11,0x04,0x11,0x04,0x11,0x25,0x11,0x05,0x11,0x04,0x11,0x04,0x11,0x04,0x11,0x04,0x11,0xe4,0x08,0xe4,0x08,0xc4,0x08,0xa5,0x39,
    0x29,0xc4,0xa8,0xab,0x06,0x9b,0xe6,0x92,0x65,0x7a,0xe2,0x20,0x06,0x42,0x33,0xd6,0x13,0xd6,0x13,0xd6,0x13,0xd6,0x13,0xd6,0x13,0xd6,0x13,0xd6,0x13,0xd6,0x13,0xd6,
    0x13,0xd6,0x13,0xd6,0x13,0xd6,0x13,0xd6,0x13,0xd6,0x13,0xd6,0x13,0xd6,0x33,0xd6,0xb2,0xc5,0xe3,0x18,0xc4,0x39,0x8b,0xfe,0x6c,0xf6,0x2f,0xe6,0x30,0xe6,0x30,0xe6,
    0x51,0xee,0x31,0xee,0x31,0xe6,0x11,0xe6,0xf1,0xd5,0xf1,0xd5,0xf1,0xd5,0x12,0xde,0x70,0xbd,0x4f,0xb5,0x4f,0xb5,0x90,0xc5,0x12,0xde,0xf2,0xd5,0x12,0xde,0x2e,0xc5,
    0xac,0xc4,0x29,0xc4,0xe6,0x82,0x82,0x08,0xa2,0x10,0x61,0x00,0xe7,0x7a,0x49,0xc4,0xaf,0xdd,0x6f,0xcd,0x82,0x10,0x07,0x42,0x54,0xd6,0x14,0xd6,0x14,0xd6,0x14,0xd6,
    0x14,0xd6,0x14,0xd6,0x14,0xd6,0x14,0xd6,0x14,0xd6,0x14,0xd6,0x14,0xd6,0x13,0xd6,0x13,0xd6,0x13,0xd6,0x13,0xd6,0x13,0xd6,0x13,0xd6,0x13,0xd6,0x13,0xd6,0x32,0xde,
    0x52,0xe6,0x71,0xee,0x71,0xee,0xb0,0xf6,0x10,0xff,0x8c,0xc5,0x64,0x73,0x85,0x6b,0xa6,0x6b,0x05,0x84,0x06,0x84,0xe6,0x7b,0x86,0x63,0x46,0x53,0x06,0x4b,0xe6,0x4a,
    0xe6,0x4a,0xa5,0x42,0x85,0x3a,0x65,0x32,0x67,0x5b,0x31,0xff,0x51,0xff,0x31,0xff,0x10,0xff,0xd0,0xee,0xa4,0x29,0xe4,0x29,0x2e,0xd6,0x30,0xff,0x10,0xff,0x4a,0x8c,
    0x24,0x32,0x64,0x6b,0xa8,0xa4,0x52,0xff,0x8a,0x8c,0x24,0x2a,0xa5,0x42,0xe6,0x4a,0xe4,0x31,0x63,0x21,0x63,0x21,0x83,0x21,0xa4,0x29,0xa4,0x21,0x84,0x21,0x84,0x21,
    0x84,0x21,0x45,0x3a,0xc5,0x4a,0x65,0x63,0xa5,0x73,0x05,0x8c,0x24,0x63,0xa5,0x7b,0x6e,0xee,0xb0,0xfe,0x90,0xf6,0xb0,0xf6,0xb0,0xf6,0xb0,0xf6,0x90,0xf6,0x90,0xf6,
    0x90,0xfe,0x70,0xf6,0xa5,0x31,0xe3,0x20,0x65,0x7a,0xe6,0x92,0xe6,0x92,0x29,0xc4,0x69,0xcc,0xa6,0x6a,0x86,0x62,0x86,0x62,0xa7,0x62,0xa7,0x6a,0xa6,0x62,0x86,0x62,
    0xa6,0x62,0x86,0x62,0xc6,0x6a,0x23,0x21,0x06,0x42,0x72,0xf6,0xf1,0xe5,0xf1,0xe5,0x74,0xee,0x94,0xf6,0xd6,0xf6,0xf6,0xf6,0xf6,0xf6,0xf6,0xf6,0xf6,0xf6,0xf6,0xf6,
    0xb5,0xf6,0x94,0xf6,0x12,0xe6,0xf1,0xdd,0x12,0xe6,0x12,0xe6,0xf2,0xe5,0xf1,0xe5,0x53,0xee,0x94,0xf6,0xd5,0xf6,0xf6,0xf6,0xf6,0xf6,0xd5,0xf6,0x94,0xf6,0x94,0xf6,
    0x53,0xee,0xb0,0xdd,0x69,0x83,0xa2,0x10,0xc4,0x49,0xe7,0x72,0x08,0x73,0xe8,0x6a,0xc7,0x6a,0xa7,0x6a,0xa7,0x6a,0xc7,0x6a,0xc7,0x6a,0xc7,0x6a,0xc7,0x6a,0xa7,0x62,
    0xa7,0x62,0xe8,0x6a,0x09,0x6b,0x29,0x73,0x09,0x6b,0x09,0x6b,0x09,0x6b,0xe8,0x6a,0xc8,0x6a,0xc8,0x6a,0xc7,0x6a,0xa7,0x6a,0xc7,0x6a,0xc7,0x6a,0xc7,0x6a,0xc8,0x6a,
    0xc8,0x6a,0xc7,0x6a,0xc7,0x6a,0xc7,0x6a,0xa7,0x62,0xc7,0x72,0x09,0xbc,0xc8,0xb3,0x26,0x9b,0xe6,0x92,0x65,0x7a,0xe2,0x20,0x06,0x42,0x33,0xd6,0x13,0xd6,0x13,0xd6,
    0x13,0xd6,0x13,0xd6,0x13,0xd6,0x13,0xd6,0x13,0xd6,0x13,0xd6,0x13,0xd6,0x13,0xd6,0x13,0xd6,0x13,0xd6,0x13,0xd6,0x13,0xd6,0x13,0xd6,0x33,0xd6,0xb2,0xc5,0xe3,0x18,
    0xc4,0x39,0x8b,0xfe,0x6d,0xf6,0x2f,0xee,0x30,0xe6,0x0f,0xde,0x0b,0xb5,0x0c,0xb5,0x0c,0xad,0x2e,0xb5,0x32,0xe6,0xf1,0xd5,0xf2,0xdd,0x50,0xbd,0xc9,0x63,0x47,0x53,
    0xe6,0x42,0x2b,0x84,0x33,0xde,0xf2,0xd5,0x12,0xde,0x2f,0xc5,0xac,0xc4,0x29,0xc4,0xe6,0x82,0x62,0x08,0xe6,0x39,0x0d,0x8c,0xc8,0x62,0x47,0x9b,0x0f,0xe6,0xcf,0xd5,
    0xa2,0x10,0x27,0x4a,0x54,0xd6,0x14,0xd6,0x14,0xd6,0x14,0xd6,0x14,0xd6,0x14,0xd6,0x14,0xd6,0x14,0xd6,0x14,0xd6,0x14,0xd6,0x14,0xd6,0x14,0xd6,0x13,0xd6,0x13,0xd6,
    0x13,0xd6,0x13,0xd6,0x13,0xd6,0x13,0xd6,0x13,0xd6,0x32,0xde,0x52,0xe6,0x71,0xee,0x91,0xf6,0x2f,0xe6,0xc9,0x9c,0x67,0x94,0xc5,0x83,0x86,0x6b,0x66,0x63,0x86,0x63,
    0x66,0x63,0x46,0x5b,0x46,0x5b,0x06,0x53,0xc6,0x4a,0xc6,0x42,0xa6,0x42,0xa6,0x42,0xa5,0x42,0xc5,0x42,0xe6,0x4a,0xc8,0x6b,0x8a,0x94,0x4e,0xde,0xd0,0xfe,0xd0,0xf6,
    0x8b,0x94,0xc4,0x31,0x67,0x63,0xad,0xbd,0x30,0xff,0x69,0x8c,0x85,0x3a,0xc6,0x7b,0xc9,0xa4,0x8f,0xe6,0x29,0x84,0x85,0x3a,0x65,0x3a,0x04,0x32,0x63,0x21,0x23,0x19,
    0xc4,0x29,0x04,0x32,0x65,0x3a,0x65,0x3a,0x65,0x3a,0x65,0x3a,0x65,0x3a,0x04,0x2a,0xe4,0x29,0x45,0x32,0x05,0x5b,0x06,0x8c,0x05,0x5b,0x06,0x8c,0x4d,0xde,0x6f,0xee,
    0xb0,0xf6,0xb0,0xf6,0xb0,0xf6,0x90,0xf6,0x90,0xf6,0x90,0xf6,0x90,0xfe,0x90,0xf6,0xa5,0x31,0xe2,0x20,0x65,0x7a,0xe6,0x92,0xe6,0x92,0xc8,0xb3,0xa8,0xab,0x6a,0xcc,
    0x8a,0xcc,0xab,0xd4,0x8a,0xcc,0x8a,0xcc,0x8a,0xcc,0x8a,0xcc,0xab,0xd4,0xab,0xd4,0x4a,0xbc,0x26,0x52,0x29,0x73,0xf5,0xfe,0xd5,0xf6,0xd5,0xf6,0xb4,0xf6,0xb5,0xf6,
    0xf6,0xf6,0xf6,0xf6,0xf6,0xf6,0xf6,0xf6,0xf6,0xf6,0xf6,0xf6,0xf7,0xf6,0xf6,0xf6,0x94,0xf6,0xf1,0xe5,0x2e,0xd5,0x4f,0xd5,0x6f,0xd5,0x52,0xee,0xb5,0xf6,0x17,0xf7,
    0xf6,0xf6,0xf6,0xf6,0x16,0xf7,0xb5,0xf6,0x53,0xee,0x94,0xf6,0x73,0xee,0x11,0xe6,0xf1,0xe5,0x47,0x4a,0x47,0x93,0x6a,0xcc,0x6a,0xcc,0x8a,0xd4,0x8a,0xd4,0xaa,0xd4,
    0x8a,0xd4,0xaa,0xd4,0xaa,0xd4,0xaa,0xd4,0xaa,0xd4,0xaa,0xd4,0xaa,0xd4,0xab,0xd4,0xab,0xd4,0xcb,0xd4,0xcb,0xd4,0xcb,0xd4,0xcb,0xd4,0xcb,0xd4,0xcb,0xd4,0xcb,0xd4,
    0xcb,0xd4,0xcb,0xd4,0xcb,0xd4,0xcb,0xd4,0xcb,0xd4,0xcb,0xd4,0xcb,0xd4,0xcb,0xd4,0xcb,0xd4,0xcb,0xd4,0xcb,0xd4,0x6a,0xc4,0x88,0xa3,0x88,0xab,0x06,0x9b,0xe6,0x92,
    0x65,0x7a,0xe2,0x20,0xe6,0x41,0x33,0xd6,0x13,0xd6,0x13,0xd6,0x13,0xd6,0x13,0xd6,0x13,0xd6,0x13,0xd6,0x13,0xd6,0x13,0xd6,0x13,0xd6,0x13,0xd6,0x13,0xd6,0x13,0xd6,
    0x13,0xd6,0x13,0xd6,0x13,0xd6,0x33,0xd6,0xb2,0xc5,0xe3,0x18,0xc4,0x39,0x8b,0xfe,0x6d,0xf6,0x2f,0xee,0x30,0xe6,0xef,0xdd,0x86,0x63,0x46,0x5b,0x86,0x6b,0x68,0x5b,
    0x0e,0xad,0x12,0xde,0x4f,0xbd,0x27,0x53,0x47,0x53,0x47,0x53,0xe7,0x42,0x6c,0x8c,0x33,0xde,0xf2,0xd5,0x12,0xde,0x2f,0xc5,0xac,0xbc,0x29,0xc4,0xe7,0x82,0x41,0x00,
    0xe9,0x62,0x95,0xe6,0xc9,0x5a,0xa5,0x7a,0x6f,0xee,0x4f,0xde,0xc2,0x18,0x27,0x4a,0x54,0xde,0x14,0xd6,0x14,0xd6,0x14,0xd6,0x14,0xd6,0x14,0xd6,0x14,0xd6,0x14,0xd6,
    0x14,0xd6,0x14,0xd6,0x14,0xd6,0x14,0xd6,0x13,0xd6,0x13,0xd6,0x13,0xd6,0x13,0xd6,0x13,0xd6,0x13,0xd6,0x13,0xd6,0x33,0xde,0x52,0xe6,0x71,0xe6,0x91,0xf6,0xee,0xdd,
    0xa5,0x7b,0xc5,0x7b,0xe5,0x83,0xe5,0x7b,0x06,0x84,0xa6,0x63,0x06,0x4b,0x65,0x3a,0xa4,0x29,0x63,0x21,0x63,0x21,0x63,0x21,0x64,0x21,0x84,0x21,0xa4,0x29,0xc5,0x42,
    0xe6,0x4a,0xe6,0x4a,0x05,0x53,0x8c,0xbd,0x31,0xff,0xd0,0xfe,0xf0,0xf6,0x84,0x29,0xc3,0x21,0xaa,0x94,0x50,0xff,0xaa,0x94,0x64,0x3a,0x2b,0xad,0x6c,0xb5,0xc3,0x29,
    0x85,0x42,0xa5,0x42,0x63,0x21,0xe3,0x10,0xc4,0x29,0x05,0x32,0xa6,0x42,0xc6,0x4a,0xe6,0x4a,0xe6,0x4a,0xe6,0x4a,0xe6,0x4a,0xe6,0x4a,0xc6,0x4a,0xa6,0x42,0x24,0x32,
    0x24,0x32,0x85,0x42,0xa5,0x73,0x05,0x8c,0xe5,0x8b,0xc8,0xac,0xd0,0xfe,0xb0,0xf6,0xb0,0xf6,0x90,0xf6,0x90,0xf6,0x90,0xf6,0x90,0xfe,0x90,0xf6,0xa5,0x31,0xe3,0x20,
    0x65,0x7a,0xe6,0x8a,0x06,0x9b,0xc6,0x8a,0xc6,0x8a,0xc6,0x82,0xc6,0x82,0xa6,0x82,0xa6,0x82,0xa6,0x82,0xa6,0x7a,0xa6,0x7a,0xa6,0x82,0x85,0x7a,0xe3,0x18,0xad,0xac,
    0x73,0xee,0x17,0xf7,0x17,0xf7,0x17,0xf7,0x18,0xf7,0x38,0xf7,0x38,0xf7,0x17,0xf7,0x38,0xf7,0x38,0xf7,0x17,0xf7,0x17,0xf7,0x17,0xf7,0xf6,0xf6,0xf6,0xf6,0xd5,0xf6,
    0x94,0xee,0x94,0xf6,0xb5,0xf6,0xd5,0xf6,0xf6,0xf6,0xf6,0xf6,0xf7,0xf6,0x17,0xf7,0x38,0xf7,0x38,0xf7,0x38,0xf7,0x38,0xf7,0x17,0xf7,0xf6,0xf6,0xf7,0xf6,0x94,0xf6,
    0x67,0x5a,0x43,0x39,0xa6,0x82,0xa6,0x82,0xc6,0x82,0xc6,0x82,0xa6,0x82,0xa6,0x7a,0xa6,0x82,0xa6,0x82,0xa6,0x7a,0xa6,0x7a,0xa6,0x7a,0xa6,0x7a,0xa6,0x82,0xa6,0x82,
    0xa6,0x7a,0xa6,0x7a,0xa6,0x7a,0xa6,0x7a,0xa6,0x7a,0xa6,0x7a,0xa6,0x7a,0xa6,0x7a,0xa6,0x7a,0xa6,0x7a,0x86,0x7a,0xa6,0x7a,0xa6,0x7a,0xa6,0x7a,0xa6,0x7a,0xa6,0x7a,
    0xa6,0x7a,0x86,0x7a,0x86,0x7a,0xc6,0x82,0x06,0x9b,0xe6,0x92,0x45,0x72,0xe2,0x20,0xe6,0x41,0x33,0xd6,0x13,0xd6,0x13,0xd6,0x13,0xd6,0x13,0xd6,0x13,0xd6,0x13,0xd6,
    0x13,0xd6,0x13,0xd6,0x13,0xd6,0x13,0xd6,0x13,0xd6,0x13,0xd6,0x13,0xd6,0x13,0xd6,0x13,0xd6,0x33,0xd6,0xb2,0xc5,0xe3,0x18,0xc4,0x39,0x8b,0xfe,0x6d,0xf6,0x30,0xe6,
    0x30,0xe6,0xef,0xdd,0x07,0x7c,0x66,0x63,0x07,0x4b,0x47,0x53,0xc6,0x42,0x0f,0xb5,0xcd,0x9c,0x67,0x5b,0x47,0x53,0x07,0x4b,0x27,0x4b,0x6c,0x8c,0x33,0xde,0xf2,0xd5,
    0x12,0xde,0x2f,0xc5,0xac,0xc4,0x29,0xc4,0x07,0x8b,0x41,0x00,0xc9,0x5a,0x74,0xde,0xec,0x8b,0xc5,0x82,0xce,0xed,0x8e,0xd5,0xc2,0x18,0x27,0x4a,0x54,0xde,0x14,0xd6,
    0x14,0xd6,0x14,0xd6,0x14,0xd6,0x14,0xd6,0x14,0xd6,0x14,0xd6,0x14,0xd6,0x14,0xd6,0x14,0xd6,0x13,0xd6,0x13,0xd6,0x13,0xd6,0x13,0xd6,0x13,0xd6,0x13,0xd6,0x13,0xd6,
    0x13,0xd6,0x33,0xde,0x52,0xe6,0x71,0xee,0x91,0xee,0x0f,0xde,0x05,0x8c,0xc5,0x7b,0xa6,0x73,0x66,0x63,0x86,0x63,0x46,0x5b,0x85,0x42,0xc4,0x29,0x63,0x21,0x43,0x19,
    0x83,0x21,0x84,0x21,0xa4,0x21,0xc4,0x29,0xc4,0x29,0x25,0x32,0x65,0x3a,0xe6,0x4a,0x46,0x5b,0xca,0x94,0xee,0xcd,0xf0,0xfe,0xb0,0xee,0xa4,0x31,0xe3,0x29,0xea,0x9c,
    0x71,0xff,0x29,0x8c,0x62,0x19,0x89,0x9c,0x4b,0xbd,0xe4,0x29,0x45,0x3a,0x43,0x19,0x63,0x21,0xa4,0x29,0x25,0x32,0x85,0x3a,0xe6,0x4a,0xe6,0x4a,0xe6,0x4a,0xe6,0x4a,
    0xe6,0x4a,0xe6,0x4a,0xe6,0x4a,0x06,0x4b,0xe6,0x4a,0x85,0x3a,0x24,0x32,0xc4,0x29,0x45,0x6b,0x05,0x8c,0x04,0x94,0xe8,0xb4,0xd0,0xfe,0xb0,0xf6,0xb0,0xf6,0x90,0xf6,
    0x90,0xf6,0x90,0xf6,0x90,0xf6,0x90,0xf6,0xa5,0x31,0xe3,0x28,0x85,0x7a,0xe6,0x8a,0xc6,0x8a,0xa5,0x82,0xa5,0x82,0x85,0x7a,0x85,0x7a,0x85,0x7a,0x85,0x7a,0x86,0x7a,
    0x85,0x7a,0x65,0x72,0x05,0x5a,0xc4,0x51,0xa2,0x10,0xee,0xb4,0xb4,0xf6,0xf6,0xf6,0x17,0xf7,0x38,0xf7,0x39,0xf7,0x38,0xf7,0x17,0xf7,0x38,0xf7,0x59,0xf7,0x38,0xf7,
    0x38,0xf7,0x38,0xf7,0x38,0xf7,0x38,0xf7,0x17,0xf7,0xf6,0xf6,0xd5,0xf6,0xd6,0xf6,0xf6,0xf6,0x17,0xf7,0x17,0xf7,0x17,0xf7,0x17,0xf7,0x17,0xf7,0x38,0xf7,0x38,0xf7,
    0x38,0xf7,0x38,0xf7,0x38,0xf7,0x38,0xff,0x17,0xf7,0xf5,0xfe,0xe9,0x62,0xe3,0x20,0x85,0x82,0x85,0x7a,0x65,0x7a,0x65,0x72,0x65,0x72,0x65,0x72,0x65,0x7a,0x65,0x7a,
    0x65,0x7a,0x65,0x72,0x65,0x72,0x65,0x7a,0x65,0x7a,0x65,0x7a,0x65,0x7a,0x65,0x7a,0x65,0x72,0x65,0x7a,0x65,0x7a,0x65,0x7a,0x65,0x7a,0x65,0x72,0x65,0x72,0x65,0x7a,
    0x65,0x7a,0x85,0x7a,0x85,0x7a,0x86,0x7a,0x85,0x7a,0x85,0x7a,0x85,0x7a,0x85,0x7a,0x85,0x7a,0xa6,0x82,0xc6,0x82,0xc6,0x8a,0x65,0x7a,0xe2,0x28,0x06,0x42,0x33,0xd6,
    0x33,0xd6,0x13,0xd6,0x13,0xd6,0x13,0xd6,0x13,0xd6,0x13,0xd6,0x13,0xd6,0x13,0xd6,0x13,0xd6,0x13,0xd6,0x13,0xd6,0x13,0xd6,0x13,0xd6,0x13,0xd6,0x13,0xd6,0x33,0xd6,
    0xb2,0xc5,0xe3,0x18,0xc4,0x39,0x8b,0xfe,0x6d,0xf6,0x10,0xe6,0x30,0xe6,0xef,0xdd,0x07,0x84,0xa7,0x6b,0x07,0x4b,0xe7,0x4a,0xa6,0x3a,0xce,0xa4,0xcd,0x9c,0x67,0x53,
    0x07,0x4b,0x68,0x53,0x27,0x4b,0x6c,0x8c,0x33,0xde,0x12,0xd6,0x13,0xde,0x4f,0xc5,0xcc,0xc4,0x49,0xc4,0xe6,0x82,0x41,0x00,0xc9,0x62,0x95,0xde,0x8b,0x7b,0xa5,0x7a,
    0xcd,0xed,0x6d,0xd5,0xc2,0x18,0x47,0x4a,0x54,0xde,0x14,0xd6,0x14,0xd6,0x14,0xd6,0x14,0xd6,0x14,0xd6,0x14,0xd6,0x14,0xd6,0x14,0xd6,0x14,0xd6,0x14,0xd6,0x13,0xd6,
    0x13,0xd6,0x13,0xd6,0x13,0xd6,0x13,0xd6,0x13,0xd6,0x13,0xd6,0x13,0xd6,0x33,0xde,0x52,0xe6,0x72,0xee,0xb1,0xf6,0x2e,0xe6,0x46,0x94,0xe6,0x7b,0x46,0x53,0x46,0x5b,
    0x46,0x5b,0x04,0x32,0x63,0x21,0x43,0x19,0x43,0x19,0x83,0x21,0x25,0x32,0x24,0x32,0x24,0x32,0x04,0x32,0xe4,0x29,0x23,0x19,0x83,0x21,0xa5,0x42,0xc5,0x42,0x84,0x3a,
    0x8a,0x94,0x10,0xff,0x11,0xf7,0x46,0x42,0xe3,0x29,0xca,0x9c,0x50,0xff,0x27,0x63,0x61,0x00,0x4a,0x94,0xed,0xcd,0xa5,0x42,0x63,0x21,0x82,0x08,0x04,0x32,0xc5,0x42,
    0xc6,0x4a,0xe6,0x4a,0xe6,0x4a,0xe6,0x4a,0xe6,0x4a,0xe6,0x4a,0xe6,0x4a,0xe6,0x4a,0xe6,0x4a,0xe6,0x4a,0xe6,0x4a,0x06,0x4b,0x65,0x3a,0xa4,0x21,0x84,0x7b,0x65,0xa4,
    0x04,0x94,0x08,0xb5,0xd0,0xfe,0xb0,0xf6,0xb0,0xf6,0x90,0xf6,0x90,0xf6,0x90,0xf6,0x90,0xf6,0x90,0xf6,0xa5,0x31,0xe2,0x28,0xa5,0x82,0x85,0x7a,0x45,0x72,0x45,0x72,
    0x45,0x72,0x65,0x7a,0x65,0x7a,0x65,0x7a,0x65,0x7a,0x65,0x7a,0x45,0x72,0x25,0x6a,0xa2,0x18,0x82,0x08,0xa2,0x10,0x30,0xbd,0x16,0xff,0x17,0xf7,0x38,0xf7,0x38,0xf7,
    0x39,0xf7,0x38,0xf7,0x59,0xf7,0x59,0xf7,0x59,0xf7,0x59,0xf7,0x59,0xf7,0x17,0xf7,0x17,0xf7,0x38,0xf7,0xf7,0xf6,0xf7,0xf6,0x38,0xf7,0x38,0xf7,0x59,0xf7,0x59,0xf7,
    0x59,0xf7,0x17,0xf7,0x18,0xf7,0x38,0xf7,0x59,0xf7,0x38,0xf7,0x58,0xf7,0x38,0xf7,0x38,0xf7,0x38,0xff,0x38,0xf7,0x58,0xff,0x4b,0x6b,0xa2,0x10,0x65,0x72,0x65,0x72,
    0x65,0x72,0x65,0x72,0x45,0x72,0x45,0x72,0x45,0x72,0x45,0x72,0x45,0x72,0x45,0x72,0x45,0x72,0x45,0x72,0x45,0x72,0x45,0x72,0x65,0x72,0x45,0x72,0x45,0x72,0x65,0x72,
    0x65,0x72,0x65,0x72,0x65,0x72,0x65,0x7a,0x65,0x7a,0x65,0x7a,0x65,0x7a,0x65,0x72,0x65,0x72,0x65,0x72,0x65,0x72,0x65,0x72,0x65,0x72,0x65,0x7a,0x65,0x7a,0x65,0x7a,
    0x45,0x72,0x25,0x6a,0x65,0x7a,0x02,0x29,0x06,0x42,0x54,0xde,0x13,0xd6,0x13,0xd6,0x13,0xd6,0x13,0xd6,0x13,0xd6,0x13,0xd6,0x13,0xd6,0x13,0xd6,0x13,0xd6,0x13,0xd6,
    0x13,0xd6,0x13,0xd6,0x13,0xd6,0x13,0xd6,0x13,0xd6,0x33,0xd6,0xb2,0xc5,0xe3,0x18,0xc4,0x39,0x8b,0xfe,0x6d,0xf6,0x0f,0xe6,0x10,0xe6,0x30,0xe6,0x6d,0xc5,0x67,0x5b,
    0x47,0x53,0x07,0x4b,0xc7,0x42,0x4a,0x84,0xa9,0x6b,0x66,0x32,0x27,0x53,0x27,0x53,0x89,0x63,0xb1,0xc5,0x13,0xde,0x12,0xde,0x13,0xde,0x2f,0xc5,0xcc,0xc4,0x49,0xc4,
    0xe6,0x82,0x41,0x00,0xe9,0x62,0xd6,0xee,0xa9,0x52,0xe6,0x8a,0xee,0xed,0x8d,0xd5,0xc2,0x18,0x47,0x4a,0x54,0xde,0x14,0xd6,0x14,0xd6,0x14,0xd6,0x14,0xd6,0x14,0xd6,
    0x14,0xd6,0x14,0xd6,0x14,0xd6,0x14,0xd6,0x14,0xd6,0x13,0xd6,0x13,0xd6,0x13,0xd6,0x13,0xd6,0x13,0xd6,0x13,0xd6,0x13,0xd6,0x13,0xd6,0x33,0xde,0x52,0xe6,0x72,0xee,
    0x2c,0xad,0x69,0x94,0x26,0x8c,0xe6,0x83,0xc6,0x6b,0x46,0x5b,0xc5,0x4a,0xc4,0x29,0xc4,0x29,0x04,0x32,0x85,0x42,0xe5,0x4a,0x05,0x53,0x25,0x5b,0x26,0x5b,0xe5,0x4a,
    0x85,0x42,0x25,0x32,0x25,0x32,0xc4,0x29,0x85,0x42,0x25,0x53,0x0a,0xa5,0x30,0xff,0x10,0xf7,0xe5,0x39,0x02,0x11,0x49,0x8c,0x71,0xff,0x68,0x6b,0xe2,0x08,0x26,0x5b,
    0xc8,0x73,0x83,0x21,0xc6,0x52,0x88,0x73,0xe9,0x7b,0x6a,0x8c,0x67,0x5b,0xe6,0x4a,0xe6,0x4a,0xe6,0x4a,0xe6,0x4a,0xe6,0x4a,0xe6,0x4a,0xe6,0x4a,0xe6,0x4a,0xe6,0x4a,
    0xe6,0x4a,0xe6,0x4a,0xa5,0x42,0x65,0x3a,0x85,0x6b,0x25,0x94,0x04,0x94,0x08,0xb5,0xd0,0xfe,0xb0,0xf6,0xb0,0xf6,0xb0,0xf6,0x90,0xf6,0x90,0xf6,0x90,0xf6,0x70,0xf6,
    0x85,0x31,0xa2,0x10,0x03,0x29,0xe2,0x20,0x03,0x29,0x03,0x29,0x03,0x29,0x03,0x29,0x03,0x29,0x03,0x29,0x03,0x29,0x03,0x29,0x23,0x29,0x03,0x29,0xea,0x9b,0xaa,0x8b,
    0xc3,0x18,0xb2,0xcd,0xd5,0xf6,0xd5,0xf6,0x38,0xf7,0x38,0xf7,0x59,0xf7,0x59,0xf7,0x59,0xf7,0x59,0xf7,0x59,0xf7,0x59,0xf7,0x59,0xf7,0x38,0xf7,0x38,0xf7,0x39,0xf7,
    0x38,0xf7,0x38,0xf7,0x59,0xf7,0x59,0xf7,0x59,0xf7,0x59,0xf7,0x59,0xf7,0x59,0xf7,0x38,0xf7,0x17,0xf7,0x59,0xf7,0x59,0xf7,0x59,0xf7,0x59,0xf7,0x38,0xf7,0x38,0xf7,
    0x38,0xf7,0x37,0xff,0xb1,0xc5,0x44,0x29,0x03,0x29,0x23,0x29,0x23,0x29,0x03,0x29,0x03,0x29,0x03,0x29,0x03,0x29,0x03,0x29,0x03,0x29,0x03,0x29,0x03,0x29,0x03,0x29,
    0x03,0x29,0x03,0x29,0x03,0x29,0x03,0x29,0x03,0x29,0x03,0x29,0x02,0x29,0x03,0x29,0x03,0x29,0x03,0x29,0x03,0x29,0x03,0x29,0x02,0x29,0x02,0x29,0xe2,0x28,0x02,0x29,
    0x03,0x29,0x03,0x29,0x03,0x29,0x02,0x29,0x02,0x21,0xe2,0x20,0xe2,0x20,0xe2,0x20,0xe2,0x28,0x61,0x10,0x06,0x42,0x54,0xd6,0x33,0xd6,0x13,0xd6,0x13,0xd6,0x13,0xd6,
    0x13,0xd6,0x13,0xd6,0x13,0xd6,0x13,0xd6,0x13,0xd6,0x13,0xd6,0x13,0xd6,0x13,0xd6,0x13,0xd6,0x13,0xd6,0x13,0xd6,0x33,0xd6,0xb2,0xc5,0xe3,0x18,0xe4,0x41,0xac,0xfe,
    0x6d,0xf6,0x2f,0xe6,0x30,0xe6,0x30,0xe6,0x51,0xe6,0x8c,0x94,0x68,0x5b,0x47,0x53,0xe7,0x42,0x68,0x63,0x48,0x53,0x07,0x4b,0x47,0x53,0x48,0x5b,0x30,0xad,0x33,0xde,
    0x13,0xd6,0x13,0xd6,0x13,0xde,0x2f,0xc5,0xcd,0xc4,0x49,0xc4,0xa6,0x7a,0x62,0x08,0xe6,0x39,0x8c,0x73,0xa7,0x6a,0x08,0xac,0xad,0xe5,0x0c,0xc5,0xa2,0x10,0x47,0x4a,
    0x54,0xde,0x14,0xd6,0x14,0xd6,0x14,0xd6,0x14,0xd6,0x14,0xce,0x14,0xce,0x14,0xd6,0x14,0xd6,0x14,0xd6,0x14,0xd6,0x14,0xd6,0x13,0xd6,0x13,0xd6,0x13,0xd6,0x13,0xd6,
    0x13,0xd6,0x13,0xd6,0x33,0xd6,0x33,0xde,0x52,0xe6,0x72,0xee,0x69,0x8c,0x85,0x63,0x06,0x84,0xe6,0x7b,0xe6,0x7b,0xc5,0x4a,0xa4,0x21,0xc4,0x29,0x24,0x32,0xa5,0x42,
    0x46,0x5b,0xa6,0x63,0xa6,0x73,0xa6,0x6b,0xa6,0x6b,0x66,0x5b,0x46,0x5b,0x06,0x4b,0x85,0x3a,0x63,0x19,0x24,0x32,0x45,0x5b,0xa9,0x9c,0x6e,0xe6,0xcf,0xf6,0xc4,0x39,
    0xa2,0x08,0xe8,0x83,0x50,0xff,0x68,0x6b,0x23,0x11,0x44,0x32,0x44,0x3a,0x43,0x29,0x69,0x94,0x8e,0xde,0x4e,0xde,0x4e,0xde,0xe8,0x73,0xc6,0x42,0x06,0x53,0x06,0x53,
    0x06,0x53,0x26,0x53,0x26,0x53,0x26,0x53,0x26,0x53,0x06,0x53,0x06,0x53,0x06,0x4b,0xe6,0x4a,0xe6,0x4a,0x26,0x53,0x45,0x63,0xe4,0x8b,0xe8,0xb4,0xd0,0xfe,0xb0,0xf6,
    0xb0,0xf6,0xb0,0xf6,0x90,0xf6,0x90,0xf6,0x90,0xf6,0x90,0xf6,0x48,0x73,0x66,0x52,0x87,0x52,0x87,0x52,0x87,0x52,0x87,0x52,0x87,0x52,0x67,0x52,0x67,0x52,0x47,0x4a,
    0x47,0x4a,0x64,0x29,0xe3,0x18,0x67,0x52,0xd1,0xdd,0x90,0xd5,0x47,0x5a,0x50,0xcd,0xf1,0xe5,0xd5,0xf6,0x38,0xf7,0x38,0xf7,0x59,0xf7,0x59,0xf7,0x59,0xf7,0x59,0xf7,
    0x59,0xf7,0x59,0xf7,0x59,0xf7,0x17,0xf7,0x38,0xf7,0x59,0xf7,0x59,0xf7,0x59,0xf7,0x59,0xf7,0x59,0xf7,0x59,0xf7,0x59,0xf7,0x59,0xf7,0x38,0xf7,0x59,0xf7,0x18,0xf7,
    0x38,0xf7,0x59,0xf7,0x59,0xf7,0x59,0xf7,0x58,0xff,0x38,0xff,0xf6,0xf6,0xb4,0xfe,0xf6,0xfe,0x06,0x42,0x03,0x19,0x27,0x4a,0x47,0x4a,0x47,0x4a,0x47,0x4a,0x67,0x4a,
    0x68,0x4a,0x68,0x52,0x68,0x4a,0x67,0x4a,0x47,0x4a,0x47,0x4a,0x47,0x4a,0x47,0x4a,0x47,0x4a,0x47,0x4a,0x47,0x4a,0x47,0x4a,0x47,0x4a,0x47,0x4a,0x47,0x4a,0x47,0x4a,
    0x47,0x4a,0x47,0x4a,0x47,0x4a,0x47,0x4a,0x67,0x4a,0x68,0x4a,0x67,0x4a,0x67,0x4a,0x67,0x4a,0x68,0x4a,0x68,0x4a,0x67,0x4a,0x47,0x4a,0x67,0x4a,0x68,0x4a,0x47,0x4a,
    0x6b,0x73,0x33,0xd6,0x13,0xd6,0x13,0xd6,0x13,0xd6,0x13,0xd6,0x13,0xd6,0x13,0xd6,0x13,0xd6,0x13,0xd6,0x13,0xd6,0x13,0xd6,0x13,0xd6,0x13,0xd6,0x13,0xd6,0x13,0xd6,
    0x13,0xd6,0x33,0xd6,0xb2,0xc5,0xe3,0x18,0xc4,0x39,0xac,0xfe,0x6d,0xf6,0x30,0xe6,0x30,0xe6,0x30,0xe6,0x11,0xe6,0x52,0xe6,0xcd,0xa4,0x06,0x43,0x07,0x4b,0x26,0x2a,
    0xc7,0x42,0x47,0x53,0x48,0x53,0xd2,0xcd,0x13,0xde,0x12,0xd6,0x13,0xd6,0x12,0xd6,0x13,0xd6,0x2f,0xc5,0xcd,0xc4,0x49,0xcc,0x86,0x72,0x82,0x08,0xa2,0x10,0x61,0x08,
    0x47,0x8b,0x0f,0xee,0x8a,0xc4,0xa8,0xa3,0xa2,0x10,0x47,0x4a,0x54,0xde,0x14,0xd6,0x14,0xd6,0x14,0xd6,0x14,0xd6,0x14,0xce,0x14,0xce,0x14,0xd6,0x14,0xd6,0x14,0xd6,
    0x14,0xd6,0x13,0xd6,0x13,0xd6,0x13,0xd6,0x13,0xd6,0x13,0xd6,0x13,0xd6,0x13,0xd6,0x33,0xd6,0x33,0xde,0x52,0xe6,0x72,0xe6,0x89,0x9c,0xa6,0x6b,0x86,0x63,0x66,0x5b,
    0x46,0x5b,0xc4,0x29,0x83,0x21,0x46,0x53,0x66,0x5b,0x66,0x5b,0x86,0x63,0x86,0x63,0x86,0x6b,0x86,0x6b,0x86,0x63,0x45,0x5b,0x26,0x8c,0xc6,0x7b,0x25,0x53,0x67,0x5b,
    0xc4,0x29,0x43,0x21,0xe6,0x4a,0x08,0x74,0xf1,0xee,0x06,0x42,0xc3,0x08,0x25,0x73,0x47,0xcd,0xa4,0x5a,0x23,0x11,0xa4,0x21,0x66,0x6b,0x6c,0xf6,0x68,0x94,0xc5,0x42,
    0xc5,0x4a,0xc5,0x42,0xc5,0x4a,0x05,0x53,0xc4,0x83,0xc8,0xac,0xaf,0xee,0x8f,0xe6,0x6e,0xe6,0x6e,0xe6,0x6e,0xe6,0x66,0xa4,0xe5,0x8b,0x84,0x73,0x65,0x63,0x46,0x63,
    0xa5,0x42,0xa5,0x42,0xe4,0x93,0xe8,0xbc,0xd0,0xfe,0xb0,0xf6,0xb0,0xf6,0xb0,0xf6,0x90,0xf6,0x90,0xf6,0x90,0xf6,0x90,0xf6,0xd1,0xfe,0xd1,0xfe,0xd1,0xfe,0xd1,0xfe,
    0xd1,0xfe,0xb1,0xfe,0xb1,0xfe,0x91,0xf6,0x92,0xee,0x93,0xee,0xd4,0xf6,0xec,0x8b,0x03,0x21,0x52,0xe6,0xb4,0xf6,0x73,0xee,0x2e,0xd5,0xea,0xab,0xce,0xbc,0x37,0xff,
    0x38,0xf7,0x59,0xff,0x59,0xff,0x59,0xf7,0x59,0xf7,0x59,0xf7,0x59,0xf7,0x59,0xf7,0x17,0xf7,0xf7,0xf6,0x39,0xf7,0x59,0xf7,0x59,0xf7,0x59,0xf7,0x59,0xf7,0x59,0xf7,
    0x59,0xf7,0x59,0xf7,0x59,0xf7,0x38,0xf7,0x59,0xf7,0x59,0xf7,0x38,0xf7,0x38,0xf7,0x59,0xf7,0x59,0xf7,0x59,0xff,0x38,0xff,0xf6,0xf6,0x4d,0xa4,0x2f,0xc5,0x85,0x31,
    0xc8,0x5a,0x74,0xe6,0x54,0xde,0x54,0xde,0x54,0xde,0x54,0xde,0x54,0xde,0x74,0xde,0x54,0xde,0x54,0xde,0x54,0xde,0x53,0xde,0x54,0xde,0x53,0xde,0x54,0xde,0x54,0xde,
    0x54,0xde,0x54,0xde,0x54,0xde,0x54,0xde,0x54,0xde,0x54,0xde,0x54,0xde,0x54,0xde,0x54,0xde,0x54,0xde,0x54,0xde,0x54,0xde,0x54,0xde,0x54,0xde,0x54,0xde,0x54,0xde,
    0x74,0xde,0x74,0xde,0x54,0xde,0x54,0xde,0x54,0xde,0x74,0xde,0x54,0xde,0x13,0xd6,0x13,0xd6,0x13,0xd6,0x13,0xd6,0x13,0xd6,0x13,0xd6,0x13,0xd6,0x13,0xd6,0x13,0xd6,
    0x13,0xd6,0x13,0xd6,0x13,0xd6,0x13,0xd6,0x13,0xd6,0x13,0xd6,0x13,0xd6,0x33,0xd6,0xb2,0xc5,0xe3,0x18,0xc4,0x39,0x6b,0xfe,0x4d,0xf6,0x30,0xe6,0x10,0xe6,0x31,0xe6,
    0x11,0xde,0x12,0xde,0xf2,0xd5,0x70,0xbd,0x2f,0xb5,0x26,0x2a,0xa7,0x42,0x70,0xbd,0x71,0xbd,0x13,0xd6,0x13,0xd6,0x13,0xd6,0x12,0xd6,0x13,0xd6,0x33,0xde,0x4f,0xc5,
    0xcd,0xbc,0x49,0xcc,0x86,0x72,0x62,0x00,0xc4,0x51,0x47,0xa3,0x4a,0xbc,0x2d,0xd5,0x05,0x4a,0x23,0x21,0x2e,0x8c,0x51,0xb5,0x34,0xd6,0x14,0xd6,0x14,0xd6,0x14,0xce,
    0x14,0xce,0x14,0xce,0x14,0xce,0x14,0xd6,0x14,0xd6,0x14,0xd6,0x14,0xd6,0x13,0xd6,0x13,0xd6,0x13,0xd6,0x13,0xd6,0x13,0xd6,0x13,0xd6,0x13,0xd6,0x33,0xd6,0x33,0xde,
    0x52,0xe6,0x72,0xe6,0x89,0x9c,0xa6,0x73,0xa6,0x63,0x46,0x5b,0xc5,0x42,0x45,0x3a,0x45,0x3a,0x66,0x5b,0x66,0x5b,0x66,0x5b,0x66,0x5b,0x66,0x63,0x86,0x6b,0x86,0x6b,
    0x65,0x63,0x28,0x84,0x09,0xad,0xa9,0xa4,0x69,0x8c,0x06,0x53,0x83,0x21,0x43,0x19,0xc5,0x4a,0xa7,0x63,0xb1,0xe6,0x05,0x42,0x82,0x08,0x84,0x52,0x86,0xa4,0x84,0x4a,
    0x23,0x11,0xe4,0x29,0xc5,0x52,0xa7,0x83,0xc6,0x5a,0x24,0x32,0x45,0x3a,0xa5,0x42,0xc5,0x4a,0xe5,0x4a,0x84,0x73,0x87,0x9c,0xcb,0xcd,0x2d,0xe6,0xd0,0xfe,0xcf,0xfe,
    0xcf,0xfe,0xeb,0xdd,0x6a,0xc5,0x88,0x9c,0x07,0x84,0xa5,0x73,0x25,0x5b,0xa5,0x42,0xc4,0x8b,0xe8,0xb4,0xd0,0xfe,0xb0,0xf6,0x90,0xf6,0x90,0xf6,0x90,0xf6,0x90,0xf6,
    0x90,0xf6,0x90,0xf6,0x90,0xf6,0x90,0xf6,0x90,0xf6,0x90,0xf6,0x71,0xf6,0x71,0xf6,0x71,0xf6,0x71,0xee,0x72,0xe6,0x52,0xe6,0xa8,0x5a,0x29,0x6b,0x2f,0xbd,0x94,0xf6,
    0xd5,0xf6,0xb4,0xf6,0x32,0xee,0xad,0xbc,0x8c,0xbc,0x74,0xee,0xb5,0xf6,0x17,0xf7,0x58,0xf7,0x59,0xf7,0x59,0xf7,0x59,0xf7,0x59,0xf7,0x18,0xf7,0xf7,0xf6,0x38,0xf7,
    0x59,0xf7,0x59,0xf7,0x59,0xf7,0x59,0xf7,0x59,0xf7,0x59,0xf7,0x59,0xf7,0x59,0xf7,0x59,0xf7,0x59,0xf7,0x59,0xf7,0x59,0xf7,0x59,0xf7,0x59,0xf7,0x59,0xf7,0x59,0xf7,
    0x38,0xf7,0xf6,0xf6,0x17,0xff,0xc6,0x39,0x67,0x52,0x30,0xb5,0xb2,0xc5,0x33,0xd6,0x13,0xd6,0x13,0xd6,0x13,0xd6,0x13,0xd6,0x33,0xd6,0x33,0xd6,0x33,0xd6,0x33,0xd6,
    0x33,0xd6,0x13,0xd6,0x33,0xd6,0x33,0xd6,0x33,0xd6,0x33,0xd6,0x13,0xd6,0x13,0xd6,0x33,0xd6,0x33,0xd6,0x13,0xd6,0x33,0xd6,0x33,0xd6,0x33,0xd6,0x13,0xd6,0x13,0xd6,
    0x13,0xd6,0x13,0xd6,0x13,0xd6,0x33,0xd6,0x33,0xd6,0x33,0xd6,0x33,0xd6,0x13,0xd6,0x33,0xd6,0x33,0xd6,0x33,0xd6,0x33,0xd6,0x13,0xd6,0x13,0xd6,0x13,0xd6,0x13,0xd6,
    0x13,0xd6,0x13,0xd6,0x13,0xd6,0x13,0xd6,0x13,0xd6,0x13,0xd6,0x13,0xd6,0x13,0xd6,0x13,0xd6,0x13,0xd6,0x13,0xd6,0x13,0xd6,0x13,0xd6,0x33,0xd6,0xd2,0xcd,0x04,0x19,
    0xc4,0x39,0x4b,0xf6,0x2d,0xf6,0x0f,0xe6,0x10,0xe6,0x31,0xe6,0x11,0xde,0x12,0xde,0x12,0xde,0x33,0xde,0x12,0xd6,0xab,0x73,0xcb,0x7b,0x33,0xde,0x33,0xde,0x13,0xd6,
    0x13,0xd6,0x13,0xd6,0x13,0xd6,0xf2,0xd5,0x13,0xd6,0x0e,0xc5,0x8c,0xbc,0x6a,0xcc,0xa6,0x72,0x62,0x08,0x63,0x39,0x85,0x72,0xc7,0x7a,0x07,0x7b,0x84,0x31,0xa5,0x31,
    0xb2,0xc5,0x54,0xde,0x14,0xd6,0x14,0xd6,0x14,0xd6,0x14,0xd6,0x14,0xd6,0x14,0xce,0x14,0xce,0x14,0xce,0x14,0xd6,0x14,0xd6,0x14,0xd6,0x13,0xd6,0x13,0xd6,0x13,0xd6,
    0x13,0xd6,0x13,0xd6,0x13,0xd6,0x13,0xd6,0x33,0xd6,0x33,0xde,0x52,0xe6,0x72,0xe6,0x89,0x9c,0xa6,0x73,0xc7,0x6b,0xe5,0x52,0x63,0x19,0xc5,0x4a,0x46,0x5b,0x66,0x63,
    0x86,0x63,0x46,0x5b,0x45,0x63,0x45,0x63,0x65,0x63,0x65,0x63,0xe4,0x52,0xcd,0xc5,0x10,0xff,0x31,0xff,0x52,0xff,0xe5,0x39,0xc2,0x10,0x03,0x11,0x04,0x32,0xa5,0x4a,
    0x6f,0xe6,0x05,0x42,0x82,0x08,0x64,0x4a,0x25,0x84,0x64,0x42,0x03,0x11,0x24,0x3a,0x24,0x32,0x82,0x00,0xe2,0x10,0x43,0x19,0x23,0x19,0x63,0x21,0x85,0x42,0xe5,0x4a,
    0x66,0x63,0xa5,0x73,0xa3,0x8b,0x29,0xbd,0x10,0xff,0xd0,0xfe,0xb0,0xfe,0xd0,0xfe,0xf0,0xfe,0x31,0xff,0xcb,0xcd,0xa3,0x83,0x45,0x6b,0x24,0x32,0xc4,0x83,0xe8,0xb4,
    0xd0,0xfe,0x90,0xf6,0x90,0xf6,0x90,0xf6,0x90,0xf6,0x90,0xf6,0x90,0xf6,0x90,0xf6,0x90,0xf6,0x90,0xf6,0x90,0xf6,0x70,0xf6,0x71,0xf6,0x91,0xf6,0x71,0xf6,0x71,0xee,
    0x11,0xde,0x90,0xc5,0xc5,0x41,0x09,0x73,0xb4,0xfe,0xf6,0xf6,0xf6,0xf6,0xf6,0xf6,0x94,0xf6,0x2e,0xcd,0x6c,0xbc,0x90,0xd5,0x53,0xe6,0xf6,0xf6,0x38,0xff,0x38,0xf7,
    0x59,0xf7,0x59,0xf7,0x59,0xf7,0xf6,0xf6,0xf7,0xf6,0x59,0xf7,0x59,0xf7,0x59,0xf7,0x59,0xf7,0x59,0xf7,0x59,0xf7,0x59,0xf7,0x59,0xf7,0x59,0xf7,0x59,0xf7,0x59,0xf7,
    0x59,0xf7,0x59,0xf7,0x38,0xf7,0x59,0xff,0x59,0xf7,0x59,0xf7,0x17,0xf7,0xb4,0xf6,0xb4,0xf6,0x67,0x52,0xa8,0x5a,0x74,0xe6,0x33,0xd6,0x33,0xd6,0x13,0xd6,0x13,0xd6,
    0x33,0xd6,0x13,0xd6,0x33,0xd6,0x33,0xd6,0x33,0xd6,0x33,0xd6,0x33,0xd6,0x33,0xd6,0x33,0xd6,0x33,0xd6,0x33,0xd6,0x33,0xd6,0x33,0xd6,0x33,0xd6,0x33,0xd6,0x33,0xd6,
    0x33,0xd6,0x33,0xd6,0x33,0xd6,0x33,0xd6,0x13,0xd6,0x13,0xd6,0x13,0xd6,0x13,0xd6,0x33,0xd6,0x33,0xd6,0x33,0xd6,0x33,0xd6,0x33,0xd6,0x13,0xd6,0x33,0xd6,0x33,0xd6,
    0x33,0xd6,0x33,0xd6,0x33,0xd6,0x13,0xd6,0x13,0xd6,0x13,0xd6,0x13,0xd6,0x13,0xd6,0x13,0xd6,0x13,0xd6,0x13,0xd6,0x13,0xd6,0x13,0xd6,0x13,0xd6,0x13,0xd6,0x13,0xd6,
    0x13,0xd6,0x13,0xd6,0x13,0xd6,0x33,0xd6,0xd2,0xc5,0xa3,0x10,0xa3,0x39,0xcc,0xfe,0x2b,0xfe,0x8b,0xf5,0x30,0xee,0x31,0xe6,0x12,0xde,0x12,0xde,0x12,0xd6,0x12,0xd6,
    0x13,0xd6,0x33,0xde,0x33,0xde,0x13,0xd6,0x13,0xd6,0x13,0xd6,0x13,0xd6,0x13,0xd6,0x13,0xd6,0xd2,0xd5,0x13,0xde,0x4a,0xc4,0xe8,0xbb,0x8a,0xd4,0xa6,0x72,0x82,0x08,
    0xa2,0x10,0x62,0x00,0x41,0x00,0x00,0x00,0x8b,0x73,0x34,0xd6,0x13,0xd6,0x14,0xd6,0x14,0xd6,0x14,0xd6,0x14,0xce,0x14,0xce,0x14,0xce,0x14,0xce,0x14,0xce,0x14,0xd6,
    0x14,0xd6,0x14,0xd6,0x14,0xd6,0x13,0xd6,0x13,0xd6,0x13,0xd6,0x13,0xd6,0x13,0xd6,0x13,0xd6,0x13,0xd6,0x33,0xd6,0x33,0xde,0x52,0xe6,0x72,0xee,0xa9,0x9c,0xa6,0x73,
    0x86,0x63,0xa5,0x4a,0xc4,0x29,0x05,0x4b,0x46,0x53,0x46,0x5b,0x66,0x5b,0x46,0x5b,0x89,0x8c,0x2a,0xad,0x2a,0xad,0x2a,0xad,0xea,0xa4,0x4f,0xe6,0xf1,0xfe,0xad,0xc5,
    0x8c,0xb5,0xc5,0x52,0x04,0x32,0xc2,0x10,0xc4,0x29,0xa5,0x4a,0x4a,0xbd,0x05,0x42,0xa2,0x08,0x44,0x42,0xc6,0x6b,0x04,0x3a,0xc2,0x10,0x83,0x21,0xe4,0x29,0x25,0x3a,
    0x65,0x3a,0x85,0x42,0x45,0x3a,0x04,0x32,0x04,0x32,0x45,0x3a,0x26,0x53,0x65,0x63,0x84,0x7b,0x87,0x9c,0x8a,0xc5,0x2d,0xe6,0xd0,0xfe,0xd0,0xfe,0xb0,0xfe,0xd0,0xfe,
    0x2d,0xe6,0x4a,0xbd,0x89,0x94,0xc5,0x4a,0x64,0x6b,0x88,0x9c,0xd0,0xfe,0x90,0xf6,0x90,0xf6,0x90,0xf6,0x90,0xf6,0x90,0xf6,0x90,0xf6,0x90,0xf6,0x90,0xf6,0x90,0xf6,
    0x91,0xf6,0x71,0xf6,0x70,0xf6,0x70,0xf6,0x70,0xf6,0xb2,0xf6,0x4c,0x9c,0x82,0x10,0xac,0xb4,0x32,0xee,0x17,0xff,0xf6,0xf6,0xf6,0xf6,0xf6,0xf6,0xd6,0xf6,0x11,0xe6,
    0x6f,0xd5,0xaa,0x9b,0x50,0xcd,0x94,0xf6,0xf6,0xf6,0x17,0xf7,0x38,0xf7,0x59,0xf7,0x59,0xf7,0xd6,0xf6,0xf7,0xf6,0x59,0xf7,0x59,0xf7,0x59,0xf7,0x59,0xf7,0x59,0xf7,
    0x59,0xf7,0x59,0xf7,0x59,0xf7,0x59,0xf7,0x59,0xf7,0x59,0xf7,0x59,0xf7,0x59,0xf7,0x38,0xf7,0x38,0xf7,0x17,0xf7,0x38,0xf7,0xf6,0xf6,0x33,0xe6,0xcd,0xc4,0x4f,0xd5,
    0x4c,0x9c,0x65,0x29,0xef,0xac,0x33,0xde,0x33,0xd6,0x33,0xd6,0x33,0xd6,0x33,0xd6,0x33,0xd6,0x33,0xd6,0x33,0xd6,0x33,0xd6,0x33,0xd6,0x33,0xd6,0x33,0xd6,0x33,0xd6,
    0x33,0xd6,0x33,0xd6,0x33,0xd6,0x33,0xd6,0x33,0xd6,0x33,0xd6,0x33,0xd6,0x33,0xd6,0x33,0xd6,0x33,0xd6,0x13,0xd6,0x13,0xd6,0x13,0xd6,0x13,0xd6,0x33,0xd6,0x33,0xd6,
    0x33,0xd6,0x33,0xd6,0x33,0xd6,0x33,0xd6,0x33,0xd6,0x33,0xd6,0x33,0xd6,0x13,0xd6,0x13,0xd6,0x13,0xd6,0x13,0xd6,0x13,0xd6,0x13,0xd6,0x13,0xd6,0x13,0xd6,0x13,0xd6,
    0x13,0xd6,0x13,0xd6,0x13,0xd6,0x13,0xd6,0x13,0xd6,0x13,0xd6,0x13,0xd6,0x13,0xd6,0x13,0xd6,0x13,0xd6,0xf2,0xcd,0x2d,0x8c,0xeb,0x8b,0xc7,0x83,0x67,0x83,0x26,0x83,
    0x0c,0xcd,0x8e,0xdd,0xd0,0xd5,0xd1,0xd5,0xf2,0xd5,0xf2,0xd5,0xf2,0xd5,0xf2,0xd5,0xf2,0xd5,0xf2,0xd5,0xf2,0xd5,0xf2,0xd5,0xf2,0xd5,0xd2,0xd5,0xd2,0xd5,0x4f,0xcd,
    0x0e,0xcd,0x07,0x83,0x86,0x72,0xe7,0x82,0xe5,0x51,0xa2,0x10,0xa5,0x31,0xe9,0x62,0x0a,0x63,0xc9,0x5a,0xcf,0xa4,0x54,0xde,0x14,0xd6,0x14,0xd6,0x14,0xce,0x14,0xce,
    0x14,0xce,0x14,0xce,0x14,0xce,0x14,0xce,0x14,0xce,0x14,0xce,0x14,0xd6,0x14,0xd6,0x13,0xd6,0x13,0xd6,0x13,0xd6,0x13,0xd6,0x13,0xd6,0x13,0xd6,0x13,0xd6,0x13,0xd6,
    0x13,0xd6,0x33,0xde,0x52,0xe6,0x72,0xee,0xaa,0x9c,0x86,0x6b,0x46,0x5b,0x06,0x4b,0x66,0x5b,0x66,0x5b,0x26,0x53,0xe5,0x4a,0x05,0x4b,0xc5,0x4a,0xce,0xc5,0x51,0xff,
    0x10,0xff,0xf0,0xfe,0x11,0xff,0xd0,0xf6,0x90,0xe6,0xc7,0x73,0x85,0x6b,0x07,0x7c,0x66,0x63,0xc2,0x10,0xc4,0x29,0xc6,0x42,0x46,0x94,0xe4,0x39,0xa3,0x10,0xe4,0x29,
    0xe6,0x42,0x63,0x21,0xa2,0x10,0x83,0x21,0x64,0x3a,0xe5,0x4a,0xe5,0x4a,0xe6,0x4a,0x06,0x53,0x26,0x53,0x04,0x32,0x63,0x21,0xa5,0x42,0x26,0x53,0x85,0x6b,0xc5,0x83,
    0xa3,0x8b,0x6a,0xc5,0xd0,0xf6,0xb0,0xf6,0xb0,0xf6,0xb0,0xfe,0xd0,0xfe,0x11,0xff,0x2e,0xd6,0x04,0x53,0xe4,0x4a,0x29,0x84,0xd0,0xfe,0x90,0xf6,0x90,0xf6,0x90,0xf6,
    0x90,0xf6,0x90,0xf6,0x90,0xf6,0x90,0xf6,0x90,0xf6,0x90,0xf6,0x71,0xf6,0x91,0xf6,0xb1,0xfe,0xb1,0xfe,0xb1,0xfe,0xb2,0xf6,0x6d,0x9c,0xc2,0x10,0x90,0xcd,0xb4,0xf6,
    0xf6,0xf6,0xf6,0xf6,0xf6,0xf6,0xf6,0xf6,0xf6,0xf6,0x73,0xee,0x11,0xe6,0x2e,0xd5,0x4c,0xb4,0x0b,0xa4,0x73,0xee,0xf6,0xfe,0xf6,0xf6,0x58,0xff,0x59,0xf7,0xd6,0xf6,
    0xf7,0xf6,0x59,0xf7,0x59,0xf7,0x59,0xf7,0x59,0xf7,0x59,0xf7,0x59,0xf7,0x59,0xf7,0x59,0xf7,0x59,0xf7,0x59,0xf7,0x59,0xf7,0x59,0xf7,0x59,0xf7,0x38,0xf7,0x38,0xf7,
    0x17,0xf7,0xf6,0xf6,0x73,0xee,0xb1,0xdd,0x49,0x93,0x6f,0xdd,0xee,0xb4,0xc2,0x10,0x91,0xc5,0x33,0xde,0x33,0xd6,0x33,0xd6,0x33,0xd6,0x33,0xd6,0x33,0xd6,0x33,0xd6,
    0x33,0xd6,0x33,0xd6,0x33,0xd6,0x33,0xd6,0x33,0xd6,0x33,0xd6,0x33,0xd6,0x13,0xd6,0x33,0xd6,0x33,0xd6,0x33,0xd6,0x33,0xd6,0x33,0xd6,0x33,0xd6,0x33,0xd6,0x33,0xd6,
    0x13,0xd6,0x13,0xd6,0x13,0xd6,0x13,0xd6,0x33,0xd6,0x33,0xd6,0x33,0xd6,0x33,0xd6,0x33,0xd6,0x33,0xd6,0x13,0xd6,0x13,0xd6,0x33,0xd6,0x13,0xd6,0x13,0xd6,0x13,0xd6,
    0x13,0xd6,0x13,0xd6,0x13,0xd6,0x13,0xd6,0x13,0xd6,0x33,0xd6,0x74,0xde,0x74,0xde,0x74,0xde,0x74,0xde,0x74,0xde,0x74,0xde,0x74,0xde,0x74,0xde,0x74,0xde,0x74,0xde,
    0x54,0xde,0x94,0xe6,0x70,0xbd,0x62,0x08,0x62,0x08,0x82,0x08,0xe8,0xab,0x8a,0xcc,0x2e,0xcd,0x6f,0xcd,0xb1,0xd5,0xb1,0xd5,0xb0,0xcd,0xb1,0xd5,0xb1,0xd5,0xb1,0xd5,
    0xb1,0xd5,0xb1,0xd5,0xd1,0xd5,0xb0,0xd5,0x70,0xcd,0xac,0xcc,0x4a,0xcc,0x84,0x41,0x62,0x00,0x62,0x08,0x88,0x52,0xb2,0xc5,0xd3,0xcd,0x74,0xde,0x95,0xe6,0xb6,0xee,
    0x95,0xde,0x54,0xde,0x54,0xde,0x54,0xde,0x55,0xd6,0x55,0xd6,0x55,0xd6,0x55,0xd6,0x54,0xd6,0x14,0xce,0x14,0xce,0x14,0xce,0x14,0xce,0x14,0xd6,0x13,0xd6,0x13,0xd6,
    0x13,0xd6,0x13,0xd6,0x13,0xd6,0x13,0xd6,0x13,0xd6,0x13,0xd6,0x13,0xd6,0x33,0xde,0x52,0xe6,0x72,0xe6,0x69,0x94,0x46,0x63,0xa5,0x42,0xe6,0x4a,0x66,0x5b,0x45,0x5b,
    0x45,0x5b,0x2b,0xa5,0x8c,0xb5,0x6c,0xb5,0x6f,0xe6,0xd0,0xfe,0xb0,0xfe,0x11,0xff,0xee,0xcd,0x47,0x5b,0x47,0x5b,0x66,0x5b,0x46,0x5b,0x85,0x42,0x25,0x32,0xa4,0x21,
    0x05,0x32,0x64,0x21,0x26,0x5b,0x63,0x29,0xa2,0x10,0xe4,0x29,0xe6,0x4a,0x84,0x21,0x82,0x08,0x27,0x6b,0x69,0x8c,0x64,0x3a,0xc5,0x4a,0xe5,0x4a,0xe5,0x4a,0xe5,0x4a,
    0x85,0x42,0x44,0x3a,0xc4,0x29,0x65,0x3a,0x66,0x5b,0x85,0x73,0xe4,0x8b,0x25,0x94,0x66,0x9c,0x4e,0xe6,0xd0,0xfe,0xb0,0xfe,0xb0,0xf6,0xb0,0xfe,0x6f,0xee,0x6c,0xbd,
    0x6c,0xbd,0xcd,0xcd,0xb0,0xf6,0x90,0xf6,0x90,0xf6,0x90,0xf6,0x90,0xf6,0x90,0xf6,0x90,0xf6,0x90,0xf6,0x90,0xfe,0xb0,0xfe,0xb1,0xfe,0xef,0xdd,0x08,0x6b,0xca,0x8b,
    0x0e,0xbd,0x67,0x52,0x87,0x5a,0x2e,0xc5,0x73,0xee,0xd6,0xf6,0x17,0xf7,0x17,0xf7,0x17,0xf7,0x17,0xf7,0xf6,0xf6,0xb5,0xf6,0x53,0xee,0x11,0xee,0xad,0xbc,0xeb,0xa3,
    0xee,0xc4,0xb2,0xd5,0x17,0xf7,0x38,0xff,0x58,0xf7,0x17,0xf7,0x17,0xf7,0x59,0xf7,0x59,0xf7,0x59,0xf7,0x59,0xf7,0x59,0xf7,0x59,0xf7,0x59,0xf7,0x59,0xf7,0x59,0xf7,
    0x59,0xf7,0x38,0xf7,0x38,0xf7,0x59,0xff,0x58,0xf7,0x17,0xf7,0x17,0xf7,0xd6,0xf6,0xee,0xbc,0x8d,0xbc,0x8c,0xbc,0x73,0xee,0xd0,0xac,0x03,0x19,0x33,0xd6,0x53,0xde,
    0x33,0xd6,0x33,0xd6,0x33,0xd6,0x33,0xd6,0x33,0xd6,0x33,0xd6,0x33,0xd6,0x33,0xd6,0x33,0xd6,0x33,0xd6,0x33,0xd6,0x33,0xd6,0x13,0xd6,0x13,0xd6,0x13,0xd6,0x13,0xd6,
    0x13,0xd6,0x33,0xd6,0x33,0xd6,0x33,0xd6,0x33,0xd6,0x33,0xd6,0x33,0xd6,0x33,0xd6,0x33,0xd6,0x33,0xd6,0x33,0xd6,0x33,0xd6,0x33,0xd6,0x33,0xd6,0x13,0xd6,0x33,0xd6,
    0x33,0xd6,0x13,0xd6,0x33,0xd6,0x33,0xd6,0x13,0xd6,0x13,0xd6,0x13,0xd6,0x13,0xd6,0x13,0xd6,0x13,0xd6,0x33,0xde,0x71,0xbd,0xe9,0x62,0x09,0x63,0x0a,0x63,0x0a,0x63,
    0x0a,0x63,0x0a,0x63,0x0a,0x63,0x2a,0x63,0x2a,0x63,0x0a,0x63,0xa9,0x5a,0x68,0x4a,0x27,0x42,0xa2,0x10,0xa2,0x10,0xc2,0x10,0x43,0x31,0x64,0x31,0x85,0x31,0xa5,0x31,
    0xa5,0x31,0xa5,0x31,0xa5,0x31,0xa5,0x31,0xa5,0x39,0xc5,0x39,0xc5,0x39,0xc5,0x39,0xc5,0x39,0xc5,0x39,0xa5,0x39,0xa5,0x39,0xa4,0x41,0x03,0x21,0xa2,0x10,0xa2,0x10,
    0x85,0x29,0xa9,0x52,0x88,0x52,0xa9,0x52,0xea,0x5a,0x0a,0x63,0xe9,0x5a,0xe9,0x5a,0x2a,0x63,0x2a,0x63,0x2a,0x63,0x4b,0x63,0x4b,0x63,0x4b,0x63,0xcc,0x73,0x14,0xce,
    0x14,0xce,0x14,0xce,0x14,0xd6,0x14,0xd6,0x13,0xd6,0x13,0xd6,0x13,0xd6,0x13,0xd6,0x13,0xd6,0x13,0xd6,0x13,0xd6,0x13,0xd6,0x33,0xd6,0x33,0xde,0x52,0xe6,0x72,0xe6,
    0x6d,0xbd,0x69,0x94,0xa5,0x42,0xc5,0x4a,0x26,0x53,0x28,0x84,0xa9,0x9c,0xd0,0xf6,0x10,0xff,0xf0,0xfe,0xd0,0xfe,0xd0,0xfe,0xf0,0xfe,0x0e,0xd6,0x89,0x8c,0xe5,0x4a,
    0x26,0x53,0xe5,0x4a,0xa5,0x42,0x25,0x2a,0x25,0x32,0x65,0x3a,0xc4,0x29,0x03,0x19,0xa6,0x42,0x43,0x21,0xa2,0x10,0xe4,0x31,0x06,0x4b,0x84,0x21,0x61,0x00,0x4a,0x94,
    0x8f,0xe6,0x49,0x84,0x87,0x63,0xc5,0x42,0xc5,0x4a,0xc5,0x4a,0xc5,0x4a,0xc5,0x4a,0xe4,0x29,0x04,0x32,0x85,0x3a,0x65,0x6b,0x24,0x9c,0x04,0x94,0xe4,0x93,0x2d,0xe6,
    0xd0,0xfe,0xb0,0xf6,0xb0,0xf6,0xb0,0xf6,0xb0,0xfe,0xd1,0xfe,0xd1,0xfe,0xb1,0xfe,0x90,0xf6,0x90,0xf6,0x90,0xf6,0x90,0xf6,0x90,0xf6,0x90,0xf6,0x90,0xf6,0x91,0xf6,
    0xef,0xdd,0x8e,0xcd,0xaf,0xcd,0xec,0xb4,0x06,0x4a,0xe3,0x18,0x44,0x29,0xc2,0x18,0x49,0x7b,0x72,0xf6,0xd5,0xf6,0x17,0xf7,0x17,0xf7,0xd6,0xf6,0x73,0xee,0x73,0xee,
    0xd6,0xf6,0xf6,0xf6,0xb5,0xf6,0x73,0xf6,0x90,0xdd,0xcd,0xc4,0xeb,0xa3,0x6c,0xb4,0x8f,0xd5,0xd5,0xf6,0x58,0xff,0xf6,0xf6,0x58,0xff,0x59,0xff,0x59,0xff,0x59,0xff,
    0x59,0xf7,0x59,0xf7,0x59,0xf7,0x59,0xf7,0x59,0xf7,0x38,0xf7,0x59,0xf7,0x38,0xf7,0x38,0xf7,0x59,0xff,0x17,0xf7,0xd5,0xf6,0xf6,0xf6,0xd0,0xdd,0xca,0xa3,0xaa,0xa3,
    0x4f,0xd5,0xd5,0xfe,0xd2,0xcd,0xc8,0x62,0xec,0x83,0x71,0xbd,0x53,0xde,0x33,0xd6,0x33,0xd6,0x33,0xd6,0x33,0xd6,0x33,0xd6,0x33,0xd6,0x33,0xd6,0x33,0xd6,0x33,0xd6,
    0x33,0xd6,0x33,0xd6,0x13,0xd6,0x13,0xd6,0x13,0xd6,0x13,0xd6,0x13,0xd6,0x33,0xd6,0x33,0xd6,0x33,0xd6,0x33,0xd6,0x33,0xd6,0x33,0xd6,0x33,0xd6,0x33,0xd6,0x33,0xd6,
    0x33,0xd6,0x33,0xd6,0x33,0xd6,0x33,0xd6,0x33,0xd6,0x13,0xd6,0x33,0xd6,0x13,0xd6,0x13,0xd6,0x33,0xd6,0x33,0xd6,0x13,0xd6,0x13,0xd6,0x13,0xd6,0x13,0xd6,0x33,0xd6,
    0x33,0xd6,0x4d,0x94,0x41,0x00,0x82,0x08,0x82,0x08,0x82,0x08,0x82,0x08,0x82,0x08,0x82,0x08,0xa2,0x08,0xa2,0x08,0xa2,0x08,0xa2,0x08,0xc2,0x08,0xc2,0x10,0xe3,0x10,
    0xc3,0x10,0xc3,0x10,0xc2,0x10,0xc2,0x10,0xc2,0x10,0xc2,0x10,0xc2,0x10,0xa2,0x10,0xc2,0x10,0xc2,0x10,0xa2,0x10,0xa2,0x10,0xa2,0x10,0xa2,0x10,0xa2,0x10,0xa2,0x10,
    0xa2,0x10,0xa2,0x10,0xa2,0x10,0xc3,0x10,0xc2,0x10,0xc2,0x10,0xc2,0x10,0xa2,0x08,0xa2,0x08,0xa2,0x08,0xa2,0x08,0xa2,0x08,0xa2,0x08,0x82,0x08,0xc2,0x08,0xe3,0x08,
    0xe3,0x08,0x23,0x11,0x44,0x11,0x24,0x09,0x27,0x32,0x14,0xce,0x14,0xce,0x14,0xce,0x14,0xd6,0x14,0xd6,0x14,0xd6,0x13,0xd6,0x13,0xd6,0x13,0xd6,0x13,0xd6,0x13,0xd6,
    0x13,0xd6,0x13,0xd6,0x33,0xd6,0x33,0xde,0x52,0xe6,0x72,0xee,0xb1,0xf6,0xef,0xd5,0xe6,0x4a,0xe6,0x4a,0x85,0x3a,0xed,0xcd,0x10,0xff,0xb0,0xfe,0xb0,0xfe,0xb0,0xfe,
    0xb0,0xfe,0xd0,0xfe,0xf0,0xfe,0x8a,0x94,0x05,0x4b,0x06,0x53,0xc6,0x4a,0x04,0x2a,0xe4,0x29,0x05,0x2a,0x45,0x32,0xa6,0x42,0x84,0x21,0xe3,0x10,0x25,0x32,0x44,0x21,
    0xc3,0x10,0xe4,0x31,0xc6,0x42,0x84,0x21,0x62,0x08,0xc9,0x7b,0xb0,0xee,0xf1,0xee,0x6a,0x8c,0x64,0x3a,0xa5,0x42,0xa5,0x42,0xc5,0x4a,0xc5,0x4a,0xa5,0x42,0x45,0x3a,
    0x84,0x21,0x04,0x63,0x24,0x9c,0xe4,0x93,0xe5,0x93,0x2e,0xe6,0xd0,0xfe,0xb0,0xf6,0xb0,0xf6,0xb0,0xf6,0xb0,0xf6,0xb0,0xf6,0x90,0xf6,0x90,0xf6,0x90,0xf6,0x90,0xf6,
    0x90,0xf6,0x90,0xf6,0x90,0xf6,0x90,0xf6,0x90,0xf6,0xf1,0xfe,0x0a,0x94,0xe3,0x18,0xc3,0x10,0xc5,0x41,0xc8,0x72,0x88,0x6a,0xe6,0x51,0x05,0x4a,0x12,0xee,0xb4,0xf6,
    0xf6,0xf6,0x17,0xf7,0x17,0xf7,0xf6,0xf6,0xb5,0xf6,0x95,0xee,0x12,0xee,0x32,0xee,0xb5,0xf6,0xd5,0xf6,0x32,0xee,0x8f,0xdd,0xad,0xc4,0x6c,0xb4,0xaa,0x9b,0xee,0xbc,
    0x0f,0xbd,0x6e,0x9c,0x37,0xff,0x37,0xff,0x16,0xff,0x17,0xf7,0x38,0xf7,0x38,0xf7,0x59,0xf7,0x59,0xf7,0x59,0xf7,0xf7,0xf6,0x17,0xf7,0xd5,0xf6,0x17,0xf7,0xf6,0xf6,
    0xd5,0xfe,0x12,0xde,0x0e,0xc5,0xeb,0xa3,0x0b,0xac,0x0b,0xac,0xf2,0xdd,0x17,0xf7,0x16,0xff,0xd2,0xcd,0x21,0x00,0x6e,0x94,0x94,0xe6,0x33,0xd6,0x33,0xd6,0x33,0xd6,
    0x33,0xd6,0x33,0xd6,0x33,0xd6,0x33,0xd6,0x33,0xd6,0x13,0xd6,0x33,0xd6,0x33,0xd6,0x13,0xd6,0x13,0xd6,0x13,0xd6,0x13,0xd6,0x33,0xd6,0x33,0xd6,0x33,0xd6,0x33,0xd6,
    0x33,0xd6,0x33,0xd6,0x33,0xd6,0x33,0xd6,0x33,0xd6,0x33,0xd6,0x33,0xd6,0x33,0xd6,0x33,0xd6,0x33,0xd6,0x13,0xd6,0x13,0xd6,0x33,0xd6,0x33,0xd6,0x33,0xd6,0x33,0xd6,
    0x33,0xd6,0x33,0xd6,0x13,0xd6,0x13,0xd6,0x13,0xd6,0x94,0xe6,0xed,0x83,0x84,0x31,0xc6,0x7b,0xa6,0x73,0xa6,0x7b,0x89,0xb4,0x89,0xb4,0x89,0xac,0xa9,0xb4,0x07,0x8c,
    0xa6,0x73,0xa6,0x73,0xa6,0x73,0xa6,0x6b,0xa6,0x6b,0xa6,0x6b,0xa6,0x6b,0xa7,0x6b,0xa7,0x6b,0xa6,0x6b,0x86,0x6b,0xa7,0x6b,0xa7,0x6b,0xa7,0x6b,0x87,0x6b,0x86,0x63,
    0x86,0x63,0x86,0x63,0x87,0x63,0x87,0x63,0x87,0x63,0x87,0x63,0x87,0x63,0x87,0x63,0x67,0x63,0x67,0x63,0x67,0x63,0x66,0x63,0x66,0x63,0x66,0x63,0x46,0x5b,0x46,0x5b,
    0x46,0x5b,0x66,0x63,0x47,0x83,0x27,0x8b,0x89,0x83,0x89,0x83,0xa9,0x83,0x48,0x63,0xe7,0x42,0xe5,0x21,0x27,0x32,0x14,0xce,0x14,0xce,0x14,0xce,0x14,0xd6,0x14,0xd6,
    0x14,0xd6,0x13,0xd6,0x13,0xd6,0x13,0xd6,0x13,0xd6,0x13,0xd6,0x13,0xd6,0x13,0xd6,0x13,0xd6,0x33,0xde,0x52,0xe6,0x72,0xee,0x91,0xf6,0xcf,0xcd,0xe6,0x4a,0x26,0x5b,
    0xe8,0x7b,0x0e,0xd6,0xb0,0xfe,0xb0,0xfe,0xb0,0xfe,0xb0,0xf6,0xd0,0xfe,0x6f,0xe6,0xeb,0xac,0x25,0x42,0x82,0x08,0xa2,0x08,0xa2,0x08,0x82,0x08,0x82,0x08,0x82,0x08,
    0x82,0x08,0xa2,0x08,0x82,0x08,0x82,0x08,0x82,0x08,0x82,0x08,0x82,0x08,0xa2,0x08,0xa2,0x08,0x82,0x08,0x62,0x08,0xa2,0x10,0xe3,0x18,0xe3,0x18,0xc2,0x10,0xa2,0x08,
    0xc3,0x10,0x82,0x08,0xe4,0x29,0xe6,0x4a,0xc5,0x4a,0x65,0x3a,0xe4,0x29,0xe4,0x5a,0xc5,0x83,0xe4,0x8b,0x05,0x94,0x2e,0xe6,0xb0,0xfe,0xb0,0xf6,0xb0,0xf6,0xb0,0xf6,
    0xb0,0xf6,0xb0,0xf6,0x90,0xf6,0x90,0xf6,0x90,0xf6,0x90,0xf6,0x90,0xf6,0x90,0xf6,0x90,0xf6,0xd1,0xfe,0x70,0xee,0xec,0xb4,0xac,0xac,0x67,0x5a,0x85,0x39,0x26,0x5a,
    0xc8,0x72,0x67,0x6a,0xe6,0x51,0xaa,0x8b,0x53,0xee,0xb5,0xf6,0xf6,0xf6,0x17,0xf7,0x17,0xf7,0x17,0xf7,0x17,0xf7,0x38,0xf7,0xb5,0xee,0x32,0xe6,0x52,0xee,0xd5,0xf6,
    0x73,0xf6,0xd0,0xe5,0x8c,0xbc,0x4c,0xb4,0xcb,0xa3,0x69,0x93,0xc8,0x7a,0x68,0x5a,0x91,0xcd,0x91,0xc5,0x74,0xe6,0xf6,0xf6,0xf6,0xf6,0x17,0xf7,0x59,0xff,0x59,0xf7,
    0x59,0xf7,0xb5,0xf6,0xd5,0xf6,0xb5,0xf6,0xf6,0xf6,0x95,0xee,0xd2,0xd5,0x2d,0x9c,0x28,0x8b,0x4c,0xb4,0x4c,0xb4,0x0b,0xac,0xf1,0xe5,0x17,0xf7,0xf6,0xf6,0x54,0xde,
    0xc9,0x5a,0xab,0x7b,0x10,0xb5,0x33,0xd6,0x33,0xd6,0x33,0xd6,0x33,0xd6,0x33,0xd6,0x33,0xd6,0x33,0xd6,0x33,0xd6,0x13,0xd6,0x33,0xd6,0x33,0xd6,0x13,0xd6,0x13,0xd6,
    0x13,0xd6,0x13,0xd6,0x33,0xd6,0x33,0xd6,0x33,0xd6,0x33,0xd6,0x33,0xd6,0x33,0xd6,0x33,0xd6,0x33,0xd6,0x33,0xd6,0x33,0xd6,0x33,0xd6,0x33,0xd6,0x33,0xd6,0x33,0xd6,
    0x13,0xd6,0x13,0xd6,0x13,0xd6,0x33,0xd6,0x33,0xd6,0x33,0xd6,0x13,0xd6,0x33,0xd6,0x33,0xd6,0x33,0xd6,0xf3,0xcd,0xcf,0xa4,0xc9,0x5a,0xe3,0x39,0x67,0x8c,0x66,0x94,
    0x87,0xa4,0x8a,0xe5,0xcb,0xed,0xcb,0xed,0x8b,0xd5,0x68,0x94,0x07,0x7c,0x27,0x84,0x27,0x84,0x07,0x7c,0x07,0x7c,0x07,0x7c,0x07,0x7c,0x07,0x7c,0x07,0x7c,0x07,0x74,
    0x07,0x74,0x07,0x74,0x07,0x74,0xe7,0x73,0xe7,0x73,0xe7,0x73,0xe7,0x6b,0xe7,0x6b,0xe7,0x6b,0xe7,0x73,0xe7,0x73,0xe7,0x6b,0xe8,0x73,0xe8,0x6b,0xe7,0x6b,0xc7,0x6b,
    0xc7,0x6b,0xc7,0x6b,0xc7,0x6b,0xa7,0x6b,0xa7,0x63,0xa7,0x63,0xc7,0x6b,0xc7,0x6b,0x08,0xac,0x09,0xbc,0x8c,0xb4,0xac,0xb4,0xac,0xb4,0x69,0x73,0x25,0x32,0x47,0x3a,
    0x4b,0x63,0xf3,0xcd,0x14,0xce,0x14,0xce,0x14,0xd6,0x14,0xd6,0x14,0xd6,0x13,0xd6,0x13,0xd6,0x13,0xd6,0x13,0xd6,0x13,0xd6,0x13,0xd6,0x13,0xd6,0x13,0xd6,0x33,0xde,
    0x52,0xe6,0x72,0xee,0x91,0xf6,0xcf,0xd5,0xe5,0x4a,0x08,0x7c,0xf0,0xfe,0xb0,0xfe,0xb0,0xf6,0xb0,0xf6,0xb0,0xf6,0xb0,0xf6,0x10,0xff,0x89,0x7b,0x82,0x08,0xe7,0x62,
    0x69,0x9c,0x4a,0x94,0x6b,0x94,0x6b,0x94,0x8c,0x9c,0x8c,0x9c,0x8c,0x9c,0x8c,0x9c,0x8c,0x9c,0x8c,0x9c,0xac,0x9c,0xac,0x9c,0xac,0x9c,0xac,0x9c,0xac,0x9c,0xad,0x9c,
    0xad,0x9c,0xad,0x9c,0x8c,0x94,0x6c,0x94,0x2a,0x94,0xc8,0x93,0xc5,0x82,0xa5,0x82,0xe4,0x49,0xe4,0x31,0xc5,0x4a,0xc5,0x4a,0xa5,0x42,0xc5,0x4a,0x06,0x53,0xc5,0x83,
    0x04,0x9c,0x2e,0xe6,0xb0,0xfe,0xb0,0xf6,0xb0,0xf6,0x90,0xf6,0xb0,0xf6,0x90,0xf6,0x90,0xf6,0x90,0xf6,0x90,0xf6,0x90,0xf6,0x90,0xf6,0x90,0xf6,0xf1,0xfe,0x0d,0xb5,
    0x06,0x42,0xa2,0x08,0xc5,0x49,0x87,0x6a,0x2a,0x83,0x09,0x83,0xe8,0x7a,0x26,0x5a,0x24,0x21,0xf1,0xe5,0xb5,0xf6,0x37,0xff,0x17,0xf7,0x17,0xf7,0xf7,0xf6,0xf7,0xf6,
    0xf7,0xf6,0x38,0xf7,0x59,0xff,0x59,0xff,0xf6,0xf6,0x53,0xee,0xb4,0xf6,0xd1,0xdd,0x69,0x93,0x0b,0xac,0x0b,0xa4,0xc8,0x7a,0x47,0x62,0xa5,0x49,0x85,0x41,0x24,0x31,
    0x8f,0x9c,0x37,0xff,0xd5,0xf6,0xf6,0xf6,0x59,0xff,0x59,0xf7,0x38,0xf7,0xb5,0xf6,0xf6,0xf6,0xb5,0xf6,0x32,0xee,0x4f,0xcd,0xa5,0x41,0x47,0x5a,0x49,0x8b,0x6c,0xb4,
    0x8c,0xbc,0x8c,0xbc,0x33,0xee,0x17,0xf7,0x17,0xf7,0x37,0xff,0x57,0xff,0x06,0x42,0x47,0x4a,0x54,0xde,0x33,0xd6,0x33,0xd6,0x33,0xd6,0x33,0xd6,0x33,0xd6,0x33,0xd6,
    0x33,0xd6,0x33,0xd6,0x33,0xd6,0x33,0xd6,0x33,0xd6,0x33,0xd6,0x13,0xd6,0x33,0xd6,0x33,0xd6,0x13,0xd6,0x33,0xd6,0x33,0xd6,0x33,0xd6,0x33,0xd6,0x33,0xd6,0x33,0xd6,
    0x33,0xd6,0x33,0xd6,0x33,0xd6,0x33,0xd6,0x33,0xd6,0x33,0xd6,0x13,0xd6,0x13,0xd6,0x13,0xd6,0x33,0xd6,0x13,0xd6,0x33,0xd6,0x33,0xd6,0x33,0xd6,0x13,0xd6,0x33,0xde,
    0xb2,0xc5,0xc3,0x10,0xa3,0x31,0x27,0x84,0xa6,0x73,0x87,0xc4,0xa7,0xd4,0x47,0xcc,0x08,0xe5,0x28,0xdd,0xe6,0x4a,0xc6,0x42,0xe6,0x4a,0xe6,0x4a,0xe6,0x4a,0xc6,0x42,
    0xc6,0x42,0xc6,0x42,0xc6,0x42,0xe6,0x42,0xe6,0x42,0xe6,0x42,0xc6,0x42,0xc6,0x42,0xc6,0x42,0xc6,0x42,0xc6,0x42,0xc6,0x42,0xc6,0x42,0xc6,0x42,0xc6,0x42,0xc6,0x42,
    0xc6,0x42,0xc6,0x42,0xc6,0x42,0xc6,0x42,0xc6,0x42,0xc6,0x42,0xc6,0x42,0xc6,0x42,0xa6,0x42,0xa6,0x42,0xa6,0x42,0xc6,0x42,0xa6,0x42,0x86,0x3a,0x09,0xb4,0x8a,0xcc,
    0x4e,0xd5,0x0d,0xcd,0xab,0xcc,0xa7,0x72,0x42,0x00,0x0d,0x84,0x55,0xde,0x14,0xce,0x14,0xce,0x14,0xce,0x14,0xce,0x14,0xd6,0x14,0xd6,0x13,0xd6,0x13,0xd6,0x13,0xd6,
    0x13,0xd6,0x13,0xd6,0x13,0xd6,0x13,0xd6,0x13,0xd6,0x33,0xde,0x52,0xe6,0x72,0xee,0x91,0xf6,0x70,0xee,0xad,0xcd,0x0e,0xd6,0xb0,0xfe,0xb0,0xf6,0xb0,0xf6,0xb0,0xf6,
    0xb0,0xf6,0xb0,0xf6,0x10,0xff,0x48,0x6b,0x01,0x00,0x49,0x9c,0x0d,0xff,0x31,0xff,0x52,0xff,0x73,0xff,0x73,0xff,0x73,0xff,0x73,0xff,0x73,0xff,0x73,0xff,0x73,0xff,
    0x73,0xff,0x74,0xff,0x74,0xff,0x74,0xff,0x74,0xff,0x74,0xff,0x74,0xff,0x74,0xff,0x74,0xff,0x94,0xff,0xd0,0xfe,0xec,0xfd,0x68,0xdc,0x88,0xe4,0x04,0x62,0xe3,0x10,
    0xc5,0x4a,0xc5,0x4a,0xc5,0x4a,0x65,0x3a,0xa5,0x42,0x85,0x73,0xc4,0x8b,0x2e,0xe6,0xb0,0xfe,0xb0,0xf6,0xb0,0xf6,0x90,0xf6,0x90,0xf6,0x90,0xf6,0x90,0xf6,0x90,0xf6,
    0x90,0xf6,0x90,0xf6,0x90,0xf6,0xb1,0xfe,0x8b,0xa4,0xa7,0x62,0x26,0x5a,0x67,0x62,0x29,0x83,0x4a,0x8b,0x6a,0x8b,0x29,0x83,0xe8,0x7a,0x47,0x62,0xe3,0x18,0x2e,0xcd,
    0x32,0xee,0x17,0xf7,0x17,0xf7,0x17,0xf7,0xf7,0xf6,0xf7,0xf6,0xf7,0xf6,0xf7,0xf6,0x17,0xf7,0x17,0xf7,0xf6,0xf6,0x11,0xe6,0x53,0xee,0x94,0xf6,0xcb,0x93,0xc5,0x49,
    0x09,0x83,0xa8,0x72,0x87,0x6a,0x47,0x62,0x27,0x62,0xc6,0x49,0x47,0x52,0xea,0x62,0x53,0xe6,0xb4,0xf6,0xf6,0xf6,0x58,0xf7,0xf6,0xf6,0xf6,0xf6,0xd6,0xf6,0x74,0xee,
    0xe9,0x6a,0x06,0x52,0x06,0x52,0x67,0x62,0xc8,0x7a,0xeb,0xa3,0x87,0x6a,0x30,0xc5,0xd6,0xf6,0x17,0xf7,0x17,0xf7,0x37,0xff,0x8e,0xa4,0xc6,0x39,0x71,0xbd,0x54,0xde,
    0x33,0xd6,0x33,0xd6,0x33,0xd6,0x33,0xd6,0x33,0xd6,0x33,0xd6,0x33,0xd6,0x33,0xd6,0x33,0xd6,0x33,0xd6,0x33,0xd6,0x13,0xd6,0x33,0xd6,0x13,0xd6,0x13,0xd6,0x13,0xd6,
    0x13,0xd6,0x33,0xd6,0x13,0xd6,0x13,0xd6,0x33,0xd6,0x33,0xd6,0x33,0xd6,0x33,0xd6,0x33,0xd6,0x33,0xd6,0x33,0xd6,0x13,0xd6,0x33,0xd6,0x13,0xd6,0x13,0xd6,0x13,0xd6,
    0x13,0xd6,0x13,0xd6,0x13,0xd6,0x13,0xd6,0x13,0xd6,0x33,0xde,0xb1,0xc5,0xe3,0x18,0xa4,0x29,0x66,0x5b,0x66,0x63,0xc7,0xbc,0x67,0xc4,0xa8,0xd4,0xa7,0xd4,0x67,0xcc,
    0xe6,0x4a,0xc6,0x42,0xc6,0x42,0xc6,0x42,0xc6,0x42,0xc6,0x42,0xc6,0x42,0xc6,0x42,0xc6,0x42,0xc6,0x42,0xc6,0x42,0xc6,0x42,0xc6,0x42,0xc6,0x42,0xc6,0x42,0xc6,0x42,
    0xc6,0x42,0xc6,0x42,0xc6,0x42,0xc6,0x42,0xc6,0x42,0xc6,0x42,0xc6,0x42,0xc6,0x42,0xc6,0x42,0xc6,0x42,0xc6,0x42,0xc6,0x42,0xc6,0x42,0xc6,0x42,0xc6,0x42,0xc6,0x42,
    0xc6,0x42,0xc6,0x42,0x86,0x3a,0x66,0x3a,0xab,0xbc,0x2d,0xd5,0x12,0xde,0xd1,0xd5,0xb0,0xdd,0xab,0x7b,0x23,0x09,0x6e,0x8c,0x55,0xd6,0x14,0xce,0x14,0xce,0x14,0xce,
    0x14,0xce,0x14,0xd6,0x14,0xd6,0x13,0xd6,0x13,0xd6,0x13,0xd6,0x13,0xd6,0x13,0xd6,0x13,0xd6,0x13,0xd6,0x13,0xd6,0x33,0xde,0x52,0xe6,0x72,0xee,0x91,0xee,0x91,0xf6,
    0xb1,0xfe,0xb0,0xfe,0xb0,0xf6,0xb0,0xf6,0xb0,0xf6,0xb0,0xf6,0xb0,0xf6,0xb0,0xf6,0x10,0xff,0x48,0x73,0x41,0x00,0x68,0x9c,0xed,0xfe,0x2b,0xfe,0xec,0xf5,0xed,0xf5,
    0x0d,0xf6,0xed,0xed,0xee,0xed,0xee,0xe5,0xef,0xe5,0xef,0xe5,0xef,0xe5,0xef,0xe5,0xef,0xe5,0xef,0xe5,0xef,0xe5,0xef,0xe5,0xef,0xe5,0xef,0xe5,0xcf,0xe5,0xcf,0xe5,
    0xce,0xe5,0x8d,0xe5,0x28,0xcc,0x48,0xd4,0xc4,0x51,0xe3,0x10,0xc5,0x4a,0xc5,0x4a,0xc5,0x4a,0x24,0x32,0x45,0x3a,0x85,0x73,0xc5,0x8b,0x2e,0xe6,0xb0,0xfe,0x90,0xf6,
    0x90,0xf6,0x90,0xf6,0x90,0xf6,0x90,0xf6,0x90,0xf6,0x90,0xf6,0x90,0xf6,0x90,0xf6,0x90,0xf6,0x91,0xf6,0x8a,0x7b,0x84,0x39,0xe8,0x7a,0x09,0x83,0x6a,0x8b,0xab,0x93,
    0xab,0x93,0xab,0x93,0x09,0x83,0x06,0x52,0x03,0x21,0x4b,0xac,0x90,0xd5,0x73,0xf6,0xd6,0xf6,0x17,0xf7,0x17,0xf7,0xf7,0xf6,0xf7,0xf6,0xf7,0xf6,0xf7,0xf6,0xf7,0xf6,
    0xf6,0xf6,0x73,0xee,0x53,0xee,0xb4,0xfe,0x6e,0xa4,0x85,0x39,0x88,0x6a,0x88,0x6a,0x88,0x6a,0x88,0x6a,0x68,0x6a,0x68,0x6a,0x85,0x41,0x24,0x29,0xee,0xb4,0xb5,0xf6,
    0xd6,0xf6,0xf7,0xf6,0xd5,0xf6,0xf5,0xfe,0xce,0xac,0x26,0x4a,0xc6,0x49,0xc6,0x49,0x47,0x62,0x67,0x6a,0x88,0x6a,0x49,0x8b,0x06,0x52,0xd3,0xcd,0x38,0xff,0x17,0xf7,
    0x17,0xf7,0x37,0xff,0x6e,0x9c,0x47,0x4a,0xb1,0xc5,0x13,0xd6,0x33,0xd6,0x33,0xd6,0x33,0xd6,0x33,0xd6,0x33,0xd6,0x33,0xd6,0x33,0xd6,0x33,0xd6,0x13,0xd6,0x33,0xd6,
    0x33,0xd6,0x33,0xd6,0x13,0xd6,0x33,0xd6,0x13,0xd6,0x13,0xd6,0x13,0xd6,0x33,0xd6,0x13,0xd6,0x33,0xd6,0x33,0xd6,0x33,0xd6,0x33,0xd6,0x13,0xd6,0x33,0xd6,0x33,0xd6,
    0x33,0xd6,0x33,0xd6,0x13,0xd6,0x13,0xd6,0x13,0xd6,0x13,0xd6,0x13,0xd6,0x13,0xd6,0x13,0xd6,0x33,0xd6,0x13,0xd6,0x33,0xde,0xb1,0xc5,0xe3,0x18,0xa4,0x29,0x06,0x4b,
    0x06,0x53,0x87,0xb4,0x26,0xbc,0x09,0xdd,0xc9,0xdc,0x27,0xc4,0xc6,0x4a,0xa6,0x42,0xc6,0x42,0xc6,0x42,0xc6,0x42,0xc6,0x42,0xc6,0x42,0xc6,0x42,0xc6,0x42,0xc6,0x42,
    0xc6,0x42,0xc6,0x42,0xc6,0x42,0xc6,0x42,0xc6,0x42,0xc6,0x42,0xc6,0x42,0xc6,0x42,0xc6,0x42,0xc6,0x42,0xc6,0x42,0xc6,0x42,0xc6,0x42,0xc6,0x42,0xc6,0x42,0xc6,0x42,
    0xc6,0x42,0xc6,0x42,0xc6,0x42,0xc6,0x42,0xc6,0x42,0xc6,0x42,0xc6,0x42,0xa6,0x42,0x86,0x3a,0x86,0x3a,0xed,0xbc,0x8f,0xdd,0x54,0xde,0x54,0xde,0x33,0xe6,0x4d,0x84,
    0x64,0x11,0x6e,0x8c,0x54,0xd6,0x14,0xce,0x14,0xce,0x14,0xce,0x14,0xce,0x14,0xd6,0x14,0xd6,0x13,0xd6,0x13,0xd6,0x13,0xd6,0x13,0xd6,0x13,0xd6,0x13,0xd6,0x13,0xd6,
    0x13,0xd6,0x33,0xde,0x52,0xe6,0x72,0xee,0x71,0xee,0x91,0xf6,0x90,0xf6,0x90,0xf6,0x90,0xf6,0xb0,0xf6,0xb0,0xf6,0xb0,0xf6,0xb0,0xf6,0xb0,0xf6,0x10,0xff,0x48,0x73,
    0x41,0x00,0x69,0x9c,0x0d,0xff,0xeb,0xf5,0xaa,0xf5,0xab,0xed,0xac,0xed,0xac,0xed,0xad,0xe5,0xad,0xe5,0x8d,0xe5,0x8e,0xe5,0x8e,0xe5,0x8e,0xe5,0x8e,0xdd,0x8e,0xdd,
    0x8e,0xdd,0x8e,0xdd,0x8e,0xdd,0x8e,0xdd,0x8e,0xdd,0x8e,0xdd,0x8e,0xdd,0x4d,0xdd,0x28,0xcc,0x68,0xdc,0xe5,0x51,0x03,0x19,0x85,0x42,0xa5,0x42,0xc5,0x4a,0xc5,0x4a,
    0xa5,0x42,0x65,0x73,0xe5,0x8b,0x2e,0xe6,0xb1,0xfe,0xb0,0xf6,0x90,0xf6,0x90,0xf6,0x90,0xf6,0x90,0xf6,0x90,0xf6,0x90,0xf6,0x90,0xf6,0x90,0xf6,0xb0,0xfe,0x08,0x6b,
    0xc5,0x39,0xc8,0x72,0xc8,0x7a,0x29,0x83,0xcc,0x9b,0xec,0x9b,0xec,0x9b,0x4a,0x8b,0x6a,0x8b,0xe8,0x7a,0x87,0x6a,0xa2,0x10,0xab,0x8b,0xb3,0xfe,0xb5,0xf6,0xf7,0xf6,
    0x17,0xf7,0xf7,0xf6,0xf7,0xf6,0xf7,0xf6,0xf7,0xf6,0xf7,0xf6,0xf7,0xf6,0x17,0xf7,0x73,0xee,0x52,0xee,0xf1,0xe5,0xeb,0xa3,0xe6,0x51,0x67,0x6a,0x88,0x6a,0x88,0x6a,
    0x88,0x6a,0x88,0x6a,0x68,0x6a,0xe6,0x51,0xc5,0x41,0x91,0xcd,0xf6,0xf6,0xb5,0xf6,0xd5,0xf6,0x94,0xf6,0xab,0x8b,0x03,0x29,0xe6,0x51,0x47,0x62,0x68,0x6a,0x68,0x6a,
    0x88,0x6a,0x67,0x62,0xeb,0xa3,0x74,0xee,0x17,0xf7,0x17,0xf7,0x17,0xf7,0x17,0xf7,0x16,0xff,0xf2,0xd5,0x24,0x29,0x8b,0x7b,0x74,0xde,0x33,0xd6,0x33,0xd6,0x33,0xd6,
    0x33,0xd6,0x33,0xd6,0x33,0xd6,0x33,0xd6,0x33,0xd6,0x33,0xd6,0x33,0xd6,0x33,0xd6,0x33,0xd6,0x13,0xd6,0x33,0xd6,0x33,0xd6,0x33,0xd6,0x33,0xd6,0x13,0xd6,0x13,0xd6,
    0x13,0xd6,0x33,0xd6,0x33,0xd6,0x13,0xd6,0x33,0xd6,0x13,0xd6,0x33,0xd6,0x33,0xd6,0x13,0xd6,0x13,0xd6,0x13,0xd6,0x13,0xd6,0x13,0xd6,0x13,0xd6,0x33,0xd6,0x33,0xd6,
    0x33,0xd6,0x33,0xde,0xb2,0xc5,0xe3,0x18,0x84,0x29,0x06,0x4b,0x26,0x53,0x26,0xbc,0x07,0xcc,0x09,0xdd,0x88,0xd4,0xc7,0xbb,0xa6,0x4a,0xa6,0x42,0xc6,0x42,0xc6,0x42,
    0xc6,0x42,0xc6,0x42,0xc6,0x42,0xc6,0x42,0xc6,0x42,0xc6,0x42,0xc6,0x42,0xc6,0x42,0xc6,0x42,0xc6,0x42,0xc6,0x42,0xc6,0x42,0xc6,0x42,0xc6,0x42,0xc6,0x42,0xc6,0x42,
    0xc6,0x42,0xc6,0x42,0xc6,0x42,0xc6,0x42,0xc6,0x42,0xc6,0x42,0xc6,0x42,0xc6,0x42,0xc6,0x42,0xc6,0x42,0xc6,0x42,0xc6,0x42,0xc6,0x42,0xa6,0x42,0x66,0x3a,0x26,0x32,
    0x2f,0xc5,0xf1,0xdd,0x54,0xde,0x54,0xde,0x95,0xee,0x6e,0x8c,0x44,0x09,0x6e,0x8c,0x54,0xd6,0x14,0xce,0x14,0xce,0x14,0xce,0x14,0xce,0x14,0xce,0x14,0xd6,0x13,0xd6,
    0x13,0xd6,0x13,0xd6,0x13,0xd6,0x13,0xd6,0x13,0xd6,0x13,0xd6,0x33,0xd6,0x33,0xde,0x52,0xe6,0x72,0xee,0x71,0xee,0x91,0xf6,0x90,0xf6,0x90,0xf6,0x90,0xf6,0x90,0xf6,
    0xb0,0xf6,0xb0,0xf6,0xb0,0xf6,0xb0,0xfe,0x10,0xff,0x48,0x6b,0x41,0x00,0x69,0x9c,0x0d,0xff,0x0b,0xf6,0xaa,0xf5,0xac,0xed,0xac,0xed,0xac,0xed,0xad,0xe5,0xad,0xe5,
    0xae,0xe5,0xae,0xe5,0x8e,0xe5,0xae,0xe5,0x8e,0xdd,0x8e,0xdd,0x8e,0xdd,0x8e,0xdd,0x8e,0xdd,0x8e,0xdd,0x8e,0xdd,0x8e,0xdd,0x8e,0xdd,0x4d,0xdd,0x28,0xcc,0x69,0xd4,
    0xc4,0x51,0x64,0x29,0x8d,0xbd,0x09,0x7c,0xa5,0x42,0xe5,0x4a,0xe5,0x4a,0xe5,0x52,0xc4,0x52,0xee,0xd5,0xb1,0xfe,0xb0,0xf6,0x90,0xf6,0x90,0xf6,0x90,0xf6,0x90,0xf6,
    0x90,0xf6,0x90,0xf6,0x90,0xf6,0xb1,0xfe,0xae,0xd5,0xa7,0x5a,0xe6,0x49,0x4a,0x8b,0x4a,0x8b,0x8a,0x93,0xec,0x9b,0xec,0x9b,0xcc,0x9b,0xab,0x93,0x0c,0x9c,0x6a,0x8b,
    0xc8,0x72,0x44,0x31,0x8a,0x8b,0xb0,0xd5,0x12,0xe6,0xb4,0xf6,0xf6,0xf6,0x16,0xf7,0x16,0xf7,0xf6,0xf6,0xf6,0xf6,0xf6,0xf6,0xf6,0xf6,0x17,0xf7,0xd5,0xf6,0x32,0xee,
    0x31,0xee,0x2c,0xa4,0x03,0x21,0x47,0x62,0x88,0x72,0x88,0x6a,0x88,0x6a,0x88,0x6a,0x88,0x6a,0x68,0x62,0x64,0x39,0xe9,0x72,0xb4,0xf6,0xd5,0xf6,0xd5,0xf6,0x70,0xc5,
    0x87,0x62,0xa5,0x41,0x47,0x62,0x68,0x6a,0x68,0x6a,0x88,0x6a,0x68,0x6a,0x24,0x29,0x6d,0xac,0xd6,0xf6,0x38,0xf7,0x17,0xf7,0x17,0xf7,0xf6,0xf6,0xd5,0xf6,0xd1,0xd5,
    0x03,0x21,0xcc,0x83,0x74,0xde,0x33,0xd6,0x33,0xd6,0x33,0xd6,0x33,0xd6,0x33,0xd6,0x33,0xd6,0x33,0xd6,0x33,0xd6,0x33,0xd6,0x33,0xd6,0x33,0xd6,0x33,0xd6,0x13,0xd6,
    0x33,0xd6,0x33,0xd6,0x33,0xd6,0x33,0xd6,0x33,0xd6,0x13,0xd6,0x13,0xd6,0x13,0xd6,0x13,0xd6,0x13,0xd6,0x13,0xd6,0x13,0xd6,0x33,0xd6,0x13,0xd6,0x13,0xd6,0x33,0xd6,
    0x13,0xd6,0x13,0xd6,0x13,0xd6,0x13,0xd6,0x33,0xd6,0x33,0xd6,0x13,0xd6,0x33,0xde,0xb1,0xc5,0xe3,0x18,0xa4,0x29,0x06,0x4b,0x06,0x53,0x26,0xb4,0x26,0xbc,0xa7,0xd4,
    0x47,0xcc,0xc6,0xbb,0xc6,0x4a,0xc6,0x42,0xc6,0x42,0xc6,0x42,0xc6,0x42,0xc6,0x42,0xc6,0x42,0xc6,0x42,0xc6,0x42,0xc6,0x42,0xc6,0x42,0xc6,0x42,0xc6,0x42,0xc6,0x42,
    0xc6,0x42,0xc6,0x42,0xc6,0x42,0xc6,0x42,0xc6,0x42,0xc6,0x42,0xc6,0x42,0xc6,0x42,0xc6,0x42,0xc6,0x42,0xc6,0x42,0xc6,0x42,0xc6,0x42,0xc6,0x42,0xc6,0x42,0xc6,0x42,
    0xc6,0x42,0xc6,0x42,0xc6,0x42,0xc6,0x42,0x45,0x32,0x05,0x2a,0xac,0xbc,0x6e,0xdd,0x74,0xe6,0x74,0xde,0x95,0xe6,0xed,0x83,0x82,0x00,0x4e,0x8c,0x95,0xde,0x14,0xce,
    0x14,0xce,0x14,0xce,0x14,0xce,0x14,0xce,0x14,0xd6,0x13,0xd6,0x13,0xd6,0x13,0xd6,0x13,0xd6,0x13,0xd6,0x13,0xd6,0x13,0xd6,0x33,0xd6,0x33,0xde,0x52,0xe6,0x72,0xe6,
    0x71,0xee,0x71,0xf6,0x90,0xf6,0x90,0xf6,0x90,0xf6,0x90,0xf6,0x90,0xf6,0x90,0xf6,0x90,0xfe,0xb0,0xfe,0x10,0xff,0x48,0x6b,0x41,0x00,0x69,0x9c,0x0d,0xff,0xeb,0xf5,
    0xaa,0xf5,0xac,0xed,0xac,0xed,0xac,0xed,0xad,0xe5,0xad,0xdd,0x8d,0xdd,0xae,0xdd,0x8e,0xdd,0x8e,0xdd,0x8e,0xdd,0x8e,0xdd,0xae,0xdd,0x8e,0xdd,0x8e,0xd5,0x8e,0xdd,
    0x8e,0xdd,0x8e,0xdd,0xaf,0xdd,0x6d,0xdd,0x28,0xcc,0x68,0xd4,0xa4,0x49,0xc5,0x39,0x10,0xff,0xcb,0x9c,0xa5,0x42,0xe5,0x4a,0xc5,0x4a,0x64,0x3a,0x44,0x32,0xce,0xcd,
    0xd1,0xfe,0x90,0xf6,0x90,0xf6,0x90,0xf6,0x90,0xf6,0x90,0xf6,0x90,0xf6,0x90,0xf6,0x90,0xf6,0xd1,0xfe,0x8c,0xa4,0xc3,0x18,0x09,0x7b,0x4a,0x8b,0x49,0x83,0xec,0x9b,
    0xec,0x9b,0xec,0x9b,0xab,0x93,0xec,0x9b,0x0c,0xa4,0xec,0x9b,0x4a,0x8b,0xc8,0x7a,0xa5,0x41,0xc2,0x10,0x70,0xcd,0xb4,0xfe,0xf5,0xfe,0xd5,0xf6,0xf6,0xf6,0x17,0xff,
    0x37,0xff,0x37,0xf7,0x17,0xf7,0x16,0xf7,0xf6,0xf6,0x73,0xee,0x52,0xf6,0xce,0xb4,0x82,0x08,0x27,0x5a,0x88,0x72,0x88,0x6a,0x88,0x6a,0x88,0x6a,0x88,0x6a,0x88,0x6a,
    0x65,0x39,0x67,0x5a,0x93,0xf6,0xb5,0xf6,0x52,0xf6,0xcb,0x8b,0xe3,0x20,0x47,0x62,0x68,0x6a,0x88,0x6a,0x68,0x6a,0x88,0x6a,0x68,0x6a,0xc3,0x18,0x91,0xc5,0x37,0xff,
    0x17,0xf7,0x17,0xf7,0x17,0xf7,0xd6,0xf6,0x32,0xee,0x2f,0xc5,0x82,0x08,0xcf,0xa4,0xd5,0xee,0x94,0xe6,0x74,0xe6,0x74,0xe6,0x74,0xe6,0x74,0xe6,0x74,0xe6,0x74,0xe6,
    0x74,0xe6,0x53,0xde,0x33,0xd6,0x33,0xd6,0x33,0xd6,0x33,0xd6,0x33,0xd6,0x33,0xd6,0x33,0xd6,0x33,0xd6,0x33,0xd6,0x33,0xd6,0x13,0xd6,0x13,0xd6,0x13,0xd6,0x13,0xd6,
    0x13,0xd6,0x13,0xd6,0x13,0xd6,0x13,0xd6,0x13,0xd6,0x33,0xd6,0x13,0xd6,0x13,0xd6,0x13,0xd6,0x33,0xd6,0x33,0xd6,0x33,0xd6,0x13,0xd6,0x33,0xde,0xb1,0xc5,0xe3,0x18,
    0x84,0x21,0xa6,0x42,0x65,0x3a,0x46,0x7b,0x86,0x93,0x26,0xc4,0xe6,0xc3,0xa6,0xbb,0x86,0x42,0x66,0x3a,0x86,0x3a,0x86,0x3a,0x86,0x3a,0x86,0x3a,0x86,0x3a,0x86,0x3a,
    0x86,0x3a,0x86,0x3a,0x86,0x3a,0x86,0x3a,0x86,0x3a,0x86,0x3a,0x86,0x3a,0x86,0x3a,0x86,0x3a,0x86,0x3a,0x86,0x3a,0x86,0x3a,0x86,0x3a,0x86,0x3a,0x86,0x3a,0x86,0x3a,
    0x86,0x3a,0x86,0x3a,0x86,0x3a,0x86,0x3a,0x86,0x3a,0x86,0x3a,0x86,0x3a,0x86,0x3a,0x86,0x3a,0x86,0x3a,0x46,0x32,0x25,0x32,0x2a,0xac,0xac,0xc4,0xb1,0xd5,0x90,0xcd,
    0xb1,0xd5,0xeb,0x83,0x84,0x19,0x0a,0x5b,0x6f,0x94,0xf3,0xcd,0x14,0xce,0x14,0xce,0x14,0xce,0x14,0xce,0x14,0xd6,0x13,0xd6,0x13,0xd6,0x13,0xd6,0x13,0xd6,0x13,0xd6,
    0x13,0xd6,0x13,0xd6,0x33,0xd6,0x33,0xde,0x52,0xe6,0x52,0xe6,0x71,0xee,0x71,0xf6,0x90,0xf6,0x90,0xf6,0x90,0xf6,0x90,0xf6,0x90,0xf6,0x90,0xf6,0x90,0xfe,0xb0,0xfe,
    0xf0,0xfe,0x48,0x6b,0x41,0x00,0x69,0x9c,0x0e,0xff,0x0b,0xf6,0xab,0xf5,0xac,0xed,0xac,0xed,0xac,0xed,0xed,0xed,0x86,0x5a,0x43,0x29,0x2d,0xcd,0xae,0xdd,0xae,0xdd,
    0xae,0xdd,0x8f,0xdd,0xcf,0xe5,0x49,0x7b,0x23,0x21,0x0d,0xc5,0xcf,0xe5,0x8e,0xdd,0xae,0xdd,0x6d,0xdd,0x28,0xcc,0x68,0xdc,0xa4,0x49,0xc5,0x39,0xd0,0xfe,0x2f,0xde,
    0xee,0xcd,0x69,0x8c,0xc4,0x4a,0xeb,0xa4,0xad,0xc5,0x70,0xee,0xb1,0xf6,0x90,0xf6,0x90,0xf6,0x90,0xf6,0x90,0xf6,0x90,0xf6,0x90,0xf6,0x90,0xf6,0xd1,0xfe,0xac,0xa4,
    0x64,0x31,0xc8,0x72,0xe8,0x7a,0xc8,0x7a,0x8a,0x93,0xec,0x9b,0xec,0x9b,0xec,0x9b,0xec,0x9b,0xec,0x9b,0xec,0x9b,0x0c,0xa4,0xcb,0x9b,0x4a,0x8b,0xc8,0x72,0x26,0x5a,
    0x47,0x52,0x88,0x5a,0xa8,0x5a,0xb1,0xcd,0x36,0xff,0x14,0xd6,0xc9,0x5a,0x07,0x42,0x8b,0x7b,0x16,0xff,0xf5,0xfe,0xb4,0xf6,0x32,0xee,0x90,0xd5,0x87,0x62,0xa5,0x41,
    0x67,0x62,0x88,0x6a,0x88,0x6a,0x88,0x6a,0x88,0x6a,0x88,0x6a,0x07,0x52,0xe6,0x49,0xec,0x8b,0x53,0xee,0x31,0xee,0xc8,0x62,0x44,0x31,0x68,0x6a,0x68,0x6a,0x68,0x6a,
    0x68,0x6a,0x88,0x6a,0x47,0x62,0xc3,0x18,0xf3,0xcd,0x37,0xff,0x17,0xf7,0x17,0xf7,0xd5,0xf6,0xd5,0xf6,0x0f,0xc5,0xe8,0x6a,0xa3,0x10,0xa9,0x52,0xcc,0x83,0xab,0x7b,
    0xab,0x7b,0xab,0x7b,0xab,0x7b,0xab,0x7b,0xab,0x7b,0xab,0x7b,0x8b,0x73,0x70,0xbd,0x74,0xe6,0x54,0xde,0x54,0xde,0x33,0xd6,0x33,0xd6,0x33,0xd6,0x33,0xd6,0x33,0xd6,
    0x33,0xd6,0x33,0xd6,0x33,0xd6,0x13,0xd6,0x13,0xd6,0x13,0xd6,0x13,0xd6,0x33,0xd6,0x13,0xd6,0x13,0xd6,0x13,0xd6,0x13,0xd6,0x13,0xd6,0x13,0xd6,0x13,0xd6,0x13,0xd6,
    0x33,0xde,0x74,0xde,0x53,0xde,0x74,0xe6,0xd2,0xcd,0xe3,0x18,0x64,0x19,0x05,0x2a,0xc5,0x21,0xe5,0x5a,0x65,0x83,0x86,0xbb,0x66,0xb3,0x66,0xab,0x45,0x32,0x26,0x2a,
    0x46,0x32,0x46,0x32,0x46,0x32,0x26,0x32,0x26,0x32,0x26,0x32,0x26,0x32,0x26,0x32,0x26,0x32,0x26,0x2a,0x25,0x2a,0x25,0x2a,0x26,0x32,0x26,0x32,0x26,0x32,0x25,0x2a,
    0x26,0x32,0x26,0x32,0x25,0x32,0x25,0x32,0x26,0x32,0x26,0x32,0x46,0x32,0x26,0x32,0x26,0x32,0x26,0x32,0x26,0x2a,0x25,0x2a,0x25,0x2a,0x25,0x2a,0x25,0x2a,0x25,0x2a,
    0x25,0x2a,0x25,0x32,0x46,0x9b,0xa7,0xb3,0xcc,0xc4,0xed,0xc4,0xed,0xcc,0x0a,0x8c,0x47,0x43,0xa4,0x19,0x85,0x21,0x34,0xce,0x34,0xd6,0x14,0xce,0x14,0xce,0x14,0xd6,
    0x13,0xd6,0x13,0xd6,0x13,0xd6,0x13,0xd6,0x13,0xd6,0x13,0xd6,0x13,0xd6,0x13,0xd6,0x33,0xd6,0x33,0xde,0x52,0xe6,0x52,0xe6,0x71,0xee,0x71,0xf6,0x70,0xf6,0x90,0xf6,
    0x90,0xf6,0x90,0xf6,0x90,0xf6,0x90,0xf6,0x90,0xfe,0x8f,0xfe,0xf0,0xfe,0x48,0x6b,0x41,0x00,0x69,0x9c,0x0e,0xff,0x0b,0xf6,0xab,0xf5,0xac,0xed,0xac,0xed,0xad,0xed,
    0xed,0xed,0x25,0x52,0x03,0x19,0x2d,0xc5,0xaf,0xdd,0xaf,0xdd,0xae,0xdd,0x8e,0xdd,0xcf,0xe5,0x08,0x73,0xa2,0x10,0x0d,0xbd,0xcf,0xe5,0x8e,0xdd,0xae,0xdd,0x6d,0xdd,
    0x48,0xd4,0x89,0xdc,0xc4,0x49,0xe5,0x39,0xb0,0xf6,0xb0,0xfe,0xf1,0xfe,0xad,0xcd,0x89,0x9c,0x2e,0xe6,0xd1,0xfe,0xb0,0xf6,0x90,0xf6,0x90,0xf6,0x90,0xf6,0x90,0xf6,
    0x90,0xf6,0x90,0xf6,0x90,0xf6,0x90,0xf6,0xd1,0xfe,0x28,0x6b,0x66,0x5a,0xe8,0x7a,0x27,0x5a,0xe8,0x7a,0xcb,0x9b,0xec,0x9b,0xec,0x9b,0xec,0x9b,0xec,0x9b,0xec,0x9b,
    0xec,0x9b,0xec,0x9b,0xec,0x9b,0xab,0x93,0x8a,0x93,0x49,0x8b,0x85,0x39,0x44,0x29,0x44,0x29,0xab,0x83,0x8e,0xa4,0x85,0x31,0xc3,0x18,0xe3,0x20,0x47,0x4a,0x92,0xc5,
    0x71,0xc5,0x53,0xe6,0x32,0xee,0xd0,0xe5,0x0b,0xa4,0x44,0x29,0xe6,0x49,0x88,0x6a,0x88,0x6a,0x88,0x6a,0x88,0x6a,0x88,0x6a,0x68,0x62,0x65,0x39,0xe6,0x41,0x73,0xee,
    0x32,0xee,0x06,0x4a,0x44,0x31,0x88,0x6a,0x68,0x6a,0x68,0x6a,0x88,0x6a,0x68,0x6a,0xc6,0x49,0x67,0x62,0x74,0xee,0x16,0xf7,0xf6,0xf6,0xf6,0xf6,0x94,0xf6,0x73,0xee,
    0x6f,0xd5,0x8a,0x83,0x63,0x21,0x02,0x19,0xe2,0x18,0x22,0x21,0x22,0x19,0x02,0x19,0x02,0x19,0x02,0x19,0x02,0x19,0x02,0x19,0xe2,0x18,0xeb,0x83,0x50,0xb5,0x0f,0xad,
    0x50,0xb5,0x33,0xd6,0x33,0xd6,0x33,0xd6,0x33,0xd6,0x33,0xd6,0x33,0xd6,0x33,0xd6,0x13,0xd6,0x13,0xd6,0x13,0xd6,0x13,0xd6,0x13,0xd6,0x33,0xd6,0x33,0xd6,0x13,0xd6,
    0x13,0xd6,0x33,0xd6,0x13,0xd6,0x13,0xd6,0x13,0xd6,0x53,0xde,0x30,0xb5,0x68,0x52,0x88,0x52,0xa8,0x52,0x68,0x4a,0xc3,0x10,0x03,0x11,0x24,0x19,0x23,0x19,0x84,0x29,
    0xa3,0x39,0xa3,0x41,0x83,0x41,0x83,0x41,0x23,0x19,0x44,0x19,0x44,0x21,0x44,0x19,0x44,0x19,0x44,0x19,0x44,0x19,0x44,0x19,0x44,0x19,0x44,0x19,0x44,0x19,0x44,0x19,
    0x44,0x19,0x44,0x19,0x44,0x19,0x44,0x19,0x44,0x19,0x44,0x19,0x44,0x19,0x44,0x19,0x44,0x19,0x44,0x19,0x44,0x19,0x64,0x21,0x44,0x21,0x44,0x21,0x64,0x21,0x44,0x21,
    0x44,0x19,0x44,0x19,0x44,0x19,0x44,0x19,0x44,0x19,0x44,0x19,0x44,0x19,0x24,0x19,0x84,0x39,0xc4,0x49,0x26,0x4a,0x26,0x4a,0x26,0x4a,0xc5,0x31,0x44,0x19,0x03,0x11,
    0x44,0x19,0xa9,0x52,0x2e,0x8c,0x34,0xd6,0x14,0xce,0x14,0xce,0x13,0xd6,0x13,0xd6,0x13,0xd6,0x13,0xd6,0x13,0xd6,0x13,0xd6,0x13,0xd6,0x13,0xd6,0x13,0xd6,0x33,0xd6,
    0x52,0xde,0x52,0xe6,0x71,0xee,0x71,0xf6,0x70,0xf6,0x70,0xf6,0x70,0xf6,0x90,0xf6,0x90,0xf6,0x90,0xf6,0x90,0xfe,0x90,0xfe,0xf0,0xfe,0x48,0x6b,0x41,0x00,0x69,0x9c,
    0x0d,0xff,0x0b,0xf6,0xab,0xf5,0xcc,0xed,0xac,0xed,0xad,0xed,0xad,0xe5,0x4c,0xd5,0x0c,0xc5,0x8e,0xdd,0xaf,0xe5,0x87,0x5a,0x69,0x83,0xcf,0xe5,0xaf,0xdd,0x2d,0xcd,
    0xcd,0xbc,0x8e,0xd5,0xaf,0xdd,0x8f,0xdd,0x8e,0xdd,0x4d,0xdd,0x48,0xcc,0x89,0xdc,0xa4,0x49,0x05,0x42,0xd0,0xfe,0xb0,0xf6,0xb0,0xf6,0xb0,0xfe,0xd1,0xfe,0xb0,0xf6,
    0x90,0xf6,0x90,0xf6,0x90,0xf6,0x90,0xf6,0x90,0xf6,0x90,0xf6,0x90,0xf6,0x90,0xf6,0xb0,0xfe,0xf1,0xfe,0xf0,0xfe,0x46,0x4a,0x23,0x21,0x24,0x29,0x87,0x6a,0x4a,0x8b,
    0xec,0x9b,0xec,0x9b,0xec,0x9b,0xec,0x9b,0xec,0x9b,0xec,0x9b,0xec,0x9b,0xec,0x9b,0xec,0x9b,0xec,0x9b,0xcb,0x9b,0xcb,0x9b,0x6a,0x8b,0x29,0x83,0x47,0x5a,0xc3,0x18,
    0xa2,0x18,0xa5,0x41,0x27,0x52,0x27,0x5a,0x85,0x39,0xa2,0x10,0xa2,0x10,0x2f,0xbd,0x72,0xf6,0xf0,0xe5,0x6f,0xd5,0x64,0x29,0x65,0x31,0xa8,0x72,0x88,0x6a,0x88,0x6a,
    0x88,0x6a,0x88,0x6a,0x68,0x6a,0xa5,0x41,0x26,0x4a,0x93,0xf6,0x8f,0xdd,0x44,0x29,0x85,0x39,0x88,0x6a,0x68,0x6a,0x68,0x6a,0x88,0x6a,0x67,0x62,0x24,0x29,0x2e,0xcd,
    0x94,0xf6,0xf6,0xf6,0xd6,0xf6,0xb5,0xf6,0x52,0xee,0x73,0xf6,0xec,0x93,0xa2,0x10,0xc6,0x7b,0x66,0x94,0x86,0x9c,0x66,0x9c,0x66,0x94,0x66,0x94,0x66,0x94,0x66,0x94,
    0x46,0x94,0x26,0x8c,0x45,0x94,0x83,0x29,0x82,0x08,0x82,0x08,0x85,0x29,0x74,0xde,0x94,0xe6,0x54,0xde,0x33,0xd6,0x33,0xd6,0x33,0xd6,0x33,0xd6,0x13,0xd6,0x13,0xd6,
    0x13,0xd6,0x13,0xd6,0x13,0xd6,0x13,0xd6,0x13,0xd6,0x13,0xd6,0x13,0xd6,0x13,0xd6,0x13,0xd6,0x13,0xd6,0x13,0xd6,0x74,0xe6,0x8e,0x9c,0x21,0x00,0x62,0x00,0x82,0x00,
    0x62,0x00,0x82,0x08,0x82,0x08,0x82,0x08,0x82,0x08,0x82,0x08,0x82,0x08,0x82,0x00,0x82,0x08,0x82,0x08,0xa2,0x08,0xa2,0x08,0xa2,0x08,0xa2,0x08,0xa2,0x08,0xa2,0x08,
    0xa2,0x08,0xa2,0x08,0xa2,0x08,0xa2,0x08,0xa2,0x08,0xa2,0x08,0xa2,0x08,0xa2,0x08,0xa2,0x08,0xa2,0x08,0xa2,0x08,0xa2,0x08,0xa2,0x08,0xa2,0x08,0xa2,0x08,0xa2,0x10,
    0xa2,0x10,0xa2,0x10,0xa2,0x08,0xa2,0x10,0xa3,0x10,0xa3,0x10,0xa2,0x10,0xa2,0x08,0xa2,0x08,0xa2,0x08,0xa2,0x08,0xa2,0x08,0xa2,0x08,0xa2,0x08,0x82,0x00,0x82,0x00,
    0x62,0x00,0x62,0x00,0x62,0x00,0x82,0x08,0x82,0x08,0xa2,0x08,0xa2,0x08,0x62,0x00,0xea,0x5a,0x54,0xd6,0x14,0xce,0x14,0xce,0x13,0xd6,0x13,0xd6,0x13,0xd6,0x13,0xd6,
    0x13,0xd6,0x13,0xd6,0x13,0xd6,0x13,0xd6,0x13,0xd6,0x33,0xd6,0x33,0xde,0x52,0xe6,0x51,0xee,0x71,0xee,0x71,0xf6,0x70,0xf6,0x70,0xf6,0x70,0xf6,0x70,0xf6,0x90,0xf6,
    0x90,0xf6,0x90,0xf6,0xd0,0xfe,0x28,0x6b,0x41,0x00,0x69,0x9c,0x0d,0xff,0xeb,0xf5,0xab,0xf5,0xac,0xed,0xac,0xed,0xad,0xed,0xad,0xe5,0xcd,0xed,0xcf,0xe5,0x0a,0x9c,
    0xed,0xbc,0xe8,0x6a,0xe8,0x6a,0x2e,0xcd,0xac,0xb4,0xcf,0xe5,0xaf,0xe5,0xaf,0xdd,0x8f,0xdd,0x8f,0xdd,0xae,0xdd,0x6d,0xdd,0x48,0xcc,0x89,0xdc,0xa4,0x49,0x26,0x42,
    0xd0,0xfe,0xb0,0xf6,0x90,0xf6,0x90,0xf6,0x90,0xf6,0x90,0xf6,0x90,0xf6,0x90,0xf6,0x90,0xf6,0x90,0xf6,0x90,0xf6,0x90,0xf6,0x90,0xfe,0xb0,0xfe,0xae,0xd5,0x68,0x7b,
    0xe9,0x83,0x07,0x63,0xc3,0x10,0x67,0x62,0x29,0x83,0x6a,0x8b,0xec,0x9b,0xec,0x9b,0xec,0x9b,0xec,0x9b,0xec,0x9b,0xec,0x9b,0xec,0x9b,0xec,0x9b,0xec,0x9b,0xec,0x9b,
    0xcb,0x9b,0xcb,0x9b,0xab,0x93,0x8a,0x8b,0xc8,0x72,0xa8,0x6a,0x67,0x6a,0x27,0x5a,0x07,0x52,0xc6,0x41,0xa5,0x39,0x64,0x31,0x65,0x31,0x29,0x6b,0x6a,0x7b,0x0c,0x9c,
    0xb0,0xe5,0x87,0x62,0x03,0x21,0x47,0x62,0x88,0x6a,0x88,0x6a,0x88,0x6a,0x88,0x6a,0x88,0x6a,0xc6,0x49,0xc5,0x41,0x11,0xe6,0x6f,0xd5,0x44,0x29,0x85,0x39,0x88,0x6a,
    0x68,0x6a,0x68,0x6a,0x88,0x6a,0x27,0x5a,0x24,0x21,0x4f,0xcd,0x12,0xe6,0x73,0xee,0x93,0xf6,0x73,0xee,0xd0,0xe5,0x2e,0xcd,0x67,0x5a,0x63,0x19,0xe5,0x52,0x66,0x63,
    0x86,0x6b,0x66,0x63,0x86,0x6b,0xc6,0x73,0xe6,0x7b,0xe6,0x7b,0xe6,0x7b,0xc6,0x73,0xe6,0x7b,0x25,0x63,0x05,0x63,0x25,0x63,0x46,0x63,0xe9,0x62,0xa8,0x52,0xcc,0x83,
    0x54,0xde,0x33,0xd6,0x33,0xd6,0x33,0xd6,0x13,0xd6,0x13,0xd6,0x13,0xd6,0x13,0xd6,0x13,0xd6,0x13,0xd6,0x13,0xd6,0x13,0xd6,0x13,0xd6,0x13,0xd6,0x13,0xd6,0x13,0xd6,
    0x74,0xde,0xcc,0x7b,0x05,0x4a,0xa6,0xa3,0x86,0xa3,0x86,0xa3,0x86,0xa3,0x86,0xa3,0xa9,0xac,0xca,0xac,0xca,0xac,0x68,0xac,0xa7,0xa3,0x66,0xa3,0x66,0xa3,0x66,0xa3,
    0x66,0xa3,0x87,0xa3,0x87,0xa3,0x87,0xa3,0x87,0xa3,0x87,0xa3,0x87,0xa3,0x87,0xa3,0x66,0xa3,0x66,0xa3,0x67,0xa3,0x67,0xa3,0x67,0xa3,0x67,0xa3,0x67,0xa3,0x67,0xa3,
    0x67,0xa3,0x87,0xa3,0x67,0xa3,0x67,0xa3,0x67,0xa3,0x67,0xa3,0x87,0xa3,0x67,0xa3,0x67,0xa3,0x67,0xa3,0x67,0xa3,0x67,0xa3,0x67,0xa3,0x46,0x9b,0x46,0x9b,0x46,0x9b,
    0x46,0x9b,0x46,0x9b,0x46,0x9b,0x26,0x9b,0x67,0x9b,0x2a,0xac,0xad,0xac,0xad,0xac,0xad,0xac,0xcd,0xac,0xce,0xac,0x88,0x9b,0x85,0x7a,0xa2,0x08,0x0a,0x5b,0x54,0xd6,
    0x14,0xce,0x14,0xce,0x13,0xd6,0x13,0xd6,0x13,0xd6,0x13,0xd6,0x13,0xd6,0x13,0xd6,0x13,0xd6,0x13,0xd6,0x13,0xd6,0x33,0xd6,0x33,0xde,0x52,0xe6,0x51,0xee,0x51,0xee,
    0x71,0xf6,0x70,0xf6,0x70,0xf6,0x70,0xf6,0x70,0xf6,0x90,0xf6,0x90,0xf6,0x70,0xf6,0xd0,0xfe,0x28,0x6b,0x41,0x00,0x69,0x9c,0x0d,0xff,0xeb,0xf5,0xab,0xed,0xac,0xed,
    0xac,0xed,0xad,0xe5,0xad,0xe5,0xad,0xe5,0xef,0xed,0x0b,0x9c,0x64,0x31,0x0e,0xc5,0x2b,0xa4,0x24,0x29,0x49,0x7b,0xef,0xe5,0x8f,0xdd,0x8f,0xdd,0x8f,0xdd,0x8f,0xdd,
    0xaf,0xdd,0x6e,0xdd,0x49,0xcc,0x89,0xdc,0xa4,0x49,0x46,0x4a,0xf0,0xfe,0xb0,0xf6,0xb0,0xf6,0x90,0xf6,0x90,0xf6,0x90,0xf6,0x90,0xf6,0x90,0xf6,0x90,0xf6,0x90,0xf6,
    0x90,0xf6,0x90,0xf6,0x90,0xf6,0xf1,0xf6,0xec,0xa4,0x41,0x00,0x82,0x08,0xa2,0x08,0xc2,0x18,0xc8,0x72,0x09,0x83,0x49,0x83,0xec,0x9b,0xec,0x9b,0xec,0x9b,0xec,0x9b,
    0xec,0x9b,0xec,0x9b,0xec,0x9b,0xec,0x9b,0xec,0x9b,0xec,0x9b,0xec,0x9b,0xec,0x9b,0xec,0x9b,0xec,0x9b,0x49,0x83,0xa8,0x72,0x07,0x52,0x07,0x4a,0xe7,0x49,0x07,0x52,
    0xe6,0x49,0xe6,0x49,0x65,0x31,0x82,0x08,0xc3,0x10,0x69,0x83,0xd0,0xe5,0xcb,0x93,0xa3,0x10,0xe6,0x49,0x68,0x6a,0x68,0x6a,0x68,0x6a,0x88,0x6a,0x88,0x6a,0xc6,0x49,
    0x84,0x39,0x8f,0xdd,0x2e,0xd5,0x44,0x29,0xa5,0x41,0x88,0x6a,0x88,0x6a,0x68,0x6a,0x88,0x6a,0xc6,0x49,0xa2,0x10,0x06,0x42,0xe6,0x41,0xee,0xbc,0x32,0xee,0x32,0xee,
    0xb0,0xdd,0x8c,0xb4,0xc2,0x10,0x65,0x3a,0xc6,0x42,0x86,0x3a,0x65,0x3a,0xa6,0x3a,0xe6,0x42,0x46,0x53,0x86,0x5b,0x66,0x63,0x66,0x63,0x86,0x63,0x86,0x63,0x26,0x84,
    0x26,0x8c,0x46,0x8c,0xe6,0x7b,0xc2,0x10,0x41,0x00,0x47,0x4a,0x74,0xde,0x13,0xd6,0x33,0xd6,0x33,0xd6,0x13,0xd6,0x13,0xd6,0x13,0xd6,0x13,0xd6,0x13,0xd6,0x13,0xd6,
    0x13,0xd6,0x13,0xd6,0x13,0xd6,0x13,0xd6,0x13,0xd6,0x13,0xd6,0x74,0xe6,0xe9,0x62,0x83,0x41,0x29,0xf5,0xc8,0xec,0xa8,0xe4,0xa8,0xe4,0x09,0xed,0xce,0xfe,0xef,0xfe,
    0xee,0xfe,0x0b,0xfe,0xe9,0xe4,0x88,0xe4,0xa8,0xe4,0xa8,0xe4,0xa8,0xe4,0xa8,0xe4,0xa9,0xe4,0xa8,0xe4,0xa8,0xe4,0xa8,0xe4,0xa8,0xe4,0xa8,0xe4,0x88,0xe4,0x88,0xdc,
    0x88,0xdc,0xa9,0xdc,0xa8,0xdc,0xa9,0xe4,0xa9,0xe4,0xa9,0xe4,0xa9,0xe4,0xa9,0xe4,0xa9,0xe4,0xa9,0xdc,0xa9,0xdc,0xa9,0xdc,0x89,0xdc,0x89,0xdc,0x89,0xdc,0x88,0xdc,
    0x88,0xdc,0x88,0xdc,0x68,0xdc,0x68,0xdc,0x68,0xdc,0x68,0xdc,0x68,0xdc,0x68,0xdc,0x68,0xdc,0x48,0xdc,0x2b,0xe5,0x2f,0xf6,0x92,0xf6,0x92,0xf6,0x92,0xf6,0x93,0xee,
    0xb4,0xf6,0x8b,0xcc,0x26,0xa3,0xa2,0x08,0x2a,0x63,0x55,0xd6,0x14,0xce,0x14,0xce,0x13,0xd6,0x13,0xd6,0x13,0xd6,0x13,0xd6,0x13,0xd6,0x13,0xd6,0x13,0xd6,0x13,0xd6,
    0x13,0xd6,0x33,0xd6,0x33,0xde,0x52,0xe6,0x51,0xe6,0x51,0xee,0x51,0xee,0x71,0xf6,0x70,0xf6,0x70,0xf6,0x70,0xf6,0x70,0xf6,0x70,0xf6,0x70,0xf6,0xd0,0xfe,0x28,0x6b,
    0x21,0x00,0x89,0x9c,0x0e,0xff,0xeb,0xf5,0xab,0xed,0xad,0xed,0xad,0xe5,0xad,0xe5,0xad,0xe5,0xae,0xe5,0xae,0xe5,0x6e,0xd5,0xcd,0xbc,0xaf,0xdd,0x8f,0xd5,0xcd,0xb4,
    0x4e,0xcd,0xaf,0xdd,0x8f,0xdd,0x8f,0xdd,0xaf,0xdd,0xaf,0xdd,0xaf,0xdd,0x6e,0xdd,0x49,0xcc,0x88,0xdc,0xa4,0x49,0x66,0x4a,0xf0,0xfe,0xb0,0xf6,0xb0,0xf6,0xb0,0xf6,
    0x90,0xf6,0x90,0xf6,0x90,0xf6,0x90,0xf6,0x90,0xf6,0x90,0xf6,0x90,0xf6,0xf1,0xfe,0x48,0x73,0x64,0x29,0x85,0x52,0x26,0x9c,0x06,0x94,0xa3,0x39,0xc3,0x18,0xc8,0x7a,
    0x67,0x62,0xe8,0x7a,0x8b,0x93,0xec,0x9b,0xec,0x9b,0xec,0x9b,0xec,0x9b,0xec,0x9b,0xec,0x9b,0xec,0x9b,0xec,0x9b,0xec,0x9b,0xec,0x9b,0xec,0x9b,0xec,0x9b,0xec,0x9b,
    0x4a,0x83,0x27,0x5a,0xe6,0x49,0xe6,0x51,0xe7,0x51,0x07,0x4a,0xe6,0x49,0xe6,0x49,0xa5,0x41,0x65,0x39,0x85,0x39,0x85,0x31,0xa8,0x6a,0xed,0xcc,0x09,0x83,0x44,0x29,
    0x47,0x62,0x27,0x62,0x27,0x62,0x27,0x5a,0x47,0x62,0xa5,0x41,0xa5,0x39,0x4f,0xd5,0x2e,0xcd,0x64,0x31,0xa5,0x41,0x47,0x62,0x47,0x62,0x47,0x62,0x47,0x62,0x85,0x39,
    0xe3,0x18,0x85,0x39,0x65,0x39,0xc6,0x41,0x87,0x5a,0x52,0xee,0xab,0x8b,0x64,0x31,0xe5,0x29,0x05,0x2a,0x05,0x2a,0x65,0x32,0x86,0x3a,0x06,0x4b,0x06,0x4b,0x06,0x4b,
    0x26,0x53,0x46,0x53,0x66,0x5b,0x66,0x5b,0x66,0x5b,0x86,0x5b,0x86,0x63,0x86,0x63,0xa6,0x6b,0x65,0x6b,0x86,0x6b,0x26,0x63,0x44,0x21,0x2d,0x8c,0x94,0xe6,0x33,0xd6,
    0x13,0xd6,0x13,0xd6,0x13,0xd6,0x13,0xd6,0x13,0xd6,0x13,0xd6,0x13,0xd6,0x13,0xd6,0x13,0xd6,0x13,0xd6,0x33,0xd6,0x71,0xbd,0xa6,0x31,0xa5,0x72,0xa6,0xbb,0xa6,0xc3,
    0x66,0xab,0x06,0x93,0x66,0xab,0xa8,0xdc,0x8c,0xe5,0xad,0xe5,0x8c,0xe5,0x67,0x9b,0x06,0x93,0x06,0x93,0x06,0x93,0x26,0x93,0x27,0x9b,0x27,0x9b,0x27,0x9b,0x27,0x9b,
    0x27,0x9b,0x27,0x9b,0x27,0x93,0x27,0x93,0x06,0x93,0x06,0x93,0x26,0x93,0x27,0x9b,0x26,0x9b,0x27,0x9b,0x27,0x9b,0x27,0x9b,0x27,0x9b,0x27,0x9b,0x26,0x93,0x07,0x93,
    0x27,0x93,0x27,0x93,0x27,0x93,0x27,0x93,0x27,0x93,0x27,0x9b,0x27,0x9b,0x26,0x93,0x06,0x93,0x06,0x93,0x06,0x93,0x06,0x93,0x06,0x93,0x07,0x93,0x06,0x93,0xe6,0x8a,
    0x2a,0xac,0xf1,0xdd,0x11,0xde,0xf1,0xdd,0xb0,0xd5,0x90,0xd5,0x90,0xd5,0x06,0x4a,0xc2,0x18,0xac,0x7b,0xb3,0xc5,0x14,0xce,0x14,0xce,0x13,0xce,0x13,0xd6,0x13,0xd6,
    0x13,0xd6,0x13,0xd6,0x13,0xd6,0x13,0xd6,0x13,0xd6,0x13,0xd6,0x13,0xd6,0x13,0xd6,0x33,0xde,0x52,0xe6,0x32,0xe6,0x51,0xee,0x51,0xee,0x51,0xee,0x71,0xf6,0x70,0xf6,
    0x70,0xf6,0x70,0xf6,0x70,0xf6,0x70,0xf6,0xd1,0xfe,0x28,0x6b,0x41,0x00,0x89,0x9c,0x0e,0xff,0xeb,0xf5,0xab,0xed,0xad,0xe5,0xad,0xe5,0xae,0xe5,0xae,0xe5,0xae,0xe5,
    0xae,0xdd,0xaf,0xdd,0xaf,0xdd,0x8f,0xd5,0x8f,0xd5,0xaf,0xdd,0xaf,0xdd,0x8f,0xdd,0x8f,0xdd,0xaf,0xdd,0xaf,0xdd,0xaf,0xdd,0xaf,0xdd,0x4e,0xd5,0x29,0xc4,0x69,0xd4,
    0x84,0x41,0x66,0x4a,0xf0,0xfe,0x90,0xf6,0x90,0xf6,0x90,0xf6,0x90,0xf6,0x90,0xf6,0x90,0xf6,0x90,0xf6,0x90,0xf6,0x90,0xf6,0x50,0xee,0xef,0xcd,0x67,0x4a,0xc2,0x10,
    0x84,0x5a,0xe6,0xb4,0xc7,0xac,0xe3,0x39,0x03,0x21,0x06,0x52,0x85,0x39,0xe8,0x82,0x6a,0x8b,0xcb,0x9b,0xec,0x9b,0xec,0x9b,0xec,0x9b,0xec,0x9b,0xec,0x9b,0xec,0x9b,
    0xec,0x9b,0xec,0x9b,0xec,0x9b,0xec,0x9b,0xec,0x9b,0xcc,0x9b,0xec,0x9b,0x4a,0x83,0x27,0x5a,0x07,0x52,0x07,0x52,0x06,0x52,0x07,0x52,0xe6,0x49,0xc6,0x41,0xc6,0x41,
    0x44,0x29,0x03,0x21,0x09,0x7b,0x0e,0xd5,0x0b,0xac,0xc3,0x18,0x47,0x62,0x6f,0x9c,0x4f,0x9c,0xb0,0xa4,0x0d,0x94,0x48,0x52,0x43,0x29,0x0e,0xd5,0xee,0xcc,0x44,0x29,
    0x27,0x52,0xcd,0x8b,0xac,0x8b,0xcd,0x8b,0xd0,0xac,0x68,0x52,0xc2,0x18,0xa6,0x49,0xa5,0x41,0x85,0x39,0xe6,0x49,0xee,0xbc,0x87,0x5a,0x82,0x08,0xc5,0x21,0xc5,0x21,
    0xa4,0x21,0x05,0x2a,0x25,0x32,0x45,0x32,0x45,0x32,0x66,0x3a,0xc6,0x42,0x06,0x4b,0x26,0x53,0x46,0x53,0x46,0x53,0x67,0x5b,0x87,0x5b,0x66,0x5b,0xa6,0x6b,0xe6,0x7b,
    0x06,0x7c,0x25,0x63,0xe2,0x18,0x6a,0x73,0x50,0xb5,0x13,0xd6,0x33,0xd6,0x13,0xd6,0x13,0xd6,0x13,0xd6,0x13,0xd6,0x13,0xd6,0x13,0xd6,0x13,0xd6,0x13,0xd6,0x13,0xd6,
    0x33,0xde,0x50,0xb5,0xa2,0x08,0xa5,0x82,0x47,0xdc,0x25,0xab,0xe6,0x9a,0xc6,0x8a,0x67,0xab,0xa8,0xdc,0x4b,0xe5,0x4c,0xe5,0x2c,0xdd,0xe6,0x8a,0xa6,0x82,0xc6,0x82,
    0xc6,0x82,0xc6,0x82,0xc6,0x82,0xc6,0x8a,0xc6,0x8a,0xc6,0x8a,0xc6,0x8a,0xc6,0x8a,0xc6,0x8a,0xc6,0x8a,0xc6,0x8a,0xe6,0x8a,0xe6,0x8a,0xe6,0x8a,0xc6,0x8a,0xc6,0x8a,
    0xc6,0x8a,0xe6,0x8a,0xe6,0x8a,0xc6,0x8a,0xc6,0x8a,0xc6,0x82,0xc6,0x82,0xc6,0x82,0xc6,0x82,0xc6,0x82,0xc6,0x82,0xc6,0x82,0xc6,0x8a,0xc6,0x82,0xc6,0x82,0xc6,0x82,
    0xc6,0x82,0xc6,0x82,0xc6,0x82,0xc6,0x82,0xc6,0x82,0xa6,0x82,0x2b,0xac,0x33,0xde,0xf2,0xdd,0xd1,0xd5,0x90,0xd5,0x90,0xcd,0x90,0xd5,0xc6,0x39,0x62,0x00,0x6f,0x94,
    0x55,0xde,0x14,0xce,0x14,0xce,0x13,0xce,0x13,0xce,0x13,0xce,0x13,0xd6,0x13,0xd6,0x13,0xd6,0x13,0xd6,0x13,0xd6,0x13,0xd6,0x13,0xd6,0x13,0xd6,0x33,0xde,0x52,0xe6,
    0x32,0xe6,0x51,0xe6,0x51,0xee,0x51,0xee,0x51,0xee,0x51,0xf6,0x71,0xf6,0x70,0xf6,0x70,0xf6,0x70,0xf6,0xd1,0xfe,0x28,0x6b,0x21,0x00,0x8a,0xa4,0x4f,0xff,0xec,0xf5,
    0xac,0xed,0xad,0xe5,0xae,0xe5,0xae,0xe5,0xae,0xe5,0xae,0xe5,0xaf,0xdd,0xaf,0xdd,0xaf,0xdd,0x8f,0xdd,0xaf,0xdd,0x8f,0xdd,0x8f,0xdd,0xaf,0xdd,0xaf,0xdd,0xaf,0xdd,
    0xaf,0xdd,0xaf,0xdd,0x8f,0xd5,0x4e,0xd5,0x29,0xc4,0x89,0xdc,0xa4,0x49,0x66,0x4a,0xd0,0xfe,0x90,0xf6,0x90,0xf6,0x90,0xf6,0x90,0xf6,0x90,0xf6,0x90,0xf6,0x90,0xf6,
    0x70,0xf6,0xb1,0xfe,0xab,0xac,0xa2,0x08,0xa3,0x10,0xe5,0x62,0x27,0xc5,0x26,0x94,0x86,0x63,0xa5,0x4a,0xa5,0x4a,0xc2,0x10,0x64,0x31,0xe8,0x82,0x09,0x83,0x6a,0x8b,
    0xeb,0x9b,0xec,0x9b,0xec,0x9b,0xec,0x9b,0xec,0x9b,0xec,0x9b,0xec,0x9b,0xec,0x9b,0xec,0x9b,0xec,0x9b,0xec,0x9b,0xcb,0x9b,0x6a,0x8b,0xe8,0x7a,0x88,0x72,0x47,0x62,
    0x27,0x5a,0x07,0x52,0x07,0x52,0x07,0x52,0x07,0x52,0x07,0x52,0xa6,0x41,0x24,0x29,0x82,0x10,0x0b,0xac,0x29,0x83,0x69,0x52,0x16,0xce,0x9b,0xff,0x9a,0xff,0x9a,0xff,
    0x9a,0xff,0x16,0xce,0x0a,0x6b,0x29,0x83,0x29,0x83,0x0a,0x63,0x94,0xbd,0xbb,0xff,0x7a,0xff,0x7a,0xff,0x9a,0xff,0x56,0xd6,0x6c,0x6b,0xa5,0x41,0x85,0x39,0x65,0x31,
    0xa5,0x41,0xa2,0x10,0xc3,0x10,0x03,0x11,0x43,0x19,0x64,0x19,0x84,0x21,0x84,0x21,0xa4,0x21,0x25,0x32,0x65,0x3a,0x65,0x3a,0xa6,0x3a,0xa6,0x42,0xa6,0x42,0xa6,0x3a,
    0xa6,0x3a,0x06,0x4b,0x46,0x53,0x66,0x5b,0x67,0x5b,0x87,0x5b,0x86,0x63,0xa6,0x6b,0x46,0x8c,0x24,0x42,0xa2,0x10,0x50,0xb5,0x33,0xd6,0x13,0xd6,0x13,0xd6,0x13,0xd6,
    0x13,0xd6,0x13,0xd6,0x13,0xd6,0x13,0xd6,0x13,0xd6,0x13,0xd6,0x33,0xde,0x71,0xbd,0xc3,0x08,0x44,0x72,0xa6,0xcb,0xc6,0x92,0xe6,0x92,0xe6,0x92,0x66,0xab,0xa8,0xdc,
    0x4c,0xe5,0x6c,0xe5,0x4c,0xdd,0x07,0x8b,0xc6,0x82,0xc6,0x8a,0xc6,0x8a,0xc6,0x8a,0xc6,0x8a,0xc6,0x8a,0xe6,0x8a,0xe6,0x8a,0xe6,0x8a,0xe6,0x8a,0xe6,0x8a,0xe6,0x8a,
    0xe6,0x8a,0xe6,0x8a,0xe6,0x8a,0xe6,0x8a,0xe6,0x8a,0xe6,0x8a,0xe6,0x8a,0xe6,0x8a,0xe6,0x8a,0xe6,0x8a,0xe6,0x8a,0xe6,0x8a,0xe6,0x8a,0xe6,0x8a,0xe6,0x8a,0xe6,0x8a,
    0xc6,0x8a,0xc6,0x8a,0xe6,0x8a,0xe6,0x8a,0xe6,0x8a,0xe6,0x8a,0xe6,0x8a,0xe6,0x8a,0xe6,0x8a,0xe6,0x8a,0xe6,0x8a,0xa6,0x82,0x4c,0xac,0x54,0xde,0x33,0xde,0x33,0xde,
    0x33,0xde,0x13,0xde,0x54,0xde,0x07,0x42,0x81,0x08,0x4e,0x8c,0x55,0xd6,0x14,0xce,0x14,0xce,0x14,0xce,0x13,0xce,0x13,0xd6,0x13,0xd6,0x13,0xd6,0x13,0xd6,0x13,0xd6,
    0x13,0xd6,0x13,0xd6,0x13,0xd6,0x13,0xd6,0x33,0xde,0x32,0xde,0x32,0xe6,0x52,0xe6,0x51,0xee,0x51,0xee,0x51,0xee,0x51,0xee,0x71,0xf6,0x71,0xf6,0x70,0xf6,0x70,0xf6,
    0xb1,0xfe,0x28,0x73,0xc2,0x10,0x27,0x6b,0x8a,0x9c,0x2a,0xd5,0x8b,0xed,0xad,0xe5,0xae,0xe5,0xae,0xdd,0xae,0xdd,0xaf,0xdd,0xaf,0xdd,0xaf,0xdd,0xaf,0xdd,0xaf,0xdd,
    0xaf,0xdd,0xaf,0xdd,0xaf,0xdd,0xaf,0xdd,0xaf,0xdd,0xaf,0xdd,0xaf,0xdd,0xaf,0xdd,0x0d,0xcd,0x8b,0xc4,0xc8,0xab,0xa7,0xab,0x84,0x39,0xa7,0x5a,0xd0,0xfe,0x90,0xf6,
    0x90,0xf6,0x90,0xf6,0x90,0xf6,0x90,0xf6,0x90,0xf6,0x70,0xf6,0x90,0xf6,0xd1,0xfe,0xe8,0x62,0x42,0x00,0x05,0x6b,0x46,0x9c,0x26,0x84,0xc6,0x73,0x66,0x63,0x26,0x53,
    0xa5,0x42,0xc2,0x10,0x84,0x39,0xa7,0x72,0x67,0x62,0x09,0x83,0xaa,0x93,0xeb,0x9b,0xcb,0x93,0xcb,0x9b,0xec,0x9b,0xec,0x9b,0xec,0x9b,0xec,0x9b,0xec,0x9b,0xec,0x9b,
    0xec,0x9b,0xab,0x9b,0xe8,0x7a,0x88,0x6a,0x27,0x5a,0x07,0x52,0x07,0x52,0x07,0x52,0x07,0x52,0x07,0x52,0x07,0x52,0x07,0x52,0xc6,0x41,0x85,0x39,0x24,0x29,0xa5,0x39,
    0x07,0x42,0x39,0xef,0x38,0xf7,0x59,0xf7,0x59,0xf7,0x59,0xf7,0x59,0xf7,0xf7,0xee,0xd8,0xde,0x24,0x21,0xe3,0x18,0x97,0xd6,0x59,0xff,0xd7,0xee,0x7a,0xff,0x17,0xef,
    0x7a,0xf7,0x39,0xf7,0x39,0xef,0x86,0x31,0x44,0x31,0x03,0x21,0x24,0x29,0x03,0x19,0xe5,0x31,0x65,0x3a,0x27,0x53,0x67,0x5b,0x87,0x5b,0x87,0x5b,0xa7,0x5b,0x87,0x5b,
    0x87,0x5b,0x87,0x5b,0xa7,0x63,0xa7,0x63,0xa7,0x63,0xa7,0x5b,0x87,0x5b,0x67,0x5b,0x67,0x53,0x27,0x53,0x47,0x53,0x67,0x5b,0x47,0x53,0x47,0x53,0x66,0x5b,0x66,0x63,
    0xe5,0x52,0x23,0x21,0x2d,0x94,0x74,0xde,0x13,0xd6,0x13,0xd6,0x13,0xd6,0x13,0xd6,0x13,0xd6,0x13,0xd6,0x13,0xd6,0x13,0xd6,0x33,0xde,0x71,0xbd,0xc2,0x08,0x44,0x7a,
    0xa6,0xcb,0xe6,0x92,0xe6,0x92,0xc6,0x8a,0x66,0xab,0x68,0xdc,0x6c,0xe5,0x6c,0xe5,0x4c,0xe5,0x07,0x8b,0xc6,0x82,0xc6,0x8a,0xc6,0x8a,0xc6,0x8a,0xc6,0x8a,0xc6,0x8a,
    0xe6,0x8a,0xe6,0x8a,0xe6,0x8a,0xe6,0x8a,0xe6,0x8a,0xe6,0x8a,0xe6,0x8a,0xe6,0x8a,0xe6,0x8a,0xe6,0x8a,0xe6,0x8a,0xe6,0x8a,0xe6,0x8a,0xe6,0x8a,0xe6,0x8a,0xe6,0x8a,
    0xe6,0x8a,0xe6,0x8a,0xe6,0x8a,0xe6,0x8a,0xe6,0x8a,0xe6,0x8a,0xe6,0x8a,0xc6,0x8a,0xc6,0x8a,0xe6,0x8a,0xe6,0x8a,0xe6,0x8a,0xe6,0x8a,0xe6,0x8a,0xe6,0x8a,0xe6,0x8a,
    0xe6,0x8a,0xa6,0x82,0x4c,0xac,0x74,0xe6,0x33,0xde,0x33,0xde,0x33,0xde,0x13,0xde,0x33,0xde,0x07,0x42,0xa2,0x10,0x6f,0x94,0x55,0xd6,0x14,0xce,0x14,0xce,0x14,0xce,
    0x13,0xd6,0x13,0xd6,0x13,0xd6,0x13,0xd6,0x13,0xd6,0x13,0xd6,0x13,0xd6,0x13,0xd6,0x13,0xd6,0x13,0xd6,0x33,0xde,0x32,0xde,0x32,0xe6,0x52,0xe6,0x51,0xe6,0x51,0xee,
    0x51,0xee,0x51,0xee,0x51,0xee,0x51,0xee,0x50,0xf6,0x70,0xf6,0x70,0xf6,0x2f,0xe6,0x2f,0xde,0x46,0x4a,0x21,0x00,0x26,0xb4,0x89,0xf5,0xad,0xe5,0xae,0xdd,0xaf,0xdd,
    0xaf,0xdd,0xaf,0xdd,0xaf,0xdd,0xaf,0xdd,0xaf,0xdd,0xaf,0xdd,0xaf,0xdd,0xaf,0xdd,0xaf,0xdd,0xaf,0xdd,0xaf,0xdd,0xaf,0xdd,0xaf,0xdd,0xf0,0xdd,0xac,0xc4,0xa8,0xb3,
    0x05,0x5a,0x62,0x00,0xca,0x83,0x4f,0xe6,0x90,0xf6,0x70,0xf6,0x70,0xf6,0x70,0xf6,0x70,0xf6,0x70,0xf6,0x70,0xf6,0x90,0xf6,0x2f,0xee,0xac,0xa4,0xc5,0x31,0x63,0x29,
    0xe5,0x8b,0x66,0xa4,0x46,0x63,0x86,0x63,0xa7,0x6b,0x46,0x53,0xc6,0x4a,0xa2,0x10,0x64,0x39,0xe6,0x51,0x26,0x5a,0x08,0x83,0x29,0x83,0x4a,0x8b,0x29,0x83,0xab,0x93,
    0xec,0x9b,0xcb,0x9b,0xec,0x9b,0xec,0x9b,0xec,0x9b,0xec,0x9b,0xcb,0x9b,0xab,0x93,0xc8,0x7a,0x67,0x6a,0x27,0x5a,0x07,0x52,0x07,0x52,0x07,0x52,0x07,0x52,0x07,0x52,
    0x07,0x52,0x07,0x52,0x07,0x52,0xc6,0x41,0x64,0x31,0xa2,0x10,0x27,0x42,0xdb,0xff,0x35,0xde,0x5a,0xf7,0x96,0xe6,0xd7,0xee,0xf7,0xee,0xb2,0xcd,0x19,0xef,0x24,0x21,
    0xe3,0x18,0xb7,0xde,0x75,0xe6,0x14,0xde,0x7a,0xff,0xd2,0xd5,0x5a,0xf7,0xf4,0xd5,0x5a,0xf7,0xa6,0x31,0xe3,0x18,0x03,0x19,0x23,0x19,0xe5,0x29,0xa6,0x42,0x47,0x53,
    0xa7,0x63,0xa7,0x63,0xa7,0x63,0xc7,0x63,0xa7,0x63,0xa7,0x63,0xa7,0x63,0xa7,0x63,0xa7,0x63,0xa7,0x63,0xa7,0x63,0xa7,0x63,0xa7,0x63,0xa7,0x63,0xa7,0x63,0x87,0x5b,
    0x47,0x53,0x47,0x53,0x27,0x53,0x07,0x4b,0x07,0x4b,0x86,0x63,0xa6,0x6b,0xe2,0x10,0xab,0x7b,0x12,0xd6,0x13,0xd6,0x13,0xd6,0x13,0xd6,0x13,0xd6,0x13,0xd6,0x13,0xd6,
    0x13,0xd6,0x13,0xd6,0x33,0xde,0x50,0xb5,0xa2,0x08,0x44,0x7a,0xa6,0xc3,0xe6,0x92,0xe6,0x92,0xe6,0x8a,0x66,0xb3,0x48,0xd4,0x6c,0xe5,0x8c,0xe5,0x4c,0xdd,0x07,0x93,
    0xc6,0x82,0xc6,0x8a,0xc6,0x8a,0xc6,0x8a,0xc6,0x8a,0xc6,0x8a,0xe6,0x8a,0xe6,0x8a,0xe6,0x8a,0xe6,0x8a,0xe6,0x8a,0xe6,0x8a,0xe6,0x8a,0xe6,0x8a,0xe6,0x8a,0xe6,0x8a,
    0xe6,0x8a,0xe6,0x8a,0xe6,0x8a,0xe6,0x8a,0xe6,0x8a,0xe6,0x8a,0xe6,0x8a,0xe6,0x8a,0xe6,0x8a,0xe6,0x8a,0xe6,0x8a,0xe6,0x8a,0xe6,0x8a,0xe6,0x8a,0xc6,0x8a,0xe6,0x8a,
    0xe6,0x8a,0xe6,0x8a,0xe6,0x8a,0xe6,0x8a,0xe6,0x8a,0xe6,0x8a,0xe6,0x8a,0xa6,0x82,0x4c,0xac,0x74,0xe6,0x33,0xde,0x33,0xde,0x33,0xde,0x13,0xde,0x33,0xde,0x27,0x4a,
    0xa2,0x10,0x6f,0x94,0x55,0xd6,0x14,0xce,0x14,0xce,0x14,0xce,0x13,0xd6,0x13,0xd6,0x13,0xd6,0x13,0xd6,0x13,0xd6,0x13,0xd6,0x13,0xd6,0x13,0xd6,0x13,0xd6,0x13,0xd6,
    0x33,0xd6,0x33,0xde,0x32,0xde,0x32,0xe6,0x51,0xe6,0x51,0xee,0x51,0xee,0x51,0xee,0x51,0xee,0x51,0xee,0x50,0xee,0x50,0xf6,0x70,0xf6,0x70,0xf6,0xf1,0xfe,0xa7,0x52,
    0x62,0x08,0x86,0xab,0x87,0xdc,0x6c,0xe5,0x8d,0xdd,0xaf,0xdd,0xaf,0xdd,0xaf,0xdd,0xaf,0xdd,0xaf,0xdd,0xaf,0xdd,0xaf,0xdd,0xaf,0xdd,0xaf,0xdd,0xaf,0xdd,0x8f,0xdd,
    0xaf,0xdd,0xb0,0xdd,0x8f,0xd5,0x4e,0xcd,0x2a,0xbc,0xe8,0xc3,0x05,0x5a,0x41,0x00,0x4b,0x9c,0xd1,0xfe,0x70,0xf6,0x70,0xf6,0x70,0xf6,0x70,0xf6,0x70,0xf6,0x70,0xf6,
    0x70,0xf6,0x91,0xfe,0x6e,0xc5,0x62,0x00,0x05,0x6b,0x07,0xbd,0xe6,0x7b,0x66,0x63,0x86,0x63,0x86,0x63,0x87,0x63,0x66,0x63,0x46,0x5b,0xc4,0x29,0x84,0x29,0xe3,0x18,
    0x06,0x52,0x87,0x6a,0xc8,0x72,0xe8,0x7a,0xc8,0x7a,0x8a,0x93,0xec,0x9b,0x4a,0x8b,0xcb,0x9b,0xec,0x9b,0xec,0x9b,0xeb,0x9b,0x09,0x7b,0xa8,0x72,0x47,0x5a,0x06,0x52,
    0x06,0x52,0x06,0x52,0x07,0x52,0x07,0x52,0x07,0x52,0x07,0x52,0x07,0x52,0x07,0x52,0x07,0x52,0x07,0x52,0x85,0x31,0xc3,0x10,0x24,0x21,0xf0,0xac,0x2d,0x94,0xf8,0xee,
    0x72,0xc5,0x97,0xe6,0x39,0xf7,0xac,0x83,0xcd,0x7b,0x03,0x19,0xe3,0x10,0xea,0x5a,0xcc,0x8b,0x96,0xee,0x9a,0xff,0xcc,0x93,0x9a,0xff,0x4e,0x94,0x0e,0x84,0x85,0x29,
    0xe4,0x29,0x86,0x3a,0xe6,0x4a,0x87,0x5b,0xa7,0x5b,0xa7,0x5b,0xa7,0x5b,0x87,0x5b,0x67,0x53,0x47,0x53,0x27,0x53,0x27,0x53,0x27,0x53,0x27,0x53,0x27,0x53,0x27,0x53,
    0x27,0x53,0x27,0x53,0x27,0x53,0x27,0x53,0x27,0x53,0x27,0x53,0x27,0x53,0x27,0x53,0x27,0x53,0x27,0x4b,0x07,0x53,0x26,0x53,0x46,0x53,0x26,0x4b,0xa4,0x29,0x85,0x31,
    0x12,0xd6,0x33,0xde,0x33,0xd6,0x33,0xd6,0x13,0xd6,0x13,0xd6,0x13,0xd6,0x13,0xd6,0x33,0xde,0x50,0xb5,0xa2,0x08,0x44,0x7a,0xa6,0xc3,0xe6,0x92,0xe6,0x92,0xe6,0x8a,
    0x46,0xb3,0x07,0xcc,0x6c,0xe5,0x8c,0xe5,0x4c,0xdd,0x07,0x93,0xc6,0x82,0xc6,0x8a,0xc6,0x8a,0xc6,0x8a,0xc6,0x8a,0xe6,0x8a,0xe6,0x8a,0xe6,0x8a,0xe6,0x8a,0xe6,0x8a,
    0xe6,0x8a,0xe6,0x8a,0xe6,0x8a,0xe6,0x8a,0xe6,0x8a,0xe6,0x8a,0xe6,0x8a,0xe6,0x8a,0xe6,0x8a,0xe6,0x8a,0xe6,0x8a,0xe6,0x8a,0xe6,0x8a,0xe6,0x8a,0xe6,0x8a,0xe6,0x8a,
    0xe6,0x8a,0xe6,0x8a,0xe6,0x8a,0xe6,0x8a,0xe6,0x8a,0xe6,0x8a,0xc6,0x8a,0xc6,0x8a,0xc6,0x8a,0xe6,0x8a,0xc6,0x8a,0xc6,0x8a,0xc6,0x8a,0xa6,0x82,0x4c,0xac,0x74,0xde,
    0x33,0xde,0x33,0xde,0x33,0xd6,0x33,0xde,0x54,0xde,0x07,0x42,0x82,0x08,0x6e,0x94,0x55,0xd6,0x14,0xce,0x14,0xce,0x14,0xd6,0x13,0xd6,0x13,0xd6,0x13,0xd6,0x13,0xd6,
    0x13,0xd6,0x13,0xd6,0x13,0xd6,0x13,0xd6,0x13,0xd6,0x33,0xd6,0x33,0xd6,0x33,0xde,0x12,0xde,0x31,0xde,0x31,0xe6,0x31,0xe6,0x31,0xe6,0x30,0xee,0x50,0xee,0x30,0xee,
    0x50,0xee,0x50,0xee,0x4f,0xee,0x4f,0xee,0xaf,0xf6,0x86,0x52,0x82,0x08,0x05,0x9b,0xc6,0xc3,0xaa,0xd4,0xeb,0xdc,0x6e,0xd5,0x6e,0xd5,0x8f,0xd5,0x8f,0xd5,0x8f,0xd5,
    0xaf,0xd5,0xaf,0xdd,0x8f,0xdd,0x8f,0xdd,0x8f,0xd5,0x8f,0xd5,0x8f,0xd5,0x4e,0xd5,0x0d,0xcd,0x2a,0xbc,0xa7,0xb3,0xc7,0xbb,0x04,0x5a,0x42,0x00,0x2a,0x94,0xb0,0xfe,
    0x6f,0xf6,0x70,0xf6,0x50,0xf6,0x50,0xf6,0x70,0xf6,0x70,0xf6,0x70,0xf6,0x70,0xf6,0x6d,0xc5,0xc3,0x10,0x65,0x73,0x27,0xbd,0xc6,0x73,0x66,0x63,0x86,0x63,0x66,0x63,
    0x66,0x63,0x66,0x63,0x66,0x5b,0xa6,0x42,0x05,0x2a,0x82,0x08,0xe5,0x51,0xc5,0x49,0x87,0x6a,0xa8,0x72,0xa8,0x72,0x29,0x83,0x6a,0x8b,0xe8,0x7a,0xab,0x93,0x0c,0xa4,
    0x8a,0x93,0x29,0x83,0x4a,0x83,0xc8,0x72,0x27,0x5a,0x07,0x52,0x07,0x52,0x07,0x52,0x07,0x52,0x07,0x52,0x07,0x52,0x07,0x52,0x07,0x52,0x07,0x52,0x07,0x52,0x06,0x52,
    0xe6,0x49,0x03,0x21,0xe2,0x10,0xe5,0x31,0x47,0x4a,0x2b,0x6b,0xa9,0x5a,0x0b,0x63,0x6c,0x6b,0xe6,0x41,0x63,0x19,0xe5,0x21,0xe5,0x29,0x23,0x19,0x64,0x29,0x2a,0x6b,
    0x4b,0x6b,0xc6,0x39,0x8c,0x73,0x27,0x42,0x43,0x19,0x45,0x32,0xe6,0x42,0x47,0x53,0x67,0x5b,0xa7,0x5b,0x87,0x5b,0x87,0x5b,0x67,0x53,0x47,0x53,0x27,0x53,0x27,0x53,
    0x27,0x4b,0x27,0x4b,0x07,0x4b,0x27,0x4b,0x27,0x4b,0x27,0x4b,0x27,0x4b,0x27,0x4b,0x27,0x4b,0x27,0x4b,0x27,0x4b,0x27,0x4b,0x27,0x53,0x27,0x53,0x27,0x4b,0x27,0x4b,
    0x27,0x4b,0x27,0x53,0x26,0x53,0x46,0x53,0x64,0x21,0x24,0x21,0x12,0xd6,0x33,0xde,0x32,0xd6,0x33,0xd6,0x13,0xd6,0x13,0xd6,0x12,0xd6,0x12,0xd6,0x53,0xde,0x30,0xb5,
    0xa3,0x08,0x64,0x7a,0x86,0xc3,0xc6,0x8a,0xe6,0x92,0xe6,0x92,0x46,0xab,0xe7,0xcb,0x6c,0xe5,0x8c,0xe5,0x4c,0xe5,0x06,0x93,0xc6,0x82,0xc6,0x8a,0xc6,0x8a,0xc6,0x8a,
    0xe6,0x8a,0xe6,0x8a,0xe6,0x8a,0xe6,0x8a,0xe6,0x8a,0xe6,0x8a,0xe6,0x8a,0xe6,0x8a,0xe6,0x8a,0xe6,0x8a,0xe6,0x8a,0xe6,0x8a,0xe6,0x8a,0xe6,0x8a,0xe6,0x8a,0xe6,0x8a,
    0xe6,0x8a,0xe6,0x8a,0xe6,0x8a,0xe6,0x8a,0xe6,0x8a,0xe6,0x8a,0xe6,0x8a,0xe6,0x8a,0xe6,0x8a,0xe6,0x8a,0xe6,0x8a,0xc6,0x8a,0xc6,0x8a,0xc6,0x8a,0xc6,0x8a,0xe6,0x8a,
    0xc6,0x8a,0xc6,0x8a,0xc6,0x8a,0xa5,0x82,0x4c,0xac,0x74,0xde,0x33,0xde,0x33,0xde,0x33,0xde,0xf2,0xd5,0x90,0xd5,0xc6,0x39,0x61,0x00,0x2e,0x8c,0x34,0xd6,0xf3,0xcd,
    0xf3,0xcd,0x14,0xd6,0x14,0xd6,0x13,0xd6,0x13,0xd6,0x13,0xd6,0x13,0xd6,0x13,0xd6,0x13,0xd6,0x13,0xd6,0x13,0xd6,0x13,0xd6,0x33,0xd6,0x33,0xd6,0x8a,0x8b,0x66,0x72,
    0x65,0x6a,0x45,0x6a,0x65,0x6a,0x65,0x72,0x65,0x72,0x65,0x72,0x65,0x72,0x65,0x72,0xa5,0x7a,0xc5,0x82,0x06,0x8b,0x84,0x39,0xa2,0x10,0x03,0x21,0x43,0x31,0x25,0xa3,
    0xa7,0xbb,0x8b,0xc4,0xac,0xc4,0xac,0xc4,0xac,0xc4,0xcc,0xc4,0xcc,0xc4,0xcc,0xc4,0xcc,0xc4,0xcc,0xcc,0xcc,0xc4,0xcc,0xc4,0xac,0xc4,0x8c,0xc4,0x4a,0xc4,0xc8,0xc3,
    0x45,0x6a,0x03,0x29,0xe3,0x18,0x82,0x08,0xe4,0x51,0xc6,0x82,0xa5,0x7a,0x85,0x7a,0x85,0x7a,0x85,0x7a,0x85,0x7a,0x85,0x7a,0x85,0x7a,0x85,0x7a,0x05,0x5a,0x82,0x08,
    0x44,0x42,0xc6,0x73,0x86,0x63,0x66,0x63,0x86,0x63,0x66,0x63,0x66,0x63,0x66,0x63,0x66,0x63,0x46,0x53,0x65,0x3a,0x03,0x19,0x44,0x29,0xe3,0x18,0x06,0x5a,0x67,0x6a,
    0xa8,0x72,0xe8,0x7a,0xe8,0x7a,0xc8,0x7a,0x49,0x8b,0x0c,0xa4,0x8b,0x93,0xc8,0x72,0x6a,0x8b,0x29,0x83,0x87,0x6a,0x07,0x52,0x07,0x52,0x07,0x52,0x07,0x52,0x07,0x52,
    0x07,0x52,0x07,0x52,0x07,0x52,0x07,0x52,0xe6,0x49,0xc6,0x49,0xa5,0x41,0xe3,0x20,0x23,0x19,0x45,0x32,0xe5,0x29,0x43,0x19,0x43,0x19,0x23,0x19,0x03,0x19,0xa4,0x21,
    0xa6,0x3a,0x86,0x3a,0x86,0x3a,0x45,0x32,0xa4,0x21,0x03,0x11,0x03,0x19,0x43,0x19,0x02,0x11,0x84,0x21,0x86,0x32,0x27,0x4b,0x87,0x5b,0xa7,0x63,0x87,0x5b,0x87,0x5b,
    0x47,0x53,0x47,0x53,0x27,0x4b,0x27,0x4b,0x27,0x4b,0x27,0x4b,0x27,0x4b,0x27,0x4b,0x27,0x4b,0x27,0x4b,0x27,0x4b,0x27,0x4b,0x27,0x53,0x27,0x4b,0x27,0x4b,0x27,0x4b,
    0x27,0x4b,0x27,0x53,0x27,0x53,0x27,0x4b,0x27,0x4b,0x27,0x4b,0x27,0x4b,0x27,0x4b,0x26,0x53,0x27,0x53,0x84,0x29,0xe3,0x18,0x86,0x72,0x66,0x6a,0x46,0x6a,0x66,0x6a,
    0x66,0x6a,0x66,0x6a,0x66,0x6a,0x66,0x6a,0x66,0x6a,0x46,0x62,0xc3,0x10,0xc4,0x59,0xc5,0x92,0xe6,0x92,0xe6,0x92,0xc6,0x8a,0x25,0xa3,0xe7,0xc3,0x6c,0xe5,0x8c,0xe5,
    0x4c,0xdd,0x06,0x93,0xc6,0x8a,0xc6,0x8a,0xc6,0x8a,0xc6,0x8a,0xc6,0x8a,0xc6,0x8a,0xc6,0x8a,0xc6,0x8a,0xc6,0x8a,0xc6,0x8a,0xc6,0x8a,0xc6,0x8a,0xc6,0x8a,0xc6,0x8a,
    0xc6,0x8a,0xc6,0x8a,0xc6,0x8a,0xc6,0x8a,0xe6,0x8a,0xc6,0x8a,0xc6,0x8a,0xc6,0x8a,0xc6,0x8a,0xc6,0x8a,0xc6,0x8a,0xc6,0x8a,0xc6,0x8a,0xc6,0x8a,0xc6,0x8a,0xc6,0x8a,
    0xc6,0x8a,0xc6,0x82,0xc6,0x8a,0xc6,0x8a,0xc6,0x8a,0xc6,0x8a,0xc6,0x8a,0xc6,0x82,0xc6,0x82,0x85,0x82,0x4c,0xac,0x54,0xde,0x13,0xd6,0x12,0xd6,0x12,0xd6,0x70,0xcd,
    0x6b,0xbc,0x84,0x39,0xc2,0x10,0xe5,0x49,0x66,0x62,0x05,0x5a,0xcb,0x8b,0x34,0xd6,0x13,0xd6,0x13,0xd6,0x13,0xd6,0x13,0xd6,0x13,0xd6,0x13,0xd6,0x13,0xd6,0x13,0xd6,
    0x33,0xd6,0x33,0xd6,0x33,0xd6,0x33,0xd6,0x48,0x8b,0x04,0x6a,0x03,0x6a,0xe3,0x69,0xe3,0x61,0x04,0x6a,0x04,0x6a,0x03,0x6a,0x03,0x6a,0x24,0x72,0x44,0x7a,0x24,0x72,
    0x24,0x72,0x43,0x31,0xc3,0x10,0xc3,0x10,0xc2,0x18,0xe5,0x9a,0x67,0xab,0x4b,0xbc,0x6b,0xbc,0x6b,0xbc,0x6b,0xbc,0x6b,0xbc,0x6b,0xbc,0x6b,0xbc,0x6b,0xbc,0x6b,0xbc,
    0x6b,0xbc,0x6b,0xbc,0x6b,0xbc,0x6c,0xbc,0x2a,0xb4,0x87,0xb3,0xe4,0x51,0x82,0x08,0xc3,0x18,0xc3,0x18,0x83,0x51,0x03,0x72,0x03,0x72,0x03,0x72,0x03,0x6a,0x03,0x6a,
    0x03,0x6a,0x03,0x6a,0x03,0x6a,0x04,0x72,0xc3,0x59,0xa2,0x08,0x45,0x3a,0xa7,0x63,0x86,0x63,0x66,0x63,0x86,0x63,0x66,0x63,0x66,0x63,0x66,0x5b,0x46,0x5b,0x67,0x5b,
    0x06,0x4b,0x65,0x3a,0x23,0x19,0x82,0x10,0xe3,0x20,0x64,0x39,0xa8,0x72,0x67,0x62,0x87,0x72,0xa7,0x72,0xa8,0x72,0xab,0x93,0x2c,0xa4,0x29,0x83,0x67,0x62,0xa8,0x72,
    0x06,0x52,0xe6,0x51,0x06,0x52,0x06,0x52,0x06,0x52,0x07,0x52,0x07,0x52,0xe6,0x49,0xe6,0x49,0xc6,0x49,0xc6,0x41,0x85,0x39,0xe3,0x18,0xa2,0x10,0xc4,0x29,0x67,0x53,
    0x67,0x53,0x47,0x53,0x47,0x53,0x47,0x53,0x47,0x53,0x47,0x53,0x27,0x53,0x27,0x53,0x47,0x53,0x27,0x53,0x47,0x53,0x47,0x53,0x27,0x53,0x47,0x53,0x47,0x53,0x47,0x53,
    0x27,0x53,0x47,0x53,0x47,0x53,0x47,0x53,0x27,0x53,0x27,0x4b,0x27,0x4b,0x27,0x4b,0x27,0x4b,0x27,0x4b,0x27,0x53,0x27,0x4b,0x27,0x4b,0x27,0x4b,0x27,0x4b,0x27,0x53,
    0x27,0x4b,0x27,0x4b,0x27,0x53,0x27,0x53,0x27,0x4b,0x27,0x4b,0x27,0x53,0x27,0x53,0x27,0x53,0x27,0x53,0x27,0x53,0x27,0x4b,0x07,0x4b,0x27,0x53,0x27,0x4b,0xa6,0x3a,
    0x64,0x19,0xa2,0x10,0xc3,0x61,0xe3,0x61,0xe4,0x61,0xe4,0x61,0xe4,0x61,0xe3,0x61,0xe3,0x61,0xe3,0x61,0x04,0x62,0xe4,0x61,0xc4,0x59,0x23,0x29,0x43,0x31,0x85,0x82,
    0x65,0x7a,0x65,0x7a,0xe7,0x8a,0xa8,0xa3,0x4c,0xdd,0x4c,0xdd,0x4c,0xdd,0xa6,0x82,0x45,0x72,0x45,0x72,0x25,0x6a,0x25,0x6a,0x25,0x6a,0x25,0x6a,0x25,0x6a,0x25,0x6a,
    0x25,0x6a,0x25,0x6a,0x25,0x6a,0x25,0x6a,0x25,0x6a,0x25,0x6a,0x25,0x6a,0x25,0x6a,0x25,0x6a,0x25,0x6a,0x45,0x72,0x45,0x72,0x25,0x6a,0x25,0x6a,0x25,0x72,0x25,0x72,
    0x25,0x6a,0x25,0x6a,0x25,0x6a,0x25,0x6a,0x25,0x6a,0x25,0x6a,0x25,0x6a,0x25,0x6a,0x25,0x6a,0x25,0x6a,0x25,0x6a,0x25,0x6a,0x25,0x6a,0x25,0x6a,0x25,0x6a,0x04,0x62,
    0x69,0x93,0x4f,0xcd,0x4e,0xcd,0x4e,0xcd,0x4f,0xcd,0x0e,0xcd,0xac,0xc4,0x27,0x9b,0x85,0x82,0xc2,0x18,0x43,0x31,0xa3,0x59,0x6a,0x83,0x54,0xd6,0x14,0xd6,0x13,0xd6,
    0x13,0xd6,0x13,0xd6,0x13,0xd6,0x13,0xd6,0x13,0xd6,0x13,0xd6,0x13,0xd6,0x13,0xd6,0x33,0xd6,0x33,0xd6,0x4c,0xdd,0xe9,0xdc,0xe8,0xdc,0xe8,0xe4,0x08,0xe5,0xe8,0xdc,
    0xc8,0xdc,0xc8,0xdc,0xc7,0xdc,0xa7,0xdc,0xa7,0xdc,0xe6,0xc3,0x25,0xab,0x85,0x82,0x24,0x6a,0x43,0x31,0xa2,0x10,0xa2,0x10,0xe3,0x18,0x03,0x19,0xe3,0x18,0xe3,0x18,
    0xe3,0x18,0xe3,0x18,0xe3,0x18,0xe3,0x18,0xe3,0x18,0xe3,0x18,0xe3,0x18,0x03,0x19,0x03,0x19,0x03,0x19,0xe3,0x18,0xc2,0x18,0xc3,0x10,0x82,0x08,0xa4,0x51,0x04,0x6a,
    0x25,0xa3,0x06,0xcc,0xa7,0xdc,0xc7,0xdc,0x08,0xe5,0x08,0xe5,0x28,0xe5,0x28,0xe5,0x28,0xe5,0x49,0xed,0x88,0xbc,0xa3,0x10,0x04,0x32,0x26,0x5b,0xc6,0x4a,0xe6,0x4a,
    0x66,0x5b,0x46,0x5b,0x26,0x53,0x46,0x5b,0x46,0x5b,0x47,0x5b,0x26,0x53,0x06,0x4b,0x25,0x3a,0x64,0x21,0xc3,0x10,0x44,0x29,0x47,0x62,0xc6,0x49,0x26,0x5a,0xa7,0x72,
    0x87,0x6a,0xe9,0x7a,0xeb,0x9b,0x6a,0x8b,0x47,0x62,0x47,0x5a,0xe6,0x49,0xe6,0x49,0xe6,0x49,0xe6,0x49,0xe6,0x49,0x06,0x52,0x07,0x52,0x06,0x52,0xe6,0x49,0xa6,0x41,
    0x85,0x41,0x64,0x31,0xa2,0x10,0x23,0x19,0x45,0x3a,0x67,0x53,0x27,0x53,0x27,0x53,0x27,0x53,0x27,0x53,0x27,0x53,0x27,0x53,0x27,0x53,0x27,0x53,0x27,0x53,0x27,0x53,
    0x27,0x53,0x27,0x53,0x47,0x53,0x27,0x53,0x27,0x53,0x47,0x53,0x47,0x53,0x47,0x53,0x27,0x53,0x27,0x53,0x27,0x53,0x27,0x4b,0x27,0x4b,0x27,0x4b,0x27,0x4b,0x27,0x4b,
    0x27,0x53,0x27,0x4b,0x27,0x4b,0x27,0x53,0x27,0x53,0x27,0x53,0x27,0x53,0x27,0x4b,0x27,0x53,0x27,0x53,0x27,0x53,0x27,0x53,0x27,0x53,0x27,0x53,0x07,0x4b,0x07,0x4b,
    0xe7,0x4a,0xe6,0x4a,0x07,0x4b,0xe6,0x4a,0xa6,0x42,0x65,0x32,0x23,0x19,0x03,0x21,0xc8,0xd4,0xc8,0xdc,0xa8,0xdc,0xa8,0xdc,0xc8,0xdc,0xc8,0xdc,0x67,0xd4,0x68,0xd4,
    0x68,0xd4,0xe7,0xbb,0xa5,0x8a,0x84,0x41,0x23,0x29,0x45,0x72,0x45,0x6a,0x45,0x72,0xc6,0x7a,0x68,0x93,0xeb,0xc4,0x0b,0xc5,0xcb,0xc4,0x65,0x72,0x04,0x62,0x04,0x62,
    0x04,0x62,0x04,0x62,0x05,0x62,0x05,0x62,0x04,0x62,0x05,0x62,0x05,0x62,0xe4,0x59,0xe4,0x59,0xe4,0x61,0xe4,0x61,0xe4,0x61,0x05,0x62,0x05,0x62,0x04,0x62,0x05,0x62,
    0x05,0x62,0x05,0x62,0x05,0x62,0x05,0x62,0x05,0x62,0x04,0x62,0x04,0x62,0xe4,0x61,0xe4,0x61,0xe4,0x61,0xe4,0x61,0xe4,0x61,0x04,0x62,0xe5,0x61,0xe4,0x61,0xe5,0x59,
    0xe4,0x59,0xe4,0x59,0xe4,0x59,0xe4,0x59,0xe4,0x59,0xa4,0x51,0x28,0x83,0x0e,0xbd,0x0e,0xbd,0x0e,0xbd,0x0e,0xbd,0x6c,0xac,0x0a,0xac,0x07,0x93,0x85,0x82,0xe3,0x18,
    0xe4,0x51,0x67,0xa3,0x8c,0xb4,0x34,0xd6,0x14,0xd6,0x13,0xd6,0x13,0xd6,0x13,0xd6,0x13,0xd6,0x13,0xd6,0x13,0xd6,0x13,0xd6,0x13,0xd6,0x13,0xd6,0x33,0xd6,0x33,0xd6,
    0x2c,0xdd,0xc9,0xdc,0xe8,0xe4,0xe8,0xe4,0xe8,0xe4,0xa8,0xdc,0xa8,0xdc,0xa8,0xe4,0x67,0xdc,0x27,0xd4,0x27,0xd4,0x07,0xcc,0xc6,0xc3,0x46,0xab,0x26,0xa3,0xa5,0x82,
    0x65,0x7a,0x24,0x62,0x04,0x5a,0x05,0x52,0x05,0x52,0xe4,0x51,0xe5,0x51,0xe4,0x51,0x05,0x52,0x05,0x5a,0x05,0x5a,0x25,0x5a,0x25,0x5a,0x25,0x5a,0x25,0x5a,0x45,0x62,
    0x45,0x62,0x25,0x62,0x25,0x62,0x45,0x62,0x06,0x93,0x06,0x9b,0xa6,0xbb,0x07,0xcc,0x27,0xd4,0x67,0xdc,0xc8,0xe4,0xa8,0xe4,0xc8,0xe4,0xc8,0xe4,0xe8,0xe4,0x28,0xed,
    0x88,0xcc,0x84,0x41,0xe4,0x39,0x45,0x32,0x65,0x3a,0x86,0x3a,0x06,0x4b,0xe6,0x4a,0xa6,0x42,0x26,0x53,0x66,0x5b,0x47,0x53,0x47,0x53,0x47,0x53,0x47,0x53,0xe6,0x4a,
    0x84,0x21,0x84,0x21,0xa3,0x10,0x03,0x21,0xe6,0x51,0x87,0x6a,0x26,0x62,0x85,0x39,0xc8,0x72,0x6a,0x93,0x87,0x6a,0x06,0x52,0xe6,0x49,0xe6,0x49,0xc6,0x41,0xa5,0x41,
    0xa5,0x41,0xe6,0x49,0x06,0x52,0x07,0x52,0x07,0x52,0xe6,0x51,0x85,0x39,0x24,0x29,0xa2,0x10,0x25,0x32,0xc6,0x42,0x27,0x4b,0x27,0x4b,0x27,0x4b,0x27,0x4b,0x27,0x4b,
    0x27,0x4b,0x27,0x4b,0x27,0x53,0x27,0x53,0x27,0x53,0x27,0x53,0x27,0x4b,0x27,0x4b,0x27,0x53,0x27,0x53,0x27,0x53,0x27,0x53,0x27,0x53,0x27,0x53,0x27,0x4b,0x27,0x4b,
    0x27,0x4b,0x27,0x4b,0x27,0x4b,0x27,0x4b,0x27,0x4b,0x27,0x4b,0x27,0x4b,0x27,0x4b,0x27,0x53,0x27,0x53,0x27,0x53,0x27,0x53,0x27,0x4b,0x27,0x4b,0x27,0x4b,0x27,0x4b,
    0x27,0x53,0x27,0x53,0x27,0x53,0x27,0x53,0x07,0x4b,0xe7,0x42,0x66,0x3a,0x86,0x3a,0x07,0x4b,0x86,0x3a,0x25,0x32,0x66,0x32,0x44,0x19,0x43,0x29,0x29,0xe5,0x09,0xed,
    0xe9,0xe4,0x09,0xe5,0x68,0xd4,0x47,0xd4,0x07,0xcc,0xc7,0xc3,0xa7,0xbb,0x86,0xb3,0x06,0x9b,0x25,0x72,0xa4,0x49,0xc3,0x10,0xa2,0x08,0xa2,0x08,0xa2,0x08,0xa2,0x08,
    0xc3,0x10,0xc3,0x10,0xc3,0x10,0xa2,0x08,0xa2,0x10,0xa2,0x10,0xa2,0x10,0xa2,0x10,0xa2,0x10,0xa2,0x10,0xa2,0x10,0xa2,0x10,0xa2,0x10,0xa2,0x10,0xa2,0x10,0xa2,0x10,
    0xa2,0x10,0xa2,0x10,0xa2,0x10,0xa2,0x10,0xa2,0x10,0xa2,0x10,0xa2,0x10,0xa2,0x10,0xc2,0x10,0xa2,0x10,0xa2,0x10,0xa2,0x10,0xa2,0x10,0xa2,0x10,0xa2,0x10,0xa2,0x10,
    0xa2,0x10,0xa2,0x10,0xa2,0x10,0xa2,0x10,0xa2,0x10,0xa2,0x10,0xa2,0x10,0xa2,0x10,0xa2,0x10,0xa2,0x10,0xa2,0x10,0xa2,0x10,0xc2,0x10,0xc2,0x10,0xc2,0x10,0xc3,0x10,
    0xc3,0x10,0xc3,0x10,0xc3,0x10,0xa2,0x10,0xa2,0x10,0x84,0x41,0x86,0x7a,0x67,0xa3,0x8c,0xb4,0x34,0xd6,0x14,0xd6,0x13,0xd6,0x13,0xd6,0x13,0xd6,0x13,0xd6,0x13,0xd6,
    0x13,0xd6,0x13,0xd6,0x13,0xd6,0x13,0xd6,0x13,0xd6,0x13,0xd6,0x2b,0xdd,0xa8,0xdc,0xa8,0xdc,0x88,0xdc,0x67,0xdc,0x67,0xdc,0x88,0xdc,0x88,0xdc,0x88,0xdc,0x67,0xdc,
    0x67,0xdc,0x88,0xdc,0xa8,0xe4,0xa8,0xe4,0xa8,0xe4,0xa8,0xe4,0x88,0xdc,0x88,0xdc,0x88,0xdc,0x89,0xd4,0x89,0xd4,0x69,0xcc,0x69,0xcc,0x69,0xcc,0x89,0xcc,0x89,0xd4,
    0x89,0xd4,0x89,0xd4,0x89,0xd4,0x89,0xd4,0x89,0xd4,0x89,0xd4,0x89,0xd4,0x89,0xd4,0x69,0xd4,0x69,0xcc,0x69,0xd4,0x69,0xd4,0x68,0xcc,0x68,0xd4,0xa8,0xdc,0xa8,0xe4,
    0xa8,0xe4,0xa8,0xe4,0x87,0xdc,0x87,0xdc,0x88,0xe4,0x88,0xdc,0x47,0xd4,0x26,0xa3,0xa4,0x49,0xa2,0x08,0xe5,0x29,0x86,0x3a,0x86,0x3a,0x86,0x3a,0x45,0x32,0x65,0x3a,
    0x85,0x3a,0xc6,0x42,0xe6,0x4a,0x47,0x53,0x47,0x53,0x47,0x53,0xc6,0x42,0x45,0x32,0x84,0x21,0x44,0x21,0x03,0x21,0xe5,0x51,0x26,0x62,0x24,0x29,0x85,0x39,0x87,0x6a,
    0x67,0x62,0x06,0x5a,0xc6,0x49,0xc6,0x49,0xe6,0x49,0xa5,0x41,0x85,0x39,0xa5,0x39,0xa6,0x41,0xc6,0x41,0x65,0x31,0x44,0x31,0x03,0x21,0x03,0x21,0x84,0x21,0xa6,0x42,
    0x07,0x4b,0x27,0x4b,0x27,0x4b,0x27,0x4b,0x27,0x53,0x27,0x53,0x27,0x53,0x27,0x53,0x27,0x53,0x27,0x53,0x27,0x53,0x27,0x53,0x27,0x53,0x27,0x53,0x27,0x53,0x27,0x53,
    0x27,0x53,0x27,0x53,0x27,0x53,0x27,0x53,0x27,0x53,0x27,0x53,0x27,0x4b,0x27,0x53,0x27,0x53,0x27,0x53,0x27,0x53,0x27,0x53,0x27,0x53,0x27,0x53,0x27,0x53,0x27,0x53,
    0x27,0x53,0x27,0x53,0x27,0x53,0x27,0x53,0x27,0x53,0x27,0x53,0x27,0x53,0x27,0x53,0x07,0x4b,0xc6,0x42,0x86,0x3a,0x46,0x32,0x46,0x32,0x66,0x32,0x86,0x3a,0x86,0x32,
    0x25,0x2a,0x64,0x21,0x64,0x31,0x24,0x62,0x87,0xd4,0xc8,0xdc,0x09,0xe5,0xe9,0xe4,0x48,0xd4,0x48,0xd4,0x48,0xd4,0x27,0xcc,0xe7,0xc3,0xa7,0xbb,0x66,0xab,0xe6,0x92,
    0x65,0x72,0x84,0x39,0xa4,0x41,0xc4,0x41,0xc4,0x41,0xc4,0x41,0xc4,0x41,0xc4,0x41,0xc4,0x41,0xc4,0x41,0xa4,0x41,0xc4,0x41,0xa4,0x41,0xa4,0x41,0xa4,0x41,0xa4,0x41,
    0xa4,0x41,0xa4,0x41,0xa4,0x41,0xa4,0x41,0xa4,0x41,0xa4,0x41,0xa4,0x41,0xa4,0x41,0xa4,0x41,0xa4,0x41,0xa4,0x41,0xa4,0x41,0xa4,0x41,0xa4,0x41,0xa4,0x41,0x84,0x41,
    0xa4,0x41,0xa4,0x41,0xa4,0x41,0xa4,0x41,0xa4,0x41,0xa4,0x41,0xa4,0x39,0xa4,0x39,0x84,0x39,0x84,0x39,0x84,0x39,0x84,0x39,0xa4,0x39,0x84,0x39,0x84,0x39,0xa4,0x39,
    0x84,0x39,0x84,0x39,0x84,0x39,0x84,0x39,0x84,0x39,0x84,0x39,0x84,0x39,0x84,0x39,0x84,0x39,0x84,0x39,0xa4,0x39,0x65,0x6a,0x27,0x93,0xa8,0xab,0xad,0xbc,0x34,0xd6,
    0x13,0xd6,0x13,0xd6,0x13,0xd6,0x13,0xd6,0x13,0xd6,0x13,0xd6,0x13,0xd6,0x13,0xd6,0x13,0xd6,0x13,0xd6,0x13,0xd6,0x13,0xd6,0x4c,0xd5,0xe9,0xdc,0xc8,0xdc,0xc8,0xdc,
    0xe8,0xdc,0xc8,0xdc,0xc8,0xdc,0xc8,0xdc,0xc8,0xdc,0xc8,0xdc,0xc8,0xdc,0xc8,0xdc,0xc8,0xdc,0xc8,0xd4,0xc8,0xd4,0xa8,0xd4,0xa8,0xd4,0xc8,0xd4,0xc8,0xdc,0xe9,0xdc,
    0xe9,0xdc,0xc9,0xd4,0xa9,0xd4,0xc9,0xd4,0xc9,0xd4,0xa9,0xd4,0xa9,0xd4,0xa9,0xd4,0xa9,0xd4,0xaa,0xd4,0xa9,0xd4,0x89,0xcc,0x69,0xc4,0x69,0xc4,0x69,0xc4,0x69,0xc4,
    0x69,0xc4,0x89,0xcc,0xa9,0xd4,0xe9,0xdc,0x09,0xdd,0x09,0xe5,0x29,0xe5,0x29,0xe5,0x29,0xe5,0x29,0xe5,0x29,0xe5,0x27,0xcc,0xa7,0xbb,0x85,0x82,0x84,0x49,0xc2,0x10,
    0xa4,0x29,0x45,0x32,0x25,0x32,0x05,0x2a,0xe5,0x29,0xe5,0x29,0x05,0x2a,0x66,0x3a,0xc6,0x42,0x27,0x53,0x07,0x53,0x27,0x53,0x27,0x53,0x07,0x4b,0x66,0x32,0xa4,0x21,
    0xe3,0x10,0x03,0x21,0xa5,0x41,0x24,0x29,0xc3,0x10,0x24,0x29,0xc6,0x49,0x06,0x52,0xa6,0x41,0xa6,0x41,0xe6,0x51,0xc6,0x41,0x85,0x39,0x85,0x39,0x85,0x39,0x85,0x39,
    0x24,0x29,0xe3,0x18,0xe3,0x10,0x64,0x21,0x66,0x32,0xe6,0x42,0x07,0x4b,0x07,0x4b,0x07,0x4b,0x07,0x4b,0x07,0x4b,0x07,0x4b,0x07,0x4b,0x07,0x4b,0x07,0x4b,0x07,0x4b,
    0x07,0x4b,0x07,0x4b,0x07,0x4b,0x07,0x4b,0x07,0x4b,0x07,0x4b,0x07,0x4b,0x07,0x4b,0x07,0x4b,0x07,0x4b,0x07,0x4b,0x07,0x4b,0x07,0x4b,0x07,0x4b,0x07,0x4b,0x07,0x4b,
    0x07,0x4b,0x07,0x4b,0xe7,0x4a,0xe7,0x4a,0xe7,0x4a,0x07,0x4b,0x07,0x4b,0x07,0x4b,0x07,0x4b,0x07,0x4b,0x07,0x4b,0x07,0x4b,0x07,0x4b,0x07,0x4b,0xe7,0x42,0x86,0x3a,
    0x46,0x32,0xe5,0x29,0x05,0x2a,0x25,0x32,0x25,0x32,0x25,0x32,0xc5,0x29,0xa3,0x10,0x43,0x39,0xe4,0x61,0xa7,0xb3,0x48,0xcc,0xc9,0xdc,0xa9,0xd4,0xa9,0xd4,0xc9,0xdc,
    0xc9,0xd4,0xa9,0xd4,0xa9,0xd4,0x89,0xd4,0xa9,0xd4,0xa9,0xd4,0xa9,0xd4,0x89,0xd4,0xa9,0xd4,0x89,0xd4,0xc9,0xdc,0x09,0xdd,0x09,0xe5,0xe9,0xdc,0xc9,0xdc,0xa8,0xd4,
    0xa9,0xd4,0x89,0xd4,0x89,0xd4,0x69,0xd4,0x69,0xcc,0x69,0xcc,0x69,0xcc,0x89,0xcc,0x89,0xd4,0x89,0xd4,0x89,0xd4,0x89,0xd4,0x89,0xd4,0x69,0xcc,0x69,0xcc,0x68,0xcc,
    0x48,0xcc,0x48,0xcc,0x69,0xcc,0x49,0xcc,0x49,0xcc,0x49,0xcc,0x49,0xcc,0x49,0xcc,0x49,0xcc,0x49,0xcc,0x49,0xcc,0x49,0xc4,0x49,0xc4,0x29,0xbc,0x29,0xbc,0x29,0xbc,
    0x09,0xbc,0x29,0xbc,0x29,0xbc,0x29,0xbc,0x29,0xbc,0x29,0xbc,0x09,0xbc,0x09,0xbc,0x09,0xbc,0x09,0xbc,0x09,0xbc,0x09,0xb4,0x09,0xb4,0x09,0xbc,0x09,0xbc,0xe9,0xbb,
    0xe9,0xb3,0xe8,0xb3,0xc8,0xb3,0xa8,0xb3,0xcd,0xc4,0x34,0xd6,0x13,0xd6,0x13,0xd6,0x13,0xd6,0x13,0xd6,0x13,0xd6,0x13,0xd6,0x13,0xd6,0x13,0xd6,0x13,0xd6,0x13,0xd6,
    0x13,0xd6,0x13,0xd6,0x0a,0xa4,0x06,0x8b,0xc6,0x82,0xa5,0x82,0xc6,0x82,0x65,0x7a,0x45,0x72,0x24,0x6a,0x24,0x6a,0x04,0x62,0xc4,0x59,0xc4,0x59,0xc4,0x51,0xc4,0x51,
    0xc4,0x51,0xc4,0x51,0xc4,0x59,0xc4,0x59,0xc4,0x59,0xe4,0x59,0xa5,0x82,0xc6,0x82,0xc6,0x82,0xc6,0x82,0xc6,0x82,0xc6,0x82,0xc6,0x82,0xc6,0x82,0xc6,0x82,0x85,0x7a,
    0x65,0x72,0x04,0x62,0xe4,0x59,0xe4,0x59,0xc4,0x59,0xc4,0x59,0xe4,0x59,0xe4,0x59,0xe4,0x59,0xe4,0x59,0x04,0x62,0x24,0x6a,0x24,0x6a,0x85,0x7a,0xe6,0x8a,0xe6,0x8a,
    0xe6,0x8a,0xc6,0x8a,0xc6,0x8a,0xe6,0x8a,0x65,0x72,0xc4,0x51,0x23,0x29,0xc3,0x10,0xe3,0x10,0xe3,0x10,0xe3,0x10,0x64,0x21,0x25,0x32,0x66,0x3a,0x86,0x3a,0x86,0x3a,
    0x86,0x3a,0x86,0x3a,0xa6,0x3a,0x86,0x3a,0x86,0x3a,0x45,0x32,0x45,0x32,0xc5,0x21,0x64,0x19,0xc3,0x18,0x64,0x21,0xc5,0x21,0x03,0x19,0x64,0x31,0xe3,0x18,0x03,0x21,
    0x85,0x39,0xc6,0x49,0xc6,0x49,0x24,0x29,0xe3,0x18,0xe3,0x18,0xc3,0x18,0xe3,0x18,0x25,0x2a,0x66,0x32,0x66,0x32,0x86,0x3a,0x86,0x3a,0x86,0x3a,0x86,0x3a,0x86,0x3a,
    0x86,0x3a,0x86,0x3a,0x66,0x32,0x66,0x32,0x66,0x32,0x86,0x3a,0x86,0x3a,0x86,0x3a,0x86,0x3a,0x86,0x3a,0x86,0x3a,0x86,0x3a,0x86,0x3a,0x86,0x3a,0x86,0x3a,0x86,0x3a,
    0x86,0x3a,0x86,0x3a,0x86,0x3a,0x86,0x3a,0x86,0x3a,0x66,0x3a,0x66,0x3a,0x66,0x32,0x66,0x32,0x66,0x32,0x66,0x32,0x66,0x32,0x66,0x32,0x66,0x32,0x66,0x32,0x66,0x32,
    0x66,0x32,0x66,0x32,0x66,0x32,0x66,0x32,0x66,0x32,0x66,0x3a,0x86,0x3a,0xe5,0x29,0xc3,0x10,0xe3,0x10,0xe3,0x10,0xe3,0x10,0xc3,0x10,0xe3,0x18,0x25,0x6a,0xa6,0x82,
    0xc6,0x8a,0xc6,0x8a,0xe6,0x8a,0xe6,0x8a,0xe6,0x8a,0xc6,0x8a,0xc6,0x8a,0xe6,0x8a,0xe6,0x8a,0xe6,0x8a,0xe6,0x8a,0xe6,0x8a,0xe6,0x8a,0xe6,0x8a,0xc6,0x82,0xc6,0x82,
    0xa6,0x82,0x85,0x7a,0x24,0x6a,0x04,0x62,0xe4,0x59,0xe4,0x61,0xe4,0x61,0xe4,0x61,0xe4,0x61,0xe4,0x59,0xe4,0x59,0xe4,0x59,0xe4,0x59,0xe4,0x59,0xe4,0x59,0xe4,0x59,
    0xe4,0x59,0x04,0x62,0x04,0x62,0x04,0x62,0x04,0x62,0x45,0x72,0xe6,0x8a,0xc6,0x8a,0xc6,0x8a,0xc6,0x8a,0xc6,0x8a,0xe6,0x8a,0xe6,0x8a,0xc6,0x8a,0xc6,0x8a,0xe6,0x8a,
    0xe6,0x8a,0xc6,0x8a,0xc6,0x82,0xc6,0x82,0xe6,0x8a,0x25,0x6a,0xc4,0x51,0xc4,0x59,0xe4,0x59,0xe4,0x59,0xe4,0x59,0xe4,0x59,0xe4,0x59,0xe4,0x59,0xc4,0x59,0xe4,0x59,
    0x04,0x62,0x25,0x6a,0x65,0x72,0x86,0x7a,0x86,0x7a,0x86,0x7a,0x85,0x7a,0x65,0x72,0x85,0x7a,0x65,0x7a,0x2c,0xa4,0x54,0xd6,0x13,0xd6,0x13,0xd6,0x13,0xd6,0x13,0xd6,
    0x13,0xd6,0x13,0xd6,0x13,0xd6,0x13,0xd6,0x13,0xd6,0x13,0xd6,0x13,0xd6,0x13,0xd6,0xea,0x9b,0xe6,0x82,0xa6,0x82,0xa6,0x82,0xa6,0x82,0x65,0x7a,0x45,0x72,0x25,0x6a,
    0x25,0x6a,0x04,0x6a,0x04,0x62,0xe4,0x61,0x04,0x62,0x04,0x62,0xe4,0x61,0xe4,0x59,0xe4,0x59,0xe4,0x59,0xe4,0x61,0x04,0x62,0xa6,0x82,0xa6,0x82,0xa6,0x82,0xa6,0x82,
    0xa6,0x82,0xa6,0x82,0xa6,0x82,0xa6,0x82,0xa6,0x82,0x85,0x7a,0x65,0x72,0x05,0x62,0x04,0x62,0x04,0x62,0x04,0x62,0x04,0x62,0x04,0x62,0x04,0x62,0x04,0x62,0x04,0x62,
    0x25,0x6a,0x25,0x6a,0x24,0x6a,0x85,0x7a,0xc6,0x8a,0xa6,0x82,0xc6,0x82,0xc6,0x82,0xc6,0x82,0xc6,0x8a,0xa5,0x7a,0x25,0x6a,0x84,0x41,0x23,0x21,0x03,0x21,0x23,0x21,
    0x03,0x21,0x44,0x21,0xc5,0x29,0x05,0x32,0x25,0x32,0x25,0x32,0x25,0x32,0x25,0x32,0x25,0x32,0x25,0x32,0x25,0x32,0x05,0x2a,0xe5,0x29,0xa4,0x21,0x84,0x21,0x23,0x19,
    0x84,0x21,0xa4,0x21,0xe3,0x10,0xc3,0x18,0xe3,0x18,0xc3,0x10,0xe3,0x18,0x24,0x29,0x85,0x39,0x04,0x21,0xc3,0x18,0xc3,0x18,0xe3,0x18,0x64,0x21,0xe5,0x29,0x05,0x2a,
    0x05,0x2a,0x05,0x2a,0x05,0x2a,0x05,0x2a,0x05,0x32,0x05,0x32,0x05,0x32,0x05,0x2a,0x05,0x2a,0x05,0x2a,0x05,0x2a,0x05,0x32,0x05,0x32,0x05,0x32,0x05,0x32,0x05,0x32,
    0x05,0x2a,0x05,0x2a,0x05,0x2a,0x05,0x2a,0x05,0x32,0x05,0x32,0x05,0x32,0x05,0x32,0x25,0x32,0x05,0x32,0x05,0x32,0x05,0x2a,0x05,0x2a,0x05,0x2a,0x05,0x2a,0x05,0x2a,
    0x05,0x2a,0x05,0x2a,0x05,0x2a,0x05,0x2a,0xe5,0x29,0xe5,0x29,0x05,0x2a,0x05,0x2a,0x05,0x2a,0x05,0x2a,0x05,0x2a,0x05,0x32,0x25,0x2a,0xa4,0x29,0x03,0x21,0x03,0x21,
    0x03,0x21,0x03,0x21,0x23,0x29,0xa4,0x49,0x45,0x72,0xc6,0x82,0xc6,0x82,0xc6,0x82,0xc6,0x82,0xc6,0x82,0xc6,0x82,0xc6,0x82,0xc6,0x82,0xc6,0x82,0xc6,0x82,0xc6,0x82,
    0xc6,0x82,0xa6,0x82,0xa6,0x82,0xa6,0x82,0xa6,0x82,0xa6,0x82,0x86,0x7a,0x65,0x72,0x25,0x6a,0x04,0x62,0x04,0x62,0xe4,0x61,0xe4,0x61,0xe4,0x61,0xe4,0x61,0x04,0x62,
    0x04,0x62,0x04,0x62,0xe4,0x61,0xe4,0x59,0xe4,0x61,0xe4,0x59,0xe4,0x59,0x04,0x62,0x04,0x62,0x04,0x62,0x04,0x62,0x25,0x6a,0xc6,0x82,0xc6,0x82,0xc6,0x82,0xa6,0x82,
    0xa6,0x82,0xa6,0x82,0xa6,0x82,0xa6,0x82,0xa6,0x82,0xc6,0x82,0xc6,0x82,0xc6,0x82,0xc6,0x82,0xa6,0x82,0xa6,0x82,0x25,0x62,0xc4,0x59,0xe4,0x59,0xe4,0x59,0xe4,0x59,
    0xe4,0x59,0xe4,0x59,0xe4,0x59,0xe4,0x59,0xe4,0x59,0x04,0x62,0x05,0x62,0x25,0x6a,0x45,0x6a,0x65,0x72,0x65,0x72,0x86,0x72,0x86,0x72,0x66,0x72,0x65,0x72,0x65,0x72,
    0x2c,0xa4,0x54,0xd6,0x13,0xd6,0x13,0xd6,0x13,0xd6,0x13,0xd6,0x13,0xd6,0x13,0xd6,0x13,0xd6,0x13,0xd6,0x13,0xd6,0x13,0xd6,0x13,0xd6,0x13,0xd6,0xeb,0x9b,0xe6,0x82,
    0xc6,0x82,0xa6,0x82,0xc6,0x82,0xa6,0x82,0xc6,0x82,0xc6,0x82,0xc6,0x82,0xc6,0x8a,0xc6,0x8a,0xc6,0x8a,0xe6,0x8a,0xc6,0x8a,0xc6,0x8a,0xc6,0x8a,0xc6,0x8a,0xc6,0x8a,
    0xc6,0x82,0xc6,0x82,0xc6,0x82,0xc6,0x82,0xa6,0x82,0xa6,0x82,0xa6,0x82,0xa6,0x82,0xa6,0x82,0xa6,0x82,0xa6,0x82,0xa6,0x82,0xa6,0x82,0xc6,0x82,0xc6,0x82,0xa6,0x82,
    0xa6,0x82,0xc6,0x82,0xc6,0x82,0xc6,0x82,0xc6,0x82,0xc6,0x82,0xc6,0x82,0xc6,0x82,0xc6,0x82,0xc6,0x8a,0xc6,0x8a,0xc6,0x8a,0xc6,0x8a,0xc6,0x8a,0xc6,0x8a,0xc6,0x82,
    0xa6,0x82,0xc6,0x82,0xa6,0x82,0x45,0x72,0xc4,0x51,0xa4,0x51,0xc4,0x51,0x43,0x31,0xa3,0x08,0xc3,0x10,0xc3,0x10,0xc3,0x10,0xc3,0x10,0xc3,0x10,0xc3,0x10,0xc3,0x10,
    0xc3,0x10,0xc3,0x10,0xc3,0x10,0xc3,0x10,0xc3,0x10,0xc3,0x10,0xc3,0x10,0xc3,0x10,0xc3,0x10,0xc3,0x10,0xc3,0x10,0xc3,0x10,0xc3,0x10,0xc3,0x10,0xc3,0x10,0xc3,0x10,
    0xc3,0x10,0xe3,0x10,0xe3,0x10,0xe3,0x10,0xc3,0x10,0xc3,0x10,0xc3,0x10,0xc3,0x10,0xc3,0x10,0xc3,0x10,0xc3,0x10,0xc3,0x10,0xc3,0x10,0xc3,0x10,0xc3,0x10,0xc3,0x10,
    0xc3,0x10,0xc3,0x10,0xc3,0x10,0xc3,0x10,0xc3,0x10,0xc3,0x10,0xc3,0x10,0xc3,0x10,0xc3,0x10,0xc3,0x10,0xc3,0x10,0xc3,0x10,0xc3,0x10,0xc3,0x10,0xc3,0x10,0xc3,0x10,
    0xc3,0x10,0xc3,0x10,0xc3,0x10,0xc3,0x10,0xc3,0x10,0xc3,0x10,0xc3,0x10,0xc3,0x10,0xc3,0x10,0xc3,0x10,0xc3,0x10,0xc3,0x10,0xc3,0x10,0xc3,0x10,0xc3,0x10,0xc3,0x10,
    0xc3,0x10,0xc3,0x10,0xc3,0x08,0x44,0x29,0xe4,0x59,0xa4,0x49,0xa4,0x49,0xa4,0x51,0xc4,0x51,0x65,0x72,0x85,0x7a,0xc6,0x82,0xc6,0x82,0xc6,0x82,0xc6,0x82,0xc6,0x82,
    0xc6,0x82,0xc6,0x82,0xc6,0x82,0xc6,0x82,0xc6,0x82,0xc6,0x82,0xc6,0x82,0xc6,0x82,0xc6,0x82,0xc6,0x82,0xa6,0x82,0xc6,0x82,0xc6,0x82,0xc6,0x82,0xc6,0x82,0xc6,0x82,
    0xc6,0x82,0xc6,0x82,0xc6,0x82,0xc6,0x8a,0xc6,0x8a,0xc6,0x8a,0xc6,0x8a,0xc6,0x8a,0xc6,0x8a,0xc6,0x8a,0xc6,0x8a,0xc6,0x8a,0xc6,0x8a,0xe6,0x8a,0xe6,0x8a,0xe6,0x8a,
    0xc6,0x8a,0xc6,0x82,0xc6,0x82,0xc6,0x82,0xc6,0x82,0xc6,0x82,0xc6,0x82,0xc6,0x82,0xc6,0x82,0xc6,0x82,0xc6,0x82,0xc6,0x82,0xc6,0x82,0xc6,0x82,0xc6,0x82,0xa6,0x82,
    0xa6,0x82,0xa6,0x82,0xa6,0x82,0xa6,0x82,0xa6,0x82,0xc6,0x82,0xc6,0x82,0xa6,0x82,0xa6,0x82,0xa6,0x82,0xa6,0x82,0xa6,0x82,0xa6,0x82,0xa6,0x82,0x86,0x7a,0x86,0x7a,
    0x86,0x7a,0x86,0x7a,0x86,0x7a,0x86,0x7a,0x86,0x7a,0x65,0x7a,0x2c,0xa4,0x54,0xd6,0x13,0xd6,0x13,0xd6,0x13,0xd6,0x13,0xd6,0x13,0xd6,0x13,0xd6,0x13,0xd6,0x13,0xd6,
    0x13,0xd6,0x13,0xd6,0x13,0xd6,0x13,0xd6,0xea,0x9b,0xe6,0x82,0xc6,0x82,0xc6,0x82,0xc6,0x82,0xc6,0x82,0xc6,0x82,0xc6,0x8a,0xc6,0x8a,0xc6,0x8a,0xc6,0x8a,0xc6,0x8a,
    0xc6,0x8a,0xe6,0x8a,0xc6,0x8a,0xc6,0x8a,0xc6,0x8a,0xc6,0x8a,0xc6,0x82,0xc6,0x82,0xc6,0x8a,0xc6,0x8a,0xc6,0x82,0xc6,0x82,0xc6,0x82,0xa6,0x82,0xa6,0x82,0xa6,0x82,
    0xa6,0x82,0xa6,0x82,0xa6,0x82,0xc6,0x82,0xc6,0x82,0xc6,0x82,0xc6,0x82,0xc6,0x82,0xc6,0x82,0xa6,0x82,0xa6,0x82,0xa6,0x7a,0x65,0x72,0x45,0x72,0x45,0x72,0x45,0x72,
    0x45,0x72,0x45,0x72,0x45,0x72,0x45,0x72,0x65,0x72,0x65,0x72,0x85,0x7a,0xc6,0x8a,0xa5,0x82,0x85,0x7a,0x45,0x72,0x45,0x6a,0x25,0x62,0xe4,0x51,0xa4,0x41,0xa4,0x41,
    0x84,0x41,0x84,0x39,0x84,0x39,0x64,0x39,0x64,0x39,0x64,0x39,0x64,0x39,0x64,0x39,0x64,0x39,0x63,0x39,0x64,0x39,0x64,0x39,0x64,0x39,0x64,0x39,0x64,0x39,0x64,0x39,
    0x64,0x39,0x64,0x39,0x63,0x39,0x43,0x31,0x23,0x31,0x43,0x31,0x43,0x39,0x84,0x39,0x84,0x39,0x64,0x39,0x64,0x39,0x64,0x39,0x64,0x39,0x64,0x39,0x64,0x39,0x64,0x39,
    0x64,0x39,0x64,0x39,0x64,0x39,0x64,0x39,0x84,0x41,0x84,0x41,0x64,0x39,0x64,0x39,0x64,0x39,0x63,0x39,0x63,0x39,0x63,0x39,0x64,0x39,0x63,0x39,0x63,0x39,0x64,0x39,
    0x64,0x39,0x64,0x39,0x64,0x39,0x64,0x39,0x64,0x39,0x64,0x39,0x64,0x39,0x64,0x39,0x64,0x39,0x64,0x39,0x63,0x39,0x63,0x39,0x63,0x39,0x64,0x39,0x64,0x39,0x84,0x39,
    0x84,0x39,0x84,0x41,0x84,0x41,0x84,0x41,0xa4,0x41,0x84,0x41,0x84,0x39,0x84,0x39,0xa4,0x41,0xe5,0x51,0x25,0x62,0x25,0x62,0x65,0x72,0x65,0x72,0x65,0x7a,0xa5,0x82,
    0xa6,0x82,0xc6,0x82,0xc6,0x82,0xc6,0x82,0xc6,0x82,0xc6,0x82,0xc6,0x82,0xa6,0x82,0x65,0x72,0x65,0x72,0x65,0x72,0x65,0x72,0x45,0x72,0x45,0x72,0x65,0x72,0x65,0x72,
    0xa6,0x7a,0xc6,0x82,0xc6,0x82,0xc6,0x8a,0xc6,0x82,0xc6,0x82,0xc6,0x8a,0xc6,0x8a,0xc6,0x8a,0xc6,0x8a,0xc6,0x8a,0xc6,0x8a,0xc6,0x8a,0xc6,0x8a,0xc6,0x8a,0xc6,0x8a,
    0xc6,0x8a,0xc6,0x82,0xc6,0x82,0xc6,0x8a,0xa6,0x82,0x65,0x72,0x45,0x72,0x45,0x72,0x45,0x72,0x45,0x72,0x45,0x72,0x45,0x72,0x45,0x72,0x45,0x72,0x65,0x72,0xc6,0x82,
    0xa6,0x82,0xc6,0x82,0xc6,0x82,0xc6,0x82,0xc6,0x82,0xc6,0x82,0xa6,0x82,0xa6,0x82,0xa6,0x82,0xc6,0x82,0xc6,0x82,0xc6,0x82,0xc6,0x82,0xc6,0x82,0xc6,0x82,0xc6,0x82,
    0xa6,0x82,0xa6,0x82,0xa6,0x82,0xa6,0x82,0xa6,0x7a,0xa6,0x7a,0xa6,0x7a,0xa6,0x7a,0x86,0x7a,0x86,0x7a,0x65,0x72,0x45,0x72,0x0b,0x9c,0x54,0xd6,0x13,0xd6,0x13,0xd6,
    0x13,0xd6,0x13,0xd6,0x13,0xd6,0x13,0xd6,0x14,0xd6,0x13,0xd6,0x13,0xd6,0x13,0xd6,0x13,0xd6,0x13,0xd6,0xca,0x9b,0xc6,0x82,0xa6,0x82,0xa6,0x82,0xa6,0x82,0xa5,0x82,
    0xa5,0x82,0xa6,0x82,0xa6,0x82,0xa6,0x82,0xa6,0x82,0xa6,0x82,0xc6,0x82,0xc6,0x82,0xc6,0x82,0xa6,0x82,0xa6,0x82,0xa6,0x82,0xa5,0x82,0xa6,0x82,0xa6,0x82,0xa6,0x82,
    0xa5,0x82,0xa6,0x82,0xa6,0x82,0xa6,0x82,0xa6,0x7a,0xa6,0x7a,0xa6,0x7a,0xa6,0x82,0xa6,0x82,0xa6,0x82,0xa6,0x82,0xa6,0x82,0xa6,0x82,0xa6,0x82,0xa6,0x82,0xa6,0x82,
    0x85,0x7a,0x65,0x72,0x05,0x62,0x05,0x62,0x05,0x62,0x05,0x62,0x05,0x62,0x25,0x62,0x05,0x62,0x05,0x62,0x25,0x62,0x24,0x6a,0x65,0x72,0xa5,0x82,0xa5,0x82,0xc6,0x82,
    0xc6,0x82,0xa6,0x82,0x65,0x72,0x45,0x6a,0x25,0x62,0x25,0x62,0x05,0x62,0x05,0x5a,0x05,0x5a,0xe5,0x59,0xe4,0x59,0xe4,0x59,0xe4,0x59,0xe4,0x59,0xe4,0x59,0xe4,0x59,
    0xe4,0x59,0xe4,0x59,0xe4,0x59,0xe4,0x59,0xe4,0x59,0xe4,0x59,0xe4,0x59,0xc4,0x59,0xc4,0x51,0x84,0x49,0x84,0x49,0x84,0x49,0xa4,0x51,0xe4,0x59,0xe5,0x59,0xe4,0x59,
    0xe4,0x59,0xe4,0x59,0xe4,0x59,0xe4,0x59,0xe4,0x59,0xe4,0x59,0xe4,0x59,0xe4,0x59,0xe4,0x59,0xe4,0x59,0xe4,0x59,0xe4,0x59,0xe4,0x59,0xe4,0x59,0xe4,0x59,0xe4,0x59,
    0xe4,0x59,0xe4,0x59,0xe4,0x59,0xc4,0x59,0xc4,0x59,0xe4,0x59,0xe4,0x59,0xe4,0x59,0xe4,0x59,0xe4,0x59,0xe4,0x59,0xe4,0x59,0xe4,0x59,0xe4,0x59,0xe4,0x59,0xe4,0x59,
    0xe4,0x59,0xe4,0x59,0xe4,0x59,0xe4,0x59,0xe4,0x59,0x05,0x5a,0x25,0x62,0x25,0x62,0x25,0x62,0x25,0x62,0x25,0x62,0x25,0x62,0x25,0x62,0x25,0x62,0x25,0x62,0x45,0x62,
    0x45,0x6a,0x85,0x7a,0xe6,0x8a,0xc6,0x8a,0xc6,0x8a,0xc6,0x82,0xa6,0x82,0xa6,0x82,0xa6,0x82,0xa6,0x82,0xa6,0x82,0xa6,0x82,0xa6,0x82,0x85,0x7a,0x05,0x62,0x25,0x6a,
    0x05,0x62,0x05,0x62,0x05,0x62,0x05,0x62,0x05,0x6a,0x25,0x6a,0x85,0x7a,0xa6,0x82,0xa6,0x82,0xc6,0x82,0xc6,0x82,0xc6,0x82,0xa6,0x82,0xa6,0x82,0xa6,0x82,0xa6,0x82,
    0xa6,0x82,0xa6,0x82,0xc6,0x82,0xc6,0x82,0xc6,0x82,0xc6,0x82,0xc6,0x82,0xc6,0x82,0xa6,0x82,0xc6,0x82,0x85,0x7a,0x05,0x62,0x05,0x62,0x05,0x62,0x05,0x62,0x05,0x62,
    0x05,0x62,0x25,0x62,0x05,0x62,0x05,0x62,0x25,0x6a,0xa6,0x82,0xa6,0x82,0xa6,0x82,0xa6,0x82,0xa6,0x82,0xa6,0x82,0xa6,0x82,0xa6,0x82,0xa6,0x82,0xa6,0x82,0xa6,0x82,
    0xa6,0x82,0xa6,0x82,0xa6,0x82,0xa6,0x82,0xa6,0x82,0xa6,0x82,0xa6,0x82,0xa6,0x7a,0x85,0x7a,0x85,0x7a,0x85,0x7a,0x85,0x7a,0x85,0x7a,0x85,0x7a,0x86,0x7a,0x86,0x7a,
    0x65,0x72,0x04,0x62,0xeb,0x93,0x54,0xd6,0x34,0xd6,0x13,0xd6,0x13,0xd6,0x13,0xd6,0x13,0xd6,0x13,0xd6,0x14,0xd6,0x13,0xd6,0x13,0xd6,0x14,0xd6,0x14,0xd6,0x14,0xd6,
    0x49,0x83,0x05,0x5a,0xe4,0x59,0xe4,0x59,0xe4,0x59,0xe4,0x59,0xc4,0x59,0xc4,0x59,0xc4,0x59,0xc4,0x59,0xc4,0x59,0xc4,0x59,0xc4,0x59,0xc4,0x59,0xa4,0x51,0xa4,0x59,
    0xc4,0x59,0xc4,0x59,0xc4,0x59,0xc4,0x51,0xc4,0x59,0xc4,0x51,0xa4,0x51,0xa4,0x51,0xc4,0x59,0x04,0x62,0x04,0x62,0x04,0x62,0x04,0x62,0x04,0x62,0x04,0x62,0x04,0x62,
    0x05,0x62,0x25,0x6a,0x05,0x62,0x25,0x6a,0x25,0x6a,0x25,0x6a,0x05,0x62,0x05,0x62,0x05,0x62,0x04,0x62,0x04,0x62,0x05,0x62,0x05,0x62,0x05,0x62,0x05,0x62,0x05,0x62,
    0x05,0x62,0x05,0x62,0x04,0x62,0x04,0x62,0xe4,0x61,0xe4,0x61,0xe4,0x61,0xe4,0x61,0xe4,0x61,0xe4,0x61,0xe4,0x61,0x04,0x62,0xe4,0x61,0xe4,0x61,0xe4,0x61,0xe4,0x61,
    0x25,0x6a,0x25,0x6a,0x25,0x6a,0x04,0x62,0x04,0x62,0x05,0x6a,0x25,0x6a,0x25,0x6a,0x25,0x6a,0x25,0x6a,0x25,0x6a,0x25,0x6a,0x25,0x6a,0x25,0x6a,0x05,0x62,0x05,0x62,
    0x05,0x62,0x05,0x62,0x05,0x62,0x25,0x62,0x25,0x62,0x25,0x6a,0x05,0x62,0x05,0x62,0x05,0x62,0x05,0x62,0x05,0x62,0x05,0x6a,0x05,0x6a,0x25,0x6a,0x25,0x6a,0x05,0x6a,
    0x05,0x62,0x05,0x62,0x05,0x62,0x05,0x6a,0x05,0x6a,0x05,0x62,0x05,0x62,0x05,0x62,0x05,0x62,0x05,0x62,0x05,0x62,0x05,0x62,0x05,0x62,0x04,0x62,0x04,0x62,0x05,0x62,
    0x05,0x62,0x05,0x62,0x05,0x62,0x04,0x62,0x04,0x62,0x04,0x62,0x04,0x62,0x05,0x62,0x05,0x62,0x05,0x62,0x04,0x62,0x04,0x62,0x05,0x62,0x05,0x62,0x04,0x62,0x05,0x62,
    0x05,0x62,0xe4,0x61,0xe4,0x59,0xe4,0x59,0xe4,0x59,0xe4,0x59,0xe4,0x61,0xe4,0x61,0xe4,0x61,0xe4,0x61,0xe4,0x61,0xe4,0x61,0xe4,0x61,0x04,0x62,0x04,0x62,0x04,0x62,
    0x04,0x62,0x04,0x62,0x04,0x62,0x04,0x62,0x05,0x62,0x05,0x62,0x05,0x62,0x05,0x62,0x05,0x62,0x04,0x62,0x04,0x62,0x04,0x62,0x04,0x6a,0x25,0x6a,0x04,0x62,0x04,0x62,
    0x04,0x62,0x04,0x62,0xe4,0x61,0xe4,0x61,0xe4,0x61,0xe4,0x61,0xe4,0x61,0xe4,0x61,0xe4,0x61,0xe4,0x61,0xe4,0x61,0x04,0x62,0x04,0x62,0x04,0x62,0x04,0x62,0x25,0x6a,
    0x05,0x62,0x05,0x62,0x05,0x62,0x05,0x62,0x05,0x62,0x05,0x62,0x05,0x62,0x05,0x62,0x05,0x62,0x05,0x62,0x05,0x62,0x05,0x62,0x05,0x62,0x05,0x62,0xc4,0x59,0xa4,0x51,
    0xa4,0x51,0xa4,0x51,0xa4,0x51,0xa4,0x51,0xc4,0x59,0xc4,0x59,0xc4,0x59,0xc4,0x59,0xc4,0x51,0xc4,0x59,0xc4,0x59,0xc4,0x51,0xc4,0x51,0xc4,0x59,0xc4,0x59,0xc4,0x59,
    0xa4,0x51,0xa4,0x51,0xc4,0x51,0xc4,0x51,0xc4,0x51,0xa4,0x51,0xa4,0x51,0x63,0x41,0x8b,0x83,0x55,0xde,0x34,0xd6,0x14,0xd6,0x13,0xd6,0x13,0xd6,0x13,0xd6,0x13,0xd6,
    0x14,0xd6,0x13,0xd6,0x34,0xd6,0x14,0xd6,0x34,0xd6,0x14,0xd6,0x8a,0x8b,0x87,0x6a,0x66,0x6a,0x66,0x6a,0x66,0x6a,0x66,0x6a,0x66,0x6a,0x66,0x62,0x46,0x62,0x46,0x62,
    0x46,0x62,0x46,0x62,0x46,0x62,0x46,0x62,0x46,0x62,0x46,0x62,0x46,0x62,0x46,0x62,0x46,0x62,0x46,0x62,0x46,0x62,0x46,0x62,0x46,0x62,0x46,0x62,0x46,0x62,0x66,0x6a,
    0x86,0x6a,0x87,0x72,0x87,0x72,0x87,0x72,0x87,0x72,0x87,0x72,0x87,0x72,0xa7,0x72,0xa7,0x72,0xa7,0x72,0xa7,0x72,0xa7,0x72,0xa7,0x72,0xa7,0x72,0xa7,0x72,0xa7,0x72,
    0xa7,0x72,0xa7,0x72,0xa7,0x72,0xa7,0x72,0xa7,0x72,0xa7,0x72,0xa7,0x72,0xa7,0x72,0xa7,0x72,0x87,0x72,0x87,0x6a,0x87,0x6a,0x86,0x6a,0x66,0x6a,0x66,0x6a,0x86,0x6a,
    0x66,0x6a,0x66,0x62,0x66,0x6a,0x66,0x6a,0x66,0x6a,0x66,0x6a,0xa7,0x7a,0xc7,0x7a,0xc7,0x7a,0xc7,0x7a,0xc7,0x7a,0xc7,0x7a,0xc7,0x7a,0xc7,0x7a,0xc7,0x7a,0xc7,0x7a,
    0xc7,0x7a,0xc7,0x7a,0xc7,0x7a,0xc7,0x7a,0xc7,0x7a,0xc7,0x7a,0xc7,0x7a,0xc7,0x7a,0xc7,0x7a,0xc7,0x7a,0xc7,0x7a,0xc7,0x7a,0xc7,0x7a,0xc7,0x7a,0xa7,0x7a,0xa7,0x72,
    0xc7,0x7a,0xc7,0x7a,0xa7,0x7a,0xc7,0x7a,0xc7,0x7a,0xc7,0x7a,0xc7,0x7a,0xc7,0x7a,0xc7,0x7a,0xa7,0x7a,0xa7,0x72,0xa7,0x72,0xa7,0x72,0xc7,0x7a,0xc7,0x7a,0xa7,0x72,
    0xa7,0x72,0xa7,0x72,0xa7,0x72,0xa7,0x72,0xa7,0x72,0xa7,0x72,0xa7,0x72,0xa7,0x72,0xa7,0x72,0xa7,0x7a,0xa7,0x72,0xa7,0x7a,0xa7,0x72,0xa7,0x72,0xa7,0x72,0xc7,0x7a,
    0xa7,0x72,0xa7,0x72,0xa7,0x72,0xa7,0x72,0xa7,0x72,0xa7,0x72,0xa7,0x72,0xa7,0x72,0x87,0x72,0x87,0x6a,0x86,0x6a,0x87,0x6a,0x86,0x6a,0x66,0x6a,0x66,0x6a,0x66,0x6a,
    0x66,0x6a,0x66,0x6a,0x66,0x6a,0xa7,0x72,0xa7,0x72,0x87,0x72,0x87,0x72,0x87,0x72,0x86,0x72,0xa7,0x72,0xa7,0x72,0xa7,0x72,0xa7,0x72,0xa7,0x72,0xa7,0x72,0xa7,0x72,
    0xa7,0x72,0xa7,0x72,0x87,0x72,0xa7,0x72,0x87,0x72,0x87,0x72,0x86,0x6a,0x87,0x6a,0x87,0x6a,0x86,0x6a,0x66,0x6a,0x66,0x6a,0x66,0x6a,0x66,0x6a,0x87,0x6a,0x87,0x6a,
    0x87,0x6a,0x86,0x6a,0x86,0x6a,0x86,0x6a,0x86,0x72,0x87,0x72,0xa7,0x72,0xa7,0x72,0xc7,0x72,0xa7,0x7a,0xa7,0x72,0xa7,0x72,0xa7,0x72,0xa7,0x72,0xa7,0x72,0xa7,0x72,
    0xa7,0x72,0xa7,0x72,0x87,0x72,0x87,0x6a,0x46,0x62,0x46,0x62,0x46,0x62,0x46,0x62,0x46,0x62,0x46,0x62,0x46,0x62,0x46,0x62,0x66,0x62,0x46,0x62,0x46,0x62,0x46,0x62,
    0x46,0x62,0x46,0x62,0x46,0x62,0x46,0x62,0x46,0x62,0x46,0x62,0x46,0x62,0x46,0x62,0x46,0x62,0x46,0x62,0x46,0x62,0x26,0x62,0x26,0x62,0x05,0x5a,0xec,0x93,0x54,0xde,
    0x34,0xd6,0x14,0xd6,0x13,0xd6,0x13,0xd6,0x13,0xd6,0x13,0xd6,0x14,0xd6,0x13,0xd6,0x14,0xd6,0x34,0xd6,0x14,0xd6,0x14,0xd6,0x14,0xce,0x14,0xce,0x14,0xce,0x13,0xce,
    0x13,0xce,0x34,0xd6,0x34,0xd6,0x34,0xd6,0x34,0xd6,0x34,0xd6,0x34,0xd6,0x34,0xd6,0x34,0xd6,0x34,0xd6,0x34,0xd6,0x34,0xd6,0x34,0xd6,0x34,0xd6,0x34,0xd6,0x34,0xd6,
    0x34,0xd6,0x34,0xd6,0x34,0xd6,0x14,0xd6,0x14,0xd6,0x34,0xd6,0x34,0xd6,0x34,0xd6,0x14,0xd6,0x34,0xd6,0x34,0xd6,0x34,0xd6,0x34,0xd6,0x34,0xd6,0x34,0xd6,0x34,0xd6,
    0x34,0xd6,0x13,0xd6,0x13,0xd6,0x34,0xd6,0x34,0xd6,0x34,0xd6,0x34,0xd6,0x13,0xd6,0x13,0xd6,0x13,0xd6,0x13,0xd6,0x13,0xd6,0x34,0xd6,0x34,0xd6,0x34,0xd6,0x34,0xd6,
    0x34,0xd6,0x34,0xd6,0x34,0xd6,0x13,0xd6,0x14,0xd6,0x34,0xd6,0x14,0xd6,0x14,0xce,0x14,0xd6,0x13,0xd6,0x13,0xce,0x13,0xd6,0x34,0xd6,0x34,0xd6,0x34,0xd6,0x34,0xd6,
    0x34,0xd6,0x34,0xd6,0x34,0xd6,0x34,0xd6,0x34,0xd6,0x34,0xd6,0x34,0xd6,0x34,0xd6,0x34,0xd6,0x34,0xd6,0x34,0xd6,0x34,0xd6,0x34,0xd6,0x34,0xd6,0x34,0xd6,0x34,0xd6,
    0x34,0xd6,0x34,0xd6,0x34,0xd6,0x34,0xd6,0x34,0xd6,0x34,0xd6,0x34,0xd6,0x34,0xd6,0x34,0xd6,0x34,0xd6,0x34,0xd6,0x34,0xd6,0x34,0xd6,0x34,0xd6,0x34,0xd6,0x34,0xd6,
    0x34,0xd6,0x34,0xd6,0x34,0xd6,0x34,0xd6,0x34,0xd6,0x34,0xd6,0x34,0xd6,0x34,0xd6,0x34,0xd6,0x34,0xd6,0x34,0xd6,0x34,0xd6,0x34,0xd6,0x34,0xd6,0x34,0xd6,0x34,0xd6,
    0x34,0xd6,0x34,0xd6,0x34,0xd6,0x34,0xd6,0x34,0xd6,0x34,0xd6,0x34,0xd6,0x34,0xd6,0x34,0xd6,0x34,0xd6,0x34,0xd6,0x34,0xd6,0x34,0xd6,0x34,0xd6,0x34,0xd6,0x14,0xd6,
    0x34,0xd6,0x14,0xd6,0x14,0xd6,0x34,0xd6,0x34,0xd6,0x34,0xd6,0x14,0xd6,0x34,0xd6,0x34,0xd6,0x34,0xd6,0x34,0xd6,0x34,0xd6,0x13,0xd6,0x13,0xd6,0x13,0xd6,0x13,0xd6,
    0x13,0xd6,0x34,0xd6,0x34,0xd6,0x34,0xd6,0x34,0xd6,0x34,0xd6,0x34,0xd6,0x34,0xd6,0x34,0xd6,0x34,0xd6,0x34,0xd6,0x34,0xd6,0x34,0xd6,0x34,0xd6,0x34,0xd6,0x34,0xd6,
    0x34,0xd6,0x34,0xd6,0x14,0xd6,0x34,0xd6,0x34,0xd6,0x34,0xd6,0x34,0xd6,0x14,0xd6,0x13,0xd6,0x14,0xd6,0x14,0xd6,0x13,0xd6,0x14,0xd6,0x34,0xd6,0x54,0xd6,0x54,0xd6,
    0x34,0xd6,0x34,0xd6,0x34,0xd6,0x34,0xd6,0x34,0xd6,0x34,0xd6,0x34,0xd6,0x34,0xd6,0x34,0xd6,0x34,0xd6,0x34,0xd6,0x34,0xd6,0x34,0xd6,0x34,0xd6,0x34,0xd6,0x34,0xd6,
    0x34,0xd6,0x34,0xd6,0x34,0xd6,0x34,0xd6,0x34,0xd6,0x14,0xd6,0x34,0xd6,0x34,0xd6,0x34,0xd6,0x34,0xd6,0x34,0xd6,0x34,0xd6,0x13,0xd6,0x13,0xd6,0x14,0xd6,0x14,0xd6,
    0x34,0xd6,0x34,0xd6,0x34,0xd6,0x34,0xd6,0x14,0xd6,0x34,0xd6,0x34,0xd6,0x14,0xd6,0x13,0xd6,0x13,0xd6,0x13,0xd6,0x13,0xd6,0x14,0xd6,0x13,0xd6,0x13,0xd6,0x14,0xd6,
    0x14,0xd6,0x14,0xd6,0x34,0xd6,0x34,0xd6,0x34,0xd6,0x34,0xd6,0x34,0xd6,0x34,0xd6,0x34,0xd6,0x34,0xd6,0x34,0xd6,0x34,0xd6,0x34,0xd6,0x34,0xd6,0x34,0xd6,0x34,0xd6,
    0x34,0xd6,0x34,0xd6,0x34,0xd6,0x34,0xd6,0x34,0xd6,0x34,0xd6,0x34,0xd6,0x34,0xd6,0x34,0xd6,0x34,0xd6,0x34,0xd6,0x34,0xd6,0x34,0xd6,0x34,0xd6,0x34,0xd6,0x34,0xd6,
    0x34,0xd6,0x34,0xd6,0x34,0xd6,0x34,0xd6,0x34,0xd6,0x34,0xd6,0x34,0xd6,0x34,0xd6,0x34,0xd6,0x34,0xd6,0x34,0xd6,0x34,0xd6,0x34,0xd6,0x34,0xd6,0x34,0xd6,0x34,0xd6,
    0x34,0xd6,0x34,0xd6,0x34,0xd6,0x34,0xd6,0x34,0xd6,0x34,0xd6,0x34,0xd6,0x34,0xd6,0x34,0xd6,0x34,0xd6,0x34,0xd6,0x34,0xd6,0x34,0xd6,0x34,0xd6,0x34,0xd6,0x34,0xd6,
    0x34,0xd6,0x34,0xd6,0x34,0xd6,0x34,0xd6,0x34,0xd6,0x34,0xd6,0x34,0xd6,0x34,0xd6,0x34,0xd6,0x34,0xd6,0x34,0xd6,0x34,0xd6,0x34,0xd6,0x34,0xd6,0x34,0xd6,0x34,0xd6,
    0x34,0xd6,0x34,0xd6,0x34,0xd6,0x34,0xd6,0x34,0xd6,0x34,0xd6,0x34,0xd6,0x34,0xd6,0x34,0xd6,0x34,0xd6,0x34,0xd6,0x34,0xd6,0x34,0xd6,0x34,0xd6,0x34,0xd6,0x34,0xd6,
    0x34,0xd6,0x34,0xd6,0x34,0xd6,0x34,0xd6,0x34,0xd6,0x34,0xd6,0x34,0xd6,0x34,0xd6,0x34,0xd6,0x34,0xd6,0x34,0xd6,0x34,0xd6,0x34,0xd6,0x34,0xd6,0x34,0xd6,0x34,0xd6,
    0x34,0xd6,0x34,0xd6,0x34,0xd6,0x34,0xd6,0x34,0xd6,0x34,0xd6,0x34,0xd6,0x34,0xd6,0x34,0xd6,0x34,0xd6,0x34,0xd6,0x34,0xd6,0x34,0xd6,0x34,0xd6,0x34,0xd6,0x34,0xd6,
    0x34,0xd6,0x34,0xd6,0x34,0xd6,0x34,0xd6,0x34,0xd6,0x34,0xd6,0x34,0xd6,0x34,0xd6,0x34,0xd6,0x34,0xd6,0x34,0xd6,0x34,0xd6,0x34,0xd6,0x34,0xd6,0x34,0xd6,0x34,0xd6,
    0x34,0xd6,0x34,0xd6,0x34,0xd6,0x14,0xd6,0x14,0xd6,0x34,0xd6,0x34,0xd6,0x34,0xd6,0x34,0xd6,0x34,0xd6,0x34,0xd6,0x34,0xd6,0x34,0xd6,0x34,0xd6,0x34,0xd6,0x34,0xd6,
    0x34,0xd6,0x34,0xd6,0x34,0xd6,0x34,0xd6,0x34,0xd6,0x34,0xd6,0x34,0xd6,0x34,0xd6,0x34,0xd6,0x34,0xd6,0x34,0xd6,0x34,0xd6,0x34,0xd6,0x34,0xd6,0x34,0xd6,0x34,0xd6,
    0x34,0xd6,0x14,0xd6,0x14,0xd6,0x34,0xd6,0x34,0xd6,0x34,0xd6,0x34,0xd6,0x34,0xd6,0x34,0xd6,0x34,0xd6,0x34,0xd6,0x34,0xd6,0x34,0xd6,0x34,0xd6,0x34,0xd6,0x34,0xd6,
    0x34,0xd6,0x34,0xd6,0x34,0xd6,0x34,0xd6,0x34,0xd6,0x34,0xd6,0x34,0xd6,0x34,0xd6,0x34,0xd6,0x34,0xd6,0x34,0xd6,0x34,0xd6,0x34,0xd6,0x34,0xd6,0x34,0xd6,0x34,0xd6,
    0x34,0xd6,0x34,0xd6,0x34,0xd6,0x34,0xd6,0x34,0xd6,0x34,0xd6,0x34,0xd6,0x34,0xd6,0x34,0xd6,0x34,0xd6,0x34,0xd6,0x14,0xd6,0x14,0xd6,0x14,0xd6,0x13,0xd6,0x13,0xd6,
    0x13,0xd6,0x13,0xd6,0x13,0xd6,0x13,0xd6,0x13,0xd6,0x14,0xd6,0x34,0xd6,0x34,0xd6,0x34,0xd6,0x34,0xd6,0x34,0xd6,0x34,0xd6,0x34,0xd6,0x34,0xd6,0x34,0xd6,0x34,0xd6,
    0x34,0xd6,0x34,0xd6,0x34,0xd6,0x34,0xd6,0x34,0xd6,0x34,0xd6,0x34,0xd6,0x34,0xd6,0x34,0xd6,0x34,0xd6,0x34,0xd6,0x34,0xd6,0x34,0xd6,0x34,0xd6,0x14,0xd6,0x14,0xd6,
    0x14,0xd6,0x14,0xd6,0x34,0xd6,0x34,0xd6,0x34,0xd6,0x14,0xd6,0x34,0xd6,0x34,0xd6,0x34,0xd6,0x34,0xd6,0x34,0xd6,0x34,0xd6,0x34,0xd6,0x34,0xd6,0x34,0xd6,0x14,0xd6,
    0x14,0xd6,0x14,0xd6,0x14,0xd6,0x14,0xd6,0x14,0xd6,0x34,0xd6,0x34,0xd6,0x34,0xd6,0x34,0xd6,0x34,0xd6,0x34,0xd6,0x34,0xd6,0x34,0xd6,0x34,0xd6,0x34,0xd6,0x34,0xd6,
    0x34,0xd6,0x34,0xd6,0x34,0xd6,0x34,0xd6,0x34,0xd6,0x34,0xd6,0x34,0xd6,0x34,0xd6,0x34,0xd6,0x34,0xd6,0x14,0xd6,0x34,0xd6,0x34,0xd6,0x34,0xd6,0x34,0xd6,0x34,0xd6,
    0x34,0xd6,0x14,0xd6,0x34,0xd6,0x34,0xd6,0x34,0xd6,0x34,0xd6,0x34,0xd6,0x34,0xd6,0x34,0xd6,0x34,0xd6,0x34,0xd6,0x34,0xd6,0x34,0xd6,0x34,0xd6,0x34,0xd6,0x34,0xd6,
    0x34,0xd6,0x34,0xd6,0x34,0xd6,0x34,0xd6,0x34,0xd6,0x34,0xd6,0x34,0xd6,0x34,0xd6,0x34,0xd6,0x34,0xd6,0x34,0xd6,0x34,0xd6,0x34,0xd6,0x34,0xd6,0x34,0xd6,0x34,0xd6,
    0x34,0xd6,0x34,0xd6,0x34,0xd6,0x14,0xd6,0x34,0xd6,0x34,0xd6,0x34,0xd6,0x34,0xd6,0x34,0xd6,0x34,0xd6,0x34,0xd6,0x34,0xd6,0x34,0xd6,0x34,0xd6,0x34,0xd6,0x34,0xd6,
    0x14,0xd6,0x14,0xd6,0x34,0xd6,0x34,0xd6,0x34,0xd6,0x34,0xd6,0x34,0xd6,0x34,0xd6,0x34,0xd6,0x34,0xd6,0x34,0xd6,0x34,0xd6,0x34,0xd6,0x34,0xd6,0x14,0xd6,0x14,0xd6,
    0x34,0xd6,0x14,0xd6,0x14,0xd6,0x34,0xd6,0x34,0xd6,0x34,0xd6,0x14,0xd6,0x14,0xd6,0x14,0xd6,0x14,0xd6,0x14,0xd6,0x34,0xd6,0x14,0xd6,0x34,0xd6,0x34,0xd6,0x14,0xd6,
    0x14,0xd6,0x34,0xd6,0x14,0xd6,0x14,0xd6,0x14,0xd6,0x14,0xd6,0x14,0xd6,0x34,0xd6,0x34,0xd6,0x34,0xd6,0x34,0xd6,0x14,0xd6,0x14,0xd6,0x34,0xd6,0x34,0xd6,0x34,0xd6,
    0x34,0xd6,0x34,0xd6,0x34,0xd6,0x34,0xd6,0x34,0xd6,0x14,0xd6,0x14,0xd6,0x14,0xd6,0x14,0xd6,0x14,0xd6,0x14,0xd6,0x14,0xd6,0x14,0xd6,0x14,0xd6,0x14,0xd6,0x14,0xd6,
    0x14,0xd6,0x14,0xd6,0x14,0xd6,0x14,0xd6,0x14,0xd6,0x14,0xd6,0x14,0xd6,0x14,0xd6,0x14,0xd6,0x14,0xd6,0x14,0xd6,0x14,0xd6,0x14,0xd6,0x14,0xd6,0x14,0xd6,0x14,0xd6,
    0x14,0xd6,0x14,0xd6,0x14,0xd6,0x14,0xd6,0x14,0xd6,0x14,0xd6,0x14,0xd6,0x14,0xd6,0x14,0xd6,0x14,0xd6,0x14,0xd6,0x14,0xd6,0x14,0xd6,0x14,0xd6,0x34,0xd6,0x14,0xd6,
    0x14,0xd6,0x14,0xd6,0x14,0xd6,0x13,0xd6,0x13,0xd6,0x13,0xd6,0x13,0xd6,0x13,0xd6,0x13,0xd6,0x13,0xd6,0x13,0xd6,0x14,0xd6,0x34,0xd6,0x34,0xd6,0x34,0xd6,0x34,0xd6,
    0x34,0xd6,0x34,0xd6,0x34,0xd6,0x34,0xd6,0x34,0xd6,0x34,0xd6,0x34,0xd6,0x34,0xd6,0x34,0xd6,0x34,0xd6,0x34,0xd6,0x34,0xd6,0x34,0xd6,0x34,0xd6,0x34,0xd6,0x34,0xd6,
    0x34,0xd6,0x34,0xd6,0x34,0xd6,0x34,0xd6,0x34,0xd6,0x34,0xd6,0x14,0xd6,0x34,0xd6,0x34,0xd6,0x34,0xd6,0x14,0xd6,0x34,0xd6,0x34,0xd6,0x34,0xd6,0x34,0xd6,0x34,0xd6,
    0x34,0xd6,0x34,0xd6,0x34,0xd6,0x34,0xd6,0x34,0xd6,0x34,0xd6,0x14,0xd6,0x14,0xd6,0x34,0xd6,0x34,0xd6,0x34,0xd6,0x34,0xd6,0x34,0xd6,0x34,0xd6,0x34,0xd6,0x34,0xd6,
    0x34,0xd6,0x34,0xd6,0x34,0xd6,0x34,0xd6,0x34,0xd6,0x34,0xd6,0x34,0xd6,0x34,0xd6,0x34,0xd6,0x34,0xd6,0x34,0xd6,0x34,0xd6,0x34,0xd6,0x34,0xd6,0x34,0xd6,0x34,0xd6,
    0x34,0xd6,0x34,0xd6,0x34,0xd6,0x34,0xd6,0x34,0xd6,0x34,0xd6,0x34,0xd6,0x34,0xd6,0x34,0xd6,0x34,0xd6,0x34,0xd6,0x34,0xd6,0x34,0xd6,0x34,0xd6,0x34,0xd6,0x34,0xd6,
    0x34,0xd6,0x34,0xd6,0x34,0xd6,0x34,0xd6,0x34,0xd6,0x34,0xd6,0x34,0xd6,0x34,0xd6,0x34,0xd6,0x34,0xd6,0x34,0xd6,0x34,0xd6,0x34,0xd6,0x34,0xd6,0x34,0xd6,0x34,0xd6,
    0x34,0xd6,0x34,0xd6,0x34,0xd6,0x34,0xd6,0x34,0xd6,0x34,0xd6,0x34,0xd6,0x34,0xd6,0x34,0xd6,0x34,0xd6,0x34,0xd6,0x34,0xd6,0x34,0xd6,0x34,0xd6,0x34,0xd6,0x34,0xd6,
    0x34,0xd6,0x34,0xd6,0x34,0xd6,0x34,0xd6,0x34,0xd6,0x34,0xd6,0x34,0xd6,0x34,0xd6,0x34,0xd6,0x34,0xd6,0x34,0xd6,0x34,0xd6,0x34,0xd6,0x34,0xd6,0x34,0xd6,0x34,0xd6,
    0x34,0xd6,0x34,0xd6,0x34,0xd6,0x34,0xd6,0x34,0xd6,0x34,0xd6,0x34,0xd6,0x34,0xd6,0x34,0xd6,0x34,0xd6,0x34,0xd6,0x34,0xd6,0x34,0xd6,0x34,0xd6,0x34,0xd6,0x14,0xd6,
    0x14,0xd6,0x34,0xd6,0x14,0xd6,0x34,0xd6,0x34,0xd6,0x34,0xd6,0x34,0xd6,0x14,0xd6,0x14,0xd6,0x14,0xd6,0x14,0xd6,0x34,0xd6,0x14,0xd6,0x34,0xd6,0x34,0xd6,0x34,0xd6,
    0x34,0xd6,0x34,0xd6,0x14,0xd6,0x34,0xd6,0x34,0xd6,0x34,0xd6,0x34,0xd6,0x34,0xd6,0x14,0xd6,0x34,0xd6,0x34,0xd6,0x14,0xd6,0x14,0xd6,0x14,0xd6,0x14,0xd6,0x14,0xd6,
    0x14,0xd6,0x34,0xd6,0x34,0xd6,0x14,0xd6,0x14,0xd6,0x14,0xd6,0x14,0xd6,0x14,0xd6,0x14,0xd6,0x34,0xd6,0x14,0xd6,0x34,0xd6,0x14,0xd6,0x14,0xd6,0x14,0xd6,0x14,0xd6,
    0x14,0xd6,0x14,0xd6,0x14,0xd6,0x14,0xd6,0x14,0xd6,0x14,0xd6,0x14,0xd6,0x14,0xd6,0x14,0xd6,0x14,0xd6,0x34,0xd6,0x14,0xd6,0x34,0xd6,0x14,0xd6,0x34,0xd6,0x14,0xd6,
    0x14,0xd6,0x14,0xd6,0x14,0xd6,0x14,0xd6,0x14,0xd6,0x14,0xd6,0x14,0xd6,0x14,0xd6,0x13,0xd6,0x13,0xd6,0x13,0xd6,0x13,0xd6,0x13,0xd6,0x13,0xd6,0x13,0xd6,0x13,0xd6,
    0x13,0xd6,0x13,0xd6,0x34,0xd6,0x34,0xd6,0x34,0xd6,0x34,0xd6,0x34,0xd6,0x34,0xd6,0x34,0xd6,0x34,0xd6,0x34,0xd6,0x34,0xd6,0x14,0xd6,0x34,0xd6,0x34,0xd6,0x34,0xd6,
    0x34,0xd6,0x34,0xd6,0x34,0xd6,0x34,0xd6,0x34,0xd6,0x34,0xd6,0x34,0xd6,0x34,0xd6,0x34,0xd6,0x34,0xd6,0x34,0xd6,0x14,0xd6,0x34,0xd6,0x34,0xd6,0x34,0xd6,0x14,0xd6,
    0x14,0xd6,0x34,0xd6,0x14,0xd6,0x34,0xd6,0x34,0xd6,0x34,0xd6,0x34,0xd6,0x34,0xd6,0x34,0xd6,0x34,0xd6,0x34,0xd6,0x34,0xd6,0x14,0xd6,0x14,0xd6,0x14,0xd6,0x34,0xd6,
    0x34,0xd6,0x14,0xd6,0x34,0xd6,0x34,0xd6,0x34,0xd6,0x34,0xd6,0x34,0xd6,0x34,0xd6,0x34,0xd6,0x34,0xd6,0x34,0xd6,0x34,0xd6,0x34,0xd6,0x34,0xd6,0x34,0xd6,0x34,0xd6,
    0x34,0xd6,0x34,0xd6,0x34,0xd6,0x34,0xd6,0x34,0xd6,0x34,0xd6,0x34,0xd6,0x34,0xd6,0x34,0xd6,0x34,0xd6,0x34,0xd6,0x34,0xd6,0x34,0xd6,0x34,0xd6,0x34,0xd6,0x34,0xd6,
    0x34,0xd6,0x34,0xd6,0x34,0xd6,0x34,0xd6,0x34,0xd6,0x14,0xd6,0x34,0xd6,0x34,0xd6,0x34,0xd6,0x34,0xd6,0x34,0xd6,0x34,0xd6,0x34,0xd6,0x34,0xd6,0x34,0xd6,0x34,0xd6,
    0x34,0xd6,0x34,0xd6,0x34,0xd6,0x34,0xd6,0x34,0xd6,0x34,0xd6,0x34,0xd6,0x34,0xd6,0x34,0xd6,0x34,0xd6,0x34,0xd6,0x34,0xd6,0x34,0xd6,0x34,0xd6,0x34,0xd6,0x34,0xd6,
    0x34,0xd6,0x34,0xd6,0x34,0xd6,0x34,0xd6,0x34,0xd6,0x34,0xd6,0x34,0xd6,0x34,0xd6,0x34,0xd6,0x34,0xd6,0x14,0xd6,0x14,0xd6,0x34,0xd6,0x34,0xd6,0x34,0xd6,0x34,0xd6,
    0x34,0xd6,0x34,0xd6,0x34,0xd6,0x34,0xd6,0x34,0xd6,0x34,0xd6,0x34,0xd6,0x34,0xd6,0x34,0xd6,0x34,0xd6,0x34,0xd6,0x34,0xd6,0x34,0xd6,0x34,0xd6,0x34,0xd6,0x14,0xd6,
    0x34,0xd6,0x34,0xd6,0x34,0xd6,0x34,0xd6,0x14,0xd6,0x14,0xd6,0x14,0xd6,0x34,0xd6,0x14,0xd6,0x14,0xd6,0x14,0xd6,0x34,0xd6,0x34,0xd6,0x14,0xd6,0x34,0xd6,0x14,0xd6,
    0x14,0xd6,0x34,0xd6,0x34,0xd6,0x34,0xd6,0x14,0xd6,0x34,0xd6,0x34,0xd6,0x34,0xd6,0x14,0xd6,0x14,0xd6,0x34,0xd6,0x34,0xd6,0x34,0xd6,0x34,0xd6,0x14,0xd6,0x14,0xd6,
    0x14,0xd6,0x14,0xd6,0x14,0xd6,0x14,0xd6,0x14,0xd6,0x14,0xd6,0x14,0xd6,0x14,0xd6,0x34,0xd6,0x14,0xd6,0x34,0xd6,0x14,0xd6,0x14,0xd6,0x14,0xd6,0x14,0xd6,0x14,0xd6,
    0x14,0xd6,0x14,0xd6,0x14,0xd6,0x14,0xd6,0x14,0xd6,0x14,0xd6,0x14,0xd6,0x14,0xd6,0x13,0xd6,0x14,0xd6,0x14,0xd6,0x14,0xd6,0x14,0xd6,0x13,0xd6,0x14,0xd6,0x14,0xd6,
    0x34,0xd6,0x34,0xd6,0x34,0xd6,0x14,0xd6,0x14,0xd6,0x14,0xd6,0x14,0xd6,0x14,0xd6,0x14,0xd6,0x14,0xd6,0x14,0xd6,0x14,0xd6,0x14,0xd6,0x13,0xd6,0x13,0xd6,0x13,0xd6,
    0x13,0xd6,0x13,0xd6,0x13,0xd6,0x13,0xd6,0x13,0xd6,0x13,0xd6,0x13,0xd6,0x13,0xd6,0x33,0xd6,0x34,0xd6,0x34,0xd6,0x34,0xd6,0x33,0xd6,0x13,0xd6,0x13,0xd6,0x13,0xd6,
    0x13,0xd6,0x13,0xd6,0x14,0xd6,0x34,0xd6,0x14,0xd6,0x14,0xd6,0x13,0xd6,0x13,0xd6,0x34,0xd6,0x34,0xd6,0x34,0xd6,0x34,0xd6,0x34,0xd6,0x34,0xd6,0x34,0xd6,0x34,0xd6,
    0x34,0xd6,0x34,0xd6,0x14,0xd6,0x13,0xd6,0x13,0xd6,0x13,0xd6,0x33,0xd6,0x33,0xd6,0x13,0xd6,0x34,0xd6,0x34,0xd6,0x34,0xd6,0x34,0xd6,0x34,0xd6,0x34,0xd6,0x14,0xd6,
    0x34,0xd6,0x34,0xd6,0x13,0xd6,0x13,0xd6,0x13,0xd6,0x33,0xd6,0x33,0xd6,0x13,0xd6,0x13,0xd6,0x34,0xd6,0x14,0xd6,0x34,0xd6,0x34,0xd6,0x34,0xd6,0x34,0xd6,0x34,0xd6,
    0x34,0xd6,0x34,0xd6,0x34,0xd6,0x34,0xd6,0x34,0xd6,0x34,0xd6,0x34,0xd6,0x34,0xd6,0x34,0xd6,0x34,0xd6,0x34,0xd6,0x34,0xd6,0x34,0xd6,0x34,0xd6,0x34,0xd6,0x34,0xd6,
    0x34,0xd6,0x34,0xd6,0x34,0xd6,0x34,0xd6,0x34,0xd6,0x34,0xd6,0x34,0xd6,0x34,0xd6,0x34,0xd6,0x34,0xd6,0x34,0xd6,0x34,0xd6,0x34,0xd6,0x14,0xd6,0x14,0xd6,0x34,0xd6,
    0x34,0xd6,0x34,0xd6,0x34,0xd6,0x34,0xd6,0x34,0xd6,0x34,0xd6,0x34,0xd6,0x34,0xd6,0x34,0xd6,0x34,0xd6,0x34,0xd6,0x34,0xd6,0x34,0xd6,0x34,0xd6,0x34,0xd6,0x34,0xd6,
    0x34,0xd6,0x34,0xd6,0x34,0xd6,0x34,0xd6,0x34,0xd6,0x34,0xd6,0x34,0xd6,0x34,0xd6,0x34,0xd6,0x34,0xd6,0x34,0xd6,0x14,0xd6,0x13,0xd6,0x13,0xd6,0x34,0xd6,0x34,0xd6,
    0x34,0xd6,0x13,0xd6,0x13,0xd6,0x13,0xd6,0x34,0xd6,0x34,0xd6,0x34,0xd6,0x34,0xd6,0x34,0xd6,0x34,0xd6,0x34,0xd6,0x34,0xd6,0x34,0xd6,0x33,0xd6,0x13,0xd6,0x13,0xd6,
    0x13,0xd6,0x33,0xd6,0x34,0xd6,0x34,0xd6,0x34,0xd6,0x13,0xd6,0x13,0xd6,0x13,0xd6,0x13,0xd6,0x13,0xd6,0x14,0xd6,0x13,0xd6,0x13,0xd6,0x14,0xd6,0x14,0xd6,0x14,0xd6,
    0x14,0xd6,0x14,0xd6,0x13,0xd6,0x14,0xd6,0x34,0xd6,0x13,0xd6,0x14,0xd6,0x14,0xd6,0x13,0xd6,0x14,0xd6,0x14,0xd6,0x34,0xd6,0x34,0xd6,0x34,0xd6,0x14,0xd6,0x14,0xd6,
    0x14,0xd6,0x34,0xd6,0x34,0xd6,0x14,0xd6,0x13,0xd6,0x13,0xd6,0x13,0xd6,0x13,0xd6,0x13,0xd6,0x13,0xd6,0x13,0xd6,0x13,0xd6,0x13,0xd6,0x13,0xd6,0x34,0xd6,0x34,0xd6,
    0x34,0xd6,0x34,0xd6,0x13,0xd6,0x13,0xd6,0x13,0xd6,0x13,0xd6,0x13,0xd6,0x13,0xd6,0x13,0xd6,0x13,0xd6,0x13,0xd6,0x13,0xd6,0x13,0xd6,0x13,0xd6,0x13,0xd6,0x13,0xd6,
    0x13,0xd6,0x13,0xd6,0x14,0xd6,0x14,0xd6,0x13,0xd6,0x13,0xd6,0x13,0xd6,0x13,0xd6,0x13,0xd6,0x13,0xd6,0x13,0xd6,0x13,0xd6,0x13,0xd6,0x13,0xd6,0x13,0xd6,0x13,0xd6,
    0x13,0xd6,0x13,0xd6,0x13,0xd6,0x13,0xd6,0x13,0xd6,0x13,0xd6,0x13,0xd6,0x13,0xd6,0x13,0xd6,0x13,0xd6,0x13,0xd6,0x13,0xd6,0x13,0xd6,0x13,0xd6,0x13,0xd6,0x33,0xd6,
    0x13,0xd6,0x13,0xd6,0x13,0xd6,0x13,0xd6,0x13,0xd6,0x13,0xd6,0x13,0xd6,0x13,0xd6,0x13,0xd6,0x34,0xd6,0x34,0xd6,0x14,0xd6,0x13,0xd6,0x13,0xd6,0x34,0xd6,0x34,0xd6,
    0x34,0xd6,0x34,0xd6,0x34,0xd6,0x33,0xd6,0x34,0xd6,0x34,0xd6,0x34,0xd6,0x33,0xd6,0x13,0xd6,0x33,0xd6,0x13,0xd6,0x13,0xd6,0x13,0xd6,0x33,0xd6,0x33,0xd6,0x33,0xd6,
    0x33,0xd6,0x34,0xd6,0x34,0xd6,0x34,0xd6,0x33,0xd6,0x33,0xd6,0x33,0xd6,0x33,0xd6,0x13,0xd6,0x33,0xd6,0x33,0xd6,0x13,0xd6,0x33,0xd6,0x33,0xd6,0x33,0xd6,0x33,0xd6,
    0x33,0xd6,0x33,0xd6,0x34,0xd6,0x34,0xd6,0x34,0xd6,0x34,0xd6,0x34,0xd6,0x34,0xd6,0x33,0xd6,0x34,0xd6,0x34,0xd6,0x34,0xd6,0x34,0xd6,0x34,0xd6,0x33,0xd6,0x34,0xd6,
    0x33,0xd6,0x34,0xd6,0x34,0xd6,0x34,0xd6,0x34,0xd6,0x34,0xd6,0x34,0xd6,0x34,0xd6,0x34,0xd6,0x34,0xd6,0x34,0xd6,0x34,0xd6,0x34,0xd6,0x34,0xd6,0x34,0xd6,0x34,0xd6,
    0x34,0xd6,0x34,0xd6,0x33,0xd6,0x34,0xd6,0x13,0xd6,0x13,0xd6,0x34,0xd6,0x34,0xd6,0x34,0xd6,0x34,0xd6,0x34,0xd6,0x33,0xd6,0x33,0xd6,0x33,0xd6,0x33,0xd6,0x34,0xd6,
    0x34,0xd6,0x34,0xd6,0x34,0xd6,0x34,0xd6,0x34,0xd6,0x34,0xd6,0x34,0xd6,0x34,0xd6,0x34,0xd6,0x34,0xd6,0x34,0xd6,0x34,0xd6,0x34,0xd6,0x34,0xd6,0x34,0xd6,0x34,0xd6,
    0x34,0xd6,0x13,0xd6,0x13,0xd6,0x13,0xd6,0x33,0xd6,0x33,0xd6,0x13,0xd6,0x13,0xd6,0x13,0xd6,0x13,0xd6,0x33,0xd6,0x34,0xd6,0x34,0xd6,0x34,0xd6,0x34,0xd6,0x33,0xd6,
    0x34,0xd6,0x34,0xd6,0x33,0xd6,0x13,0xd6,0x13,0xd6,0x13,0xd6,0x13,0xd6,0x13,0xd6,0x13,0xd6,0x13,0xd6,0x13,0xd6,0x13,0xd6,0x13,0xd6,0x13,0xd6,0x13,0xd6,0x13,0xd6,
    0x33,0xd6,0x13,0xd6,0x13,0xd6,0x13,0xd6,0x13,0xd6,0x13,0xd6,0x33,0xd6,0x13,0xd6,0x13,0xd6,0x13,0xd6,0x13,0xd6,0x13,0xd6,0x13,0xd6,0x13,0xd6,0x13,0xd6,0x13,0xd6,
    0x33,0xd6,0x13,0xd6,0x33,0xd6,0x13,0xd6,0x13,0xd6,0x13,0xd6,0x13,0xd6,0x13,0xd6,0x33,0xd6,0x13,0xd6,0x33,0xd6,0x13,0xd6,0x13,0xd6,0x13,0xd6,0x13,0xd6,0x13,0xd6,
    0x13,0xd6,0x13,0xd6,0x13,0xd6,0x33,0xd6,0x13,0xd6,0x33,0xd6,0x13,0xd6,0x13,0xd6,0x13,0xd6,0x13,0xd6,0x13,0xd6,0x13,0xd6,0x13,0xd6,0x13,0xd6,0x13,0xd6,0x13,0xd6,
    0x13,0xd6,0x13,0xd6,0x13,0xd6,0x13,0xd6,0x13,0xd6,0x13,0xd6,0x13,0xd6,0x13,0xd6,0x13,0xd6,0x13,0xd6,0x13,0xd6,0x13,0xd6,0x13,0xd6,0x13,0xd6,0x13,0xd6,0x13,0xd6,
    0x13,0xd6,0x13,0xd6,0x13,0xd6,0x13,0xd6,0x13,0xd6,0x13,0xd6,0x13,0xd6,0x13,0xd6,0x13,0xd6,0x13,0xd6,0x13,0xd6,0x13,0xd6,0x13,0xd6,0x13,0xd6,0x13,0xd6,0x13,0xd6,
    0x13,0xd6,0x13,0xd6,0x13,0xd6,0x13,0xd6,0x13,0xd6,0x13,0xd6,0x13,0xd6,0x13,0xd6,0x13,0xd6,0x13,0xd6,0x13,0xd6,0x13,0xd6,0x13,0xd6,0x13,0xd6,0x13,0xd6,0x33,0xd6,
    0x13,0xd6,0x33,0xd6,0x33,0xd6,0x34,0xd6,0x34,0xd6,0x34,0xd6,0x34,0xd6,0x34,0xd6,0x33,0xd6,0x13,0xd6,0x13,0xd6,0x33,0xd6,0x34,0xd6,0x33,0xd6,0x33,0xd6,0x33,0xd6,
    0x33,0xd6,0x13,0xd6,0x13,0xd6,0x13,0xd6,0x13,0xd6,0x13,0xd6,0x13,0xd6,0x33,0xd6,0x33,0xd6,0x33,0xd6,0x33,0xd6,0x33,0xd6,0x33,0xd6,0x33,0xd6,0x33,0xd6,0x33,0xd6,
    0x33,0xd6,0x33,0xd6,0x33,0xd6,0x33,0xd6,0x13,0xd6,0x34,0xd6,0x33,0xd6,0x33,0xd6,0x33,0xd6,0x33,0xd6,0x33,0xd6,0x34,0xd6,0x33,0xd6,0x34,0xd6,0x34,0xd6,0x33,0xd6,
    0x33,0xd6,0x33,0xd6,0x33,0xd6,0x33,0xd6,0x33,0xd6,0x33,0xd6,0x33,0xd6,0x34,0xd6,0x34,0xd6,0x34,0xd6,0x34,0xd6,0x34,0xd6,0x34,0xd6,0x34,0xd6,0x34,0xd6,0x34,0xd6,
    0x34,0xd6,0x34,0xd6,0x34,0xd6,0x34,0xd6,0x34,0xd6,0x34,0xd6,0x34,0xd6,0x34,0xd6,0x34,0xd6,0x33,0xd6,0x13,0xd6,0x33,0xd6,0x13,0xd6,0x33,0xd6,0x33,0xd6,0x33,0xd6,
    0x33,0xd6,0x33,0xd6,0x33,0xd6,0x13,0xd6,0x33,0xd6,0x34,0xd6,0x34,0xd6,0x33,0xd6,0x33,0xd6,0x33,0xd6,0x33,0xd6,0x33,0xd6,0x34,0xd6,0x34,0xd6,0x33,0xd6,0x33,0xd6,
    0x33,0xd6,0x33,0xd6,0x34,0xd6,0x33,0xd6,0x33,0xd6,0x34,0xd6,0x33,0xd6,0x33,0xd6,0x33,0xd6,0x33,0xd6,0x13,0xd6,0x13,0xd6,0x13,0xd6,0x13,0xd6,0x13,0xd6,0x33,0xd6,
    0x33,0xd6,0x33,0xd6,0x33,0xd6,0x34,0xd6,0x34,0xd6,0x34,0xd6,0x33,0xd6,0x34,0xd6,0x34,0xd6,0x13,0xd6,0x13,0xd6,0x13,0xd6,0x13,0xd6,0x13,0xd6,0x13,0xd6,0x13,0xd6,
    0x13,0xd6,0x13,0xd6,0x13,0xd6,0x13,0xd6,0x13,0xd6,0x13,0xd6,0x13,0xd6,0x13,0xd6,0x13,0xd6,0x13,0xd6,0x13,0xd6,0x13,0xd6,0x34,0xd6,0x33,0xd6,0x13,0xd6,0x13,0xd6,
    0x13,0xd6,0x13,0xd6,0x13,0xd6,0x13,0xd6,0x13,0xd6,0x13,0xd6,0x13,0xd6,0x13,0xd6,0x33,0xd6,0x33,0xd6,0x13,0xd6,0x13,0xd6,0x13,0xd6,0x13,0xd6,0x13,0xd6,0x13,0xd6,
    0x13,0xd6,0x13,0xd6,0x13,0xd6,0x13,0xd6,0x13,0xd6,0x13,0xd6,0x13,0xd6,0x13,0xd6,0x13,0xd6,0x13,0xd6,0x33,0xd6,0x33,0xd6,0x13,0xd6,0x13,0xd6,0x13,0xd6,0x13,0xd6,
    0x13,0xd6,0x13,0xd6,0x13,0xd6,0x13,0xd6,0x13,0xd6,0x13,0xd6,0x33,0xd6,0x13,0xd6,0x13,0xd6,0x13,0xd6,0x13,0xd6,0x13,0xd6,0x13,0xd6,0x13,0xd6,0x13,0xd6,0x13,0xd6,
    0x13,0xd6,0x13,0xd6,0x13,0xd6,0x13,0xd6,0x13,0xd6,0x13,0xd6,0x13,0xd6,0x13,0xd6,0x13,0xd6,0x13,0xd6,0x13,0xd6,0x13,0xd6,0x13,0xd6,0x13,0xd6,0x13,0xd6,0x13,0xd6,
    0x13,0xd6,0x13,0xd6,0x13,0xd6,0x13,0xd6,0x13,0xd6,0x13,0xd6,0x13,0xd6,0x13,0xd6,0x13,0xd6,0x33,0xd6,0x33,0xd6,0x13,0xd6,0x13,0xd6,0x13,0xd6,0x13,0xd6,0x33,0xd6,
    0x33,0xd6,0x33,0xd6,0x13,0xd6,0x33,0xd6,0x33,0xd6,0x33,0xd6,0x33,0xd6,0x34,0xd6,0x33,0xd6,0x33,0xd6,0x33,0xd6,0x33,0xd6,0x34,0xd6,0x34,0xd6,0x33,0xd6,0x33,0xd6,
    0x33,0xd6,0x33,0xd6,0x33,0xd6,0x33,0xd6,0x33,0xd6,0x33,0xd6,0x33,0xd6,0x33,0xd6,0x33,0xd6,0x33,0xd6,0x13,0xd6,0x33,0xd6,0x33,0xd6,0x33,0xd6,0x33,0xd6,0x33,0xd6,
    0x13,0xd6,0x33,0xd6,0x33,0xd6,0x33,0xd6,0x34,0xd6,0x34,0xd6,0x34,0xd6,0x34,0xd6,0x34,0xd6,0x33,0xd6,0x33,0xd6,0x33,0xd6,0x34,0xd6,0x34,0xd6,0x34,0xd6,0x33,0xd6,
    0x33,0xd6,0x34,0xd6,0x34,0xd6,0x34,0xd6,0x34,0xd6,0x34,0xd6,0x33,0xd6,0x33,0xd6,0x33,0xd6,0x34,0xd6,0x33,0xd6,0x33,0xd6,0x33,0xd6,0x34,0xd6,0x34,0xd6,0x34,0xd6,
    0x34,0xd6,0x34,0xd6,0x34,0xd6,0x34,0xd6,0x34,0xd6,0x34,0xd6,0x34,0xd6,0x34,0xd6,0x34,0xd6,0x33,0xd6,0x34,0xd6,0x34,0xd6,0x34,0xd6,0x34,0xd6,0x34,0xd6,0x33,0xd6,
    0x33,0xd6,0x13,0xd6,0x13,0xd6,0x33,0xd6,0x34,0xd6,0x33,0xd6,0x33,0xd6,0x33,0xd6,0x33,0xd6,0x33,0xd6,0x33,0xd6,0x34,0xd6,0x33,0xd6,0x33,0xd6,0x33,0xd6,0x34,0xd6,
    0x34,0xd6,0x33,0xd6,0x33,0xd6,0x33,0xd6,0x34,0xd6,0x34,0xd6,0x34,0xd6,0x33,0xd6,0x34,0xd6,0x33,0xd6,0x33,0xd6,0x33,0xd6,0x33,0xd6,0x33,0xd6,0x33,0xd6,0x13,0xd6,
    0x13,0xd6,0x13,0xd6,0x13,0xd6,0x13,0xd6,0x13,0xd6,0x33,0xd6,0x33,0xd6,0x34,0xd6,0x33,0xd6,0x33,0xd6,0x33,0xd6,0x34,0xd6,0x34,0xd6,0x34,0xd6,0x34,0xd6,0x33,0xd6,
    0x33,0xd6,0x33,0xd6,0x33,0xd6,0x13,0xd6,0x33,0xd6,0x13,0xd6,0x33,0xd6,0x33,0xd6,0x33,0xd6,0x13,0xd6,0x13,0xd6,0x13,0xd6,0x13,0xd6,0x13,0xd6,0x13,0xd6,0x13,0xd6,
    0x33,0xd6,0x33,0xd6,0x13,0xd6,0x13,0xd6,0x13,0xd6,0x13,0xd6,0x33,0xd6,0x13,0xd6,0x13,0xd6,0x13,0xd6,0x13,0xd6,0x13,0xd6,0x33,0xd6,0x33,0xd6,0x33,0xd6,0x33,0xd6,
    0x13,0xd6,0x13,0xd6,0x13,0xd6,0x33,0xd6,0x13,0xd6,0x13,0xd6,0x13,0xd6,0x33,0xd6,0x13,0xd6,0x13,0xd6,0x13,0xd6,0x13,0xd6,0x13,0xd6,0x13,0xd6,0x13,0xd6,0x33,0xd6,
    0x34,0xd6,0x33,0xd6,0x33,0xd6,0x33,0xd6,0x33,0xd6,0x33,0xd6,0x13,0xd6,0x13,0xd6,0x33,0xd6,0x34,0xd6,0x34,0xd6,0x34,0xd6,0x34,0xd6,0x33,0xd6,0x13,0xd6,0x13,0xd6,
    0x13,0xd6,0x13,0xd6,0x13,0xd6,0x13,0xd6,0x13,0xd6,0x13,0xd6,0x13,0xd6,0x13,0xd6,0x13,0xd6,0x13,0xd6,0x13,0xd6,0x13,0xd6,0x13,0xd6,0x13,0xd6,0x13,0xd6,0x13,0xd6,
    0x13,0xd6,0x13,0xd6,0x13,0xd6,0x13,0xd6,0x33,0xd6,0x33,0xd6,0x13,0xd6,0x13,0xd6,0x13,0xd6,0x13,0xd6,0x13,0xd6,0x13,0xd6,0x13,0xd6,0x13,0xd6,0x13,0xd6,0x33,0xd6,
    0x34,0xd6,0x34,0xd6,0x13,0xd6,0x13,0xd6,0x13,0xd6,0x14,0xd6,0x34,0xd6,0x13,0xd6,0x13,0xd6,0x14,0xd6,0x34,0xd6,0x34,0xd6,0x14,0xd6,0x34,0xd6,0x14,0xd6,0x14,0xd6,
    0x14,0xd6,0x14,0xd6,0x34,0xd6,0x34,0xd6,0x34,0xd6,0x14,0xd6,0x14,0xd6,0x34,0xd6,0x34,0xd6,0x34,0xd6,0x14,0xd6,0x14,0xd6,0x34,0xd6,0x34,0xd6,0x34,0xd6,0x34,0xd6,
    0x34,0xd6,0x34,0xd6,0x34,0xd6,0x14,0xd6,0x14,0xd6,0x33,0xd6,0x14,0xd6,0x14,0xd6,0x34,0xd6,0x34,0xd6,0x34,0xd6,0x34,0xd6,0x34,0xd6,0x34,0xd6,0x34,0xd6,0x34,0xd6,
    0x34,0xd6,0x34,0xd6,0x34,0xd6,0x34,0xd6,0x14,0xd6,0x34,0xd6,0x34,0xd6,0x34,0xd6,0x34,0xd6,0x34,0xd6,0x34,0xd6,0x34,0xd6,0x34,0xd6,0x34,0xd6,0x34,0xd6,0x34,0xd6,
    0x34,0xd6,0x34,0xd6,0x34,0xd6,0x34,0xd6,0x34,0xd6,0x34,0xd6,0x34,0xd6,0x34,0xd6,0x34,0xd6,0x34,0xd6,0x34,0xd6,0x34,0xd6,0x34,0xd6,0x34,0xd6,0x34,0xd6,0x34,0xd6,
    0x34,0xd6,0x34,0xd6,0x34,0xd6,0x34,0xd6,0x34,0xd6,0x14,0xd6,0x14,0xd6,0x14,0xd6,0x34,0xd6,0x34,0xd6,0x34,0xd6,0x14,0xd6,0x34,0xd6,0x34,0xd6,0x14,0xd6,0x14,0xd6,
    0x34,0xd6,0x34,0xd6,0x34,0xd6,0x14,0xd6,0x34,0xd6,0x34,0xd6,0x34,0xd6,0x34,0xd6,0x34,0xd6,0x34,0xd6,0x34,0xd6,0x34,0xd6,0x34,0xd6,0x34,0xd6,0x34,0xd6,0x34,0xd6,
    0x34,0xd6,0x34,0xd6,0x34,0xd6,0x34,0xd6,0x14,0xd6,0x14,0xd6,0x14,0xd6,0x14,0xd6,0x14,0xd6,0x14,0xd6,0x14,0xd6,0x14,0xd6,0x34,0xd6,0x34,0xd6,0x34,0xd6,0x34,0xd6,
    0x34,0xd6,0x34,0xd6,0x34,0xd6,0x34,0xd6,0x34,0xd6,0x34,0xd6,0x34,0xd6,0x34,0xd6,0x34,0xd6,0x13,0xd6,0x14,0xd6,0x13,0xd6,0x14,0xd6,0x13,0xd6,0x14,0xd6,0x14,0xd6,
    0x13,0xd6,0x13,0xd6,0x13,0xd6,0x13,0xd6,0x13,0xd6,0x34,0xd6,0x34,0xd6,0x14,0xd6,0x14,0xd6,0x14,0xd6,0x14,0xd6,0x14,0xd6,0x34,0xd6,0x14,0xd6,0x14,0xd6,0x13,0xd6,
    0x14,0xd6,0x14,0xd6,0x34,0xd6,0x34,0xd6,0x34,0xd6,0x34,0xd6,0x34,0xd6,0x14,0xd6,0x34,0xd6,0x34,0xd6,0x14,0xd6,0x14,0xd6,0x34,0xd6,0x34,0xd6,0x34,0xd6,0x14,0xd6,
    0x34,0xd6,0x34,0xd6,0x13,0xd6,0x14,0xd6,0x14,0xd6,0x14,0xd6,0x34,0xd6,0x34,0xd6,0x34,0xd6,0x34,0xd6,0x34,0xd6,0x34,0xd6,0x34,0xd6,0x34,0xd6,0x34,0xd6,0x34,0xd6,
    0x34,0xd6,0x34,0xd6,0x34,0xd6,0x34,0xd6,0x14,0xd6,0x14,0xd6,0x14,0xd6,0x14,0xd6,0x14,0xd6,0x14,0xd6,0x13,0xd6,0x14,0xd6,0x34,0xd6,0x34,0xd6,0x13,0xd6,0x13,0xd6,
    0x13,0xd6,0x13,0xd6,0x13,0xd6,0x13,0xd6,0x13,0xd6,0x13,0xd6,0x14,0xd6,0x13,0xd6,0x13,0xd6,0x14,0xd6,0x14,0xd6,0x34,0xd6,0x34,0xd6,0x13,0xd6,0x13,0xd6,0x13,0xd6,
    0x13,0xd6,0x13,0xd6,
};

const lv_image_dsc_t folotoy_pomodoro_scene_forest_focus = {
  .header = {
    .magic = LV_IMAGE_HEADER_MAGIC,
    .cf = LV_COLOR_FORMAT_RGB565,
    .flags = 0,
    .w = 230,
    .h = 107,
    .stride = 460,
    .reserved_2 = 0,
  },
  .data_size = sizeof(folotoy_pomodoro_scene_forest_focus_map),
  .data = folotoy_pomodoro_scene_forest_focus_map,
  .reserved = NULL,
};
