
#if defined(LV_LVGL_H_INCLUDE_SIMPLE)
#include "lvgl.h"
#elif defined(LV_LVGL_H_INCLUDE_SYSTEM)
#include <lvgl.h>
#elif defined(LV_BUILD_TEST)
#include "../lvgl.h"
#else
#include "lvgl.h"
#endif

#ifndef LV_ATTRIBUTE_MEM_ALIGN
#define LV_ATTRIBUTE_MEM_ALIGN
#endif

#ifndef LV_ATTRIBUTE_FOLOTOY_POMODORO_SCENE_FOCUS
#define LV_ATTRIBUTE_FOLOTOY_POMODORO_SCENE_FOCUS
#endif

static const
LV_ATTRIBUTE_MEM_ALIGN LV_ATTRIBUTE_LARGE_CONST LV_ATTRIBUTE_FOLOTOY_POMODORO_SCENE_FOCUS
uint8_t folotoy_pomodoro_scene_focus_map[] = {
    0x9c,0xf7,0x9c,0xf7,0x9c,0xf7,0x9c,0xf7,0x9c,0xf7,0x9c,0xf7,0x9c,0xf7,0x9c,0xf7,0x9c,0xf7,0x9c,0xf7,0x9c,0xf7,0x9c,0xf7,0x9c,0xf7,0x9c,0xf7,0x9c,0xf7,0x9c,0xf7,
    0x9c,0xf7,0x9c,0xf7,0x9c,0xf7,0x9c,0xf7,0x9c,0xf7,0x9c,0xf7,0x9c,0xf7,0x9c,0xf7,0x9c,0xf7,0x9c,0xf7,0x9c,0xf7,0x9c,0xf7,0x9c,0xf7,0x9c,0xf7,0x9c,0xf7,0x9c,0xf7,
    0x9c,0xf7,0x9c,0xf7,0x9c,0xf7,0x9c,0xf7,0x9c,0xf7,0x9c,0xf7,0x9c,0xf7,0x9c,0xf7,0x9c,0xf7,0x9c,0xf7,0x9c,0xf7,0x9c,0xf7,0x9c,0xf7,0x9c,0xf7,0x9c,0xf7,0x9c,0xf7,
    0x9c,0xf7,0x9c,0xf7,0x9c,0xf7,0x9c,0xf7,0x9c,0xf7,0x9c,0xf7,0x9c,0xf7,0x9c,0xf7,0x9c,0xf7,0x9c,0xf7,0x9c,0xf7,0x9c,0xf7,0x9c,0xf7,0x9c,0xf7,0x9c,0xf7,0x9c,0xf7,
    0x9c,0xf7,0x9c,0xf7,0x9c,0xf7,0x9c,0xf7,0x9c,0xf7,0x9c,0xf7,0x9c,0xf7,0x9c,0xf7,0x9c,0xf7,0x9c,0xf7,0x9c,0xf7,0x9c,0xf7,0x9c,0xf7,0x9c,0xf7,0x9c,0xf7,0x9c,0xf7,
    0x9c,0xf7,0x9c,0xf7,0x9c,0xf7,0x9c,0xf7,0x9c,0xf7,0x9c,0xf7,0x9c,0xf7,0x9c,0xf7,0x9c,0xf7,0x9c,0xf7,0x9c,0xf7,0x9c,0xf7,0x9c,0xf7,0x9c,0xf7,0x9c,0xf7,0x9c,0xf7,
    0x9c,0xf7,0x9c,0xf7,0x9c,0xf7,0x9c,0xf7,0x9c,0xf7,0x9c,0xf7,0x9c,0xf7,0x9c,0xf7,0x9c,0xf7,0x9c,0xf7,0x9c,0xf7,0x9c,0xf7,0x9c,0xf7,0x9c,0xf7,0x9c,0xf7,0x9c,0xf7,
    0x9c,0xf7,0x9c,0xf7,0x9c,0xf7,0x9c,0xf7,0x9c,0xf7,0x9c,0xf7,0x9c,0xf7,0x9c,0xf7,0x9c,0xf7,0x9c,0xf7,0x9c,0xf7,0x9c,0xf7,0x9c,0xf7,0x9c,0xf7,0x9c,0xf7,0x9c,0xf7,
    0x9c,0xf7,0x9c,0xf7,0x9c,0xf7,0x9c,0xf7,0x9c,0xf7,0x9c,0xf7,0x9c,0xf7,0x9c,0xf7,0x9c,0xf7,0x9c,0xf7,0x9c,0xf7,0x9c,0xf7,0x9c,0xf7,0x9c,0xf7,0x9c,0xf7,0x9c,0xf7,
    0x9c,0xf7,0x9c,0xf7,0x9c,0xf7,0x9c,0xf7,0x9c,0xf7,0x9c,0xf7,0x9c,0xf7,0x9c,0xf7,0x9c,0xf7,0x9c,0xf7,0x9c,0xf7,0x9c,0xf7,0x9c,0xf7,0x9c,0xf7,0x9c,0xf7,0x9c,0xf7,
    0x9c,0xf7,0x9c,0xf7,0x9c,0xf7,0x9c,0xf7,0x9c,0xf7,0x9c,0xf7,0x9c,0xf7,0x9c,0xf7,0x9c,0xf7,0x9c,0xf7,0x9c,0xf7,0x9c,0xf7,0x9c,0xf7,0x9c,0xf7,0x9c,0xf7,0x9c,0xf7,
    0x9c,0xf7,0x9c,0xf7,0x9c,0xf7,0x9c,0xf7,0x9c,0xf7,0x9c,0xf7,0x9c,0xf7,0x9c,0xf7,0x9c,0xf7,0x9c,0xf7,0x9c,0xf7,0x9c,0xf7,0x9c,0xf7,0x9c,0xf7,0x9c,0xf7,0x9c,0xf7,
    0x9c,0xf7,0x9c,0xf7,0x9c,0xf7,0x9c,0xf7,0x9c,0xf7,0x9c,0xf7,0x9c,0xf7,0x9c,0xf7,0x9c,0xf7,0x9c,0xf7,0x9c,0xf7,0x9c,0xf7,0x9c,0xf7,0x9c,0xf7,0x9c,0xf7,0x9c,0xf7,
    0x9c,0xf7,0x9c,0xf7,0x9c,0xf7,0x9c,0xf7,0x9c,0xf7,0x9c,0xf7,0x9c,0xf7,0x9c,0xf7,0x9c,0xf7,0x9c,0xf7,0x9c,0xf7,0x9c,0xf7,0x9c,0xf7,0x9c,0xf7,0x9c,0xf7,0x9c,0xf7,
    0x9c,0xf7,0x9c,0xf7,0x9c,0xf7,0x9c,0xf7,0x9c,0xf7,0x9c,0xf7,0x9c,0xf7,0x9c,0xf7,0x9c,0xf7,0x9c,0xf7,0x9c,0xf7,0x9c,0xf7,0x9c,0xf7,0x9c,0xf7,0x9c,0xf7,0x9c,0xf7,
    0x9c,0xf7,0x9c,0xf7,0x9c,0xf7,0x9c,0xf7,0x9c,0xf7,0x9c,0xf7,0x9c,0xf7,0x9c,0xf7,0x9c,0xf7,0x9c,0xf7,0x9c,0xf7,0x9c,0xf7,0x9c,0xf7,0x9c,0xf7,0x9c,0xf7,0x9c,0xf7,
    0x9c,0xf7,0x9c,0xf7,0x9c,0xf7,0x9c,0xf7,0x9c,0xf7,0x9c,0xf7,0x9c,0xf7,0x9c,0xf7,0x9c,0xf7,0x9c,0xf7,0x9c,0xf7,0x9c,0xf7,0x9c,0xf7,0x9c,0xf7,0x9c,0xf7,0x9c,0xf7,
    0x9c,0xf7,0x9c,0xf7,0x9c,0xf7,0x9c,0xf7,0x9c,0xf7,0x9c,0xf7,0x9c,0xf7,0x9c,0xf7,0x9c,0xf7,0x9c,0xf7,0x9c,0xf7,0x9c,0xf7,0x9c,0xf7,0x9c,0xf7,0x9c,0xf7,0x9c,0xf7,
    0x9c,0xf7,0x9c,0xf7,0x9c,0xf7,0x9c,0xf7,0x9c,0xf7,0x9c,0xf7,0x9c,0xf7,0x9c,0xf7,0x9c,0xf7,0x9c,0xf7,0x9c,0xf7,0x9c,0xf7,0x9c,0xf7,0x9c,0xf7,0x9c,0xf7,0x9c,0xf7,
    0x9c,0xf7,0x9c,0xf7,0x9c,0xf7,0x9c,0xf7,0x9c,0xf7,0x9c,0xf7,0x9c,0xf7,0x9c,0xf7,0x9c,0xf7,0x9c,0xf7,0x9c,0xf7,0x9c,0xf7,0x9c,0xf7,0x9c,0xf7,0x9c,0xf7,0x9c,0xf7,
    0x9c,0xf7,0x9c,0xf7,0x9c,0xf7,0x9c,0xf7,0x9c,0xf7,0x9c,0xf7,0x9c,0xf7,0x9c,0xf7,0x9c,0xf7,0x9c,0xf7,0x9c,0xf7,0x9c,0xf7,0x9c,0xf7,0x9c,0xf7,0x9c,0xf7,0x9c,0xf7,
    0x9c,0xf7,0x9c,0xf7,0x9c,0xf7,0x9c,0xf7,0x9c,0xf7,0x9c,0xf7,0x9c,0xf7,0x9c,0xf7,0x9c,0xf7,0x9c,0xf7,0x9c,0xf7,0x9c,0xf7,0x9c,0xf7,0x9c,0xf7,0x9c,0xf7,0x9c,0xf7,
    0x9c,0xf7,0x9c,0xf7,0x9c,0xf7,0x9c,0xf7,0x9c,0xf7,0x9c,0xf7,0x9c,0xf7,0x9c,0xf7,0x9c,0xf7,0x9c,0xf7,0x9c,0xf7,0x9c,0xf7,0x9c,0xf7,0x9c,0xf7,0x9c,0xf7,0x9c,0xf7,
    0x9c,0xf7,0x9c,0xf7,0x9c,0xf7,0x9c,0xf7,0x9c,0xf7,0x9c,0xf7,0x9c,0xf7,0x9c,0xf7,0x9c,0xf7,0x9c,0xf7,0x9c,0xf7,0x9c,0xf7,0x9c,0xf7,0x9c,0xf7,0x9c,0xf7,0x9c,0xf7,
    0x9c,0xf7,0x9c,0xf7,0x9c,0xf7,0x9c,0xf7,0x9c,0xf7,0x9c,0xf7,0x9c,0xf7,0x9c,0xf7,0x9c,0xf7,0x9c,0xf7,0x9c,0xf7,0x9c,0xf7,0x9c,0xf7,0x9c,0xf7,0x9c,0xf7,0x9c,0xf7,
    0x9c,0xf7,0x9c,0xf7,0x9c,0xf7,0x9c,0xf7,0x9c,0xf7,0x9c,0xf7,0x9c,0xf7,0x9c,0xf7,0x9c,0xf7,0x9c,0xf7,0x9c,0xf7,0x9c,0xf7,0x9c,0xf7,0x9c,0xf7,0x9c,0xf7,0x9c,0xf7,
    0x9c,0xf7,0x9c,0xf7,0x9c,0xf7,0x9c,0xf7,0x9c,0xf7,0x9c,0xf7,0x9c,0xf7,0x9c,0xf7,0x9c,0xf7,0x9c,0xf7,0x9c,0xf7,0x9c,0xf7,0x9c,0xf7,0x9c,0xf7,0x9c,0xf7,0x9c,0xf7,
    0x9c,0xf7,0x9c,0xf7,0x9c,0xf7,0x9c,0xf7,0x9c,0xf7,0x9c,0xf7,0x9c,0xf7,0x9c,0xf7,0x9c,0xf7,0x9c,0xf7,0x9c,0xf7,0x9c,0xf7,0x9c,0xf7,0x9c,0xf7,0x9c,0xf7,0x9c,0xf7,
    0x9c,0xf7,0x9c,0xf7,0x9c,0xf7,0x9c,0xf7,0x9c,0xf7,0x9c,0xf7,0x9c,0xf7,0x9c,0xf7,0x9c,0xf7,0x9c,0xf7,0x9c,0xf7,0x9c,0xf7,0x9c,0xf7,0x9c,0xf7,0x9c,0xf7,0x9c,0xf7,
    0x9c,0xf7,0x9c,0xf7,0x9c,0xf7,0x9c,0xf7,0x9c,0xf7,0x9c,0xf7,0x9c,0xf7,0x9c,0xf7,0x9c,0xf7,0x9c,0xf7,0x9c,0xf7,0x9c,0xf7,0x9c,0xf7,0x9c,0xf7,0x9c,0xf7,0x9c,0xf7,
    0x9c,0xf7,0x9c,0xf7,0x9c,0xf7,0x9c,0xf7,0x9c,0xf7,0x9c,0xf7,0x9c,0xf7,0x9c,0xf7,0x9c,0xf7,0x9c,0xf7,0x9c,0xf7,0x9c,0xf7,0x9c,0xf7,0x9c,0xf7,0x9c,0xf7,0x9c,0xf7,
    0x9c,0xf7,0x9c,0xf7,0x9c,0xf7,0x9c,0xf7,0x9c,0xf7,0x9c,0xf7,0x9c,0xf7,0x9c,0xf7,0x9c,0xf7,0x9c,0xf7,0x9c,0xf7,0x9c,0xf7,0x9c,0xf7,0x9c,0xf7,0x9c,0xf7,0x9c,0xf7,
    0x9c,0xf7,0x9c,0xf7,0x9c,0xf7,0x9c,0xf7,0x9c,0xf7,0x9c,0xf7,0x9c,0xf7,0x9c,0xf7,0x9c,0xf7,0x9c,0xf7,0x9c,0xf7,0x9c,0xf7,0x9c,0xf7,0x9c,0xf7,0x9c,0xf7,0x9c,0xf7,
    0x9c,0xf7,0x9c,0xf7,0x9c,0xf7,0x9c,0xf7,0x9c,0xf7,0x9c,0xf7,0x9c,0xf7,0x9c,0xf7,0x9c,0xf7,0x9c,0xf7,0x9c,0xf7,0x9c,0xf7,0x9c,0xf7,0x9c,0xf7,0x9c,0xf7,0x9c,0xf7,
    0x9c,0xf7,0x9c,0xf7,0x9c,0xf7,0x9c,0xf7,0x9c,0xf7,0x9c,0xf7,0x9c,0xf7,0x9c,0xf7,0x9c,0xf7,0x9c,0xf7,0x9c,0xf7,0x9c,0xf7,0x9c,0xf7,0x9c,0xf7,0x9c,0xf7,0x9c,0xf7,
    0x9c,0xf7,0x9c,0xf7,0x9c,0xf7,0x9c,0xf7,0x9c,0xf7,0x9c,0xf7,0x9c,0xf7,0x9c,0xf7,0x9c,0xf7,0x9c,0xf7,0x9c,0xf7,0x9c,0xf7,0x9c,0xf7,0x9c,0xf7,0x9c,0xf7,0x9c,0xf7,
    0x9c,0xf7,0x9c,0xf7,0x9c,0xf7,0x9c,0xf7,0x9c,0xf7,0x9c,0xf7,0x9c,0xf7,0x9c,0xf7,0x9c,0xf7,0x9c,0xf7,0x9c,0xf7,0x9c,0xf7,0x9c,0xf7,0x9c,0xf7,0x9c,0xf7,0x9c,0xf7,
    0x9c,0xf7,0x9c,0xf7,0x9c,0xf7,0x9c,0xf7,0x9c,0xf7,0x9c,0xf7,0x9c,0xf7,0x9c,0xf7,0x9c,0xf7,0x9c,0xf7,0x9c,0xf7,0x9c,0xf7,0x9c,0xf7,0x9c,0xf7,0x9c,0xf7,0x9c,0xf7,
    0x9c,0xf7,0x9c,0xf7,0x9c,0xf7,0x9c,0xf7,0x9c,0xf7,0x9c,0xf7,0x9c,0xf7,0x9c,0xf7,0x9c,0xf7,0x9c,0xf7,0x9c,0xf7,0x9c,0xf7,0x9c,0xf7,0x9c,0xf7,0x9c,0xf7,0x9c,0xf7,
    0x9c,0xf7,0x9c,0xf7,0x9c,0xf7,0x9c,0xf7,0x9c,0xf7,0x9c,0xf7,0x9c,0xf7,0x9c,0xf7,0x9c,0xf7,0x9c,0xf7,0x9c,0xf7,0x9c,0xf7,0x9c,0xf7,0x9c,0xf7,0x9c,0xf7,0x9c,0xf7,
    0x9c,0xf7,0x9c,0xf7,0x9c,0xf7,0x9c,0xf7,0x9c,0xf7,0x9c,0xf7,0x9c,0xf7,0x9c,0xf7,0x9c,0xf7,0x9c,0xf7,0x9c,0xf7,0x9c,0xf7,0x9c,0xf7,0x9c,0xf7,0x9c,0xf7,0x9c,0xf7,
    0x9c,0xf7,0x9c,0xf7,0x9c,0xf7,0x9c,0xf7,0x9c,0xf7,0x9c,0xf7,0x9c,0xf7,0x9c,0xf7,0x9c,0xf7,0x9c,0xf7,0x9c,0xf7,0x9c,0xf7,0x9c,0xf7,0x9c,0xf7,0x9c,0xf7,0x9c,0xf7,
    0x9c,0xf7,0x9c,0xf7,0x9c,0xf7,0x9c,0xf7,0x9c,0xf7,0x9c,0xf7,0x9c,0xf7,0x9c,0xf7,0x9c,0xf7,0x9c,0xf7,0x9c,0xf7,0x9c,0xf7,0x9c,0xf7,0x9c,0xf7,0x9c,0xf7,0x9c,0xf7,
    0x9c,0xf7,0x9c,0xf7,0x9c,0xf7,0x9c,0xf7,0x9c,0xf7,0x9c,0xf7,0x9c,0xf7,0x9c,0xf7,0x9c,0xf7,0x9c,0xf7,0x9c,0xf7,0x9c,0xf7,0x9c,0xf7,0x9c,0xf7,0x9c,0xf7,0x9c,0xf7,
    0x9c,0xf7,0x9c,0xf7,0x9c,0xf7,0x9c,0xf7,0x9c,0xf7,0x9c,0xf7,0x9c,0xf7,0x9c,0xf7,0x9c,0xf7,0x9c,0xf7,0x9c,0xf7,0x9c,0xf7,0x9c,0xf7,0x9c,0xf7,0x9c,0xf7,0x9c,0xf7,
    0x9c,0xf7,0x9c,0xf7,0x9c,0xf7,0x9c,0xf7,0x9c,0xf7,0x9c,0xf7,0x9c,0xf7,0x9c,0xf7,0x9c,0xf7,0x9c,0xf7,0x9c,0xf7,0x9c,0xf7,0x9c,0xf7,0x9c,0xf7,0x9c,0xf7,0x9c,0xf7,
    0x9c,0xf7,0x9c,0xf7,0x9c,0xf7,0x9c,0xf7,0x9c,0xf7,0x9c,0xf7,0x9c,0xf7,0x9c,0xf7,0x9c,0xf7,0x9c,0xf7,0x9c,0xf7,0x9c,0xf7,0x9c,0xf7,0x9c,0xf7,0x9c,0xf7,0x9c,0xf7,
    0x9c,0xf7,0x9c,0xf7,0x9c,0xf7,0x9c,0xf7,0x9c,0xf7,0x9c,0xf7,0x9c,0xf7,0x9c,0xf7,0x9c,0xf7,0x9c,0xf7,0x9c,0xf7,0x9c,0xf7,0x9c,0xf7,0x9c,0xf7,0x9c,0xf7,0x9c,0xf7,
    0x9c,0xf7,0x9c,0xf7,0x9c,0xf7,0x9c,0xf7,0x9c,0xf7,0x9c,0xf7,0x9c,0xf7,0x9c,0xf7,0x9c,0xf7,0x9c,0xf7,0x9c,0xf7,0x9c,0xf7,0x9c,0xf7,0x9c,0xf7,0x9c,0xf7,0x9c,0xf7,
    0x9c,0xf7,0x9c,0xf7,0x9c,0xf7,0x9c,0xf7,0x9c,0xf7,0x9c,0xf7,0x9c,0xf7,0x9c,0xf7,0x9c,0xf7,0x9c,0xf7,0x9c,0xf7,0x9c,0xf7,0x9c,0xf7,0x9c,0xf7,0x9c,0xf7,0x9c,0xf7,
    0x9c,0xf7,0x9c,0xf7,0x9c,0xf7,0x9c,0xf7,0x9c,0xf7,0x9c,0xf7,0x9c,0xf7,0x9c,0xf7,0x9c,0xf7,0x9c,0xf7,0x9c,0xf7,0x9c,0xf7,0x9c,0xf7,0x9c,0xf7,0x9c,0xf7,0x9c,0xf7,
    0x9c,0xf7,0x9c,0xf7,0x9c,0xf7,0x9c,0xf7,0x9c,0xf7,0x9c,0xf7,0x9c,0xf7,0x9c,0xf7,0x9c,0xf7,0x9c,0xf7,0x9c,0xf7,0x9c,0xf7,0x9c,0xf7,0x9c,0xf7,0x9c,0xf7,0x9c,0xf7,
    0x9c,0xf7,0x9c,0xf7,0x9c,0xf7,0x9c,0xf7,0x9c,0xf7,0x9c,0xf7,0x9c,0xf7,0x9c,0xf7,0x9c,0xf7,0x9c,0xf7,0x9c,0xf7,0x9c,0xf7,0x9c,0xf7,0x9c,0xf7,0x9c,0xf7,0x9c,0xf7,
    0x9c,0xf7,0x9c,0xf7,0x9c,0xf7,0x9c,0xf7,0x9c,0xf7,0x9c,0xf7,0x9c,0xf7,0x9c,0xf7,0x9c,0xf7,0x9c,0xf7,0x9c,0xf7,0x9c,0xf7,0x9c,0xf7,0x9c,0xf7,0x9c,0xf7,0x9c,0xf7,
    0x9c,0xf7,0x9c,0xf7,0x9c,0xf7,0x9c,0xf7,0x9c,0xf7,0x9c,0xf7,0x9c,0xf7,0x9c,0xf7,0x9c,0xf7,0x9c,0xf7,0x9c,0xf7,0x9c,0xf7,0x9c,0xf7,0x9c,0xf7,0x9c,0xf7,0x9c,0xf7,
    0x9c,0xf7,0x9c,0xf7,0x9c,0xf7,0x9c,0xf7,0x9c,0xf7,0x9c,0xf7,0x9c,0xf7,0x9c,0xf7,0x9c,0xf7,0x9c,0xf7,0x9c,0xf7,0x9c,0xf7,0x9c,0xf7,0x9c,0xf7,0x9c,0xf7,0x9c,0xf7,
    0x9c,0xf7,0x9c,0xf7,0x9c,0xf7,0x9c,0xf7,0x9c,0xf7,0x9c,0xf7,0x9c,0xf7,0x9c,0xf7,0x9c,0xf7,0x9c,0xf7,0x9c,0xf7,0x9c,0xf7,0x9c,0xf7,0x9c,0xf7,0x9c,0xf7,0x9c,0xf7,
    0x9c,0xf7,0x9c,0xf7,0x9c,0xf7,0x9c,0xf7,0x9c,0xf7,0x9c,0xf7,0x9c,0xf7,0x9c,0xf7,0x9c,0xf7,0x9c,0xf7,0x9c,0xf7,0x9c,0xf7,0x9c,0xf7,0x9c,0xf7,0x9c,0xf7,0x9c,0xf7,
    0x9c,0xf7,0x9c,0xf7,0x9c,0xf7,0x9c,0xf7,0x9c,0xf7,0x9c,0xf7,0x9c,0xf7,0x9c,0xf7,0x9c,0xf7,0x9c,0xf7,0x9c,0xf7,0x9c,0xf7,0x9c,0xf7,0x9c,0xf7,0x9c,0xf7,0x9c,0xf7,
    0x9c,0xf7,0x9c,0xf7,0x9c,0xf7,0x9c,0xf7,0x9c,0xf7,0x9c,0xf7,0x9c,0xf7,0x9c,0xf7,0x9c,0xf7,0x9c,0xf7,0x9c,0xf7,0x9c,0xf7,0x9c,0xf7,0x9c,0xf7,0x9c,0xf7,0x9c,0xf7,
    0x9c,0xf7,0x9c,0xf7,0x9c,0xf7,0x9c,0xf7,0x9c,0xf7,0x9c,0xf7,0x9c,0xf7,0x9c,0xf7,0x9c,0xf7,0x9c,0xf7,0x9c,0xf7,0x9c,0xf7,0x9c,0xf7,0x9c,0xf7,0x9c,0xf7,0x9c,0xf7,
    0x9c,0xf7,0x9c,0xf7,0x9c,0xf7,0x9c,0xf7,0x9c,0xf7,0x9c,0xf7,0x9c,0xf7,0x9c,0xf7,0x9c,0xf7,0x9c,0xf7,0x9c,0xf7,0x9c,0xf7,0x9c,0xf7,0x9c,0xf7,0x9c,0xf7,0x9c,0xf7,
    0x9c,0xf7,0x9c,0xf7,0x9c,0xf7,0x9c,0xf7,0x9c,0xf7,0x9c,0xf7,0x9c,0xf7,0x9c,0xf7,0x9c,0xf7,0x9c,0xf7,0x9c,0xf7,0x9c,0xf7,0x9c,0xf7,0x9c,0xf7,0x9c,0xf7,0x9c,0xf7,
    0x9c,0xf7,0x9c,0xf7,0x9c,0xf7,0x9c,0xf7,0x9c,0xf7,0x9c,0xf7,0x9c,0xf7,0x9c,0xf7,0x9c,0xf7,0x9c,0xf7,0x9c,0xf7,0x9c,0xf7,0x9c,0xf7,0x9c,0xf7,0x9c,0xf7,0x9c,0xf7,
    0x9c,0xf7,0x9c,0xf7,0x9c,0xf7,0x9c,0xf7,0x9c,0xf7,0x9c,0xf7,0x9c,0xf7,0x9c,0xf7,0x9c,0xf7,0x9c,0xf7,0x9c,0xf7,0x9c,0xf7,0x9c,0xf7,0x9c,0xf7,0x9c,0xf7,0x9c,0xf7,
    0x9c,0xf7,0x9c,0xf7,0x9c,0xf7,0x9c,0xf7,0x9c,0xf7,0x9c,0xf7,0x9c,0xf7,0x9c,0xf7,0x9c,0xf7,0x9c,0xf7,0x9c,0xf7,0x9c,0xf7,0x9c,0xf7,0x9c,0xf7,0x9c,0xf7,0x9c,0xf7,
    0x9c,0xf7,0x9c,0xf7,0x9c,0xf7,0x9c,0xf7,0x9c,0xf7,0x9c,0xf7,0x9c,0xf7,0x9c,0xf7,0x9c,0xf7,0x9c,0xf7,0x9c,0xf7,0x9c,0xf7,0x9c,0xf7,0x9c,0xf7,0x9c,0xf7,0x9c,0xf7,
    0x9c,0xf7,0x9c,0xf7,0x9c,0xf7,0x9c,0xf7,0x9c,0xf7,0x9c,0xf7,0x9c,0xf7,0x9c,0xf7,0x9c,0xf7,0x9c,0xf7,0x9c,0xf7,0x9c,0xf7,0x9c,0xf7,0x9c,0xf7,0x9c,0xf7,0x9c,0xf7,
    0x9c,0xf7,0x9c,0xf7,0x9c,0xf7,0x9c,0xf7,0x9c,0xf7,0x9c,0xf7,0x9c,0xf7,0x9c,0xf7,0x9c,0xf7,0x9c,0xf7,0x9c,0xf7,0x9c,0xf7,0x9c,0xf7,0x9c,0xf7,0x9c,0xf7,0x9c,0xf7,
    0x9c,0xf7,0x9c,0xf7,0x9c,0xf7,0x9c,0xf7,0x9c,0xf7,0x9c,0xf7,0x9c,0xf7,0x9c,0xf7,0x9c,0xf7,0x9c,0xf7,0x9c,0xf7,0x9c,0xf7,0x9c,0xf7,0x9c,0xf7,0x9c,0xf7,0x9c,0xf7,
    0x9c,0xf7,0x9c,0xf7,0x9c,0xf7,0x9c,0xf7,0x9c,0xf7,0x9c,0xf7,0x9c,0xf7,0x9c,0xf7,0x9c,0xf7,0x9c,0xf7,0x9c,0xf7,0x9c,0xf7,0x9c,0xf7,0x9c,0xf7,0x9c,0xf7,0x9c,0xf7,
    0x9c,0xf7,0x9c,0xf7,0x9c,0xf7,0x9c,0xf7,0x9c,0xf7,0x9c,0xf7,0x9c,0xf7,0x9c,0xf7,0x9c,0xf7,0x9c,0xf7,0x9c,0xf7,0x9c,0xf7,0x9c,0xf7,0x9c,0xf7,0x9c,0xf7,0x9c,0xf7,
    0x9c,0xf7,0x9c,0xf7,0x9c,0xf7,0x9c,0xf7,0x9c,0xf7,0x9c,0xf7,0x9c,0xf7,0x9c,0xf7,0x9c,0xf7,0x9c,0xf7,0x9c,0xf7,0x9c,0xf7,0x9c,0xf7,0x9c,0xf7,0x9c,0xf7,0x9c,0xf7,
    0x9c,0xf7,0x9c,0xf7,0x9c,0xf7,0x9c,0xf7,0x9c,0xf7,0x9c,0xf7,0x9c,0xf7,0x9c,0xf7,0x9c,0xf7,0x9c,0xf7,0x9c,0xf7,0x9c,0xf7,0x9c,0xf7,0x9c,0xf7,0x9c,0xf7,0x9c,0xf7,
    0x9c,0xf7,0x9c,0xf7,0x9c,0xf7,0x9c,0xf7,0x9c,0xf7,0x9c,0xf7,0x9c,0xf7,0x9c,0xf7,0x9c,0xf7,0x9c,0xf7,0x9c,0xf7,0x9c,0xf7,0x9c,0xf7,0x9c,0xf7,0x9c,0xf7,0x9c,0xf7,
    0x56,0xc6,0x55,0xc6,0x55,0xc6,0x55,0xc6,0x55,0xc6,0x55,0xc6,0x14,0xbe,0x35,0xbe,0x55,0xbe,0x9c,0xf7,0x9c,0xf7,0x9c,0xf7,0x9c,0xf7,0x9c,0xf7,0x9c,0xf7,0x9c,0xf7,
    0x9c,0xf7,0x9c,0xf7,0x9c,0xf7,0x9c,0xf7,0x9c,0xf7,0x9c,0xf7,0x9c,0xf7,0x9c,0xf7,0x9c,0xf7,0x9c,0xf7,0x9c,0xf7,0x9c,0xf7,0x9c,0xf7,0x9c,0xf7,0x9c,0xf7,0x9c,0xf7,
    0x9c,0xf7,0x9c,0xf7,0x9c,0xf7,0x9c,0xf7,0x9c,0xf7,0x9c,0xf7,0x9c,0xf7,0x9c,0xf7,0x9c,0xf7,0x9c,0xf7,0x9c,0xf7,0x9c,0xf7,0x9c,0xf7,0x9c,0xf7,0x9c,0xf7,0x9c,0xf7,
    0x9c,0xf7,0x9c,0xf7,0x9c,0xf7,0x9c,0xf7,0x9c,0xf7,0x9c,0xf7,0x9c,0xf7,0x9c,0xf7,0x9c,0xf7,0x9c,0xf7,0x9c,0xf7,0x9c,0xf7,0x9c,0xf7,0x9c,0xf7,0x9c,0xf7,0x9c,0xf7,
    0x9c,0xf7,0x9c,0xf7,0x9c,0xf7,0x9c,0xf7,0x9c,0xf7,0x9c,0xf7,0x9c,0xf7,0x9c,0xf7,0x9c,0xf7,0x9c,0xf7,0x9c,0xf7,0x9c,0xf7,0x9c,0xf7,0x9c,0xf7,0x9c,0xf7,0x9c,0xf7,
    0x9c,0xf7,0x9c,0xf7,0x9c,0xf7,0x9c,0xf7,0x9c,0xf7,0x9c,0xf7,0x9c,0xf7,0x9c,0xf7,0x9c,0xf7,0x9c,0xf7,0x9c,0xf7,0x9c,0xf7,0x9c,0xf7,0x9c,0xf7,0x9c,0xf7,0x9c,0xf7,
    0x9c,0xf7,0x9c,0xf7,0x9c,0xf7,0x9c,0xf7,0x9c,0xf7,0x9c,0xf7,0x9c,0xf7,0x9c,0xf7,0x9c,0xf7,0x9c,0xf7,0x9c,0xf7,0x9c,0xf7,0x9c,0xf7,0x9c,0xf7,0x9c,0xf7,0x9c,0xf7,
    0x9c,0xf7,0x9c,0xf7,0x9c,0xf7,0x9c,0xf7,0x9c,0xf7,0x9c,0xf7,0x9c,0xf7,0x9c,0xf7,0x9c,0xf7,0x9c,0xf7,0x9c,0xf7,0x9c,0xf7,0x9c,0xf7,0x9c,0xf7,0x9c,0xf7,0x9c,0xf7,
    0x9c,0xf7,0x9c,0xf7,0x9c,0xf7,0x9c,0xf7,0x9c,0xf7,0x9c,0xf7,0x9c,0xf7,0x9c,0xf7,0x9c,0xf7,0x9c,0xf7,0x9c,0xf7,0x9c,0xf7,0x9c,0xf7,0x9c,0xf7,0x9c,0xf7,0x9c,0xf7,
    0x9c,0xf7,0x9c,0xf7,0x9c,0xf7,0x9c,0xf7,0x9c,0xf7,0x9c,0xf7,0x9c,0xf7,0x9c,0xf7,0x9c,0xf7,0x9c,0xf7,0x9c,0xf7,0x9c,0xf7,0x9c,0xf7,0x9c,0xf7,0x9c,0xf7,0x9c,0xf7,
    0x9c,0xf7,0x9c,0xf7,0x9c,0xf7,0x9c,0xf7,0x9c,0xf7,0x9c,0xf7,0x9c,0xf7,0x9c,0xf7,0x9c,0xf7,0x9c,0xf7,0x9c,0xf7,0x9c,0xf7,0x9c,0xf7,0x9c,0xf7,0x9c,0xf7,0x9c,0xf7,
    0x9c,0xf7,0x9c,0xf7,0x9c,0xf7,0x9c,0xf7,0x9c,0xf7,0x9c,0xf7,0x9c,0xf7,0x9c,0xf7,0x9c,0xf7,0x9c,0xf7,0x9c,0xf7,0x9c,0xf7,0x9c,0xf7,0x9c,0xf7,0x9c,0xf7,0x9c,0xf7,
    0x9c,0xf7,0x9c,0xf7,0x9c,0xf7,0x9c,0xf7,0x9c,0xf7,0x9c,0xf7,0x9c,0xf7,0x9c,0xf7,0x9c,0xf7,0x9c,0xf7,0x9c,0xf7,0x9c,0xf7,0x9c,0xf7,0x9c,0xf7,0x9c,0xf7,0x9c,0xf7,
    0x9c,0xf7,0x9c,0xf7,0x9c,0xf7,0x9c,0xf7,0x9c,0xf7,0x9c,0xf7,0x9c,0xf7,0x9c,0xf7,0x9c,0xf7,0x9c,0xf7,0x9c,0xf7,0x9c,0xf7,0x9c,0xf7,0x9c,0xf7,0x9c,0xf7,0x9c,0xf7,
    0x9c,0xf7,0x9c,0xf7,0x9c,0xf7,0x9c,0xf7,0x9c,0xf7,0x9c,0xf7,0x6c,0x7c,0xcd,0x8c,0xcd,0x8c,0xcd,0x8c,0xcd,0x8c,0xcd,0x8c,0x2b,0x74,0x4b,0x7c,0x2b,0x74,0x9c,0xf7,
    0x9c,0xf7,0x9c,0xf7,0x9c,0xf7,0x9c,0xf7,0x9c,0xf7,0x9c,0xf7,0x9c,0xf7,0x9c,0xf7,0x9c,0xf7,0x9c,0xf7,0x9c,0xf7,0x9c,0xf7,0x9c,0xf7,0x9c,0xf7,0x9c,0xf7,0x9c,0xf7,
    0x9c,0xf7,0x9c,0xf7,0x9c,0xf7,0x9c,0xf7,0x9c,0xf7,0x9c,0xf7,0x9c,0xf7,0x9c,0xf7,0x9c,0xf7,0x9c,0xf7,0x9c,0xf7,0x9c,0xf7,0x9c,0xf7,0x9c,0xf7,0x9c,0xf7,0x9c,0xf7,
    0x9c,0xf7,0x9c,0xf7,0x9c,0xf7,0x9c,0xf7,0x9c,0xf7,0x9c,0xf7,0x9c,0xf7,0x9c,0xf7,0x9c,0xf7,0x9c,0xf7,0x9c,0xf7,0x9c,0xf7,0x9c,0xf7,0x9c,0xf7,0x9c,0xf7,0x9c,0xf7,
    0x9c,0xf7,0x9c,0xf7,0x9c,0xf7,0x9c,0xf7,0x9c,0xf7,0x9c,0xf7,0x9c,0xf7,0x9c,0xf7,0x9c,0xf7,0x9c,0xf7,0x9c,0xf7,0x9c,0xf7,0x9c,0xf7,0x9c,0xf7,0x9c,0xf7,0x9c,0xf7,
    0x9c,0xf7,0x9c,0xf7,0x9c,0xf7,0x9c,0xf7,0x9c,0xf7,0x9c,0xf7,0x9c,0xf7,0x9c,0xf7,0x9c,0xf7,0x9c,0xf7,0x9c,0xf7,0x9c,0xf7,0x9c,0xf7,0x9c,0xf7,0x9c,0xf7,0x9c,0xf7,
    0x9c,0xf7,0x9c,0xf7,0x9c,0xf7,0x9c,0xf7,0x9c,0xf7,0x9c,0xf7,0x9c,0xf7,0x9c,0xf7,0x9c,0xf7,0x9c,0xf7,0x9c,0xf7,0x9c,0xf7,0x9c,0xf7,0x9c,0xf7,0x9c,0xf7,0x9c,0xf7,
    0x9c,0xf7,0x9c,0xf7,0x9c,0xf7,0x9c,0xf7,0x9c,0xf7,0x9c,0xf7,0x9c,0xf7,0x9c,0xf7,0x9c,0xf7,0x9c,0xf7,0x9c,0xf7,0x9c,0xf7,0x9c,0xf7,0x9c,0xf7,0x9c,0xf7,0x9c,0xf7,
    0x9c,0xf7,0x9c,0xf7,0x9c,0xf7,0x9c,0xf7,0x9c,0xf7,0x9c,0xf7,0x9c,0xf7,0x9c,0xf7,0x9c,0xf7,0x9c,0xf7,0x9c,0xf7,0x9c,0xf7,0x9c,0xf7,0x9c,0xf7,0x9c,0xf7,0x9c,0xf7,
    0x9c,0xf7,0x9c,0xf7,0x9c,0xf7,0x9c,0xf7,0x9c,0xf7,0x9c,0xf7,0x9c,0xf7,0x9c,0xf7,0x9c,0xf7,0x9c,0xf7,0x9c,0xf7,0x9c,0xf7,0x9c,0xf7,0x9c,0xf7,0x9c,0xf7,0x9c,0xf7,
    0x9c,0xf7,0x9c,0xf7,0x9c,0xf7,0x9c,0xf7,0x9c,0xf7,0x9c,0xf7,0x9c,0xf7,0x9c,0xf7,0x9c,0xf7,0x9c,0xf7,0x9c,0xf7,0x9c,0xf7,0x9c,0xf7,0x9c,0xf7,0x9c,0xf7,0x9c,0xf7,
    0x9c,0xf7,0x9c,0xf7,0x9c,0xf7,0x9c,0xf7,0x9c,0xf7,0x9c,0xf7,0x9c,0xf7,0x9c,0xf7,0x9c,0xf7,0x9c,0xf7,0x9c,0xf7,0x9c,0xf7,0x9c,0xf7,0x9c,0xf7,0x9c,0xf7,0x9c,0xf7,
    0x9c,0xf7,0x9c,0xf7,0x9c,0xf7,0x9c,0xf7,0x9c,0xf7,0x9c,0xf7,0x9c,0xf7,0x9c,0xf7,0x9c,0xf7,0x9c,0xf7,0x9c,0xf7,0x9c,0xf7,0x9c,0xf7,0x9c,0xf7,0x9c,0xf7,0x9c,0xf7,
    0x9c,0xf7,0x9c,0xf7,0x9c,0xf7,0x9c,0xf7,0x9c,0xf7,0x9c,0xf7,0x9c,0xf7,0x9c,0xf7,0x9c,0xf7,0x9c,0xf7,0x9c,0xf7,0x9c,0xf7,0x9c,0xf7,0x9c,0xf7,0x6c,0x7c,0x6c,0x7c,
    0x6c,0x7c,0x6c,0x7c,0x4c,0x7c,0x4c,0x7c,0x0b,0x6c,0x0b,0x6c,0x29,0x4b,0x29,0x4b,0x4c,0x7c,0x4b,0x7c,0x4c,0x7c,0x4c,0x7c,0x4c,0x7c,0x6c,0x7c,0x4c,0x7c,0x6c,0x7c,
    0x4c,0x7c,0x4c,0x7c,0x9c,0xf7,0x9c,0xf7,0x9c,0xf7,0x9c,0xf7,0x9c,0xf7,0x9c,0xf7,0x9c,0xf7,0x9c,0xf7,0x9c,0xf7,0x9c,0xf7,0x9c,0xf7,0x9c,0xf7,0x9c,0xf7,0x9c,0xf7,
    0x9c,0xf7,0x9c,0xf7,0x9c,0xf7,0x9c,0xf7,0x9c,0xf7,0x9c,0xf7,0x9c,0xf7,0x9c,0xf7,0x9c,0xf7,0x9c,0xf7,0x9c,0xf7,0x9c,0xf7,0x9c,0xf7,0x9c,0xf7,0x9c,0xf7,0x9c,0xf7,
    0x9c,0xf7,0x9c,0xf7,0x9c,0xf7,0x9c,0xf7,0x9c,0xf7,0x9c,0xf7,0x9c,0xf7,0x9c,0xf7,0x9c,0xf7,0x9c,0xf7,0x9c,0xf7,0x9c,0xf7,0x9c,0xf7,0x9c,0xf7,0x9c,0xf7,0x9c,0xf7,
    0x9c,0xf7,0x9c,0xf7,0x9c,0xf7,0x9c,0xf7,0x9c,0xf7,0x9c,0xf7,0x9c,0xf7,0x9c,0xf7,0x9c,0xf7,0x9c,0xf7,0x9c,0xf7,0x9c,0xf7,0x9c,0xf7,0x9c,0xf7,0x9c,0xf7,0x9c,0xf7,
    0x9c,0xf7,0x9c,0xf7,0x9c,0xf7,0x9c,0xf7,0x9c,0xf7,0x9c,0xf7,0x9c,0xf7,0x9c,0xf7,0x9c,0xf7,0x9c,0xf7,0x9c,0xf7,0x9c,0xf7,0x9c,0xf7,0x9c,0xf7,0x9c,0xf7,0x9c,0xf7,
    0x9c,0xf7,0x9c,0xf7,0x9c,0xf7,0x9c,0xf7,0x9c,0xf7,0x9c,0xf7,0x9c,0xf7,0x9c,0xf7,0x9c,0xf7,0x9c,0xf7,0x9c,0xf7,0x9c,0xf7,0x9c,0xf7,0x9c,0xf7,0x9c,0xf7,0x9c,0xf7,
    0x9c,0xf7,0x9c,0xf7,0x9c,0xf7,0x9c,0xf7,0x9c,0xf7,0x9c,0xf7,0x9c,0xf7,0x9c,0xf7,0x9c,0xf7,0x9c,0xf7,0x9c,0xf7,0x9c,0xf7,0x9c,0xf7,0x9c,0xf7,0x9c,0xf7,0x9c,0xf7,
    0x9c,0xf7,0x9c,0xf7,0x9c,0xf7,0x9c,0xf7,0x9c,0xf7,0x9c,0xf7,0x9c,0xf7,0x9c,0xf7,0x9c,0xf7,0x9c,0xf7,0x9c,0xf7,0x9c,0xf7,0x9c,0xf7,0x9c,0xf7,0x9c,0xf7,0x9c,0xf7,
    0x9c,0xf7,0x9c,0xf7,0x9c,0xf7,0x9c,0xf7,0x9c,0xf7,0x9c,0xf7,0x9c,0xf7,0x9c,0xf7,0x9c,0xf7,0x9c,0xf7,0x9c,0xf7,0x9c,0xf7,0x9c,0xf7,0x9c,0xf7,0x9c,0xf7,0x9c,0xf7,
    0x9c,0xf7,0x9c,0xf7,0x9c,0xf7,0x9c,0xf7,0x9c,0xf7,0x9c,0xf7,0x9c,0xf7,0x9c,0xf7,0x9c,0xf7,0x9c,0xf7,0x9c,0xf7,0x9c,0xf7,0x9c,0xf7,0x9c,0xf7,0x9c,0xf7,0x9c,0xf7,
    0x9c,0xf7,0x9c,0xf7,0x9c,0xf7,0x9c,0xf7,0x9c,0xf7,0x9c,0xf7,0x9c,0xf7,0x9c,0xf7,0x9c,0xf7,0x9c,0xf7,0x9c,0xf7,0x9c,0xf7,0x9c,0xf7,0x9c,0xf7,0x9c,0xf7,0x9c,0xf7,
    0x9c,0xf7,0x9c,0xf7,0x9c,0xf7,0x9c,0xf7,0x9c,0xf7,0x9c,0xf7,0x9c,0xf7,0x9c,0xf7,0x9c,0xf7,0x9c,0xf7,0x9c,0xf7,0x9c,0xf7,0x9c,0xf7,0x9c,0xf7,0x9c,0xf7,0x9c,0xf7,
    0x9c,0xf7,0x9c,0xf7,0x9c,0xf7,0x9c,0xf7,0x9c,0xf7,0x9c,0xf7,0x9c,0xf7,0x9c,0xf7,0x9c,0xf7,0x9c,0xf7,0x9c,0xf7,0x9c,0xf7,0x9c,0xf7,0x9c,0xf7,0x9c,0xf7,0x9c,0xf7,
    0x9c,0xf7,0x9c,0xf7,0x9c,0xf7,0x9c,0xf7,0x6c,0x7c,0x4c,0x7c,0x4b,0x7c,0x4c,0x7c,0x4c,0x7c,0x4c,0x7c,0x8a,0x5b,0x49,0x53,0x09,0x4b,0x09,0x4b,0x4c,0x7c,0x4b,0x7c,
    0x4c,0x7c,0x4c,0x7c,0x4c,0x7c,0x4c,0x7c,0x4c,0x7c,0x4c,0x7c,0x6c,0x7c,0x6c,0x7c,0x9c,0xf7,0x9c,0xf7,0x9c,0xf7,0x9c,0xf7,0x9c,0xf7,0x9c,0xf7,0x9c,0xf7,0x9c,0xf7,
    0x9c,0xf7,0x9c,0xf7,0x9c,0xf7,0x9c,0xf7,0x9c,0xf7,0x9c,0xf7,0x9c,0xf7,0x9c,0xf7,0x9c,0xf7,0x9c,0xf7,0x9c,0xf7,0x9c,0xf7,0x9c,0xf7,0x9c,0xf7,0x9c,0xf7,0x9c,0xf7,
    0x9c,0xf7,0x9c,0xf7,0x9c,0xf7,0x9c,0xf7,0x9c,0xf7,0x9c,0xf7,0x9c,0xf7,0x9c,0xf7,0x9c,0xf7,0x9c,0xf7,0x9c,0xf7,0x9c,0xf7,0x9c,0xf7,0x9c,0xf7,0x9c,0xf7,0x9c,0xf7,
    0x9c,0xf7,0x9c,0xf7,0x9c,0xf7,0x9c,0xf7,0x9c,0xf7,0x9c,0xf7,0x9c,0xf7,0x9c,0xf7,0x9c,0xf7,0x9c,0xf7,0x9c,0xf7,0x9c,0xf7,0x9c,0xf7,0x9c,0xf7,0x9c,0xf7,0x9c,0xf7,
    0x9c,0xf7,0x9c,0xf7,0x9c,0xf7,0x9c,0xf7,0x9c,0xf7,0x9c,0xf7,0x9c,0xf7,0x9c,0xf7,0x9c,0xf7,0x9c,0xf7,0x9c,0xf7,0x9c,0xf7,0x9c,0xf7,0x9c,0xf7,0x9c,0xf7,0x9c,0xf7,
    0x9c,0xf7,0x9c,0xf7,0x9c,0xf7,0x9c,0xf7,0x9c,0xf7,0x9c,0xf7,0x9c,0xf7,0x9c,0xf7,0x9c,0xf7,0x9c,0xf7,0x9c,0xf7,0x9c,0xf7,0x9c,0xf7,0x9c,0xf7,0x9c,0xf7,0x9c,0xf7,
    0x9c,0xf7,0x9c,0xf7,0x9c,0xf7,0x9c,0xf7,0x9c,0xf7,0x9c,0xf7,0x9c,0xf7,0x9c,0xf7,0x9c,0xf7,0x9c,0xf7,0x9c,0xf7,0x9c,0xf7,0x9c,0xf7,0x9c,0xf7,0x9c,0xf7,0x9c,0xf7,
    0x9c,0xf7,0x9c,0xf7,0x9c,0xf7,0x9c,0xf7,0x9c,0xf7,0x9c,0xf7,0x9c,0xf7,0x9c,0xf7,0x9c,0xf7,0x9c,0xf7,0x9c,0xf7,0x9c,0xf7,0x9c,0xf7,0x9c,0xf7,0x9c,0xf7,0x9c,0xf7,
    0x9c,0xf7,0x9c,0xf7,0x9c,0xf7,0x9c,0xf7,0x9c,0xf7,0x9c,0xf7,0x9c,0xf7,0x9c,0xf7,0x9c,0xf7,0x9c,0xf7,0x9c,0xf7,0x9c,0xf7,0x9c,0xf7,0x9c,0xf7,0x9c,0xf7,0x9c,0xf7,
    0x9c,0xf7,0x9c,0xf7,0x9c,0xf7,0x9c,0xf7,0x9c,0xf7,0x9c,0xf7,0x9c,0xf7,0x9c,0xf7,0x9c,0xf7,0x9c,0xf7,0x9c,0xf7,0x9c,0xf7,0x9c,0xf7,0x9c,0xf7,0x9c,0xf7,0x9c,0xf7,
    0x9c,0xf7,0x9c,0xf7,0x9c,0xf7,0x9c,0xf7,0x9c,0xf7,0x9c,0xf7,0x9c,0xf7,0x9c,0xf7,0x9c,0xf7,0x9c,0xf7,0x9c,0xf7,0x9c,0xf7,0x9c,0xf7,0x9c,0xf7,0x9c,0xf7,0x9c,0xf7,
    0x9c,0xf7,0x9c,0xf7,0x9c,0xf7,0x9c,0xf7,0x9c,0xf7,0x9c,0xf7,0x9c,0xf7,0x9c,0xf7,0x9c,0xf7,0x9c,0xf7,0x9c,0xf7,0x9c,0xf7,0x9c,0xf7,0x9c,0xf7,0x9c,0xf7,0x9c,0xf7,
    0x9c,0xf7,0x9c,0xf7,0x9c,0xf7,0x9c,0xf7,0x9c,0xf7,0x9c,0xf7,0x9c,0xf7,0x9c,0xf7,0x9c,0xf7,0x9c,0xf7,0x9c,0xf7,0x9c,0xf7,0x9c,0xf7,0x9c,0xf7,0x9c,0xf7,0x9c,0xf7,
    0x9c,0xf7,0x9c,0xf7,0x9c,0xf7,0x9c,0xf7,0x9c,0xf7,0x9c,0xf7,0x9c,0xf7,0x9c,0xf7,0x9c,0xf7,0x9c,0xf7,0x4c,0x7c,0x4c,0x7c,0x4c,0x7c,0x4c,0x7c,0x4b,0x7c,0x29,0x4b,
    0xc8,0x42,0xa8,0x42,0xeb,0x6b,0x0b,0x6c,0x4c,0x7c,0x4c,0x7c,0x4c,0x7c,0x4c,0x7c,0x4c,0x7c,0x4c,0x7c,0x4c,0x7c,0x4c,0x7c,0x6c,0x7c,0x8c,0x7c,0x9c,0xf7,0x9c,0xf7,
    0x9c,0xf7,0x9c,0xf7,0x9c,0xf7,0x9c,0xf7,0x9c,0xf7,0x9c,0xf7,0x9c,0xf7,0x9c,0xf7,0x9c,0xf7,0x9c,0xf7,0x9c,0xf7,0xec,0x52,0xec,0x52,0xec,0x52,0x0d,0x53,0x0c,0x53,
    0x0c,0x53,0x0c,0x53,0x9c,0xf7,0x9c,0xf7,0x9c,0xf7,0x9c,0xf7,0x9c,0xf7,0x9c,0xf7,0x9c,0xf7,0x9c,0xf7,0x9c,0xf7,0x9c,0xf7,0x9c,0xf7,0x9c,0xf7,0x9c,0xf7,0x9c,0xf7,
    0x9c,0xf7,0x9c,0xf7,0x9c,0xf7,0x9c,0xf7,0x9c,0xf7,0x9c,0xf7,0x9c,0xf7,0x9c,0xf7,0x9c,0xf7,0x9c,0xf7,0x9c,0xf7,0x9c,0xf7,0x9c,0xf7,0x9c,0xf7,0x9c,0xf7,0x9c,0xf7,
    0x9c,0xf7,0x9c,0xf7,0x9c,0xf7,0x9c,0xf7,0x9c,0xf7,0x9c,0xf7,0x9c,0xf7,0x9c,0xf7,0x9c,0xf7,0x9c,0xf7,0xec,0x52,0x2d,0x5b,0x0d,0x5b,0xec,0x5a,0x0c,0x5b,0x9c,0xf7,
    0x9c,0xf7,0x9c,0xf7,0x9c,0xf7,0x9c,0xf7,0x9c,0xf7,0x9c,0xf7,0x9c,0xf7,0x9c,0xf7,0x9c,0xf7,0x9c,0xf7,0x9c,0xf7,0x9c,0xf7,0x9c,0xf7,0x9c,0xf7,0x9c,0xf7,0x9c,0xf7,
    0x9c,0xf7,0x9c,0xf7,0x9c,0xf7,0x9c,0xf7,0x9c,0xf7,0x9c,0xf7,0x10,0x7c,0x0d,0x5b,0x2d,0x5b,0x2d,0x5b,0x0d,0x53,0x0d,0x5b,0x9c,0xf7,0x9c,0xf7,0x9c,0xf7,0x9c,0xf7,
    0x9c,0xf7,0x9c,0xf7,0x9c,0xf7,0x9c,0xf7,0x9c,0xf7,0x9c,0xf7,0x9c,0xf7,0x9c,0xf7,0x9c,0xf7,0x9c,0xf7,0x9c,0xf7,0x9c,0xf7,0x9c,0xf7,0x9c,0xf7,0x9c,0xf7,0x9c,0xf7,
    0x9c,0xf7,0x9c,0xf7,0x9c,0xf7,0x9c,0xf7,0x9c,0xf7,0x9c,0xf7,0x9c,0xf7,0x9c,0xf7,0x9c,0xf7,0x9c,0xf7,0x9c,0xf7,0x9c,0xf7,0x9c,0xf7,0x9c,0xf7,0x9c,0xf7,0x9c,0xf7,
    0x9c,0xf7,0x9c,0xf7,0x9c,0xf7,0x9c,0xf7,0x9c,0xf7,0x9c,0xf7,0x9c,0xf7,0x9c,0xf7,0x9c,0xf7,0x9c,0xf7,0x9c,0xf7,0x9c,0xf7,0x9c,0xf7,0x9c,0xf7,0x9c,0xf7,0x9c,0xf7,
    0x9c,0xf7,0x9c,0xf7,0x9c,0xf7,0x9c,0xf7,0x9c,0xf7,0x9c,0xf7,0x9c,0xf7,0x9c,0xf7,0x9c,0xf7,0x9c,0xf7,0x9c,0xf7,0x9c,0xf7,0x9c,0xf7,0x9c,0xf7,0x9c,0xf7,0x9c,0xf7,
    0x9c,0xf7,0x9c,0xf7,0x9c,0xf7,0x9c,0xf7,0x9c,0xf7,0x9c,0xf7,0x9c,0xf7,0x9c,0xf7,0x9c,0xf7,0x9c,0xf7,0x9c,0xf7,0x9c,0xf7,0x9c,0xf7,0x9c,0xf7,0x9c,0xf7,0x9c,0xf7,
    0x9c,0xf7,0x9c,0xf7,0x9c,0xf7,0x9c,0xf7,0x9c,0xf7,0x9c,0xf7,0x9c,0xf7,0x9c,0xf7,0x9c,0xf7,0x9c,0xf7,0x9c,0xf7,0x9c,0xf7,0x9c,0xf7,0x9c,0xf7,0x9c,0xf7,0x9c,0xf7,
    0x9c,0xf7,0x9c,0xf7,0x9c,0xf7,0x9c,0xf7,0x9c,0xf7,0x9c,0xf7,0x9c,0xf7,0x9c,0xf7,0x9c,0xf7,0x9c,0xf7,0x9c,0xf7,0x9c,0xf7,0x9c,0xf7,0x9c,0xf7,0x9c,0xf7,0x9c,0xf7,
    0x6c,0x7c,0x4c,0x7c,0x4c,0x7c,0x4c,0x7c,0x4b,0x74,0xa8,0x3a,0xc8,0x42,0xc8,0x42,0x6c,0x7c,0x6c,0x7c,0x4b,0x7c,0x4b,0x7c,0x4b,0x7c,0x4c,0x7c,0x4c,0x7c,0x4c,0x7c,
    0x4c,0x7c,0x4c,0x7c,0x0a,0x6c,0x0a,0x6c,0x9c,0xf7,0x9c,0xf7,0x9c,0xf7,0x9c,0xf7,0x9c,0xf7,0x9c,0xf7,0x9c,0xf7,0x9c,0xf7,0x9c,0xf7,0x9c,0xf7,0xfe,0xff,0xfe,0xff,
    0xfe,0xff,0x84,0x00,0x84,0x00,0x84,0x00,0x84,0x00,0x84,0x00,0x84,0x00,0x84,0x00,0xfe,0xff,0xfe,0xff,0x9c,0xf7,0x9c,0xf7,0x9c,0xf7,0x9c,0xf7,0x9c,0xf7,0x9c,0xf7,
    0x9c,0xf7,0x9c,0xf7,0x9c,0xf7,0x9c,0xf7,0x9c,0xf7,0x9c,0xf7,0x9c,0xf7,0x9c,0xf7,0x9c,0xf7,0x9c,0xf7,0x9c,0xf7,0x9c,0xf7,0x9c,0xf7,0x9c,0xf7,0x9c,0xf7,0x9c,0xf7,
    0x9c,0xf7,0x9c,0xf7,0x9c,0xf7,0x9c,0xf7,0x9c,0xf7,0x9c,0xf7,0x9c,0xf7,0x9c,0xf7,0x9c,0xf7,0x9c,0xf7,0x9c,0xf7,0x9c,0xf7,0x9c,0xf7,0x9c,0xf7,0x9c,0xf7,0xfe,0xff,
    0x84,0x00,0x44,0x00,0x64,0x00,0x44,0x00,0x44,0x00,0x9c,0xf7,0x9c,0xf7,0x9c,0xf7,0x9c,0xf7,0x9c,0xf7,0x9c,0xf7,0x9c,0xf7,0x9c,0xf7,0x9c,0xf7,0x9c,0xf7,0x9c,0xf7,
    0x9c,0xf7,0x9c,0xf7,0x9c,0xf7,0x9c,0xf7,0x9c,0xf7,0x9c,0xf7,0x9c,0xf7,0x9c,0xf7,0x9c,0xf7,0x9c,0xf7,0x9c,0xf7,0xfe,0xff,0x8b,0x42,0xa4,0x00,0xa5,0x00,0xa5,0x00,
    0xa5,0x00,0xe5,0x00,0x9c,0xf7,0x9c,0xf7,0x9c,0xf7,0x9c,0xf7,0x9c,0xf7,0x9c,0xf7,0x9c,0xf7,0x9c,0xf7,0x9c,0xf7,0x9c,0xf7,0x9c,0xf7,0x9c,0xf7,0x9c,0xf7,0x9c,0xf7,
    0x9c,0xf7,0x9c,0xf7,0x9c,0xf7,0x9c,0xf7,0x9c,0xf7,0x9c,0xf7,0x9c,0xf7,0x9c,0xf7,0x9c,0xf7,0x9c,0xf7,0x9c,0xf7,0x9c,0xf7,0x9c,0xf7,0x9c,0xf7,0x9c,0xf7,0x9c,0xf7,
    0x9c,0xf7,0x9c,0xf7,0x9c,0xf7,0x9c,0xf7,0x9c,0xf7,0x9c,0xf7,0x9c,0xf7,0x9c,0xf7,0x9c,0xf7,0x9c,0xf7,0x9c,0xf7,0x9c,0xf7,0x9c,0xf7,0x9c,0xf7,0x9c,0xf7,0x9c,0xf7,
    0x9c,0xf7,0x9c,0xf7,0x9c,0xf7,0x9c,0xf7,0x9c,0xf7,0x9c,0xf7,0x9c,0xf7,0x9c,0xf7,0x9c,0xf7,0x9c,0xf7,0x9c,0xf7,0x9c,0xf7,0x9c,0xf7,0x9c,0xf7,0x9c,0xf7,0x9c,0xf7,
    0x9c,0xf7,0x9c,0xf7,0x9c,0xf7,0x9c,0xf7,0x9c,0xf7,0x9c,0xf7,0x9c,0xf7,0x9c,0xf7,0x9c,0xf7,0x9c,0xf7,0x9c,0xf7,0x9c,0xf7,0x9c,0xf7,0x9c,0xf7,0x9c,0xf7,0x9c,0xf7,
    0x9c,0xf7,0x9c,0xf7,0x9c,0xf7,0x9c,0xf7,0x9c,0xf7,0x9c,0xf7,0x9c,0xf7,0x9c,0xf7,0x9c,0xf7,0x9c,0xf7,0x9c,0xf7,0x9c,0xf7,0x9c,0xf7,0x9c,0xf7,0x9c,0xf7,0x9c,0xf7,
    0x9c,0xf7,0x9c,0xf7,0x9c,0xf7,0x9c,0xf7,0x9c,0xf7,0x9c,0xf7,0x9c,0xf7,0x9c,0xf7,0x9c,0xf7,0x9c,0xf7,0x9c,0xf7,0x9c,0xf7,0x9c,0xf7,0x9c,0xf7,0x9c,0xf7,0x9c,0xf7,
    0x9c,0xf7,0x9c,0xf7,0x9c,0xf7,0x9c,0xf7,0x9c,0xf7,0x9c,0xf7,0x2b,0x74,0x2b,0x74,0x2b,0x74,0x4c,0x7c,0x4c,0x7c,0xc8,0x42,0xc8,0x42,0xc8,0x42,0x4c,0x7c,0x4b,0x74,
    0x4b,0x7c,0x4b,0x7c,0x4b,0x7c,0x4c,0x7c,0x4c,0x7c,0x4c,0x7c,0x4c,0x7c,0x2c,0x7c,0xd3,0xb5,0xd3,0xb5,0x9c,0xf7,0x9c,0xf7,0x9c,0xf7,0x9c,0xf7,0x9c,0xf7,0x9c,0xf7,
    0x9c,0xf7,0x9c,0xf7,0x9c,0xf7,0x9c,0xf7,0xd2,0x94,0xd2,0x94,0xd3,0x94,0xe8,0x39,0xe8,0x39,0x08,0x3a,0xe8,0x39,0xe8,0x39,0xe8,0x39,0xe8,0x39,0xd2,0x94,0xd2,0x94,
    0xd3,0x94,0x9c,0xf7,0x9c,0xf7,0x9c,0xf7,0x9c,0xf7,0x9c,0xf7,0x9c,0xf7,0x9c,0xf7,0x9c,0xf7,0x9c,0xf7,0x9c,0xf7,0x9c,0xf7,0x9c,0xf7,0x9c,0xf7,0x9c,0xf7,0x9c,0xf7,
    0x9c,0xf7,0x9c,0xf7,0x9c,0xf7,0x9c,0xf7,0x9c,0xf7,0x9c,0xf7,0x9c,0xf7,0x9c,0xf7,0x9c,0xf7,0x9c,0xf7,0x9c,0xf7,0x9c,0xf7,0x9c,0xf7,0x9c,0xf7,0x9c,0xf7,0x9c,0xf7,
    0x9c,0xf7,0x9c,0xf7,0x9c,0xf7,0x9c,0xf7,0xd3,0x94,0xb2,0x94,0xc8,0x31,0xc8,0x72,0xc8,0x6a,0xc8,0x6a,0x88,0x6a,0xd3,0x94,0xd3,0x94,0x9c,0xf7,0x9c,0xf7,0x9c,0xf7,
    0x9c,0xf7,0x9c,0xf7,0x9c,0xf7,0x9c,0xf7,0x9c,0xf7,0x9c,0xf7,0x9c,0xf7,0x9c,0xf7,0x9c,0xf7,0x9c,0xf7,0x9c,0xf7,0x9c,0xf7,0x9c,0xf7,0x9c,0xf7,0x9c,0xf7,0x9c,0xf7,
    0x14,0x9d,0xd2,0x94,0x8b,0x42,0xe8,0x31,0xe8,0x31,0xe8,0x31,0xa8,0x29,0xc8,0x29,0x13,0xa5,0x9c,0xf7,0x9c,0xf7,0x9c,0xf7,0x9c,0xf7,0x9c,0xf7,0x9c,0xf7,0x9c,0xf7,
    0x9c,0xf7,0x9c,0xf7,0x9c,0xf7,0x9c,0xf7,0x9c,0xf7,0x9c,0xf7,0x9c,0xf7,0x9c,0xf7,0x9c,0xf7,0x9c,0xf7,0x9c,0xf7,0x9c,0xf7,0x9c,0xf7,0x9c,0xf7,0x9c,0xf7,0x9c,0xf7,
    0x9c,0xf7,0x9c,0xf7,0x9c,0xf7,0x9c,0xf7,0x9c,0xf7,0x9c,0xf7,0x9c,0xf7,0x9c,0xf7,0x9c,0xf7,0x9c,0xf7,0x9c,0xf7,0x9c,0xf7,0x9c,0xf7,0x9c,0xf7,0x9c,0xf7,0x9c,0xf7,
    0x9c,0xf7,0x9c,0xf7,0x9c,0xf7,0x9c,0xf7,0x9c,0xf7,0x9c,0xf7,0x9c,0xf7,0x9c,0xf7,0x9c,0xf7,0x9c,0xf7,0x9c,0xf7,0x9c,0xf7,0x9c,0xf7,0x9c,0xf7,0x9c,0xf7,0x9c,0xf7,
    0x9c,0xf7,0x9c,0xf7,0x9c,0xf7,0x9c,0xf7,0x9c,0xf7,0x9c,0xf7,0x9c,0xf7,0x9c,0xf7,0x9c,0xf7,0x9c,0xf7,0x9c,0xf7,0x9c,0xf7,0x9c,0xf7,0x9c,0xf7,0x9c,0xf7,0x9c,0xf7,
    0x9c,0xf7,0x9c,0xf7,0x9c,0xf7,0x9c,0xf7,0x9c,0xf7,0x9c,0xf7,0x9c,0xf7,0x9c,0xf7,0x9c,0xf7,0x9c,0xf7,0x9c,0xf7,0x9c,0xf7,0x9c,0xf7,0x9c,0xf7,0x9c,0xf7,0x9c,0xf7,
    0x9c,0xf7,0x9c,0xf7,0x9c,0xf7,0x9c,0xf7,0x9c,0xf7,0x9c,0xf7,0x9c,0xf7,0x9c,0xf7,0x9c,0xf7,0x9c,0xf7,0x9c,0xf7,0x9c,0xf7,0x9c,0xf7,0x9c,0xf7,0x9c,0xf7,0x9c,0xf7,
    0x9c,0xf7,0x9c,0xf7,0x9c,0xf7,0x9c,0xf7,0x9c,0xf7,0x9c,0xf7,0x9c,0xf7,0x9c,0xf7,0x9c,0xf7,0x9c,0xf7,0x9c,0xf7,0x9c,0xf7,0xad,0x84,0x8d,0x84,0x8d,0x84,0x4b,0x74,
    0x4c,0x7c,0xc8,0x42,0xc8,0x42,0xc8,0x42,0x4c,0x7c,0x4b,0x7c,0x4c,0x7c,0x4b,0x7c,0x4c,0x7c,0x4b,0x7c,0x4c,0x7c,0x6c,0x7c,0x6c,0x7c,0x2c,0x7c,0x9c,0xf7,0x9c,0xf7,
    0x9c,0xf7,0x9c,0xf7,0x9c,0xf7,0x9c,0xf7,0x9c,0xf7,0x9c,0xf7,0x9c,0xf7,0x9c,0xf7,0x9c,0xf7,0x99,0xd6,0x84,0x00,0xa4,0x00,0xa4,0x00,0xaa,0x5a,0x8a,0x5a,0x8a,0x5a,
    0x8a,0x5a,0x8a,0x5a,0x89,0x52,0x89,0x5a,0xa4,0x00,0xa4,0x00,0xa5,0x00,0xb9,0xd6,0xb9,0xde,0x9c,0xf7,0x9c,0xf7,0x9c,0xf7,0x9c,0xf7,0x9c,0xf7,0x9c,0xf7,0x9c,0xf7,
    0x9c,0xf7,0x9c,0xf7,0x9c,0xf7,0x9c,0xf7,0x9c,0xf7,0x9c,0xf7,0x9c,0xf7,0x9c,0xf7,0x9c,0xf7,0x9c,0xf7,0x9c,0xf7,0x9c,0xf7,0x9c,0xf7,0x9c,0xf7,0x9c,0xf7,0x9c,0xf7,
    0x9c,0xf7,0x9c,0xf7,0x9c,0xf7,0x9c,0xf7,0x9c,0xf7,0x9c,0xf7,0x9c,0xf7,0x9c,0xf7,0x9c,0xf7,0x78,0xce,0xa5,0x00,0xa5,0x00,0x48,0x4a,0xca,0xe4,0xaa,0xe4,0xaa,0xe4,
    0x29,0xdc,0xc5,0x00,0xc5,0x00,0xb2,0x94,0x98,0xd6,0x99,0xd6,0x9c,0xf7,0x9c,0xf7,0x9c,0xf7,0x9c,0xf7,0x9c,0xf7,0x9c,0xf7,0x9c,0xf7,0x9c,0xf7,0x9c,0xf7,0x9c,0xf7,
    0x9c,0xf7,0x9c,0xf7,0x9c,0xf7,0x9c,0xf7,0x78,0xce,0x78,0xd6,0x06,0x11,0x84,0x00,0xc7,0x29,0x89,0x52,0x89,0x52,0x8a,0x52,0xe7,0x39,0xe7,0x39,0x25,0x21,0x99,0xd6,
    0x9c,0xf7,0x9c,0xf7,0x9c,0xf7,0x9c,0xf7,0x9c,0xf7,0x9c,0xf7,0x9c,0xf7,0x9c,0xf7,0x9c,0xf7,0x9c,0xf7,0x9c,0xf7,0x9c,0xf7,0x9c,0xf7,0x9c,0xf7,0x9c,0xf7,0x9c,0xf7,
    0x9c,0xf7,0x9c,0xf7,0x9c,0xf7,0x9c,0xf7,0x9c,0xf7,0x9c,0xf7,0x9c,0xf7,0x9c,0xf7,0x9c,0xf7,0x9c,0xf7,0x9c,0xf7,0x9c,0xf7,0x9c,0xf7,0x9c,0xf7,0x9c,0xf7,0x9c,0xf7,
    0x9c,0xf7,0x9c,0xf7,0x9c,0xf7,0x9c,0xf7,0x9c,0xf7,0x9c,0xf7,0x9c,0xf7,0x9c,0xf7,0x9c,0xf7,0x9c,0xf7,0x9c,0xf7,0x9c,0xf7,0x9c,0xf7,0x9c,0xf7,0x9c,0xf7,0x9c,0xf7,
    0x9c,0xf7,0x9c,0xf7,0x9c,0xf7,0x9c,0xf7,0x9c,0xf7,0x9c,0xf7,0x9c,0xf7,0x9c,0xf7,0x9c,0xf7,0x9c,0xf7,0x9c,0xf7,0x9c,0xf7,0x9c,0xf7,0x9c,0xf7,0x9c,0xf7,0x9c,0xf7,
    0x9c,0xf7,0x9c,0xf7,0x9c,0xf7,0x9c,0xf7,0x9c,0xf7,0x9c,0xf7,0x9c,0xf7,0x9c,0xf7,0x9c,0xf7,0x9c,0xf7,0x9c,0xf7,0x9c,0xf7,0x9c,0xf7,0x9c,0xf7,0x9c,0xf7,0x9c,0xf7,
    0x9c,0xf7,0x9c,0xf7,0x9c,0xf7,0x9c,0xf7,0x9c,0xf7,0x9c,0xf7,0x9c,0xf7,0x9c,0xf7,0x9c,0xf7,0x9c,0xf7,0x9c,0xf7,0x9c,0xf7,0x9c,0xf7,0x9c,0xf7,0x29,0x53,0x49,0x53,
    0x49,0x53,0x29,0x4b,0x29,0x53,0x09,0x4b,0x9c,0xf7,0x9c,0xf7,0x9c,0xf7,0x9c,0xf7,0x9c,0xf7,0x9c,0xf7,0x9c,0xf7,0x9c,0xf7,0x9c,0xf7,0x9c,0xf7,0x9c,0xf7,0x9c,0xf7,
    0x9c,0xf7,0x9c,0xf7,0x56,0xce,0x55,0xc6,0xf4,0xb5,0x4b,0x74,0x4c,0x74,0xc8,0x42,0xc8,0x42,0xc8,0x42,0x4c,0x7c,0x4b,0x7c,0x4c,0x7c,0x4b,0x7c,0x4c,0x7c,0x4b,0x7c,
    0x4c,0x7c,0x2b,0x74,0x2b,0x74,0x0b,0x74,0x9c,0xf7,0x9c,0xf7,0x9c,0xf7,0x9c,0xf7,0x9c,0xf7,0x9c,0xf7,0x9c,0xf7,0x9c,0xf7,0x9c,0xf7,0x9c,0xf7,0x9c,0xf7,0x0c,0x53,
    0x47,0x19,0x67,0x19,0x67,0x19,0x89,0x52,0x69,0x52,0x69,0x52,0x69,0x52,0x69,0x52,0x69,0x52,0x69,0x52,0x67,0x19,0x47,0x19,0x46,0x19,0x0c,0x53,0x4e,0x63,0x9c,0xf7,
    0x9c,0xf7,0x9c,0xf7,0x9c,0xf7,0x9c,0xf7,0x9c,0xf7,0x9c,0xf7,0x9c,0xf7,0x9c,0xf7,0x9c,0xf7,0x9c,0xf7,0x9c,0xf7,0x9c,0xf7,0x9c,0xf7,0x9c,0xf7,0x9c,0xf7,0x9c,0xf7,
    0x9c,0xf7,0x9c,0xf7,0x9c,0xf7,0x9c,0xf7,0x9c,0xf7,0x9c,0xf7,0x9c,0xf7,0x9c,0xf7,0x9c,0xf7,0x9c,0xf7,0x9c,0xf7,0x9c,0xf7,0x9c,0xf7,0x9c,0xf7,0x96,0xad,0x8b,0x42,
    0x67,0x19,0x47,0x11,0x07,0x42,0x4a,0xcc,0x6a,0xcc,0x4a,0xcc,0xc8,0xc3,0x67,0x11,0x47,0x11,0xc9,0x29,0xcc,0x4a,0xec,0x52,0x9c,0xf7,0x9c,0xf7,0x9c,0xf7,0x9c,0xf7,
    0x9c,0xf7,0x9c,0xf7,0x9c,0xf7,0x9c,0xf7,0x9c,0xf7,0x9c,0xf7,0x9c,0xf7,0x9c,0xf7,0x9c,0xf7,0x9c,0xf7,0x8b,0x42,0xab,0x4a,0x67,0x19,0x67,0x19,0xc8,0x29,0x49,0x4a,
    0x49,0x42,0x29,0x42,0xa7,0x29,0xc7,0x31,0x08,0x42,0x0d,0x53,0x9c,0xf7,0x9c,0xf7,0x9c,0xf7,0x9c,0xf7,0x9c,0xf7,0x9c,0xf7,0x9c,0xf7,0x9c,0xf7,0x9c,0xf7,0x9c,0xf7,
    0x9c,0xf7,0x9c,0xf7,0x9c,0xf7,0x9c,0xf7,0x9c,0xf7,0x9c,0xf7,0x9c,0xf7,0x9c,0xf7,0x9c,0xf7,0x9c,0xf7,0x9c,0xf7,0x9c,0xf7,0x9c,0xf7,0x9c,0xf7,0x9c,0xf7,0x9c,0xf7,
    0x9c,0xf7,0x9c,0xf7,0x9c,0xf7,0x9c,0xf7,0x9c,0xf7,0x9c,0xf7,0x9c,0xf7,0x9c,0xf7,0x9c,0xf7,0x9c,0xf7,0x9c,0xf7,0x9c,0xf7,0x9c,0xf7,0x9c,0xf7,0x9c,0xf7,0x9c,0xf7,
    0x9c,0xf7,0x9c,0xf7,0x9c,0xf7,0x9c,0xf7,0x9c,0xf7,0x9c,0xf7,0x9c,0xf7,0x9c,0xf7,0x9c,0xf7,0x9c,0xf7,0x9c,0xf7,0x9c,0xf7,0x9c,0xf7,0x9c,0xf7,0x9c,0xf7,0x9c,0xf7,
    0x9c,0xf7,0x9c,0xf7,0x9c,0xf7,0x9c,0xf7,0x9c,0xf7,0x9c,0xf7,0x9c,0xf7,0x9c,0xf7,0x9c,0xf7,0x9c,0xf7,0x9c,0xf7,0x9c,0xf7,0x9c,0xf7,0x9c,0xf7,0x9c,0xf7,0x9c,0xf7,
    0x9c,0xf7,0x9c,0xf7,0x9c,0xf7,0x9c,0xf7,0x9c,0xf7,0x9c,0xf7,0x9c,0xf7,0x9c,0xf7,0x9c,0xf7,0x9c,0xf7,0x9c,0xf7,0x9c,0xf7,0x9c,0xf7,0x9c,0xf7,0x9c,0xf7,0x9c,0xf7,
    0x9c,0xf7,0x9c,0xf7,0x9c,0xf7,0x9c,0xf7,0x29,0x53,0x29,0x53,0x29,0x4b,0x29,0x4b,0x49,0x53,0x6a,0x53,0x9c,0xf7,0x9c,0xf7,0x9c,0xf7,0x9c,0xf7,0x9c,0xf7,0x9c,0xf7,
    0x9c,0xf7,0x9c,0xf7,0x9c,0xf7,0x9c,0xf7,0x9c,0xf7,0x9c,0xf7,0x9c,0xf7,0x9c,0xf7,0x9c,0xf7,0x9c,0xf7,0xf9,0xde,0xcb,0x6b,0xca,0x63,0xa8,0x3a,0xc8,0x42,0xe8,0x42,
    0x4b,0x7c,0x4c,0x7c,0x4b,0x7c,0x4c,0x7c,0x4c,0x7c,0x4c,0x7c,0x4c,0x7c,0x8d,0x84,0x6d,0x84,0x8d,0x84,0x9c,0xf7,0x9c,0xf7,0x9c,0xf7,0x9c,0xf7,0x9c,0xf7,0x9c,0xf7,
    0x9c,0xf7,0x9c,0xf7,0x9c,0xf7,0x9c,0xf7,0x9c,0xf7,0x26,0x11,0x46,0x11,0x47,0x19,0x67,0x19,0x89,0x52,0x69,0x52,0x69,0x52,0x89,0x52,0x69,0x52,0x69,0x52,0x69,0x52,
    0x26,0x11,0x26,0x11,0x46,0x11,0x26,0x11,0x26,0x11,0x9c,0xf7,0x9c,0xf7,0x9c,0xf7,0x9c,0xf7,0x9c,0xf7,0x9c,0xf7,0x9c,0xf7,0x9c,0xf7,0x9c,0xf7,0x9c,0xf7,0x9c,0xf7,
    0x9c,0xf7,0x9c,0xf7,0x9c,0xf7,0x9c,0xf7,0x9c,0xf7,0x9c,0xf7,0x9c,0xf7,0x9c,0xf7,0x9c,0xf7,0x9c,0xf7,0x9c,0xf7,0x9c,0xf7,0x9c,0xf7,0x9c,0xf7,0x9c,0xf7,0x9c,0xf7,
    0x9c,0xf7,0x9c,0xf7,0x9c,0xf7,0x9c,0xf7,0xb3,0x8c,0x47,0x19,0x26,0x11,0x25,0x11,0x87,0x62,0x8a,0xd4,0x6a,0xd4,0x09,0xcc,0xc8,0xc3,0x46,0x11,0x67,0x19,0x67,0x11,
    0x47,0x11,0x47,0x19,0x9c,0xf7,0x9c,0xf7,0x9c,0xf7,0x9c,0xf7,0x9c,0xf7,0x9c,0xf7,0x9c,0xf7,0x9c,0xf7,0x9c,0xf7,0x9c,0xf7,0x9c,0xf7,0x9c,0xf7,0x9c,0xf7,0x9c,0xf7,
    0x26,0x19,0x26,0x19,0x47,0x19,0x67,0x19,0xc8,0x31,0x69,0x4a,0x69,0x4a,0x69,0x4a,0x08,0x3a,0x08,0x42,0xe8,0x39,0x46,0x19,0x9c,0xf7,0x9c,0xf7,0x9c,0xf7,0x9c,0xf7,
    0x9c,0xf7,0x9c,0xf7,0x9c,0xf7,0x9c,0xf7,0x9c,0xf7,0x9c,0xf7,0x9c,0xf7,0x9c,0xf7,0x9c,0xf7,0x9c,0xf7,0x9c,0xf7,0x9c,0xf7,0x9c,0xf7,0x9c,0xf7,0x9c,0xf7,0x9c,0xf7,
    0x9c,0xf7,0x9c,0xf7,0x9c,0xf7,0x9c,0xf7,0x9c,0xf7,0x9c,0xf7,0x9c,0xf7,0x9c,0xf7,0x9c,0xf7,0x9c,0xf7,0x9c,0xf7,0x9c,0xf7,0x9c,0xf7,0x9c,0xf7,0x9c,0xf7,0x9c,0xf7,
    0x9c,0xf7,0x9c,0xf7,0x9c,0xf7,0x9c,0xf7,0x9c,0xf7,0x9c,0xf7,0x9c,0xf7,0x9c,0xf7,0x9c,0xf7,0x9c,0xf7,0x9c,0xf7,0x9c,0xf7,0x9c,0xf7,0x9c,0xf7,0x9c,0xf7,0x9c,0xf7,
    0x9c,0xf7,0x9c,0xf7,0x9c,0xf7,0x9c,0xf7,0x9c,0xf7,0x9c,0xf7,0x9c,0xf7,0x9c,0xf7,0x9c,0xf7,0x9c,0xf7,0x9c,0xf7,0x9c,0xf7,0x9c,0xf7,0x9c,0xf7,0x9c,0xf7,0x9c,0xf7,
    0x9c,0xf7,0x9c,0xf7,0x9c,0xf7,0x9c,0xf7,0x9c,0xf7,0x9c,0xf7,0x9c,0xf7,0x9c,0xf7,0x9c,0xf7,0x9c,0xf7,0x9c,0xf7,0x9c,0xf7,0x9c,0xf7,0x9c,0xf7,0x9c,0xf7,0x9c,0xf7,
    0x9c,0xf7,0x9c,0xf7,0x9c,0xf7,0x9c,0xf7,0x9c,0xf7,0xc8,0x42,0xe9,0x4a,0xe9,0x4a,0xe8,0x42,0xe9,0x42,0x49,0x53,0x29,0x53,0x29,0x53,0x29,0x53,0x29,0x53,0x29,0x4b,
    0x29,0x4b,0x9c,0xf7,0xb8,0xd6,0xb8,0xd6,0x9c,0xf7,0x9c,0xf7,0x9c,0xf7,0x9c,0xf7,0x9c,0xf7,0x9c,0xf7,0x9c,0xf7,0x9c,0xf7,0x9c,0xf7,0x9c,0xf7,0x9c,0xf7,0x9c,0xf7,
    0x9c,0xf7,0x67,0x32,0x67,0x3a,0xa8,0x42,0xeb,0x6b,0x4c,0x74,0x6c,0x7c,0x4c,0x7c,0x4c,0x7c,0x4c,0x7c,0x6c,0x7c,0x6c,0x7c,0x4c,0x7c,0x9c,0xf7,0x9c,0xf7,0x9c,0xf7,
    0x9c,0xf7,0x9c,0xf7,0x9c,0xf7,0x9c,0xf7,0x9c,0xf7,0x9c,0xf7,0x9c,0xf7,0x9c,0xf7,0x9c,0xf7,0x9c,0xf7,0x9c,0xf7,0x46,0x19,0x26,0x11,0x69,0x52,0x69,0x52,0x69,0x52,
    0x69,0x52,0x69,0x52,0x69,0x52,0x69,0x52,0x69,0x52,0x69,0x52,0x69,0x52,0x69,0x52,0x69,0x52,0x47,0x19,0x46,0x11,0x46,0x19,0x67,0x19,0x9c,0xf7,0x9c,0xf7,0x9c,0xf7,
    0x9c,0xf7,0x9c,0xf7,0x9c,0xf7,0x9c,0xf7,0x9c,0xf7,0x9c,0xf7,0x9c,0xf7,0x9c,0xf7,0x9c,0xf7,0x9c,0xf7,0x9c,0xf7,0x9c,0xf7,0x9c,0xf7,0x9c,0xf7,0x9c,0xf7,0x9c,0xf7,
    0x9c,0xf7,0x9c,0xf7,0x9c,0xf7,0x9c,0xf7,0x9c,0xf7,0x9c,0xf7,0x9c,0xf7,0x9c,0xf7,0x9c,0xf7,0x9c,0xf7,0x92,0x8c,0x46,0x19,0x67,0x19,0x6a,0xcc,0x4a,0xcc,0x4a,0xcc,
    0xe7,0xaa,0x27,0xb3,0x07,0xab,0xa8,0xc3,0xc8,0xbb,0x46,0x19,0x26,0x11,0x26,0x11,0x47,0x19,0xa8,0x21,0x9c,0xf7,0x9c,0xf7,0x9c,0xf7,0x9c,0xf7,0x9c,0xf7,0x9c,0xf7,
    0x9c,0xf7,0x9c,0xf7,0x9c,0xf7,0x9c,0xf7,0x46,0x19,0x67,0x19,0x47,0x19,0x46,0x19,0x87,0x29,0x49,0x4a,0x49,0x4a,0x69,0x4a,0x0b,0x7b,0x8f,0xe4,0xec,0xd3,0xed,0xdb,
    0x47,0x19,0x47,0x19,0x9c,0xf7,0x9c,0xf7,0x9c,0xf7,0x9c,0xf7,0x9c,0xf7,0x9c,0xf7,0x9c,0xf7,0x9c,0xf7,0x9c,0xf7,0x9c,0xf7,0x9c,0xf7,0x9c,0xf7,0x9c,0xf7,0x9c,0xf7,
    0x9c,0xf7,0x9c,0xf7,0x9c,0xf7,0x9c,0xf7,0x9c,0xf7,0x9c,0xf7,0x9c,0xf7,0x9c,0xf7,0x9c,0xf7,0x9c,0xf7,0x9c,0xf7,0x9c,0xf7,0x9c,0xf7,0x9c,0xf7,0x9c,0xf7,0x9c,0xf7,
    0x9c,0xf7,0x9c,0xf7,0x9c,0xf7,0x9c,0xf7,0x9c,0xf7,0x9c,0xf7,0x9c,0xf7,0x9c,0xf7,0x9c,0xf7,0x9c,0xf7,0x9c,0xf7,0x9c,0xf7,0x9c,0xf7,0x9c,0xf7,0x9c,0xf7,0x9c,0xf7,
    0x9c,0xf7,0x9c,0xf7,0x9c,0xf7,0x9c,0xf7,0x9c,0xf7,0x9c,0xf7,0x9c,0xf7,0x9c,0xf7,0x9c,0xf7,0x9c,0xf7,0x9c,0xf7,0x9c,0xf7,0x9c,0xf7,0x9c,0xf7,0x9c,0xf7,0x9c,0xf7,
    0x9c,0xf7,0x9c,0xf7,0x9c,0xf7,0x9c,0xf7,0x9c,0xf7,0x9c,0xf7,0x9c,0xf7,0x9c,0xf7,0x9c,0xf7,0x9c,0xf7,0x9c,0xf7,0x9c,0xf7,0x9c,0xf7,0x9c,0xf7,0x9c,0xf7,0x9c,0xf7,
    0x9c,0xf7,0x9c,0xf7,0x9c,0xf7,0x9c,0xf7,0x9c,0xf7,0x9c,0xf7,0x9c,0xf7,0x9c,0xf7,0x9c,0xf7,0x9c,0xf7,0x9c,0xf7,0xc8,0x42,0xe9,0x4a,0xe9,0x4a,0xe9,0x4a,0xe9,0x4a,
    0x29,0x53,0x29,0x53,0x29,0x53,0x29,0x53,0x29,0x53,0x29,0x53,0x29,0x4b,0x29,0x53,0x49,0x53,0x4a,0x53,0x4a,0x53,0xa7,0x3a,0x9c,0xf7,0x9c,0xf7,0x9c,0xf7,0x9c,0xf7,
    0x9c,0xf7,0x9c,0xf7,0x9c,0xf7,0x9c,0xf7,0x9c,0xf7,0x9c,0xf7,0x9c,0xf7,0x47,0x32,0x67,0x32,0x46,0x32,0x9c,0xf7,0x9c,0xf7,0xea,0x6b,0x0a,0x6c,0x0a,0x6c,0x0a,0x6c,
    0x0a,0x6c,0x0a,0x6c,0x0a,0x6c,0x9c,0xf7,0x9c,0xf7,0x9c,0xf7,0x9c,0xf7,0x9c,0xf7,0x9c,0xf7,0x9c,0xf7,0x9c,0xf7,0x9c,0xf7,0x9c,0xf7,0x9c,0xf7,0x9c,0xf7,0x9c,0xf7,
    0x9c,0xf7,0x46,0x11,0x26,0x11,0x89,0x52,0x89,0x52,0x69,0x52,0x69,0x52,0x69,0x52,0x89,0x52,0x89,0x52,0x69,0x52,0x69,0x52,0x89,0x52,0x89,0x52,0x89,0x52,0x26,0x19,
    0x26,0x19,0x06,0x11,0x06,0x11,0x9c,0xf7,0x9c,0xf7,0x9c,0xf7,0x9c,0xf7,0x9c,0xf7,0x9c,0xf7,0x9c,0xf7,0x9c,0xf7,0x9c,0xf7,0x9c,0xf7,0x9c,0xf7,0x9c,0xf7,0x9c,0xf7,
    0x9c,0xf7,0x9c,0xf7,0x9c,0xf7,0x9c,0xf7,0x9c,0xf7,0x9c,0xf7,0x9c,0xf7,0x9c,0xf7,0x9c,0xf7,0x9c,0xf7,0x9c,0xf7,0x9c,0xf7,0x9c,0xf7,0x9c,0xf7,0x9c,0xf7,0x9c,0xf7,
    0xd3,0x94,0x46,0x19,0x46,0x19,0x6a,0xd4,0x6a,0xd4,0x6a,0xd4,0x8a,0xb3,0x89,0xbb,0x89,0xbb,0x09,0xcc,0xe8,0xcb,0xc5,0x49,0xc6,0x41,0xe7,0x49,0x27,0x11,0x67,0x19,
    0x9c,0xf7,0x9c,0xf7,0x9c,0xf7,0x9c,0xf7,0x9c,0xf7,0x9c,0xf7,0x9c,0xf7,0x9c,0xf7,0xe6,0x18,0x47,0x19,0xe5,0x08,0xe5,0x10,0x46,0x19,0x87,0x21,0xe8,0x31,0x69,0x4a,
    0x28,0x4a,0x89,0x5a,0x8c,0x93,0xcf,0xec,0xec,0xdb,0x0d,0xe4,0x47,0x19,0x47,0x19,0x9c,0xf7,0x9c,0xf7,0x9c,0xf7,0x9c,0xf7,0x9c,0xf7,0x9c,0xf7,0x9c,0xf7,0x9c,0xf7,
    0x9c,0xf7,0x9c,0xf7,0x9c,0xf7,0x9c,0xf7,0x9c,0xf7,0x9c,0xf7,0x9c,0xf7,0x9c,0xf7,0x9c,0xf7,0x9c,0xf7,0x9c,0xf7,0x9c,0xf7,0x9c,0xf7,0x9c,0xf7,0x9c,0xf7,0x9c,0xf7,
    0x9c,0xf7,0x9c,0xf7,0x9c,0xf7,0x9c,0xf7,0x9c,0xf7,0x9c,0xf7,0x9c,0xf7,0x9c,0xf7,0x9c,0xf7,0x9c,0xf7,0x9c,0xf7,0x9c,0xf7,0x9c,0xf7,0x9c,0xf7,0x9c,0xf7,0x9c,0xf7,
    0x9c,0xf7,0x9c,0xf7,0x9c,0xf7,0x9c,0xf7,0x9c,0xf7,0x9c,0xf7,0x9c,0xf7,0x9c,0xf7,0x9c,0xf7,0x9c,0xf7,0x9c,0xf7,0x9c,0xf7,0x9c,0xf7,0x9c,0xf7,0x9c,0xf7,0x9c,0xf7,
    0x9c,0xf7,0x9c,0xf7,0x9c,0xf7,0x9c,0xf7,0x9c,0xf7,0x9c,0xf7,0x9c,0xf7,0x9c,0xf7,0x9c,0xf7,0x9c,0xf7,0x9c,0xf7,0x9c,0xf7,0x9c,0xf7,0x9c,0xf7,0x9c,0xf7,0x9c,0xf7,
    0x9c,0xf7,0x9c,0xf7,0x9c,0xf7,0x9c,0xf7,0x9c,0xf7,0x9c,0xf7,0x9c,0xf7,0x9c,0xf7,0x9c,0xf7,0x9c,0xf7,0x9c,0xf7,0x9c,0xf7,0x9c,0xf7,0x9c,0xf7,0x9c,0xf7,0x9c,0xf7,
    0x9c,0xf7,0xa8,0x42,0xc8,0x42,0xe9,0x4a,0x09,0x4b,0xe9,0x4a,0x29,0x53,0x29,0x4b,0x29,0x4b,0x29,0x53,0x49,0x53,0x29,0x53,0x29,0x53,0x29,0x4b,0x29,0x4b,0x29,0x4b,
    0x09,0x4b,0xe8,0x4a,0x9c,0xf7,0x9c,0xf7,0x9c,0xf7,0x9c,0xf7,0x9c,0xf7,0x9c,0xf7,0x9c,0xf7,0x9c,0xf7,0x9c,0xf7,0x9c,0xf7,0x9c,0xf7,0x88,0x3a,0x88,0x3a,0x77,0xce,
    0x9c,0xf7,0x9c,0xf7,0xb8,0xd6,0xd8,0xde,0xd8,0xde,0xd8,0xde,0xb8,0xde,0xb8,0xd6,0xd8,0xde,0x9c,0xf7,0x9c,0xf7,0x9c,0xf7,0x9c,0xf7,0x9c,0xf7,0x9c,0xf7,0x9c,0xf7,
    0x9c,0xf7,0x9c,0xf7,0x9c,0xf7,0x9c,0xf7,0x9c,0xf7,0x9c,0xf7,0x9c,0xf7,0x87,0x21,0x26,0x11,0x69,0x4a,0x69,0x52,0x69,0x52,0x69,0x52,0x69,0x52,0x69,0x52,0x69,0x52,
    0x89,0x52,0x69,0x52,0x89,0x52,0x89,0x52,0x89,0x52,0x49,0x4a,0x69,0x4a,0x87,0x21,0x67,0x19,0x6a,0x42,0x4a,0x3a,0x9c,0xf7,0x9c,0xf7,0x9c,0xf7,0x9c,0xf7,0x9c,0xf7,
    0x9c,0xf7,0x9c,0xf7,0x9c,0xf7,0x9c,0xf7,0x9c,0xf7,0x9c,0xf7,0x9c,0xf7,0x9c,0xf7,0x9c,0xf7,0x9c,0xf7,0x9c,0xf7,0x9c,0xf7,0x9c,0xf7,0x9c,0xf7,0x9c,0xf7,0x9c,0xf7,
    0x9c,0xf7,0x9c,0xf7,0x9c,0xf7,0x9c,0xf7,0x9c,0xf7,0x9c,0xf7,0x92,0x8c,0x47,0x19,0x67,0x21,0x49,0xcc,0x49,0xcc,0x8a,0xd4,0x93,0xe5,0x31,0xe5,0xaf,0xdc,0x6a,0xcc,
    0x29,0xcc,0x47,0xab,0x47,0xab,0x48,0xa3,0x46,0x19,0x67,0x21,0x9c,0xf7,0x9c,0xf7,0xcc,0x4a,0x8b,0x42,0x8b,0x42,0x8b,0x42,0x6b,0x42,0x6a,0x42,0x64,0x00,0xa4,0x00,
    0x47,0x19,0x46,0x19,0xa7,0x31,0x28,0x42,0x49,0x4a,0x69,0x52,0x89,0x52,0x4e,0xcc,0x6f,0xd4,0xcf,0xe4,0x0d,0xdc,0x4e,0xe4,0x47,0x19,0x47,0x19,0x9c,0xf7,0x9c,0xf7,
    0x9c,0xf7,0x9c,0xf7,0x9c,0xf7,0x9c,0xf7,0x9c,0xf7,0x9c,0xf7,0x9c,0xf7,0x9c,0xf7,0x9c,0xf7,0x9c,0xf7,0x9c,0xf7,0x9c,0xf7,0x9c,0xf7,0x9c,0xf7,0x9c,0xf7,0x9c,0xf7,
    0x9c,0xf7,0x9c,0xf7,0x9c,0xf7,0x9c,0xf7,0x9c,0xf7,0x9c,0xf7,0x9c,0xf7,0x9c,0xf7,0x9c,0xf7,0x9c,0xf7,0x9c,0xf7,0x9c,0xf7,0x9c,0xf7,0x9c,0xf7,0x9c,0xf7,0x9c,0xf7,
    0x9c,0xf7,0x9c,0xf7,0x9c,0xf7,0x9c,0xf7,0x9c,0xf7,0x9c,0xf7,0x9c,0xf7,0x9c,0xf7,0x9c,0xf7,0x9c,0xf7,0x9c,0xf7,0x9c,0xf7,0x9c,0xf7,0x9c,0xf7,0x9c,0xf7,0x9c,0xf7,
    0x9c,0xf7,0x9c,0xf7,0x9c,0xf7,0x9c,0xf7,0x9c,0xf7,0x9c,0xf7,0x9c,0xf7,0x9c,0xf7,0x9c,0xf7,0x9c,0xf7,0x9c,0xf7,0x9c,0xf7,0x9c,0xf7,0x9c,0xf7,0x9c,0xf7,0x9c,0xf7,
    0x9c,0xf7,0x9c,0xf7,0x9c,0xf7,0x9c,0xf7,0x9c,0xf7,0x9c,0xf7,0x9c,0xf7,0x9c,0xf7,0x9c,0xf7,0x9c,0xf7,0x9c,0xf7,0x9c,0xf7,0x9c,0xf7,0x9c,0xf7,0x9c,0xf7,0x9c,0xf7,
    0x9c,0xf7,0x9c,0xf7,0x9c,0xf7,0x9c,0xf7,0x9c,0xf7,0x9c,0xf7,0x9c,0xf7,0x67,0x32,0xa8,0x42,0x09,0x4b,0x29,0x53,0x29,0x4b,0x29,0x4b,0x09,0x4b,0x29,0x4b,0x29,0x53,
    0x29,0x53,0x29,0x53,0x29,0x53,0x29,0x53,0x29,0x4b,0x29,0x4b,0x29,0x4b,0x29,0x4b,0x09,0x4b,0x36,0xc6,0x9c,0xf7,0x9c,0xf7,0x9c,0xf7,0x9c,0xf7,0x9c,0xf7,0x9c,0xf7,
    0x9c,0xf7,0x9c,0xf7,0x9c,0xf7,0x67,0x3a,0x87,0x3a,0x9c,0xf7,0x9c,0xf7,0x9c,0xf7,0x9c,0xf7,0x9c,0xf7,0x9c,0xf7,0x9c,0xf7,0x9c,0xf7,0x9c,0xf7,0x9c,0xf7,0x9c,0xf7,
    0x9c,0xf7,0x9c,0xf7,0x9c,0xf7,0x9c,0xf7,0x9c,0xf7,0x9c,0xf7,0x9c,0xf7,0x9c,0xf7,0x9c,0xf7,0x9c,0xf7,0x9c,0xf7,0x9c,0xf7,0x9c,0xf7,0x84,0x00,0x67,0x19,0xaa,0x5a,
    0xaa,0x5a,0x89,0x52,0x89,0x52,0x89,0x52,0x89,0x52,0x89,0x52,0x8a,0x52,0x8a,0x52,0x29,0x3a,0x29,0x3a,0x49,0x42,0x49,0x42,0x29,0x42,0xa6,0x00,0x06,0x01,0xa4,0x00,
    0x84,0x00,0x9c,0xf7,0x9c,0xf7,0x9c,0xf7,0x9c,0xf7,0x9c,0xf7,0x9c,0xf7,0x9c,0xf7,0x9c,0xf7,0x9c,0xf7,0x9c,0xf7,0x9c,0xf7,0x9c,0xf7,0x9c,0xf7,0x9c,0xf7,0x9c,0xf7,
    0x9c,0xf7,0x9c,0xf7,0x9c,0xf7,0x9c,0xf7,0x9c,0xf7,0x9c,0xf7,0x9c,0xf7,0x9c,0xf7,0x9c,0xf7,0x9c,0xf7,0x9c,0xf7,0xfe,0xff,0x92,0x8c,0x47,0x19,0x07,0x01,0x6a,0xd4,
    0x6a,0xcc,0x4a,0xcc,0x15,0xf6,0x73,0xed,0xd0,0xe4,0x69,0xd4,0xaa,0xd4,0xc8,0xcb,0x67,0xbb,0x67,0xb3,0xe6,0x00,0x67,0x09,0xff,0xff,0xff,0xff,0xc5,0x08,0xa5,0x00,
    0xc5,0x00,0xc5,0x00,0xa4,0x00,0x84,0x00,0x67,0x19,0x67,0x21,0x06,0x11,0x06,0x11,0x08,0x3a,0x69,0x4a,0x49,0x4a,0xe8,0x31,0x28,0x3a,0xf0,0xec,0xcf,0xec,0x8f,0xe4,
    0x4d,0xdc,0x6e,0xec,0x46,0x19,0x47,0x19,0x9c,0xf7,0x9c,0xf7,0x9c,0xf7,0x9c,0xf7,0x9c,0xf7,0x9c,0xf7,0x9c,0xf7,0x9c,0xf7,0x9c,0xf7,0x9c,0xf7,0x9c,0xf7,0x9c,0xf7,
    0x9c,0xf7,0x9c,0xf7,0x9c,0xf7,0x9c,0xf7,0x9c,0xf7,0x9c,0xf7,0x9c,0xf7,0x9c,0xf7,0x9c,0xf7,0x9c,0xf7,0x9c,0xf7,0x9c,0xf7,0x9c,0xf7,0x9c,0xf7,0x9c,0xf7,0x9c,0xf7,
    0x9c,0xf7,0x9c,0xf7,0x9c,0xf7,0x9c,0xf7,0x9c,0xf7,0x9c,0xf7,0x9c,0xf7,0x9c,0xf7,0x9c,0xf7,0x9c,0xf7,0x9c,0xf7,0x9c,0xf7,0x9c,0xf7,0xf4,0xcd,0xf4,0xd5,0x9c,0xf7,
    0x9c,0xf7,0x9c,0xf7,0x9c,0xf7,0x9c,0xf7,0x9c,0xf7,0x9c,0xf7,0x9c,0xf7,0x9c,0xf7,0x9c,0xf7,0x9c,0xf7,0x9c,0xf7,0x9c,0xf7,0x9c,0xf7,0x9c,0xf7,0x9c,0xf7,0x9c,0xf7,
    0x9c,0xf7,0x9c,0xf7,0x9c,0xf7,0x9c,0xf7,0x9c,0xf7,0x9c,0xf7,0x9c,0xf7,0x9c,0xf7,0x9c,0xf7,0x9c,0xf7,0x9c,0xf7,0x9c,0xf7,0x9c,0xf7,0x9c,0xf7,0x9c,0xf7,0x9c,0xf7,
    0x9c,0xf7,0x9c,0xf7,0x9c,0xf7,0x9c,0xf7,0x9c,0xf7,0x9c,0xf7,0x9c,0xf7,0x9c,0xf7,0x9c,0xf7,0x9c,0xf7,0x9c,0xf7,0x9c,0xf7,0x9c,0xf7,0xc8,0x3a,0xc9,0x42,0x29,0x53,
    0x29,0x4b,0x29,0x4b,0x09,0x4b,0x09,0x4b,0x29,0x4b,0x29,0x4b,0x29,0x53,0x29,0x53,0x29,0x53,0x29,0x53,0x29,0x53,0x29,0x4b,0x29,0x4b,0x29,0x4b,0x49,0x53,0x9c,0xf7,
    0x9c,0xf7,0x9c,0xf7,0x9c,0xf7,0x9c,0xf7,0x9c,0xf7,0x9c,0xf7,0x9c,0xf7,0x9c,0xf7,0x9c,0xf7,0x67,0x32,0x67,0x3a,0x9c,0xf7,0x9c,0xf7,0x9c,0xf7,0x9c,0xf7,0x9c,0xf7,
    0x9c,0xf7,0x9c,0xf7,0x9c,0xf7,0x9c,0xf7,0x9c,0xf7,0x9c,0xf7,0x9c,0xf7,0x9c,0xf7,0x9c,0xf7,0x9c,0xf7,0x9c,0xf7,0x9c,0xf7,0x9c,0xf7,0x9c,0xf7,0x9c,0xf7,0x9c,0xf7,
    0x9c,0xf7,0x9c,0xf7,0x9c,0xf7,0x51,0x84,0x46,0x11,0x29,0x3a,0x08,0x3a,0x09,0x42,0x09,0x3a,0x29,0x42,0x49,0x42,0x29,0x42,0x89,0x5a,0x89,0x5a,0x89,0x93,0x69,0x8b,
    0x8a,0x93,0x69,0x8b,0x49,0x8b,0xa8,0x6a,0xe6,0x49,0x47,0x11,0x88,0x21,0x9c,0xf7,0x9c,0xf7,0x9c,0xf7,0x9c,0xf7,0x9c,0xf7,0x9c,0xf7,0x9c,0xf7,0x9c,0xf7,0x9c,0xf7,
    0x9c,0xf7,0x9c,0xf7,0x9c,0xf7,0x9c,0xf7,0x9c,0xf7,0x9c,0xf7,0x9c,0xf7,0x9c,0xf7,0x9c,0xf7,0x9c,0xf7,0x9c,0xf7,0x9c,0xf7,0x9c,0xf7,0x9c,0xf7,0x9c,0xf7,0x9c,0xf7,
    0x9c,0xf7,0x72,0x8c,0xcb,0x4a,0x46,0x19,0xa8,0x6a,0x6a,0xd4,0x6a,0xcc,0x4a,0xcc,0xf4,0xed,0x93,0xed,0x52,0xe5,0x2f,0xe5,0xe9,0xcb,0x09,0xc4,0xc9,0xbb,0xc9,0xbb,
    0x67,0x62,0x88,0x62,0x71,0x8c,0x31,0x7c,0x27,0x09,0x27,0x09,0xc5,0x00,0xc5,0x00,0x47,0x19,0x47,0x19,0x06,0x11,0x06,0x11,0xc7,0x31,0xc8,0x31,0x49,0x42,0x69,0x4a,
    0x69,0x4a,0x4b,0x8b,0x2a,0x93,0xf0,0xe4,0x11,0xe5,0x11,0xe5,0x2d,0xdc,0x4e,0xec,0x46,0x19,0x47,0x19,0x9c,0xf7,0x9c,0xf7,0x9c,0xf7,0x9c,0xf7,0x9c,0xf7,0x9c,0xf7,
    0x9c,0xf7,0x9c,0xf7,0x9c,0xf7,0x9c,0xf7,0x9c,0xf7,0x9c,0xf7,0x9c,0xf7,0x9c,0xf7,0x9c,0xf7,0x9c,0xf7,0x9c,0xf7,0x9c,0xf7,0x9c,0xf7,0x9c,0xf7,0x9c,0xf7,0x9c,0xf7,
    0x9c,0xf7,0x9c,0xf7,0x9c,0xf7,0x9c,0xf7,0x9c,0xf7,0x9c,0xf7,0x9c,0xf7,0x9c,0xf7,0x9c,0xf7,0x9c,0xf7,0x9c,0xf7,0x9c,0xf7,0x9c,0xf7,0x9c,0xf7,0x9c,0xf7,0x9c,0xf7,
    0x9c,0xf7,0x9c,0xf7,0x9c,0xf7,0xf4,0xd5,0xf4,0xd5,0x9c,0xf7,0x9c,0xf7,0x9c,0xf7,0x9c,0xf7,0x9c,0xf7,0x9c,0xf7,0x9c,0xf7,0x9c,0xf7,0x9c,0xf7,0x9c,0xf7,0x9c,0xf7,
    0x9c,0xf7,0x9c,0xf7,0x9c,0xf7,0x9c,0xf7,0x9c,0xf7,0x9c,0xf7,0x9c,0xf7,0x9c,0xf7,0x9c,0xf7,0x9c,0xf7,0x9c,0xf7,0x9c,0xf7,0x9c,0xf7,0x9c,0xf7,0x9c,0xf7,0x9c,0xf7,
    0x9c,0xf7,0x9c,0xf7,0x9c,0xf7,0x9c,0xf7,0x9c,0xf7,0x9c,0xf7,0x9c,0xf7,0x9c,0xf7,0x9c,0xf7,0x9c,0xf7,0x9c,0xf7,0x9c,0xf7,0x9c,0xf7,0x9c,0xf7,0x9c,0xf7,0x9c,0xf7,
    0x9c,0xf7,0x9c,0xf7,0x9c,0xf7,0x29,0x4b,0x29,0x53,0x29,0x53,0x29,0x4b,0x29,0x4b,0x29,0x4b,0x09,0x4b,0x47,0x32,0x47,0x32,0x47,0x32,0x29,0x53,0x29,0x53,0x29,0x53,
    0x29,0x53,0x29,0x53,0x29,0x4b,0x29,0x4b,0x29,0x4b,0x09,0x4b,0x29,0x4b,0xe9,0x42,0xc8,0x42,0x9c,0xf7,0x9c,0xf7,0x9c,0xf7,0x9c,0xf7,0x9c,0xf7,0x9c,0xf7,0x67,0x3a,
    0x67,0x3a,0x9c,0xf7,0x9c,0xf7,0x9c,0xf7,0x9c,0xf7,0x9c,0xf7,0x9c,0xf7,0x9c,0xf7,0x9c,0xf7,0x9c,0xf7,0x9c,0xf7,0x9c,0xf7,0x9c,0xf7,0x9c,0xf7,0x9c,0xf7,0x9c,0xf7,
    0x9c,0xf7,0x9c,0xf7,0x9c,0xf7,0x9c,0xf7,0x9c,0xf7,0x9c,0xf7,0x9c,0xf7,0x9c,0xf7,0x9c,0xf7,0xff,0xff,0x23,0x00,0xa4,0x00,0x84,0x00,0xab,0x93,0x8b,0x8b,0x2a,0x7b,
    0x2a,0x7b,0x29,0x7b,0x69,0x9b,0x69,0x93,0xea,0xe4,0xca,0xe4,0xca,0xe4,0xca,0xe4,0xcb,0xe4,0xeb,0xe4,0x27,0xab,0xe7,0x49,0x67,0x19,0x75,0xad,0x9c,0xf7,0x9c,0xf7,
    0x9c,0xf7,0x9c,0xf7,0x9c,0xf7,0x9c,0xf7,0x9c,0xf7,0x9c,0xf7,0x9c,0xf7,0x9c,0xf7,0x9c,0xf7,0x9c,0xf7,0x9c,0xf7,0x9c,0xf7,0x9c,0xf7,0x9c,0xf7,0x9c,0xf7,0x9c,0xf7,
    0x9c,0xf7,0x9c,0xf7,0x9c,0xf7,0x9c,0xf7,0x9c,0xf7,0x9c,0xf7,0x9c,0xf7,0x84,0x00,0xa5,0x00,0xe6,0x08,0x8a,0xdc,0x49,0xcc,0x6b,0xd4,0x6b,0xd4,0x15,0xee,0x15,0xee,
    0x15,0xee,0xf4,0xed,0x27,0xbb,0x8a,0xd4,0xaa,0xd4,0x8a,0xd4,0xa8,0xcb,0x88,0xc3,0x64,0x00,0x45,0x31,0x07,0x4a,0x68,0x52,0x4d,0x63,0x6e,0x63,0xa7,0x29,0xa7,0x29,
    0xa7,0x29,0xa7,0x29,0x49,0x4a,0x49,0x4a,0x49,0x4a,0x69,0x4a,0x69,0x52,0xf0,0xf4,0xf0,0xf4,0x72,0xed,0x92,0xed,0x92,0xed,0x2d,0xdc,0x4e,0xec,0x46,0x11,0x46,0x19,
    0x9c,0xf7,0x9c,0xf7,0x9c,0xf7,0x9c,0xf7,0x9c,0xf7,0x9c,0xf7,0x9c,0xf7,0x9c,0xf7,0x9c,0xf7,0x9c,0xf7,0x9c,0xf7,0x9c,0xf7,0x9c,0xf7,0x9c,0xf7,0x9c,0xf7,0x9c,0xf7,
    0x9c,0xf7,0x9c,0xf7,0x9c,0xf7,0x9c,0xf7,0x9c,0xf7,0x9c,0xf7,0x9c,0xf7,0x9c,0xf7,0x9c,0xf7,0x9c,0xf7,0x9c,0xf7,0x9c,0xf7,0x9c,0xf7,0x9c,0xf7,0x9c,0xf7,0x9c,0xf7,
    0x9c,0xf7,0x9c,0xf7,0x9c,0xf7,0x9c,0xf7,0x9c,0xf7,0x9c,0xf7,0x9c,0xf7,0x9c,0xf7,0x9c,0xf7,0xf4,0xd5,0xf4,0xd5,0x9c,0xf7,0x9c,0xf7,0x9c,0xf7,0x9c,0xf7,0x9c,0xf7,
    0x9c,0xf7,0x9c,0xf7,0x9c,0xf7,0x9c,0xf7,0x9c,0xf7,0x9c,0xf7,0x9c,0xf7,0x9c,0xf7,0x9c,0xf7,0x9c,0xf7,0x9c,0xf7,0x9c,0xf7,0x9c,0xf7,0x9c,0xf7,0x9c,0xf7,0x9c,0xf7,
    0x9c,0xf7,0x9c,0xf7,0x9c,0xf7,0x9c,0xf7,0x9c,0xf7,0x9c,0xf7,0x9c,0xf7,0x9c,0xf7,0x9c,0xf7,0x9c,0xf7,0x9c,0xf7,0x9c,0xf7,0x9c,0xf7,0x9c,0xf7,0x9c,0xf7,0x9c,0xf7,
    0x9c,0xf7,0x9c,0xf7,0x9c,0xf7,0x9c,0xf7,0x9c,0xf7,0x9c,0xf7,0x9c,0xf7,0x9c,0xf7,0x9c,0xf7,0x08,0x4b,0x29,0x53,0x29,0x53,0x29,0x4b,0x29,0x4b,0x09,0x4b,0x09,0x4b,
    0x47,0x32,0x47,0x32,0x27,0x32,0x09,0x4b,0x29,0x4b,0x29,0x53,0x49,0x53,0x49,0x53,0x49,0x53,0x29,0x4b,0x29,0x4b,0x29,0x4b,0x09,0x4b,0xe9,0x4a,0xe8,0x42,0x9c,0xf7,
    0x9c,0xf7,0x9c,0xf7,0x9c,0xf7,0x9c,0xf7,0x9c,0xf7,0x87,0x3a,0x87,0x3a,0x9c,0xf7,0x9c,0xf7,0x9c,0xf7,0x9c,0xf7,0x9c,0xf7,0x9c,0xf7,0x9c,0xf7,0x9c,0xf7,0x9c,0xf7,
    0x9c,0xf7,0xb8,0xd6,0xb8,0xd6,0xb8,0xd6,0xb8,0xd6,0xb8,0xd6,0xb8,0xd6,0xb8,0xd6,0xb8,0xd6,0xd9,0xde,0x9c,0xf7,0x9c,0xf7,0x9c,0xf7,0x9c,0xf7,0x9c,0xf7,0x9c,0xf7,
    0x4a,0x3a,0xcc,0x4a,0xcc,0x4a,0x6c,0xbc,0x4c,0xbc,0xeb,0xe4,0xca,0xdc,0xca,0xe4,0xaa,0xdc,0x8a,0xdc,0x6a,0xcc,0x6a,0xcc,0x6a,0xcc,0x6a,0xcc,0x6a,0xcc,0x6a,0xcc,
    0xc8,0xbb,0xc8,0xcb,0x47,0x19,0xc5,0x00,0x9c,0xf7,0x9c,0xf7,0x9c,0xf7,0x9c,0xf7,0x9c,0xf7,0x9c,0xf7,0x9c,0xf7,0x9c,0xf7,0x9c,0xf7,0x9c,0xf7,0x9c,0xf7,0x9c,0xf7,
    0x9c,0xf7,0x9c,0xf7,0x9c,0xf7,0x9c,0xf7,0x9c,0xf7,0x9c,0xf7,0x9c,0xf7,0x9c,0xf7,0x9c,0xf7,0x9c,0xf7,0x9c,0xf7,0x9c,0xf7,0x37,0xc6,0x67,0x19,0x86,0x29,0xe8,0x41,
    0x4a,0xcc,0x69,0xcc,0xce,0xdc,0xef,0xdc,0x35,0xee,0x35,0xee,0x56,0xee,0x35,0xee,0x6c,0xd4,0x29,0xcc,0x29,0xcc,0x4a,0xd4,0xa8,0xbb,0xe9,0xbb,0x08,0x42,0x4a,0xd4,
    0x08,0xd4,0xeb,0xe4,0xff,0xff,0x9c,0xf7,0x49,0x4a,0x49,0x4a,0x89,0x52,0x8a,0x5a,0xe8,0x39,0xc8,0x39,0x08,0x3a,0x28,0x42,0x28,0x42,0x31,0xed,0x52,0xed,0x72,0xed,
    0x72,0xed,0x52,0xed,0x0d,0xdc,0x4e,0xec,0x46,0x11,0x46,0x19,0x9c,0xf7,0x9c,0xf7,0x9c,0xf7,0x9c,0xf7,0x9c,0xf7,0x9c,0xf7,0x9c,0xf7,0x9c,0xf7,0x9c,0xf7,0x9c,0xf7,
    0x9c,0xf7,0x9c,0xf7,0x9c,0xf7,0x9c,0xf7,0x9c,0xf7,0x9c,0xf7,0x9c,0xf7,0x9c,0xf7,0x9c,0xf7,0x9c,0xf7,0x9c,0xf7,0x9c,0xf7,0x9c,0xf7,0x9c,0xf7,0x9c,0xf7,0x9c,0xf7,
    0x9c,0xf7,0x9c,0xf7,0x9c,0xf7,0x9c,0xf7,0x9c,0xf7,0x9c,0xf7,0x9c,0xf7,0x9c,0xf7,0x9c,0xf7,0x9c,0xf7,0x9c,0xf7,0x9c,0xf7,0x9c,0xf7,0xb8,0xe6,0xd4,0xcd,0x9c,0xf7,
    0x97,0xe6,0x9c,0xf7,0x9c,0xf7,0x9c,0xf7,0x9c,0xf7,0x9c,0xf7,0x9c,0xf7,0x9c,0xf7,0x9c,0xf7,0x9c,0xf7,0x9c,0xf7,0x9c,0xf7,0x9c,0xf7,0x9c,0xf7,0x9c,0xf7,0x9c,0xf7,
    0x9c,0xf7,0x9c,0xf7,0x9c,0xf7,0x9c,0xf7,0x9c,0xf7,0x9c,0xf7,0x9c,0xf7,0x9c,0xf7,0x9c,0xf7,0x9c,0xf7,0x9c,0xf7,0x9c,0xf7,0x9c,0xf7,0x9c,0xf7,0x9c,0xf7,0x9c,0xf7,
    0x9c,0xf7,0x9c,0xf7,0x9c,0xf7,0x9c,0xf7,0x9c,0xf7,0x9c,0xf7,0x9c,0xf7,0x9c,0xf7,0x9c,0xf7,0x9c,0xf7,0x9c,0xf7,0x9c,0xf7,0x9c,0xf7,0x9c,0xf7,0x9c,0xf7,0x47,0x32,
    0x67,0x32,0xa8,0x3a,0x29,0x4b,0x29,0x4b,0x29,0x4b,0x29,0x4b,0x09,0x4b,0x09,0x4b,0x09,0x4b,0x47,0x32,0x47,0x32,0x6a,0x53,0x29,0x53,0x29,0x53,0x49,0x53,0x49,0x53,
    0x29,0x53,0x29,0x4b,0x29,0x4b,0x09,0x4b,0x09,0x4b,0x9c,0xf7,0x9c,0xf7,0x9c,0xf7,0x9c,0xf7,0x9c,0xf7,0x9c,0xf7,0xa8,0x3a,0xa8,0x42,0x9c,0xf7,0x9c,0xf7,0x9c,0xf7,
    0x9c,0xf7,0x9c,0xf7,0x9c,0xf7,0x9c,0xf7,0x9c,0xf7,0x1a,0xe7,0x9c,0xf7,0xe8,0x42,0xe8,0x42,0xe8,0x4a,0x08,0x4b,0x08,0x4b,0x08,0x4b,0x08,0x4b,0x08,0x4b,0x4e,0x7c,
    0x9c,0xf7,0x9c,0xf7,0x9c,0xf7,0x9c,0xf7,0x9c,0xf7,0x9c,0xf7,0x9c,0xf7,0x9c,0xf7,0x9c,0xf7,0xe6,0x08,0x06,0x09,0x09,0xb4,0x4a,0xcc,0x6a,0xcc,0x6a,0xd4,0x6a,0xcc,
    0x6a,0xd4,0x8a,0xd4,0x6a,0xd4,0x8a,0xd4,0x8a,0xd4,0x6a,0xd4,0x4a,0xcc,0x29,0xc4,0x47,0x19,0x67,0x19,0x9c,0xf7,0x9c,0xf7,0x9c,0xf7,0x9c,0xf7,0x9c,0xf7,0x9c,0xf7,
    0x9c,0xf7,0x9c,0xf7,0x9c,0xf7,0x9c,0xf7,0x9c,0xf7,0x9c,0xf7,0x9c,0xf7,0x9c,0xf7,0x9c,0xf7,0x9c,0xf7,0x9c,0xf7,0x9c,0xf7,0x9c,0xf7,0x9c,0xf7,0x9c,0xf7,0x9c,0xf7,
    0x9c,0xf7,0x9c,0xf7,0xc5,0x08,0x26,0x11,0xe8,0x7a,0x69,0xdc,0x4a,0xcc,0x6a,0xcc,0xd4,0xed,0x93,0xed,0x18,0xef,0xd8,0xee,0xb7,0xee,0x14,0xe6,0xd3,0xdd,0x27,0xb3,
    0x47,0xb3,0x8a,0xd4,0x8a,0xd4,0x8a,0xd4,0x88,0xbb,0x6a,0xcc,0x8a,0xcc,0x6a,0xcc,0xf9,0xee,0x9c,0xf7,0xeb,0x5a,0xeb,0x5a,0x69,0x52,0x69,0x52,0x69,0x52,0x89,0x52,
    0x28,0x42,0xa7,0x31,0xc7,0x31,0xb0,0xd4,0xaf,0xd4,0x52,0xed,0x51,0xe5,0x52,0xed,0x2d,0xdc,0x4e,0xe4,0x47,0x19,0x47,0x19,0x9c,0xf7,0x9c,0xf7,0x9c,0xf7,0x9c,0xf7,
    0x9c,0xf7,0x9c,0xf7,0x9c,0xf7,0x9c,0xf7,0x9c,0xf7,0x9c,0xf7,0x9c,0xf7,0x9c,0xf7,0x9c,0xf7,0x9c,0xf7,0x9c,0xf7,0x9c,0xf7,0x9c,0xf7,0x9c,0xf7,0x9c,0xf7,0x9c,0xf7,
    0x9c,0xf7,0x9c,0xf7,0x9c,0xf7,0x9c,0xf7,0x9c,0xf7,0x9c,0xf7,0x9c,0xf7,0x9c,0xf7,0x9c,0xf7,0x9c,0xf7,0x9c,0xf7,0x9c,0xf7,0x9c,0xf7,0x9c,0xf7,0x9c,0xf7,0x9c,0xf7,
    0x9c,0xf7,0x9c,0xf7,0x9c,0xf7,0x15,0xd6,0xd3,0xd5,0x9c,0xf7,0x9c,0xf7,0x9c,0xf7,0x9c,0xf7,0x9c,0xf7,0x9c,0xf7,0x9c,0xf7,0x9c,0xf7,0x9c,0xf7,0x9c,0xf7,0x9c,0xf7,
    0x9c,0xf7,0x9c,0xf7,0x9c,0xf7,0x9c,0xf7,0x9c,0xf7,0x9c,0xf7,0x9c,0xf7,0x9c,0xf7,0x9c,0xf7,0x9c,0xf7,0x9c,0xf7,0x9c,0xf7,0x9c,0xf7,0x9c,0xf7,0x9c,0xf7,0x9c,0xf7,
    0x9c,0xf7,0x9c,0xf7,0x9c,0xf7,0x9c,0xf7,0x9c,0xf7,0x9c,0xf7,0x9c,0xf7,0x9c,0xf7,0x9c,0xf7,0x9c,0xf7,0x9c,0xf7,0x9c,0xf7,0x9c,0xf7,0x9c,0xf7,0x9c,0xf7,0x9c,0xf7,
    0x9c,0xf7,0x9c,0xf7,0x9c,0xf7,0x9c,0xf7,0x9c,0xf7,0x6f,0x84,0xd1,0x8c,0xe9,0x4a,0x29,0x4b,0x29,0x4b,0x29,0x4b,0x29,0x4b,0x29,0x4b,0x29,0x4b,0x29,0x53,0x27,0x32,
    0x27,0x32,0xa8,0x3a,0xa8,0x3a,0xc8,0x42,0x49,0x53,0x29,0x53,0x29,0x53,0x29,0x4b,0x29,0x4b,0x29,0x4b,0x29,0x4b,0x9c,0xf7,0x9c,0xf7,0x9c,0xf7,0x9c,0xf7,0x9c,0xf7,
    0x9c,0xf7,0xa8,0x3a,0xc8,0x42,0x9c,0xf7,0x9c,0xf7,0x9c,0xf7,0x9c,0xf7,0x9c,0xf7,0x9c,0xf7,0x9c,0xf7,0x9c,0xf7,0xc8,0x42,0x29,0x4b,0x29,0x53,0x29,0x53,0x29,0x53,
    0x49,0x53,0x49,0x53,0x49,0x53,0x29,0x53,0x6a,0x53,0x36,0xc6,0x9c,0xf7,0x9c,0xf7,0x9c,0xf7,0x9c,0xf7,0x9c,0xf7,0x9c,0xf7,0x9c,0xf7,0x9c,0xf7,0x9c,0xf7,0x05,0x11,
    0x26,0x11,0x67,0x62,0x8a,0xd4,0x6a,0xd4,0x6a,0xd4,0x8a,0xd4,0x6a,0xd4,0x6a,0xd4,0x8a,0xd4,0x8a,0xd4,0x8a,0xd4,0x6a,0xd4,0x49,0xcc,0x29,0xc4,0x46,0x19,0x47,0x19,
    0x9c,0xf7,0x9c,0xf7,0x9c,0xf7,0x9c,0xf7,0x9c,0xf7,0x9c,0xf7,0x9c,0xf7,0x9c,0xf7,0x9c,0xf7,0x9c,0xf7,0x9c,0xf7,0x9c,0xf7,0x9c,0xf7,0x9c,0xf7,0x9c,0xf7,0x9c,0xf7,
    0x9c,0xf7,0x9c,0xf7,0x9c,0xf7,0x9c,0xf7,0x9c,0xf7,0x9c,0xf7,0x9c,0xf7,0x9c,0xf7,0x26,0x11,0x26,0x19,0xc7,0x72,0x4a,0xcc,0x6a,0xd4,0x6a,0xd4,0xb3,0xed,0x72,0xe5,
    0xd7,0xee,0x35,0xee,0x51,0xdd,0x69,0xb3,0x48,0xb3,0x27,0xb3,0x27,0xb3,0x6a,0xd4,0x6a,0xd4,0x6a,0xd4,0x88,0xbb,0x6a,0xcc,0x6a,0xd4,0x6a,0xd4,0x8b,0xd4,0x9c,0xf7,
    0xfa,0xde,0xda,0xde,0x69,0x52,0x69,0x52,0x69,0x52,0x69,0x52,0x29,0x4a,0x87,0x29,0x86,0x29,0xa7,0x31,0xa7,0x31,0x31,0xe5,0x51,0xed,0x72,0xed,0x0d,0xdc,0x2d,0xe4,
    0x46,0x19,0x46,0x19,0x9c,0xf7,0x9c,0xf7,0x9c,0xf7,0x9c,0xf7,0x9c,0xf7,0x9c,0xf7,0x9c,0xf7,0x9c,0xf7,0x9c,0xf7,0x9c,0xf7,0x9c,0xf7,0x9c,0xf7,0x9c,0xf7,0x9c,0xf7,
    0x9c,0xf7,0x9c,0xf7,0x9c,0xf7,0x9c,0xf7,0x9c,0xf7,0x9c,0xf7,0x9c,0xf7,0x9c,0xf7,0x9c,0xf7,0x9c,0xf7,0x9c,0xf7,0x9c,0xf7,0x9c,0xf7,0x9c,0xf7,0x9c,0xf7,0x9c,0xf7,
    0x9c,0xf7,0x9c,0xf7,0x9c,0xf7,0x9c,0xf7,0x9c,0xf7,0x9c,0xf7,0x9c,0xf7,0x9c,0xf7,0x77,0xde,0x96,0xe6,0x97,0xe6,0x9c,0xf7,0x9c,0xf7,0x9c,0xf7,0x9c,0xf7,0x9c,0xf7,
    0x97,0xde,0x97,0xe6,0x9c,0xf7,0x9c,0xf7,0x9c,0xf7,0x9c,0xf7,0x9c,0xf7,0x9c,0xf7,0x9c,0xf7,0x9c,0xf7,0x9c,0xf7,0x9c,0xf7,0x9c,0xf7,0x9c,0xf7,0x9c,0xf7,0x9c,0xf7,
    0x9c,0xf7,0x9c,0xf7,0x9c,0xf7,0x9c,0xf7,0x9c,0xf7,0x9c,0xf7,0x9c,0xf7,0x9c,0xf7,0x9c,0xf7,0x9c,0xf7,0x9c,0xf7,0x9c,0xf7,0x9c,0xf7,0x9c,0xf7,0x9c,0xf7,0x9c,0xf7,
    0x9c,0xf7,0x9c,0xf7,0x9c,0xf7,0x9c,0xf7,0x9c,0xf7,0x9c,0xf7,0x9c,0xf7,0x9c,0xf7,0x9c,0xf7,0x9c,0xf7,0x9c,0xf7,0x9c,0xf7,0x9c,0xf7,0xa8,0x42,0xe9,0x4a,0x29,0x4b,
    0x29,0x53,0x29,0x4b,0x29,0x53,0x29,0x53,0x29,0x4b,0x27,0x32,0x27,0x2a,0x27,0x2a,0x27,0x32,0x47,0x32,0x29,0x53,0x49,0x53,0x29,0x53,0x29,0x4b,0x29,0x4b,0x29,0x4b,
    0x09,0x4b,0x9c,0xf7,0x9c,0xf7,0x9c,0xf7,0x9c,0xf7,0x9c,0xf7,0x9c,0xf7,0x46,0x2a,0x67,0x32,0x9c,0xf7,0x9c,0xf7,0x9c,0xf7,0x9c,0xf7,0x9c,0xf7,0x9c,0xf7,0x9c,0xf7,
    0x9c,0xf7,0x6a,0x5b,0x08,0x4b,0x29,0x53,0x29,0x53,0x29,0x53,0x29,0x53,0x29,0x53,0x49,0x53,0x49,0x53,0x49,0x53,0x9c,0xf7,0x9c,0xf7,0x9c,0xf7,0x9c,0xf7,0x9c,0xf7,
    0x9c,0xf7,0x9c,0xf7,0x9c,0xf7,0x9c,0xf7,0x9c,0xf7,0x4a,0x3a,0xe9,0x29,0xe8,0x72,0xeb,0xe4,0x0b,0xed,0xaa,0xdc,0x8a,0xd4,0x8a,0xd4,0x6a,0xd4,0x6a,0xd4,0x6a,0xd4,
    0x6a,0xd4,0x8a,0xd4,0x29,0xcc,0x09,0xc4,0x27,0x09,0x27,0x11,0x9c,0xf7,0x9c,0xf7,0x9c,0xf7,0x9c,0xf7,0x9c,0xf7,0x9c,0xf7,0x9c,0xf7,0x9c,0xf7,0x9c,0xf7,0x9c,0xf7,
    0x9c,0xf7,0x9c,0xf7,0x9c,0xf7,0x9c,0xf7,0x9c,0xf7,0x9c,0xf7,0x9c,0xf7,0x9c,0xf7,0x9c,0xf7,0x9c,0xf7,0x9c,0xf7,0x9c,0xf7,0x9c,0xf7,0x9c,0xf7,0x26,0x11,0x26,0x11,
    0xe8,0x72,0x4a,0xcc,0x6a,0xcc,0x6a,0xd4,0xb3,0xed,0x72,0xe5,0x9c,0xf7,0xd8,0xf6,0x51,0xe5,0x07,0xab,0x07,0xab,0x09,0xcc,0x29,0xcc,0x8a,0xd4,0x6a,0xd4,0x6a,0xcc,
    0x4a,0xcc,0x6a,0xd4,0x6a,0xd4,0x8a,0xd4,0x6a,0xd4,0x9c,0xf7,0x9c,0xf7,0x9c,0xf7,0x69,0x52,0x89,0x52,0x89,0x52,0x89,0x52,0x69,0x52,0x69,0x4a,0x69,0x4a,0x87,0x29,
    0x66,0x21,0xb3,0xf5,0xf3,0xfd,0xb3,0xf5,0xcc,0xd3,0x0d,0xdc,0x46,0x19,0x47,0x19,0x9c,0xf7,0x9c,0xf7,0x9c,0xf7,0x9c,0xf7,0x9c,0xf7,0x9c,0xf7,0x9c,0xf7,0x9c,0xf7,
    0x9c,0xf7,0x9c,0xf7,0x9c,0xf7,0x9c,0xf7,0x9c,0xf7,0x9c,0xf7,0x9c,0xf7,0x9c,0xf7,0x9c,0xf7,0x9c,0xf7,0x9c,0xf7,0x9c,0xf7,0x9c,0xf7,0x9c,0xf7,0x9c,0xf7,0x9c,0xf7,
    0x9c,0xf7,0x9c,0xf7,0x9c,0xf7,0x9c,0xf7,0x9c,0xf7,0x9c,0xf7,0x9c,0xf7,0x9c,0xf7,0x9c,0xf7,0x9c,0xf7,0x9c,0xf7,0x9c,0xf7,0x9c,0xf7,0x9c,0xf7,0xf4,0xd5,0x9c,0xf7,
    0x9c,0xf7,0x9c,0xf7,0x9c,0xf7,0x9c,0xf7,0x9c,0xf7,0x9c,0xf7,0xf4,0xd5,0xf4,0xd5,0x9c,0xf7,0x9c,0xf7,0x9c,0xf7,0x9c,0xf7,0x9c,0xf7,0x9c,0xf7,0x9c,0xf7,0x9c,0xf7,
    0x9c,0xf7,0x9c,0xf7,0x9c,0xf7,0x9c,0xf7,0x9c,0xf7,0x9c,0xf7,0x9c,0xf7,0x9c,0xf7,0x9c,0xf7,0x9c,0xf7,0x9c,0xf7,0x9c,0xf7,0x9c,0xf7,0x9c,0xf7,0x9c,0xf7,0x9c,0xf7,
    0x9c,0xf7,0x9c,0xf7,0x9c,0xf7,0x9c,0xf7,0x9c,0xf7,0x9c,0xf7,0x9c,0xf7,0x9c,0xf7,0x9c,0xf7,0x9c,0xf7,0x9c,0xf7,0x9c,0xf7,0x9c,0xf7,0x9c,0xf7,0x9c,0xf7,0x9c,0xf7,
    0x9c,0xf7,0x9c,0xf7,0x9c,0xf7,0x9c,0xf7,0xa8,0x3a,0x87,0x3a,0x29,0x4b,0x29,0x4b,0x29,0x53,0x29,0x4b,0x29,0x53,0x29,0x4b,0x29,0x53,0x47,0x32,0x47,0x32,0x27,0x32,
    0x09,0x4b,0x29,0x53,0x29,0x53,0x29,0x53,0x29,0x4b,0x29,0x4b,0x29,0x4b,0x29,0x4b,0x29,0x4b,0x9c,0xf7,0x8c,0x63,0x8c,0x63,0x6b,0x5b,0x98,0xd6,0x98,0xd6,0x9c,0xf7,
    0x9c,0xf7,0x9c,0xf7,0x9c,0xf7,0x9c,0xf7,0xcd,0x6b,0x0d,0x74,0x0d,0x6c,0x49,0x53,0x29,0x4b,0x29,0x4b,0x29,0x53,0x29,0x4b,0x29,0x4b,0x29,0x53,0x49,0x53,0x29,0x53,
    0x29,0x4b,0x0d,0x74,0x0d,0x6c,0xed,0x6b,0x94,0xb5,0x9c,0xf7,0x9c,0xf7,0x9c,0xf7,0x9c,0xf7,0x9c,0xf7,0x9c,0xf7,0xb9,0xd6,0x99,0xd6,0xb9,0xe6,0x28,0x42,0x48,0x4a,
    0x07,0x4a,0xcc,0xd4,0x8a,0xd4,0x6a,0xd4,0x6a,0xd4,0x8a,0xd4,0x8a,0xd4,0x6a,0xd4,0x6a,0xcc,0xe8,0xc3,0x48,0xa3,0x69,0xa3,0x6b,0x42,0x8b,0x42,0x9c,0xf7,0x9c,0xf7,
    0x9c,0xf7,0x9c,0xf7,0x9c,0xf7,0x9c,0xf7,0x9c,0xf7,0x9c,0xf7,0x9c,0xf7,0x9c,0xf7,0x9c,0xf7,0x9c,0xf7,0x9c,0xf7,0x9c,0xf7,0x9c,0xf7,0x9c,0xf7,0x9c,0xf7,0x9c,0xf7,
    0x9c,0xf7,0x9c,0xf7,0x9c,0xf7,0x9c,0xf7,0x47,0x19,0x46,0x19,0x08,0x7b,0x49,0xcc,0x4a,0xcc,0x6a,0xd4,0xb2,0xe5,0xb2,0xe5,0x0b,0xc4,0xeb,0xc3,0xa9,0xbb,0x4a,0xcc,
    0x4a,0xcc,0x6a,0xd4,0x6a,0xd4,0x6a,0xd4,0x8a,0xd4,0x6a,0xd4,0x6a,0xd4,0x6a,0xd4,0x6a,0xd4,0x8a,0xd4,0x6a,0xd4,0x9c,0xf7,0x9c,0xf7,0x9c,0xf7,0xaa,0x5a,0xaa,0x52,
    0x89,0x52,0x89,0x52,0x89,0x52,0x8a,0x52,0x8a,0x52,0x49,0x4a,0x49,0x4a,0x6a,0x4a,0x8a,0x52,0x69,0x52,0x8b,0xc3,0x0d,0xdc,0x47,0x19,0x46,0x19,0x9c,0xf7,0x9c,0xf7,
    0x9c,0xf7,0x9c,0xf7,0x9c,0xf7,0x9c,0xf7,0x9c,0xf7,0x9c,0xf7,0x9c,0xf7,0x9c,0xf7,0x9c,0xf7,0x9c,0xf7,0x9c,0xf7,0x9c,0xf7,0x9c,0xf7,0x9c,0xf7,0x9c,0xf7,0x9c,0xf7,
    0x9c,0xf7,0x9c,0xf7,0x9c,0xf7,0x9c,0xf7,0x9c,0xf7,0x9c,0xf7,0x9c,0xf7,0x9c,0xf7,0x9c,0xf7,0x9c,0xf7,0x9c,0xf7,0x9c,0xf7,0x9c,0xf7,0x9c,0xf7,0x9c,0xf7,0x9c,0xf7,
    0x9c,0xf7,0x9c,0xf7,0x9c,0xf7,0x9c,0xf7,0xf4,0xcd,0x97,0xe6,0x9c,0xf7,0x9c,0xf7,0x9c,0xf7,0x9c,0xf7,0x9c,0xf7,0x9c,0xf7,0x9c,0xf7,0x9c,0xf7,0xd3,0xd5,0xf4,0xd5,
    0x9c,0xf7,0x9c,0xf7,0x9c,0xf7,0x9c,0xf7,0x9c,0xf7,0x9c,0xf7,0x9c,0xf7,0x9c,0xf7,0x9c,0xf7,0x9c,0xf7,0x9c,0xf7,0x9c,0xf7,0x9c,0xf7,0x9c,0xf7,0x9c,0xf7,0x9c,0xf7,
    0x9c,0xf7,0x9c,0xf7,0x9c,0xf7,0x9c,0xf7,0x9c,0xf7,0x9c,0xf7,0x9c,0xf7,0x9c,0xf7,0x9c,0xf7,0x9c,0xf7,0x9c,0xf7,0x9c,0xf7,0x9c,0xf7,0x9c,0xf7,0x9c,0xf7,0x9c,0xf7,
    0x9c,0xf7,0x9c,0xf7,0x9c,0xf7,0x9c,0xf7,0x9c,0xf7,0x9c,0xf7,0x9c,0xf7,0x9c,0xf7,0x9c,0xf7,0x9c,0xf7,0xc8,0x42,0x87,0x3a,0x29,0x4b,0x29,0x4b,0x29,0x53,0x29,0x53,
    0x29,0x53,0x29,0x53,0x29,0x4b,0x47,0x32,0x47,0x32,0x47,0x32,0x88,0x3a,0xa8,0x42,0x29,0x53,0x29,0x53,0x29,0x4b,0x29,0x4b,0x29,0x4b,0x29,0x4b,0x29,0x53,0x9c,0xf7,
    0x47,0x32,0x46,0x2a,0xa4,0x19,0x9c,0xf7,0x9c,0xf7,0x9c,0xf7,0x9c,0xf7,0x9c,0xf7,0x9c,0xf7,0x9c,0xf7,0xc7,0x3a,0xc7,0x42,0xc7,0x42,0x29,0x4b,0x29,0x53,0x49,0x53,
    0x49,0x53,0x49,0x53,0x49,0x53,0x49,0x53,0x29,0x4b,0x29,0x53,0x29,0x4b,0xc7,0x42,0xc7,0x42,0xc7,0x42,0x8b,0x5b,0xd9,0xde,0x9c,0xf7,0x9c,0xf7,0x9c,0xf7,0x9c,0xf7,
    0x9c,0xf7,0x9c,0xf7,0x9c,0xf7,0x9c,0xf7,0x44,0x00,0x23,0x00,0x45,0x21,0x8e,0xed,0x6a,0xd4,0x6a,0xd4,0x6a,0xd4,0x8a,0xd4,0x8a,0xd4,0x6a,0xd4,0x6a,0xd4,0xa8,0xc3,
    0xe8,0xcb,0x08,0xd4,0xc5,0x00,0xc5,0x00,0x9c,0xf7,0x9c,0xf7,0x9c,0xf7,0x9c,0xf7,0x9c,0xf7,0x9c,0xf7,0x9c,0xf7,0x9c,0xf7,0x9c,0xf7,0x9c,0xf7,0x9c,0xf7,0x9c,0xf7,
    0x9c,0xf7,0x9c,0xf7,0x9c,0xf7,0x9c,0xf7,0x9c,0xf7,0x9c,0xf7,0x9c,0xf7,0x9c,0xf7,0xfe,0xff,0x9c,0xf7,0x26,0x11,0x26,0x11,0xe8,0x72,0x6a,0xd4,0x6a,0xd4,0x6a,0xd4,
    0xd3,0xe5,0xd3,0xe5,0x85,0xaa,0xa7,0xc3,0xe9,0xc3,0x8a,0xd4,0x8a,0xd4,0x8a,0xd4,0x6a,0xd4,0x6a,0xd4,0x6a,0xd4,0x6a,0xd4,0x6a,0xd4,0x6a,0xd4,0x6a,0xd4,0x6a,0xd4,
    0x6a,0xd4,0x9c,0xf7,0x9c,0xf7,0x9c,0xf7,0x08,0x42,0xe7,0x41,0x69,0x52,0x89,0x52,0x89,0x52,0x89,0x52,0x8a,0x52,0x8a,0x52,0x8a,0x52,0x05,0x09,0x46,0x19,0xa7,0x29,
    0x0c,0xdc,0x2d,0xec,0x26,0x19,0x46,0x19,0x9c,0xf7,0x9c,0xf7,0x9c,0xf7,0x9c,0xf7,0x9c,0xf7,0x9c,0xf7,0x9c,0xf7,0x9c,0xf7,0x9c,0xf7,0x9c,0xf7,0x9c,0xf7,0x9c,0xf7,
    0x9c,0xf7,0x9c,0xf7,0x9c,0xf7,0x9c,0xf7,0x9c,0xf7,0x9c,0xf7,0x9c,0xf7,0x9c,0xf7,0x9c,0xf7,0x9c,0xf7,0x9c,0xf7,0x9c,0xf7,0x9c,0xf7,0x9c,0xf7,0x9c,0xf7,0x9c,0xf7,
    0x9c,0xf7,0x9c,0xf7,0x9c,0xf7,0x9c,0xf7,0x9c,0xf7,0x9c,0xf7,0x9c,0xf7,0x9c,0xf7,0x9c,0xf7,0x9c,0xf7,0xd4,0xcd,0x97,0xde,0x9c,0xf7,0x9c,0xf7,0x9c,0xf7,0x9c,0xf7,
    0x9c,0xf7,0x9c,0xf7,0x9c,0xf7,0x9c,0xf7,0xf4,0xd5,0xf4,0xd5,0x9c,0xf7,0x9c,0xf7,0x9c,0xf7,0x9c,0xf7,0x9c,0xf7,0x9c,0xf7,0x9c,0xf7,0x9c,0xf7,0x9c,0xf7,0x9c,0xf7,
    0x9c,0xf7,0x9c,0xf7,0x9c,0xf7,0x9c,0xf7,0x9c,0xf7,0x9c,0xf7,0x9c,0xf7,0x9c,0xf7,0x9c,0xf7,0x9c,0xf7,0x9c,0xf7,0x9c,0xf7,0x9c,0xf7,0x9c,0xf7,0x9c,0xf7,0x9c,0xf7,
    0x9c,0xf7,0x9c,0xf7,0x9c,0xf7,0x9c,0xf7,0x9c,0xf7,0x9c,0xf7,0x9c,0xf7,0x9c,0xf7,0x9c,0xf7,0x9c,0xf7,0x9c,0xf7,0x9c,0xf7,0x9c,0xf7,0x9c,0xf7,0x9c,0xf7,0x9c,0xf7,
    0x09,0x4b,0x09,0x4b,0x09,0x4b,0x29,0x4b,0x29,0x53,0x29,0x4b,0x29,0x4b,0x29,0x53,0x29,0x4b,0x09,0x4b,0xa8,0x42,0x47,0x32,0x47,0x32,0x47,0x32,0x29,0x53,0x29,0x4b,
    0x29,0x4b,0x29,0x4b,0x29,0x4b,0x29,0x4b,0x29,0x4b,0x9c,0xf7,0xc8,0x42,0xa8,0x42,0x8c,0x63,0x9c,0xf7,0x9c,0xf7,0x9c,0xf7,0x9c,0xf7,0x9c,0xf7,0x52,0x9d,0x32,0x9d,
    0x49,0x53,0x29,0x53,0x29,0x4b,0xa8,0x42,0xa8,0x42,0xc8,0x42,0xc8,0x42,0xa8,0x42,0xa8,0x42,0xc8,0x42,0x49,0x53,0x29,0x53,0x29,0x53,0x49,0x53,0x49,0x53,0x49,0x53,
    0x09,0x4b,0x2e,0x7c,0x32,0x9d,0x9c,0xf7,0x9c,0xf7,0x9c,0xf7,0x9c,0xf7,0x9c,0xf7,0x9c,0xf7,0x9c,0xf7,0x92,0x94,0x91,0x94,0x66,0x21,0x0a,0x73,0xaa,0xdc,0x6a,0xd4,
    0x6a,0xd4,0x6a,0xd4,0x6a,0xd4,0x6a,0xd4,0x6a,0xd4,0x29,0xcc,0x09,0xc4,0x09,0xc4,0x67,0x19,0x67,0x19,0x9c,0xf7,0x9c,0xf7,0x9c,0xf7,0x9c,0xf7,0x9c,0xf7,0x9c,0xf7,
    0x9c,0xf7,0x9c,0xf7,0x9c,0xf7,0x9c,0xf7,0x9c,0xf7,0x9c,0xf7,0x9c,0xf7,0x9c,0xf7,0x9c,0xf7,0x9c,0xf7,0x9c,0xf7,0x9c,0xf7,0x9c,0xf7,0x9c,0xf7,0x31,0x84,0x51,0x84,
    0x46,0x19,0x46,0x19,0xa9,0xa3,0x6a,0xd4,0x6a,0xd4,0x8a,0xd4,0x0e,0xdd,0x0d,0xdd,0xe9,0xc3,0x8a,0xd4,0x8a,0xd4,0x6a,0xd4,0x6a,0xd4,0x8a,0xd4,0x8a,0xd4,0x8a,0xd4,
    0x8a,0xd4,0x6a,0xd4,0x6a,0xd4,0x6a,0xd4,0x6a,0xd4,0x8a,0xd4,0x6a,0xd4,0x9c,0xf7,0x9c,0xf7,0x9c,0xf7,0x13,0xad,0x33,0xa5,0xca,0x5a,0xaa,0x5a,0x8a,0x52,0x89,0x52,
    0x8a,0x52,0x89,0x52,0x69,0x52,0x08,0x42,0xe8,0x39,0xe8,0x39,0xca,0x82,0xca,0x82,0x46,0x19,0x87,0x21,0x9c,0xf7,0x9c,0xf7,0x9c,0xf7,0x9c,0xf7,0x9c,0xf7,0x9c,0xf7,
    0x9c,0xf7,0x9c,0xf7,0x9c,0xf7,0x9c,0xf7,0x9c,0xf7,0x9c,0xf7,0x9c,0xf7,0x9c,0xf7,0x9c,0xf7,0x9c,0xf7,0x9c,0xf7,0x9c,0xf7,0x9c,0xf7,0x9c,0xf7,0x9c,0xf7,0x9c,0xf7,
    0x9c,0xf7,0x9c,0xf7,0x9c,0xf7,0x9c,0xf7,0x9c,0xf7,0x9c,0xf7,0x9c,0xf7,0x9c,0xf7,0x9c,0xf7,0x9c,0xf7,0x9c,0xf7,0x9c,0xf7,0x9c,0xf7,0x9c,0xf7,0x9c,0xf7,0x9c,0xf7,
    0x9c,0xf7,0x35,0xde,0xf4,0xd5,0x9c,0xf7,0x9c,0xf7,0x9c,0xf7,0x9c,0xf7,0x9c,0xf7,0x9c,0xf7,0x9c,0xf7,0xf4,0xd5,0x15,0xd6,0x9c,0xf7,0x9c,0xf7,0x9c,0xf7,0x9c,0xf7,
    0x9c,0xf7,0x9c,0xf7,0x9c,0xf7,0x9c,0xf7,0x9c,0xf7,0x9c,0xf7,0x9c,0xf7,0x9c,0xf7,0x9c,0xf7,0x9c,0xf7,0x9c,0xf7,0x9c,0xf7,0x9c,0xf7,0x9c,0xf7,0x9c,0xf7,0x9c,0xf7,
    0x9c,0xf7,0x9c,0xf7,0x9c,0xf7,0x9c,0xf7,0x9c,0xf7,0x9c,0xf7,0x9c,0xf7,0x9c,0xf7,0x9c,0xf7,0x9c,0xf7,0x9c,0xf7,0x9c,0xf7,0x9c,0xf7,0x9c,0xf7,0x9c,0xf7,0x9c,0xf7,
    0x9c,0xf7,0x9c,0xf7,0x9c,0xf7,0x9c,0xf7,0x9c,0xf7,0x9c,0xf7,0x29,0x4b,0x09,0x4b,0x09,0x4b,0x29,0x4b,0x29,0x4b,0x29,0x4b,0x29,0x53,0x29,0x53,0x29,0x53,0x29,0x4b,
    0xe9,0x42,0x67,0x32,0x47,0x32,0x27,0x32,0x29,0x53,0x29,0x4b,0x29,0x4b,0x29,0x4b,0x29,0x4b,0x29,0x4b,0x29,0x4b,0x9c,0xf7,0x88,0x3a,0x87,0x3a,0xd1,0x8c,0x9c,0xf7,
    0x9c,0xf7,0x9c,0xf7,0x9c,0xf7,0x9c,0xf7,0xa7,0x3a,0x87,0x3a,0x29,0x53,0x09,0x4b,0xe9,0x4a,0x47,0x32,0x47,0x32,0x27,0x2a,0x06,0x2a,0x06,0x2a,0x06,0x2a,0x26,0x2a,
    0x49,0x53,0x29,0x4b,0x29,0x4b,0x29,0x53,0x29,0x4b,0x29,0x4b,0x29,0x53,0xc7,0x42,0x87,0x3a,0xd5,0xb5,0x9c,0xf7,0x9c,0xf7,0x9c,0xf7,0x9c,0xf7,0x9c,0xf7,0x9c,0xf7,
    0xfe,0xff,0xff,0xff,0x47,0x11,0xc6,0x00,0xcb,0xe4,0x6a,0xd4,0x6a,0xd4,0x6a,0xd4,0x6a,0xd4,0x6a,0xd4,0x6a,0xd4,0x8a,0xd4,0x8a,0xd4,0x8a,0xcc,0x26,0x11,0x46,0x19,
    0x9c,0xf7,0x9c,0xf7,0x9c,0xf7,0x9c,0xf7,0x9c,0xf7,0x9c,0xf7,0x9c,0xf7,0x9c,0xf7,0x9c,0xf7,0x9c,0xf7,0x9c,0xf7,0x9c,0xf7,0x9c,0xf7,0x9c,0xf7,0x9c,0xf7,0x9c,0xf7,
    0x9c,0xf7,0x9c,0xf7,0x9c,0xf7,0x9c,0xf7,0x84,0x00,0xa4,0x00,0x06,0x09,0x06,0x09,0x29,0xd4,0x6a,0xd4,0x6a,0xd4,0x8a,0xd4,0x49,0xd4,0x49,0xd4,0xaa,0xd4,0x6a,0xd4,
    0x6a,0xd4,0x6a,0xd4,0x6a,0xd4,0x8a,0xd4,0x6a,0xd4,0x8a,0xd4,0x6a,0xd4,0x6a,0xd4,0x6a,0xd4,0x6a,0xd4,0x6a,0xd4,0x28,0xcc,0x28,0xcc,0x9c,0xf7,0x9c,0xf7,0x9c,0xf7,
    0x9c,0xf7,0x9c,0xf7,0x08,0x42,0x08,0x42,0xaa,0x52,0x8a,0x52,0x89,0x52,0x89,0x52,0x89,0x52,0x8a,0x5a,0xc8,0x31,0x66,0x21,0x87,0x21,0x87,0x21,0x67,0x19,0xa5,0x00,
    0x9c,0xf7,0x9c,0xf7,0x9c,0xf7,0x9c,0xf7,0x9c,0xf7,0x9c,0xf7,0x9c,0xf7,0x9c,0xf7,0x9c,0xf7,0x9c,0xf7,0x9c,0xf7,0x9c,0xf7,0x9c,0xf7,0x9c,0xf7,0x9c,0xf7,0x9c,0xf7,
    0x9c,0xf7,0x9c,0xf7,0x9c,0xf7,0x9c,0xf7,0x9c,0xf7,0x9c,0xf7,0x9c,0xf7,0x9c,0xf7,0x9c,0xf7,0x9c,0xf7,0x9c,0xf7,0x9c,0xf7,0x9c,0xf7,0x9c,0xf7,0x9c,0xf7,0x9c,0xf7,
    0x9c,0xf7,0x9c,0xf7,0x9c,0xf7,0x9c,0xf7,0x9c,0xf7,0x9c,0xf7,0x9c,0xf7,0x15,0xd6,0xd4,0xd5,0x9c,0xf7,0x9c,0xf7,0x9c,0xf7,0x9c,0xf7,0x9c,0xf7,0x9c,0xf7,0x9c,0xf7,
    0xf4,0xd5,0xf4,0xd5,0x9c,0xf7,0x9c,0xf7,0x9c,0xf7,0x9c,0xf7,0x9c,0xf7,0x9c,0xf7,0x9c,0xf7,0x9c,0xf7,0x9c,0xf7,0x9c,0xf7,0x9c,0xf7,0x9c,0xf7,0x9c,0xf7,0x9c,0xf7,
    0x9c,0xf7,0x9c,0xf7,0x9c,0xf7,0x9c,0xf7,0x9c,0xf7,0x9c,0xf7,0x9c,0xf7,0x9c,0xf7,0x9c,0xf7,0x9c,0xf7,0x9c,0xf7,0x9c,0xf7,0x9c,0xf7,0x9c,0xf7,0x9c,0xf7,0x9c,0xf7,
    0x9c,0xf7,0x9c,0xf7,0x9c,0xf7,0x9c,0xf7,0x9c,0xf7,0x9c,0xf7,0x9c,0xf7,0x9c,0xf7,0x9c,0xf7,0x9c,0xf7,0x9c,0xf7,0x9c,0xf7,0x09,0x4b,0x09,0x4b,0x29,0x53,0x29,0x4b,
    0x29,0x4b,0x29,0x4b,0x29,0x53,0x29,0x53,0x29,0x53,0x29,0x53,0x29,0x4b,0x09,0x4b,0x27,0x32,0x47,0x32,0xc8,0x42,0xe8,0x42,0x29,0x4b,0x29,0x4b,0x29,0x4b,0x29,0x4b,
    0x29,0x4b,0x9c,0xf7,0xa8,0x42,0x88,0x3a,0x6f,0x84,0x9c,0xf7,0x9c,0xf7,0x9c,0xf7,0x9c,0xf7,0x9c,0xf7,0x4a,0x53,0x4a,0x53,0xe9,0x4a,0xe9,0x4a,0xc8,0x42,0x67,0x32,
    0x67,0x32,0x87,0x3a,0x67,0x3a,0x88,0x3a,0x88,0x3a,0x88,0x3a,0x09,0x4b,0x09,0x4b,0x09,0x4b,0x29,0x53,0x29,0x53,0x29,0x4b,0x29,0x4b,0x49,0x53,0x49,0x53,0xa7,0x3a,
    0x77,0xce,0x57,0xce,0x9c,0xf7,0x9c,0xf7,0x9c,0xf7,0x9c,0xf7,0x9c,0xf7,0x9c,0xf7,0x47,0x11,0x67,0x19,0xca,0xe4,0x6a,0xd4,0x6a,0xd4,0x6a,0xd4,0x6a,0xd4,0x6a,0xd4,
    0x6a,0xd4,0x29,0xcc,0x29,0xcc,0x09,0xc4,0x46,0x19,0x47,0x19,0x9c,0xf7,0x9c,0xf7,0x9c,0xf7,0x9c,0xf7,0x9c,0xf7,0x9c,0xf7,0x9c,0xf7,0x9c,0xf7,0x9c,0xf7,0x9c,0xf7,
    0x9c,0xf7,0x9c,0xf7,0x9c,0xf7,0x9c,0xf7,0x9c,0xf7,0x9c,0xf7,0x9c,0xf7,0x9c,0xf7,0x9c,0xf7,0x9c,0xf7,0x67,0x19,0x67,0x19,0xa6,0x39,0x07,0x42,0xe9,0xc3,0x6a,0xd4,
    0x6a,0xd4,0x6a,0xd4,0x8a,0xd4,0x6a,0xd4,0x6a,0xd4,0x6a,0xd4,0x6a,0xd4,0x6a,0xd4,0x6a,0xd4,0x6a,0xd4,0x6a,0xd4,0x8a,0xd4,0x6a,0xd4,0x6a,0xd4,0x6a,0xd4,0x6a,0xd4,
    0x6a,0xcc,0x0e,0xd5,0x2e,0xdd,0x9c,0xf7,0x9c,0xf7,0x9c,0xf7,0x9c,0xf7,0x9c,0xf7,0xae,0x7b,0xce,0x7b,0x8a,0x52,0x8a,0x52,0x89,0x52,0x89,0x52,0x89,0x52,0x69,0x52,
    0xc8,0x39,0xa7,0x31,0x87,0x29,0x87,0x29,0x46,0x19,0xab,0x4a,0x9c,0xf7,0x9c,0xf7,0x9c,0xf7,0x9c,0xf7,0x9c,0xf7,0x9c,0xf7,0x9c,0xf7,0x9c,0xf7,0x9c,0xf7,0x9c,0xf7,
    0x9c,0xf7,0x9c,0xf7,0x9c,0xf7,0x9c,0xf7,0x9c,0xf7,0x9c,0xf7,0x9c,0xf7,0x9c,0xf7,0x9c,0xf7,0x9c,0xf7,0x9c,0xf7,0x9c,0xf7,0x9c,0xf7,0x9c,0xf7,0x9c,0xf7,0x9c,0xf7,
    0x9c,0xf7,0x9c,0xf7,0x9c,0xf7,0x9c,0xf7,0x9c,0xf7,0x9c,0xf7,0x9c,0xf7,0x9c,0xf7,0x9c,0xf7,0x9c,0xf7,0x9c,0xf7,0x9c,0xf7,0x9c,0xf7,0x9c,0xf7,0x9c,0xf7,0xf4,0xd5,
    0x14,0xd6,0x9c,0xf7,0x9c,0xf7,0x9c,0xf7,0x9c,0xf7,0x9c,0xf7,0xf4,0xd5,0xf4,0xd5,0x9c,0xf7,0x9c,0xf7,0x9c,0xf7,0x9c,0xf7,0x9c,0xf7,0x9c,0xf7,0x9c,0xf7,0x9c,0xf7,
    0x9c,0xf7,0x9c,0xf7,0x9c,0xf7,0x9c,0xf7,0x9c,0xf7,0x9c,0xf7,0x9c,0xf7,0x9c,0xf7,0x9c,0xf7,0x9c,0xf7,0x9c,0xf7,0x9c,0xf7,0x9c,0xf7,0x9c,0xf7,0x9c,0xf7,0x9c,0xf7,
    0x9c,0xf7,0x9c,0xf7,0x9c,0xf7,0x9c,0xf7,0x9c,0xf7,0x9c,0xf7,0x9c,0xf7,0x9c,0xf7,0x9c,0xf7,0x9c,0xf7,0x9c,0xf7,0x9c,0xf7,0x9c,0xf7,0x9c,0xf7,0x9c,0xf7,0x9c,0xf7,
    0x9c,0xf7,0x9c,0xf7,0x9c,0xf7,0x9c,0xf7,0x29,0x53,0x29,0x4b,0x29,0x53,0x29,0x53,0x29,0x53,0x29,0x53,0x29,0x53,0x29,0x53,0x29,0x53,0x29,0x53,0x47,0x32,0x27,0x32,
    0x27,0x32,0x47,0x32,0x29,0x53,0x29,0x53,0x29,0x4b,0x29,0x53,0x29,0x4b,0x9c,0xf7,0xa8,0x3a,0x88,0x3a,0x6f,0x84,0x9c,0xf7,0x9c,0xf7,0x9c,0xf7,0x9c,0xf7,0x9c,0xf7,
    0x29,0x4b,0x09,0x4b,0x27,0x32,0x47,0x32,0x67,0x32,0x67,0x32,0x67,0x32,0x4a,0x53,0x49,0x53,0x49,0x53,0x49,0x53,0x49,0x53,0x09,0x4b,0x09,0x4b,0x09,0x4b,0x29,0x4b,
    0x29,0x53,0x29,0x53,0x29,0x53,0x29,0x4b,0x09,0x4b,0x29,0x53,0xe8,0x42,0x25,0x2a,0x9c,0xf7,0x9c,0xf7,0x9c,0xf7,0x9c,0xf7,0x9c,0xf7,0x9c,0xf7,0x47,0x11,0x46,0x19,
    0xaa,0xe4,0x6a,0xd4,0x6a,0xd4,0x6a,0xd4,0x6a,0xd4,0x6a,0xd4,0x6a,0xd4,0xc8,0xc3,0xc8,0xc3,0x07,0x8b,0x46,0x19,0x46,0x19,0x9c,0xf7,0x9c,0xf7,0x9c,0xf7,0x9c,0xf7,
    0x9c,0xf7,0x9c,0xf7,0x9c,0xf7,0x9c,0xf7,0x9c,0xf7,0x9c,0xf7,0x9c,0xf7,0x9c,0xf7,0x9c,0xf7,0x9c,0xf7,0x9c,0xf7,0x9c,0xf7,0x9c,0xf7,0x9c,0xf7,0x9c,0xf7,0x9c,0xf7,
    0x26,0x11,0x46,0x11,0x88,0x9b,0x8a,0xdc,0x6a,0xd4,0x6a,0xd4,0x6a,0xd4,0x6a,0xd4,0x6a,0xd4,0x6a,0xd4,0x6a,0xd4,0x8a,0xd4,0x6a,0xd4,0x8a,0xd4,0x6a,0xd4,0x6a,0xd4,
    0x6a,0xd4,0x6a,0xd4,0x6a,0xd4,0x6a,0xd4,0x6a,0xd4,0x8a,0xd4,0x6a,0xd4,0x9c,0xf7,0x9c,0xf7,0x9c,0xf7,0x9c,0xf7,0x9c,0xf7,0x9c,0xf7,0x9c,0xf7,0x9c,0xf7,0x9c,0xf7,
    0x89,0x52,0x8a,0x52,0x89,0x52,0x89,0x52,0x89,0x52,0x69,0x52,0x89,0x52,0x69,0x52,0x26,0x11,0x26,0x19,0x26,0x11,0x9c,0xf7,0x9c,0xf7,0x9c,0xf7,0x9c,0xf7,0x9c,0xf7,
    0x9c,0xf7,0x9c,0xf7,0x9c,0xf7,0x9c,0xf7,0x9c,0xf7,0x9c,0xf7,0x9c,0xf7,0x9c,0xf7,0x9c,0xf7,0x9c,0xf7,0x9c,0xf7,0x9c,0xf7,0x9c,0xf7,0x9c,0xf7,0x9c,0xf7,0x9c,0xf7,
    0x9c,0xf7,0x9c,0xf7,0x9c,0xf7,0x9c,0xf7,0x9c,0xf7,0x9c,0xf7,0x9c,0xf7,0x9c,0xf7,0x9c,0xf7,0x9c,0xf7,0x9c,0xf7,0x9c,0xf7,0x9c,0xf7,0x9c,0xf7,0x9c,0xf7,0x9c,0xf7,
    0x9c,0xf7,0x9c,0xf7,0x9c,0xf7,0x9c,0xf7,0x9c,0xf7,0xf4,0xd5,0xf4,0xd5,0x9c,0xf7,0x9c,0xf7,0x9c,0xf7,0x9c,0xf7,0x9c,0xf7,0xf4,0xd5,0xf4,0xd5,0x9c,0xf7,0x9c,0xf7,
    0x9c,0xf7,0x9c,0xf7,0x9c,0xf7,0x9c,0xf7,0x9c,0xf7,0x9c,0xf7,0x9c,0xf7,0x9c,0xf7,0x9c,0xf7,0x9c,0xf7,0x9c,0xf7,0x9c,0xf7,0x9c,0xf7,0x9c,0xf7,0x9c,0xf7,0x9c,0xf7,
    0x9c,0xf7,0x9c,0xf7,0x9c,0xf7,0x9c,0xf7,0x9c,0xf7,0x9c,0xf7,0x9c,0xf7,0x9c,0xf7,0x9c,0xf7,0x9c,0xf7,0x9c,0xf7,0x9c,0xf7,0x9c,0xf7,0x9c,0xf7,0x9c,0xf7,0x9c,0xf7,
    0x9c,0xf7,0x9c,0xf7,0x9c,0xf7,0x9c,0xf7,0x9c,0xf7,0x9c,0xf7,0x9c,0xf7,0x9c,0xf7,0x9c,0xf7,0x9c,0xf7,0x29,0x53,0x29,0x4b,0x29,0x4b,0x29,0x53,0x29,0x53,0x29,0x53,
    0x29,0x53,0x29,0x53,0x29,0x53,0x29,0x4b,0x09,0x4b,0x09,0x4b,0x27,0x32,0x47,0x32,0x49,0x53,0x49,0x53,0x29,0x53,0x29,0x53,0x29,0x53,0x9c,0xf7,0xa8,0x3a,0x88,0x3a,
    0x90,0x84,0x9c,0xf7,0x9c,0xf7,0x9c,0xf7,0x9c,0xf7,0x0c,0x6c,0x87,0x3a,0x67,0x32,0x47,0x32,0x47,0x32,0x88,0x3a,0x67,0x32,0x67,0x32,0x49,0x53,0x49,0x53,0x49,0x53,
    0x29,0x53,0x29,0x4b,0x29,0x4b,0x29,0x4b,0x29,0x53,0x29,0x53,0x29,0x4b,0x29,0x4b,0x29,0x4b,0x29,0x53,0x29,0x4b,0x29,0x4b,0x29,0x53,0x87,0x3a,0x9c,0xf7,0x9c,0xf7,
    0x9c,0xf7,0x9c,0xf7,0x9c,0xf7,0x9c,0xf7,0x47,0x19,0x46,0x19,0xaa,0xe4,0x6a,0xd4,0x6a,0xd4,0x6a,0xd4,0x6a,0xd4,0x6a,0xd4,0x69,0xd4,0xc8,0xc3,0xc8,0xc3,0xe7,0x49,
    0x47,0x19,0x47,0x19,0x9c,0xf7,0x9c,0xf7,0x9c,0xf7,0x9c,0xf7,0x9c,0xf7,0x9c,0xf7,0x9c,0xf7,0x9c,0xf7,0x9c,0xf7,0x9c,0xf7,0x9c,0xf7,0x9c,0xf7,0x9c,0xf7,0x9c,0xf7,
    0x9c,0xf7,0x9c,0xf7,0x9c,0xf7,0x9c,0xf7,0x9c,0xf7,0x9c,0xf7,0x47,0x19,0x47,0x11,0x48,0x93,0x4a,0xcc,0x6a,0xd4,0x6a,0xd4,0x6a,0xd4,0x6a,0xd4,0x8a,0xd4,0x6a,0xd4,
    0x6a,0xd4,0x8a,0xd4,0x6a,0xd4,0x6a,0xd4,0x8a,0xd4,0x6a,0xd4,0x6a,0xd4,0x6a,0xd4,0x6a,0xd4,0x6a,0xd4,0x6a,0xd4,0x8a,0xd4,0x6a,0xd4,0x9c,0xf7,0x9c,0xf7,0x9c,0xf7,
    0x9c,0xf7,0x9c,0xf7,0x9c,0xf7,0x9c,0xf7,0x9c,0xf7,0x9c,0xf7,0x89,0x52,0x8a,0x52,0x89,0x52,0x89,0x52,0x89,0x52,0x69,0x52,0x69,0x52,0x69,0x52,0x47,0x19,0x46,0x19,
    0x46,0x19,0x9c,0xf7,0x9c,0xf7,0x9c,0xf7,0x9c,0xf7,0x9c,0xf7,0x9c,0xf7,0x9c,0xf7,0x9c,0xf7,0x9c,0xf7,0x9c,0xf7,0x9c,0xf7,0x9c,0xf7,0x9c,0xf7,0x9c,0xf7,0x9c,0xf7,
    0x9c,0xf7,0x9c,0xf7,0x9c,0xf7,0x9c,0xf7,0x9c,0xf7,0x9c,0xf7,0x9c,0xf7,0x9c,0xf7,0x9c,0xf7,0x9c,0xf7,0x9c,0xf7,0x9c,0xf7,0x9c,0xf7,0x9c,0xf7,0x9c,0xf7,0x9c,0xf7,
    0x9c,0xf7,0x9c,0xf7,0x9c,0xf7,0x9c,0xf7,0x9c,0xf7,0x9c,0xf7,0x9c,0xf7,0x9c,0xf7,0x9c,0xf7,0x9c,0xf7,0x9c,0xf7,0xf4,0xd5,0xf4,0xd5,0x9c,0xf7,0x9c,0xf7,0x9c,0xf7,
    0xf4,0xd5,0xf4,0xd5,0x9c,0xf7,0x9c,0xf7,0x9c,0xf7,0x9c,0xf7,0x9c,0xf7,0x9c,0xf7,0x9c,0xf7,0x9c,0xf7,0x9c,0xf7,0x9c,0xf7,0x9c,0xf7,0x9c,0xf7,0x9c,0xf7,0x9c,0xf7,
    0x9c,0xf7,0x9c,0xf7,0x9c,0xf7,0x9c,0xf7,0x9c,0xf7,0x9c,0xf7,0x9c,0xf7,0x9c,0xf7,0x9c,0xf7,0x9c,0xf7,0x9c,0xf7,0x9c,0xf7,0x9c,0xf7,0x9c,0xf7,0x9c,0xf7,0x9c,0xf7,
    0x9c,0xf7,0x9c,0xf7,0x9c,0xf7,0x9c,0xf7,0x9c,0xf7,0x9c,0xf7,0x9c,0xf7,0x9c,0xf7,0x9c,0xf7,0x9c,0xf7,0x9c,0xf7,0x9c,0xf7,0x9c,0xf7,0x9c,0xf7,0x9c,0xf7,0x9c,0xf7,
    0x6a,0x53,0x68,0x32,0x29,0x4b,0x29,0x4b,0x29,0x4b,0x29,0x53,0x29,0x53,0x29,0x53,0x29,0x53,0x29,0x4b,0x29,0x4b,0x09,0x4b,0x27,0x32,0x27,0x32,0x29,0x53,0x29,0x53,
    0x29,0x53,0x9c,0xf7,0x9c,0xf7,0x9c,0xf7,0xa8,0x3a,0x88,0x3a,0xb0,0x8c,0x9c,0xf7,0x9c,0xf7,0x9c,0xf7,0x8b,0x5b,0xeb,0x63,0x47,0x32,0x47,0x32,0x47,0x32,0xe8,0x42,
    0x09,0x4b,0x09,0x4b,0x29,0x4b,0x29,0x53,0x29,0x53,0x29,0x53,0x29,0x53,0x29,0x53,0x29,0x4b,0x29,0x4b,0x29,0x4b,0x29,0x4b,0x29,0x4b,0x29,0x53,0x29,0x53,0x29,0x53,
    0x29,0x53,0x29,0x53,0x29,0x53,0x87,0x3a,0x9c,0xf7,0x9c,0xf7,0x9c,0xf7,0x9c,0xf7,0x9c,0xf7,0x9c,0xf7,0x47,0x19,0x46,0x19,0xaa,0xdc,0x69,0xd4,0x69,0xd4,0x8a,0xd4,
    0x8a,0xd4,0x8a,0xd4,0x69,0xcc,0xa7,0xbb,0xa8,0xbb,0xc6,0x49,0x67,0x19,0x67,0x19,0x9c,0xf7,0x9c,0xf7,0x9c,0xf7,0x9c,0xf7,0x9c,0xf7,0x9c,0xf7,0x9c,0xf7,0x9c,0xf7,
    0x9c,0xf7,0x9c,0xf7,0x9c,0xf7,0x9c,0xf7,0x9c,0xf7,0x9c,0xf7,0x9c,0xf7,0x9c,0xf7,0x9c,0xf7,0x9c,0xf7,0x9c,0xf7,0x9c,0xf7,0x26,0x11,0x06,0x11,0x88,0x9b,0x6a,0xd4,
    0x6a,0xd4,0x6a,0xd4,0x6a,0xd4,0x6a,0xd4,0x6a,0xd4,0x6a,0xd4,0x6a,0xd4,0x6a,0xd4,0x6a,0xd4,0x8a,0xd4,0x8a,0xd4,0x8a,0xd4,0x8a,0xd4,0x8a,0xd4,0x6a,0xd4,0x6a,0xd4,
    0x6a,0xcc,0x49,0xd4,0x49,0xcc,0x9c,0xf7,0x9c,0xf7,0x9c,0xf7,0x9c,0xf7,0x9c,0xf7,0x9c,0xf7,0x9c,0xf7,0x9c,0xf7,0x9c,0xf7,0x48,0x4a,0x8a,0x52,0x69,0x52,0x8a,0x52,
    0x69,0x52,0x89,0x52,0x89,0x52,0x89,0x52,0x26,0x11,0x26,0x11,0x46,0x19,0x9c,0xf7,0x9c,0xf7,0x9c,0xf7,0x9c,0xf7,0x9c,0xf7,0x9c,0xf7,0x9c,0xf7,0x9c,0xf7,0x9c,0xf7,
    0x9c,0xf7,0x9c,0xf7,0x9c,0xf7,0x9c,0xf7,0x9c,0xf7,0x9c,0xf7,0x9c,0xf7,0x9c,0xf7,0x9c,0xf7,0x9c,0xf7,0x9c,0xf7,0x9c,0xf7,0x9c,0xf7,0x9c,0xf7,0x9c,0xf7,0x9c,0xf7,
    0x9c,0xf7,0x9c,0xf7,0x9c,0xf7,0x9c,0xf7,0x9c,0xf7,0x9c,0xf7,0x9c,0xf7,0x9c,0xf7,0x9c,0xf7,0x9c,0xf7,0x9c,0xf7,0x9c,0xf7,0x9c,0xf7,0x9c,0xf7,0x9c,0xf7,0x9c,0xf7,
    0x9c,0xf7,0x14,0xd6,0xf4,0xd5,0x9c,0xf7,0x9c,0xf7,0x9c,0xf7,0xd4,0xcd,0xf4,0xd5,0x9c,0xf7,0x9c,0xf7,0x9c,0xf7,0x9c,0xf7,0x9c,0xf7,0x9c,0xf7,0x9c,0xf7,0x9c,0xf7,
    0x9c,0xf7,0x9c,0xf7,0x9c,0xf7,0x9c,0xf7,0x9c,0xf7,0x9c,0xf7,0x9c,0xf7,0x9c,0xf7,0x9c,0xf7,0x9c,0xf7,0x9c,0xf7,0x9c,0xf7,0x9c,0xf7,0x9c,0xf7,0x9c,0xf7,0x9c,0xf7,
    0x9c,0xf7,0x9c,0xf7,0x9c,0xf7,0x9c,0xf7,0x9c,0xf7,0x9c,0xf7,0x9c,0xf7,0x9c,0xf7,0x9c,0xf7,0x9c,0xf7,0x9c,0xf7,0x9c,0xf7,0x9c,0xf7,0x9c,0xf7,0x9c,0xf7,0x9c,0xf7,
    0x9c,0xf7,0x9c,0xf7,0x9c,0xf7,0x9c,0xf7,0x9c,0xf7,0x9c,0xf7,0x9c,0xf7,0x9c,0xf7,0x09,0x4b,0x4a,0x53,0x29,0x53,0x09,0x4b,0x29,0x53,0x29,0x53,0x29,0x53,0x29,0x53,
    0x29,0x53,0x29,0x4b,0x27,0x32,0x06,0x2a,0x29,0x53,0x49,0x53,0x29,0x53,0x9c,0xf7,0x9c,0xf7,0x9c,0xf7,0xa8,0x3a,0x88,0x3a,0x0d,0x74,0x9c,0xf7,0x9c,0xf7,0x2b,0x53,
    0x47,0x32,0x88,0x42,0x27,0x2a,0x47,0x32,0x09,0x4b,0x29,0x4b,0x29,0x53,0x29,0x53,0x29,0x53,0x29,0x4b,0x29,0x53,0x29,0x53,0x29,0x53,0x29,0x53,0x29,0x53,0x29,0x4b,
    0x29,0x4b,0x29,0x4b,0x29,0x4b,0x4a,0x53,0x4a,0x53,0x4a,0x53,0x4a,0x53,0x4a,0x53,0x4a,0x53,0xc8,0x42,0x9c,0xf7,0x9c,0xf7,0x9c,0xf7,0x9c,0xf7,0x9c,0xf7,0x9c,0xf7,
    0x47,0x19,0x47,0x19,0x9c,0xf7,0x19,0xef,0x9c,0xf7,0xab,0xd4,0x8a,0xd4,0x0d,0xd5,0x2e,0xd5,0x4f,0xe5,0xa7,0x31,0x46,0x21,0x25,0x19,0xe5,0x10,0x9c,0xf7,0x9c,0xf7,
    0x9c,0xf7,0x9c,0xf7,0x9c,0xf7,0x9c,0xf7,0x9c,0xf7,0x9c,0xf7,0x9c,0xf7,0x9c,0xf7,0x9c,0xf7,0x9c,0xf7,0x9c,0xf7,0x9c,0xf7,0x9c,0xf7,0x9c,0xf7,0x9c,0xf7,0x9c,0xf7,
    0x4a,0x3a,0x2a,0x3a,0x05,0x11,0x68,0xa3,0x49,0xcc,0x6a,0xd4,0x6a,0xd4,0x6a,0xd4,0x8a,0xd4,0x8a,0xd4,0x8a,0xd4,0x8a,0xd4,0x6a,0xd4,0x8a,0xd4,0x8a,0xd4,0x8a,0xd4,
    0x6a,0xd4,0x8a,0xd4,0x8b,0xd4,0x8a,0xd4,0x6a,0xcc,0x6a,0xcc,0xed,0xd4,0x97,0xe6,0xf8,0xee,0x9c,0xf7,0x9c,0xf7,0x9c,0xf7,0x9c,0xf7,0x9c,0xf7,0x9c,0xf7,0x9c,0xf7,
    0x9c,0xf7,0x9c,0xf7,0xb9,0xde,0xb9,0xde,0xfa,0xde,0x69,0x52,0x69,0x52,0x69,0x52,0x69,0x52,0x69,0x52,0x49,0x4a,0x49,0x4a,0x26,0x11,0x4a,0x3a,0x9c,0xf7,0x9c,0xf7,
    0x9c,0xf7,0x9c,0xf7,0x9c,0xf7,0x9c,0xf7,0x9c,0xf7,0x9c,0xf7,0x9c,0xf7,0x9c,0xf7,0x9c,0xf7,0x9c,0xf7,0x9c,0xf7,0x9c,0xf7,0x9c,0xf7,0x9c,0xf7,0x9c,0xf7,0x9c,0xf7,
    0x9c,0xf7,0x9c,0xf7,0x9c,0xf7,0x9c,0xf7,0x9c,0xf7,0x9c,0xf7,0x9c,0xf7,0x9c,0xf7,0x9c,0xf7,0x9c,0xf7,0x9c,0xf7,0x9c,0xf7,0x9c,0xf7,0x9c,0xf7,0x9c,0xf7,0x9c,0xf7,
    0x9c,0xf7,0x9c,0xf7,0x9c,0xf7,0x9c,0xf7,0x9c,0xf7,0x9c,0xf7,0x9c,0xf7,0x9c,0xf7,0x9c,0xf7,0x9c,0xf7,0x9c,0xf7,0x9c,0xf7,0x9c,0xf7,0x9c,0xf7,0x9c,0xf7,0x9c,0xf7,
    0x9c,0xf7,0x9c,0xf7,0x9c,0xf7,0x9c,0xf7,0x9c,0xf7,0x9c,0xf7,0x9c,0xf7,0x9c,0xf7,0x9c,0xf7,0x9c,0xf7,0x9c,0xf7,0x9c,0xf7,0x9c,0xf7,0x9c,0xf7,0x9c,0xf7,0x9c,0xf7,
    0x9c,0xf7,0x9c,0xf7,0x9c,0xf7,0x9c,0xf7,0x9c,0xf7,0x9c,0xf7,0x9c,0xf7,0x9c,0xf7,0x9c,0xf7,0x9c,0xf7,0x9c,0xf7,0x9c,0xf7,0x9c,0xf7,0x9c,0xf7,0x9c,0xf7,0x9c,0xf7,
    0x9c,0xf7,0x9c,0xf7,0x9c,0xf7,0x9c,0xf7,0x9c,0xf7,0x9c,0xf7,0x9c,0xf7,0x9c,0xf7,0x9c,0xf7,0x9c,0xf7,0x9c,0xf7,0x9c,0xf7,0x9c,0xf7,0x9c,0xf7,0x9c,0xf7,0x9c,0xf7,
    0x9c,0xf7,0x09,0x43,0x29,0x4b,0x29,0x53,0x29,0x53,0x29,0x53,0x29,0x53,0x29,0x53,0x27,0x32,0x27,0x2a,0xe6,0x29,0x9c,0xf7,0x9c,0xf7,0x9c,0xf7,0x9c,0xf7,0x9c,0xf7,
    0xa8,0x3a,0xa8,0x3a,0xcc,0x6b,0xff,0xff,0x9c,0xf7,0xe5,0x21,0x84,0x19,0x84,0x19,0xe8,0x42,0xc8,0x42,0x29,0x53,0x29,0x4b,0x29,0x4b,0x29,0x4b,0x29,0x4b,0x29,0x53,
    0x29,0x53,0x29,0x53,0x29,0x53,0x29,0x53,0x29,0x4b,0x29,0x4b,0x29,0x4b,0x29,0x4b,0x29,0x53,0xa7,0x3a,0xa7,0x3a,0xc7,0x3a,0xc7,0x42,0xc7,0x42,0xc7,0x42,0x04,0x2a,
    0x9c,0xf7,0x9c,0xf7,0x9c,0xf7,0x9c,0xf7,0x9c,0xf7,0x2d,0x5b,0x67,0x19,0x87,0x29,0x9c,0xf7,0x9c,0xf7,0x9c,0xf7,0x28,0xd4,0x08,0xcc,0xed,0xcc,0x0e,0xd5,0x4e,0xed,
    0x27,0x09,0x26,0x11,0xf6,0xbd,0xd6,0xbd,0x9c,0xf7,0x9c,0xf7,0x9c,0xf7,0x9c,0xf7,0x9c,0xf7,0x9c,0xf7,0x9c,0xf7,0x9c,0xf7,0xfe,0xff,0xfe,0xff,0xfe,0xff,0xfe,0xff,
    0xfe,0xff,0xfe,0xff,0xfe,0xff,0xfe,0xff,0xfe,0xff,0xfe,0xff,0xc5,0x00,0xc5,0x00,0x06,0x11,0x6a,0xd4,0x6a,0xd4,0x6a,0xd4,0x8a,0xd4,0x8a,0xd4,0x8a,0xd4,0x8a,0xd4,
    0x8a,0xd4,0x8a,0xd4,0x8a,0xd4,0x8a,0xd4,0x8a,0xd4,0x8a,0xd4,0x6a,0xd4,0x28,0xcc,0x28,0xd4,0x28,0xcc,0xcb,0xe4,0xeb,0xe4,0x9c,0xf7,0xff,0xff,0x9c,0xf7,0x9c,0xf7,
    0x9c,0xf7,0x9c,0xf7,0x9c,0xf7,0x9c,0xf7,0x9c,0xf7,0x9c,0xf7,0x9c,0xf7,0x9c,0xf7,0x9c,0xf7,0x9c,0xf7,0xff,0xff,0xaa,0x5a,0xaa,0x5a,0x69,0x52,0x89,0x52,0x89,0x52,
    0xaa,0x5a,0x8a,0x5a,0x47,0x11,0xe5,0x08,0x9c,0xf7,0xfe,0xff,0x9c,0xf7,0x9c,0xf7,0x9c,0xf7,0x9c,0xf7,0x9c,0xf7,0x9c,0xf7,0x9c,0xf7,0x9c,0xf7,0x9c,0xf7,0x9c,0xf7,
    0x9c,0xf7,0x9c,0xf7,0x9c,0xf7,0x9c,0xf7,0x9c,0xf7,0x9c,0xf7,0x9c,0xf7,0x9c,0xf7,0x9c,0xf7,0x9c,0xf7,0x9c,0xf7,0x9c,0xf7,0x9c,0xf7,0x9c,0xf7,0x9c,0xf7,0x9c,0xf7,
    0x9c,0xf7,0x9c,0xf7,0x9c,0xf7,0x9c,0xf7,0x9c,0xf7,0x9c,0xf7,0x9c,0xf7,0x9c,0xf7,0x9c,0xf7,0x9c,0xf7,0x9c,0xf7,0x9c,0xf7,0x9c,0xf7,0x9c,0xf7,0x9c,0xf7,0x9c,0xf7,
    0x9c,0xf7,0x9c,0xf7,0x9c,0xf7,0x9c,0xf7,0x9c,0xf7,0x9c,0xf7,0x9c,0xf7,0x9c,0xf7,0x9c,0xf7,0x9c,0xf7,0x9c,0xf7,0x9c,0xf7,0x9c,0xf7,0x9c,0xf7,0x9c,0xf7,0x9c,0xf7,
    0x9c,0xf7,0x9c,0xf7,0x9c,0xf7,0x9c,0xf7,0x9c,0xf7,0x9c,0xf7,0x9c,0xf7,0x9c,0xf7,0x9c,0xf7,0x9c,0xf7,0x9c,0xf7,0x9c,0xf7,0x9c,0xf7,0x9c,0xf7,0x9c,0xf7,0x9c,0xf7,
    0x9c,0xf7,0x9c,0xf7,0x9c,0xf7,0x9c,0xf7,0x9c,0xf7,0x9c,0xf7,0x9c,0xf7,0x9c,0xf7,0x9c,0xf7,0x9c,0xf7,0x9c,0xf7,0x9c,0xf7,0x9c,0xf7,0x9c,0xf7,0x9c,0xf7,0x9c,0xf7,
    0x9c,0xf7,0x9c,0xf7,0x9c,0xf7,0x9c,0xf7,0x9c,0xf7,0x9c,0xf7,0x9c,0xf7,0xe9,0x42,0xe9,0x4a,0x29,0x53,0x4a,0x53,0x4a,0x53,0x4a,0x53,0x29,0x4b,0x06,0x2a,0x27,0x2a,
    0x47,0x32,0x9c,0xf7,0x9c,0xf7,0x9c,0xf7,0x9c,0xf7,0x9c,0xf7,0xe8,0x42,0xc8,0x42,0x36,0xc6,0x2f,0x7c,0x90,0x8c,0x88,0x3a,0x53,0xa5,0x53,0xa5,0x8a,0x5b,0x6a,0x5b,
    0x4a,0x53,0x29,0x4b,0x29,0x4b,0x29,0x4b,0x29,0x4b,0x29,0x53,0x29,0x53,0x29,0x53,0x29,0x53,0x29,0x53,0x4a,0x53,0x49,0x53,0x4a,0x53,0x4a,0x53,0x49,0x53,0xb4,0xad,
    0xb4,0xad,0xb4,0xad,0xb4,0xad,0xb4,0xb5,0xb4,0xad,0x53,0xa5,0x9c,0xf7,0x9c,0xf7,0x9c,0xf7,0x9c,0xf7,0x9c,0xf7,0xa4,0x00,0x87,0x21,0xd6,0xb5,0x9c,0xf7,0x9c,0xf7,
    0x9c,0xf7,0x14,0xe6,0x14,0xe6,0x76,0xe6,0x96,0xee,0x18,0xff,0x67,0x19,0x67,0x21,0x9c,0xf7,0x9c,0xf7,0x9c,0xf7,0x9c,0xf7,0x9c,0xf7,0x9c,0xf7,0x9c,0xf7,0x9c,0xf7,
    0x9c,0xf7,0x9c,0xf7,0x10,0x7c,0xf0,0x7b,0xf0,0x73,0xf0,0x73,0xf0,0x73,0xf0,0x7b,0xf0,0x73,0xf0,0x73,0xf0,0x73,0xef,0x73,0x47,0x19,0x67,0x19,0x26,0x11,0x8b,0xd4,
    0x8a,0xd4,0x8a,0xd4,0x8a,0xd4,0x6a,0xd4,0x6a,0xd4,0x8a,0xd4,0x8a,0xd4,0x8a,0xd4,0x8a,0xd4,0x8a,0xd4,0x8a,0xd4,0xab,0xd4,0xab,0xd4,0x34,0xe6,0x13,0xde,0xf3,0xdd,
    0xa9,0x62,0xe9,0x6a,0x51,0x7c,0xcf,0x73,0x9c,0xf7,0x9c,0xf7,0x9c,0xf7,0x9c,0xf7,0x9c,0xf7,0x9c,0xf7,0x9c,0xf7,0x9c,0xf7,0x9c,0xf7,0x9c,0xf7,0x9c,0xf7,0x9c,0xf7,
    0xf0,0x73,0x09,0x3a,0x09,0x3a,0x69,0x52,0x69,0x52,0x89,0x52,0x69,0x52,0x49,0x4a,0x46,0x19,0x67,0x19,0x10,0x7c,0xef,0x73,0x9c,0xf7,0x9c,0xf7,0x9c,0xf7,0x9c,0xf7,
    0x9c,0xf7,0x9c,0xf7,0x9c,0xf7,0x9c,0xf7,0x9c,0xf7,0x9c,0xf7,0x9c,0xf7,0x9c,0xf7,0x9c,0xf7,0x9c,0xf7,0x9c,0xf7,0x9c,0xf7,0x9c,0xf7,0x9c,0xf7,0x9c,0xf7,0x9c,0xf7,
    0x9c,0xf7,0x9c,0xf7,0x9c,0xf7,0x9c,0xf7,0x9c,0xf7,0x9c,0xf7,0x9c,0xf7,0x9c,0xf7,0x9c,0xf7,0x9c,0xf7,0x9c,0xf7,0x9c,0xf7,0x9c,0xf7,0x9c,0xf7,0x9c,0xf7,0x9c,0xf7,
    0x9c,0xf7,0x9c,0xf7,0x9c,0xf7,0x9c,0xf7,0x9c,0xf7,0x9c,0xf7,0x9c,0xf7,0x9c,0xf7,0x9c,0xf7,0x9c,0xf7,0x9c,0xf7,0x9c,0xf7,0x9c,0xf7,0x9c,0xf7,0x9c,0xf7,0x9c,0xf7,
    0x9c,0xf7,0x9c,0xf7,0x9c,0xf7,0x9c,0xf7,0x9c,0xf7,0x9c,0xf7,0x9c,0xf7,0x9c,0xf7,0x9c,0xf7,0x9c,0xf7,0x9c,0xf7,0x9c,0xf7,0x9c,0xf7,0x9c,0xf7,0x9c,0xf7,0x9c,0xf7,
    0x9c,0xf7,0x9c,0xf7,0x9c,0xf7,0x9c,0xf7,0x9c,0xf7,0x9c,0xf7,0x9c,0xf7,0x9c,0xf7,0x9c,0xf7,0x9c,0xf7,0x9c,0xf7,0x9c,0xf7,0x9c,0xf7,0x9c,0xf7,0x9c,0xf7,0x9c,0xf7,
    0x9c,0xf7,0x9c,0xf7,0x9c,0xf7,0x4b,0x7c,0x4c,0x7c,0x4c,0x7c,0x6c,0x7c,0x4b,0x7c,0x4c,0x7c,0x4b,0x7c,0x2b,0x7c,0x2b,0x74,0x6c,0x7c,0x9c,0xf7,0x9c,0xf7,0x9c,0xf7,
    0x9c,0xf7,0x9c,0xf7,0x9c,0xf7,0x9c,0xf7,0x9c,0xf7,0x47,0x32,0x06,0x2a,0x9c,0xf7,0x9c,0xf7,0x9c,0xf7,0x9c,0xf7,0x9c,0xf7,0x09,0x4b,0x09,0x4b,0x9c,0xf7,0xa1,0x00,
    0x84,0x19,0x64,0x19,0xfe,0xff,0x9c,0xf7,0xa6,0x3a,0x86,0x3a,0x86,0x3a,0x29,0x53,0x49,0x53,0x49,0x53,0x49,0x53,0x49,0x53,0x49,0x53,0x49,0x53,0x49,0x53,0x49,0x53,
    0x87,0x3a,0xa7,0x42,0xa7,0x42,0xa7,0x3a,0xc7,0x42,0x9c,0xf7,0x9c,0xf7,0x9c,0xf7,0x9c,0xf7,0x9c,0xf7,0x9c,0xf7,0xfe,0xff,0x9c,0xf7,0x9c,0xf7,0x9c,0xf7,0x9c,0xf7,
    0x9c,0xf7,0x46,0x19,0x63,0x00,0xff,0xff,0x9c,0xf7,0x9c,0xf7,0x9c,0xf7,0x9c,0xf7,0x9c,0xf7,0x9c,0xf7,0x9c,0xf7,0x9c,0xf7,0x46,0x19,0x05,0x09,0x9c,0xf7,0x9c,0xf7,
    0x9c,0xf7,0x9c,0xf7,0x9c,0xf7,0x9c,0xf7,0x9c,0xf7,0x9c,0xf7,0x9c,0xf7,0x9c,0xf7,0x84,0x00,0x84,0x00,0x84,0x00,0x84,0x00,0x84,0x00,0x84,0x00,0x84,0x00,0x84,0x00,
    0x84,0x00,0x84,0x00,0x46,0x19,0x46,0x11,0xe5,0x08,0x08,0xcc,0x08,0xcc,0x28,0xcc,0x49,0xcc,0x8a,0xd4,0x8a,0xd4,0x8b,0xd4,0x8b,0xd4,0x8b,0xd4,0x8a,0xd4,0x8a,0xd4,
    0x8a,0xd4,0x08,0xcc,0x29,0xcc,0x9c,0xf7,0xff,0xff,0xff,0xff,0x06,0x01,0x44,0x00,0x02,0x00,0xe5,0x08,0x9c,0xf7,0x9c,0xf7,0x9c,0xf7,0x9c,0xf7,0x9c,0xf7,0x9c,0xf7,
    0x9c,0xf7,0x9c,0xf7,0x9c,0xf7,0x9c,0xf7,0x9c,0xf7,0x9c,0xf7,0xa4,0x00,0x63,0x00,0x84,0x00,0xca,0x5a,0xaa,0x5a,0x8a,0x52,0x8a,0x52,0x49,0x4a,0x66,0x21,0x26,0x11,
    0x84,0x00,0x43,0x00,0x9c,0xf7,0x9c,0xf7,0x9c,0xf7,0x9c,0xf7,0x9c,0xf7,0x9c,0xf7,0x9c,0xf7,0x9c,0xf7,0x9c,0xf7,0x9c,0xf7,0x9c,0xf7,0x9c,0xf7,0x9c,0xf7,0x9c,0xf7,
    0x9c,0xf7,0x9c,0xf7,0x9c,0xf7,0x9c,0xf7,0x9c,0xf7,0x9c,0xf7,0x9c,0xf7,0x9c,0xf7,0x9c,0xf7,0x9c,0xf7,0x9c,0xf7,0x9c,0xf7,0x9c,0xf7,0x9c,0xf7,0x9c,0xf7,0x9c,0xf7,
    0x26,0x11,0x67,0x21,0x67,0x21,0x67,0x19,0x67,0x19,0x47,0x19,0x47,0x19,0x46,0x19,0x46,0x19,0x46,0x19,0x67,0x19,0x47,0x19,0x47,0x19,0x67,0x19,0x67,0x21,0x67,0x21,
    0x67,0x21,0x67,0x21,0x87,0x21,0x67,0x19,0x67,0x19,0x87,0x21,0x9c,0xf7,0x9c,0xf7,0x9c,0xf7,0x9c,0xf7,0x9c,0xf7,0x9c,0xf7,0x9c,0xf7,0x9c,0xf7,0x9c,0xf7,0x9c,0xf7,
    0x9c,0xf7,0x9c,0xf7,0x9c,0xf7,0x9c,0xf7,0x9c,0xf7,0x9c,0xf7,0x9c,0xf7,0x9c,0xf7,0x9c,0xf7,0x9c,0xf7,0x9c,0xf7,0x9c,0xf7,0x9c,0xf7,0x9c,0xf7,0x9c,0xf7,0x9c,0xf7,
    0x9c,0xf7,0x9c,0xf7,0x9c,0xf7,0x9c,0xf7,0x9c,0xf7,0x9c,0xf7,0x9c,0xf7,0x9c,0xf7,0x9c,0xf7,0x6b,0x7c,0x6c,0x7c,0x4c,0x7c,0x4b,0x7c,0x4b,0x7c,0x4b,0x7c,0x4b,0x74,
    0x4b,0x7c,0x4b,0x7c,0x8c,0x7c,0x9c,0xf7,0x9c,0xf7,0x9c,0xf7,0x9c,0xf7,0x9c,0xf7,0x9c,0xf7,0x9c,0xf7,0x9c,0xf7,0x06,0x2a,0x07,0x2a,0x9c,0xf7,0x57,0xc6,0x9c,0xf7,
    0x9c,0xf7,0x9c,0xf7,0x29,0x4b,0x29,0x4b,0x9c,0xf7,0xc5,0x21,0x47,0x3a,0x4b,0x63,0x9c,0xf7,0x9c,0xf7,0x2d,0x7c,0x0d,0x74,0x2d,0x7c,0x09,0x4b,0xe8,0x42,0xe8,0x42,
    0xe8,0x42,0xe8,0x42,0xe8,0x42,0xe8,0x42,0xe8,0x42,0xc8,0x42,0x0e,0x7c,0x6e,0x84,0x4e,0x84,0x2e,0x7c,0x6f,0x84,0x9c,0xf7,0x9c,0xf7,0x9c,0xf7,0x9c,0xf7,0x9c,0xf7,
    0x9c,0xf7,0x9c,0xf7,0x9c,0xf7,0x9c,0xf7,0x9c,0xf7,0xd6,0xb5,0xd6,0xbd,0x26,0x11,0xcb,0x4a,0x9c,0xf7,0x9c,0xf7,0x9c,0xf7,0x9c,0xf7,0x9c,0xf7,0x9c,0xf7,0x9c,0xf7,
    0x0f,0x7c,0x30,0x8c,0x46,0x19,0xa7,0x29,0x9c,0xf7,0x9c,0xf7,0x9c,0xf7,0x9c,0xf7,0x9c,0xf7,0x9c,0xf7,0xd6,0xb5,0xd6,0xb5,0xd6,0xb5,0xd6,0xb5,0x87,0x21,0x87,0x21,
    0x67,0x11,0x67,0x11,0x47,0x11,0x47,0x11,0x47,0x11,0x67,0x11,0x67,0x11,0x88,0x21,0x47,0x19,0x46,0x19,0xa4,0x00,0x0d,0xd5,0x2e,0xd5,0x4f,0xdd,0xcb,0xd4,0x49,0xcc,
    0x49,0xcc,0x49,0xd4,0x69,0xd4,0x49,0xd4,0x49,0xd4,0x49,0xd4,0x49,0xd4,0x2e,0xd5,0x2e,0xd5,0x9c,0xf7,0xd9,0xde,0x95,0xb5,0x46,0x19,0xeb,0x52,0x2d,0x53,0x88,0x21,
    0xd6,0xb5,0x9c,0xf7,0x9c,0xf7,0x9c,0xf7,0x9c,0xf7,0x9c,0xf7,0x9c,0xf7,0x9c,0xf7,0x9c,0xf7,0x9c,0xf7,0x9c,0xf7,0xb5,0xb5,0x46,0x19,0xcb,0x4a,0xec,0x52,0x49,0x4a,
    0x49,0x4a,0x28,0x4a,0x08,0x42,0x69,0x4a,0x87,0x29,0x46,0x19,0x67,0x19,0x46,0x11,0x9c,0xf7,0x9c,0xf7,0x9c,0xf7,0x9c,0xf7,0x9c,0xf7,0x9c,0xf7,0x9c,0xf7,0x9c,0xf7,
    0x9c,0xf7,0x9c,0xf7,0x9c,0xf7,0x9c,0xf7,0x9c,0xf7,0x9c,0xf7,0x9c,0xf7,0x9c,0xf7,0x9c,0xf7,0x9c,0xf7,0x9c,0xf7,0x9c,0xf7,0x9c,0xf7,0x9c,0xf7,0x9c,0xf7,0x9c,0xf7,
    0x9c,0xf7,0x9c,0xf7,0x9c,0xf7,0x9c,0xf7,0x9c,0xf7,0x9c,0xf7,0x05,0x11,0x46,0x19,0x46,0x19,0x46,0x19,0x46,0x19,0x46,0x19,0x46,0x19,0x46,0x19,0x46,0x19,0x46,0x19,
    0x46,0x19,0x46,0x19,0x46,0x19,0x46,0x19,0x46,0x19,0x46,0x19,0x66,0x19,0x67,0x21,0x67,0x21,0x46,0x19,0x46,0x19,0x87,0x21,0x9c,0xf7,0x9c,0xf7,0x9c,0xf7,0x9c,0xf7,
    0x9c,0xf7,0x9c,0xf7,0x9c,0xf7,0x9c,0xf7,0x9c,0xf7,0x9c,0xf7,0x9c,0xf7,0x9c,0xf7,0x9c,0xf7,0x9c,0xf7,0x9c,0xf7,0x9c,0xf7,0x9c,0xf7,0x9c,0xf7,0x9c,0xf7,0x9c,0xf7,
    0x9c,0xf7,0x9c,0xf7,0x9c,0xf7,0x9c,0xf7,0x9c,0xf7,0x9c,0xf7,0x9c,0xf7,0x9c,0xf7,0x9c,0xf7,0x9c,0xf7,0x9c,0xf7,0xb2,0xad,0x6c,0x7c,0x6c,0x7c,0x4c,0x7c,0x4c,0x7c,
    0x6c,0x7c,0x6c,0x7c,0x6c,0x7c,0x4b,0x7c,0x4b,0x7c,0x4b,0x7c,0x4b,0x74,0x2b,0x74,0x2b,0x74,0x4b,0x7c,0x2b,0x74,0x9c,0xf7,0x9c,0xf7,0x9c,0xf7,0x9c,0xf7,0x9c,0xf7,
    0x9c,0xf7,0x9c,0xf7,0x27,0x32,0x67,0x32,0x67,0x32,0x9c,0xf7,0x9c,0xf7,0x9c,0xf7,0x29,0x4b,0xe8,0x4a,0x9c,0xf7,0x88,0x3a,0x47,0x32,0x9c,0xf7,0x9c,0xf7,0x9c,0xf7,
    0x9c,0xf7,0x9c,0xf7,0x9c,0xf7,0x8e,0x7c,0xcc,0x6b,0xec,0x6b,0xec,0x6b,0xcc,0x6b,0xcc,0x6b,0xec,0x6b,0xec,0x6b,0xcc,0x6b,0x9c,0xf7,0x9c,0xf7,0x9c,0xf7,0x9c,0xf7,
    0x9c,0xf7,0x9c,0xf7,0x9c,0xf7,0x9c,0xf7,0x9c,0xf7,0x9c,0xf7,0x9c,0xf7,0x9c,0xf7,0x9c,0xf7,0x9c,0xf7,0x9c,0xf7,0xa5,0x00,0xc5,0x00,0x47,0x19,0x9c,0xf7,0x9c,0xf7,
    0x9c,0xf7,0x9c,0xf7,0x9c,0xf7,0x9c,0xf7,0x9c,0xf7,0x9c,0xf7,0x26,0x09,0x06,0x09,0x87,0x19,0x34,0x9d,0x9c,0xf7,0x9c,0xf7,0x9c,0xf7,0x9c,0xf7,0x9c,0xf7,0xd6,0xbd,
    0xa5,0x00,0xa5,0x00,0xa4,0x00,0xa5,0x00,0x26,0x11,0x26,0x11,0xa7,0x31,0xa7,0x31,0xa7,0x31,0x86,0x31,0x87,0x31,0xa7,0x31,0xc7,0x31,0x67,0x19,0x47,0x19,0x46,0x11,
    0x83,0x00,0x9c,0xf7,0x9c,0xf7,0x9c,0xf7,0x95,0xee,0x0d,0xd5,0xed,0xd4,0x0d,0xdd,0x0d,0xdd,0x0d,0xdd,0x0d,0xdd,0x0d,0xd5,0xed,0xdc,0x9c,0xf7,0x9c,0xf7,0x9c,0xf7,
    0x31,0x7c,0xc5,0x00,0x26,0x11,0x9c,0xf7,0x9c,0xf7,0x64,0x00,0xa4,0x00,0x9c,0xf7,0x9c,0xf7,0x9c,0xf7,0x9c,0xf7,0x9c,0xf7,0x9c,0xf7,0x9c,0xf7,0x9c,0xf7,0x9c,0xf7,
    0xf7,0xbd,0xe5,0x08,0xe5,0x10,0xff,0xff,0xfe,0xff,0x05,0x11,0xa8,0x29,0x6d,0x73,0x4c,0x6b,0x69,0x4a,0xc8,0x31,0x46,0x11,0x46,0x19,0x06,0x09,0x9c,0xf7,0x9c,0xf7,
    0x9c,0xf7,0x9c,0xf7,0x9c,0xf7,0x9c,0xf7,0x9c,0xf7,0x9c,0xf7,0x9c,0xf7,0x9c,0xf7,0x9c,0xf7,0x9c,0xf7,0x9c,0xf7,0x9c,0xf7,0x9c,0xf7,0x9c,0xf7,0x9c,0xf7,0x9c,0xf7,
    0x9c,0xf7,0x9c,0xf7,0x9c,0xf7,0x9c,0xf7,0x9c,0xf7,0x9c,0xf7,0x9c,0xf7,0x9c,0xf7,0x9c,0xf7,0x9c,0xf7,0x87,0x21,0x46,0x19,0xc4,0x08,0x9c,0xf7,0x9c,0xf7,0x9c,0xf7,
    0x9c,0xf7,0x9c,0xf7,0x9c,0xf7,0x9c,0xf7,0x9c,0xf7,0x9c,0xf7,0x9c,0xf7,0x9c,0xf7,0x9c,0xf7,0x9c,0xf7,0x9c,0xf7,0x9c,0xf7,0x9c,0xf7,0x9c,0xf7,0x9c,0xf7,0x72,0xc5,
    0x92,0xcd,0x51,0xc5,0x46,0x19,0x87,0x21,0x9c,0xf7,0x9c,0xf7,0x9c,0xf7,0x9c,0xf7,0x9c,0xf7,0x9c,0xf7,0x9c,0xf7,0x9c,0xf7,0x9c,0xf7,0x9c,0xf7,0x9c,0xf7,0x9c,0xf7,
    0x9c,0xf7,0x9c,0xf7,0x9c,0xf7,0x9c,0xf7,0x9c,0xf7,0x9c,0xf7,0x9c,0xf7,0x9c,0xf7,0x9c,0xf7,0x9c,0xf7,0x9c,0xf7,0x9c,0xf7,0x9c,0xf7,0x9c,0xf7,0x9c,0xf7,0x9c,0xf7,
    0x50,0x9d,0x8d,0x84,0x4c,0x7c,0x4c,0x7c,0x6c,0x7c,0x4c,0x7c,0x4c,0x7c,0x6c,0x7c,0x4b,0x7c,0x4b,0x7c,0x4b,0x74,0x2b,0x74,0xca,0x63,0x69,0x5b,0x8a,0x5b,0x4b,0x7c,
    0x6c,0x7c,0x9c,0xf7,0x9c,0xf7,0x9c,0xf7,0x9c,0xf7,0x9c,0xf7,0x9c,0xf7,0x9c,0xf7,0x07,0x2a,0x88,0x3a,0x87,0x3a,0x9c,0xf7,0x9c,0xf7,0x9c,0xf7,0xe8,0x4a,0x08,0x4b,
    0x47,0x32,0x47,0x32,0xe9,0x42,0x9c,0xf7,0x9c,0xf7,0x9c,0xf7,0x9c,0xf7,0x9c,0xf7,0x9c,0xf7,0x9c,0xf7,0x9c,0xf7,0x9c,0xf7,0x9c,0xf7,0x9c,0xf7,0x9c,0xf7,0x9c,0xf7,
    0x9c,0xf7,0x9c,0xf7,0x9c,0xf7,0x9c,0xf7,0x9c,0xf7,0x9c,0xf7,0x9c,0xf7,0x9c,0xf7,0x9c,0xf7,0x9c,0xf7,0x9c,0xf7,0x9c,0xf7,0x9c,0xf7,0x9c,0xf7,0x9c,0xf7,0x9c,0xf7,
    0x9c,0xf7,0x47,0x19,0x46,0x19,0x26,0x11,0x9c,0xf7,0x9c,0xf7,0x9c,0xf7,0x9c,0xf7,0x9c,0xf7,0x9c,0xf7,0x9c,0xf7,0xd9,0xe6,0x26,0x19,0x46,0x11,0x26,0x11,0x9c,0xf7,
    0x9c,0xf7,0x9c,0xf7,0x13,0xa5,0x95,0xb5,0x54,0xad,0xe5,0x08,0x47,0x19,0x46,0x19,0x26,0x11,0x47,0x19,0x87,0x21,0x66,0x21,0x27,0xb3,0x27,0xb3,0x27,0xb3,0x27,0xb3,
    0x27,0xb3,0x27,0xb3,0x27,0xab,0x86,0x29,0x47,0x19,0x47,0x19,0xc4,0x08,0x9c,0xf7,0x9c,0xf7,0x9c,0xf7,0x9c,0xf7,0x9c,0xf7,0x9c,0xf7,0x9c,0xf7,0x9c,0xf7,0x9c,0xf7,
    0x9c,0xf7,0x9c,0xf7,0x9c,0xf7,0x9c,0xf7,0x9c,0xf7,0x9c,0xf7,0x31,0x84,0x67,0x19,0x47,0x19,0xdb,0xde,0xf9,0xe6,0x84,0x00,0x67,0x19,0x9c,0xf7,0x9c,0xf7,0x9c,0xf7,
    0x9c,0xf7,0x9c,0xf7,0x9c,0xf7,0x9c,0xf7,0x9c,0xf7,0x9c,0xf7,0x37,0xc6,0x67,0x19,0xe5,0x08,0x9c,0xf7,0x9c,0xf7,0x46,0x19,0xcb,0x4a,0x9c,0xf7,0x9c,0xf7,0x49,0x4a,
    0x49,0x4a,0x26,0x11,0x26,0x11,0x26,0x11,0x9c,0xf7,0x9c,0xf7,0x9c,0xf7,0x9c,0xf7,0x9c,0xf7,0x9c,0xf7,0x9c,0xf7,0x9c,0xf7,0x9c,0xf7,0x9c,0xf7,0x9c,0xf7,0x9c,0xf7,
    0x9c,0xf7,0x9c,0xf7,0x9c,0xf7,0x9c,0xf7,0x9c,0xf7,0x9c,0xf7,0x9c,0xf7,0x9c,0xf7,0x9c,0xf7,0x9c,0xf7,0x9c,0xf7,0x9c,0xf7,0x9c,0xf7,0x9c,0xf7,0x9c,0xf7,0x9c,0xf7,
    0x26,0x19,0x46,0x19,0xc5,0x08,0x9c,0xf7,0x9c,0xf7,0x9c,0xf7,0x9c,0xf7,0x9c,0xf7,0x9c,0xf7,0x9c,0xf7,0x9c,0xf7,0x9c,0xf7,0x9c,0xf7,0x9c,0xf7,0x9c,0xf7,0x9c,0xf7,
    0x9c,0xf7,0x9c,0xf7,0x9c,0xf7,0x9c,0xf7,0x9c,0xf7,0x51,0xc5,0x71,0xc5,0x51,0xc5,0x67,0x19,0x87,0x21,0x9c,0xf7,0x9c,0xf7,0x9c,0xf7,0x9c,0xf7,0x9c,0xf7,0x9c,0xf7,
    0x9c,0xf7,0x9c,0xf7,0x9c,0xf7,0x9c,0xf7,0x9c,0xf7,0x9c,0xf7,0x9c,0xf7,0x9c,0xf7,0x9c,0xf7,0x9c,0xf7,0x9c,0xf7,0x9c,0xf7,0x9c,0xf7,0x9c,0xf7,0x9c,0xf7,0x9c,0xf7,
    0x9c,0xf7,0x9c,0xf7,0x9c,0xf7,0x9c,0xf7,0x9c,0xf7,0xb8,0xd6,0xce,0x8c,0x4c,0x7c,0x4c,0x7c,0x4c,0x7c,0x4c,0x7c,0x4c,0x7c,0x6c,0x7c,0x6c,0x7c,0x4c,0x7c,0x4c,0x7c,
    0x0b,0x74,0x0b,0x6c,0x6a,0x5b,0xaa,0x5b,0xaa,0x63,0x0b,0x74,0xeb,0x6b,0x9c,0xf7,0x9c,0xf7,0x9c,0xf7,0x9c,0xf7,0x9c,0xf7,0x9c,0xf7,0x9c,0xf7,0x47,0x32,0x67,0x3a,
    0x67,0x3a,0x9c,0xf7,0x9c,0xf7,0x9c,0xf7,0xc8,0x42,0x88,0x3a,0x47,0x32,0x06,0x2a,0x9c,0xf7,0x9c,0xf7,0x9c,0xf7,0x9c,0xf7,0x9c,0xf7,0x9c,0xf7,0x9c,0xf7,0x9c,0xf7,
    0x9c,0xf7,0x9c,0xf7,0x9c,0xf7,0x9c,0xf7,0x9c,0xf7,0x9c,0xf7,0x9c,0xf7,0x9c,0xf7,0x9c,0xf7,0x9c,0xf7,0x9c,0xf7,0x9c,0xf7,0x9c,0xf7,0x9c,0xf7,0x9c,0xf7,0x9c,0xf7,
    0x9c,0xf7,0x9c,0xf7,0x9c,0xf7,0x9c,0xf7,0x9c,0xf7,0x9c,0xf7,0x9c,0xf7,0x26,0x11,0x26,0x11,0x26,0x11,0x9c,0xf7,0x9c,0xf7,0x9c,0xf7,0x9c,0xf7,0x9c,0xf7,0x9c,0xf7,
    0x9c,0xf7,0x67,0x19,0x47,0x19,0xe5,0x08,0xa4,0x00,0x9c,0xf7,0x9c,0xf7,0x9c,0xf7,0x26,0x19,0x67,0x19,0x67,0x19,0x26,0x11,0x26,0x19,0x26,0x11,0x47,0x11,0x46,0x11,
    0xe9,0xbb,0x09,0xc4,0x27,0xb3,0x27,0xb3,0x07,0xb3,0x27,0xb3,0x27,0xb3,0x27,0xb3,0x27,0xab,0x87,0x29,0x47,0x19,0x67,0x19,0xa4,0x00,0x9c,0xf7,0x9c,0xf7,0x9c,0xf7,
    0x9c,0xf7,0x9c,0xf7,0x9c,0xf7,0x9c,0xf7,0x9c,0xf7,0x9c,0xf7,0x9c,0xf7,0x9c,0xf7,0x9c,0xf7,0x9c,0xf7,0x9c,0xf7,0x9c,0xf7,0x72,0x84,0x47,0x19,0x46,0x19,0x67,0x19,
    0x67,0x19,0x46,0x11,0x47,0x19,0x9c,0xf7,0x9c,0xf7,0x9c,0xf7,0x9c,0xf7,0x9c,0xf7,0x9c,0xf7,0x9c,0xf7,0x9c,0xf7,0x9c,0xf7,0x38,0xc6,0x67,0x19,0x46,0x19,0x67,0x21,
    0x67,0x21,0x67,0x19,0x2d,0x5b,0x9c,0xf7,0x9c,0xf7,0x08,0x42,0x28,0x42,0x47,0x19,0x47,0x19,0x26,0x11,0x9c,0xf7,0x9c,0xf7,0x9c,0xf7,0x9c,0xf7,0x9c,0xf7,0x9c,0xf7,
    0x9c,0xf7,0x9c,0xf7,0x9c,0xf7,0x9c,0xf7,0x9c,0xf7,0x9c,0xf7,0x9c,0xf7,0x9c,0xf7,0x9c,0xf7,0x9c,0xf7,0x9c,0xf7,0x9c,0xf7,0x9c,0xf7,0x9c,0xf7,0x9c,0xf7,0x9c,0xf7,
    0x9c,0xf7,0x9c,0xf7,0x9c,0xf7,0x9c,0xf7,0x26,0x19,0x26,0x19,0x31,0xbd,0xd0,0xac,0x97,0xde,0xd8,0xee,0xf8,0xee,0x9c,0xf7,0x9c,0xf7,0x9c,0xf7,0x9c,0xf7,0x9c,0xf7,
    0x9c,0xf7,0x9c,0xf7,0x9c,0xf7,0x9c,0xf7,0x9c,0xf7,0x9c,0xf7,0x9c,0xf7,0x9c,0xf7,0xf9,0xee,0xf8,0xee,0xd8,0xee,0xb3,0xcd,0xb3,0xcd,0x52,0xc5,0x46,0x21,0x45,0x21,
    0x46,0x19,0x46,0x19,0xba,0xd6,0x9c,0xf7,0x9c,0xf7,0x9c,0xf7,0x9c,0xf7,0x9c,0xf7,0x9c,0xf7,0x9c,0xf7,0x9c,0xf7,0x9c,0xf7,0x9c,0xf7,0x9c,0xf7,0x9c,0xf7,0x9c,0xf7,
    0x9c,0xf7,0x9c,0xf7,0x9c,0xf7,0x9c,0xf7,0x9c,0xf7,0x9c,0xf7,0x9c,0xf7,0x9c,0xf7,0x9c,0xf7,0x9c,0xf7,0x9c,0xf7,0xb8,0xd6,0xce,0x8c,0x6c,0x7c,0x4c,0x7c,0x4c,0x7c,
    0x6c,0x7c,0x6c,0x7c,0x6c,0x7c,0x6c,0x7c,0x6c,0x7c,0x4c,0x7c,0x09,0x4b,0x29,0x4b,0xa8,0x3a,0xa8,0x3a,0x88,0x3a,0x88,0x3a,0x88,0x3a,0x09,0x4b,0x09,0x4b,0x09,0x53,
    0x9c,0xf7,0x9c,0xf7,0x9c,0xf7,0x9c,0xf7,0x9c,0xf7,0x67,0x3a,0x67,0x3a,0x9c,0xf7,0x9c,0xf7,0x9c,0xf7,0x47,0x32,0x47,0x32,0x68,0x32,0x9c,0xf7,0x9c,0xf7,0x9c,0xf7,
    0x9c,0xf7,0x9c,0xf7,0x9c,0xf7,0x9c,0xf7,0x9c,0xf7,0x9c,0xf7,0x9c,0xf7,0x9c,0xf7,0x9c,0xf7,0x9c,0xf7,0x9c,0xf7,0x9c,0xf7,0x9c,0xf7,0x9c,0xf7,0x9c,0xf7,0x9c,0xf7,
    0x9c,0xf7,0x9c,0xf7,0x9c,0xf7,0x9c,0xf7,0x9c,0xf7,0x9c,0xf7,0x9c,0xf7,0x9c,0xf7,0x9c,0xf7,0x9c,0xf7,0x9c,0xf7,0x9c,0xf7,0x9c,0xf7,0x26,0x11,0x26,0x11,0x27,0x19,
    0x9c,0xf7,0x9c,0xf7,0x9c,0xf7,0x9c,0xf7,0x9c,0xf7,0x9c,0xf7,0x9c,0xf7,0xe5,0x08,0x47,0x19,0x9c,0xf7,0x9c,0xf7,0xfa,0xde,0x09,0x32,0x29,0x32,0x06,0x09,0xe5,0x08,
    0x06,0x09,0x49,0x4a,0x28,0x42,0x49,0xc4,0x2a,0xbc,0x0a,0xbc,0x8a,0xd4,0x8a,0xdc,0x4a,0xcc,0x4a,0xcc,0x4a,0xcc,0x68,0xbb,0x67,0xbb,0x27,0xb3,0x47,0xbb,0xc7,0x31,
    0x46,0x11,0xa4,0x00,0x22,0x00,0xb7,0xe6,0x9c,0xf7,0x9c,0xf7,0x9c,0xf7,0x9c,0xf7,0x9c,0xf7,0x9c,0xf7,0x9c,0xf7,0x9c,0xf7,0x9c,0xf7,0x9c,0xf7,0x9c,0xf7,0x9c,0xf7,
    0x9c,0xf7,0x9c,0xf7,0xf0,0x73,0xc5,0x08,0x46,0x19,0x06,0x11,0x06,0x11,0x67,0x19,0x88,0x21,0x9c,0xf7,0x9c,0xf7,0x9c,0xf7,0x9c,0xf7,0x9c,0xf7,0x9c,0xf7,0x9c,0xf7,
    0x9c,0xf7,0x9c,0xf7,0x17,0xc6,0xe5,0x08,0x67,0x19,0x06,0x11,0x06,0x11,0x46,0x19,0x4a,0x3a,0x9c,0xf7,0x9c,0xf7,0xd9,0xde,0xb8,0xde,0x46,0x11,0x47,0x19,0xe5,0x08,
    0x9c,0xf7,0x9c,0xf7,0x9c,0xf7,0x9c,0xf7,0x9c,0xf7,0x9c,0xf7,0x9c,0xf7,0x9c,0xf7,0x9c,0xf7,0x9c,0xf7,0x9c,0xf7,0x9c,0xf7,0x9c,0xf7,0x9c,0xf7,0x9c,0xf7,0x9c,0xf7,
    0x9c,0xf7,0x9c,0xf7,0x9c,0xf7,0x9c,0xf7,0x9c,0xf7,0x9c,0xf7,0x9c,0xf7,0x9c,0xf7,0x9c,0xf7,0x9c,0xf7,0x46,0x19,0x46,0x19,0xf4,0xd5,0xd3,0xd5,0x19,0xef,0xf8,0xee,
    0xd8,0xee,0xf8,0xee,0xf8,0xee,0xd8,0xee,0xd8,0xee,0xf8,0xee,0xf8,0xee,0xf8,0xee,0xf8,0xee,0xd8,0xee,0xd8,0xee,0xd8,0xee,0xf8,0xee,0xd8,0xee,0xf8,0xee,0xd8,0xee,
    0xd8,0xee,0x14,0xd6,0x14,0xd6,0xf4,0xd5,0x46,0x21,0x46,0x21,0x46,0x19,0x46,0x19,0x46,0x19,0x46,0x19,0x46,0x19,0x9c,0xf7,0x9c,0xf7,0x9c,0xf7,0x9c,0xf7,0x9c,0xf7,
    0x9c,0xf7,0x9c,0xf7,0x9c,0xf7,0x9c,0xf7,0x9c,0xf7,0x9c,0xf7,0x9c,0xf7,0x9c,0xf7,0x9c,0xf7,0x9c,0xf7,0x9c,0xf7,0x9c,0xf7,0x9c,0xf7,0x9c,0xf7,0x9c,0xf7,0x9c,0xf7,
    0x9c,0xf7,0xd8,0xde,0xce,0x8c,0x6c,0x7c,0x6c,0x7c,0x6c,0x7c,0x6c,0x7c,0x6c,0x7c,0x6c,0x7c,0x6c,0x7c,0x6c,0x7c,0x6c,0x7c,0x49,0x53,0x09,0x4b,0x88,0x3a,0x88,0x3a,
    0x88,0x3a,0x88,0x3a,0x88,0x3a,0x87,0x3a,0x67,0x3a,0xa8,0x42,0x9c,0xf7,0x9c,0xf7,0x9c,0xf7,0x9c,0xf7,0x9c,0xf7,0x47,0x32,0x47,0x32,0x9c,0xf7,0x9c,0xf7,0x72,0xa5,
    0x47,0x32,0x27,0x32,0x27,0x32,0xf1,0x94,0xb0,0x8c,0xf1,0x94,0xf1,0x94,0xf1,0x94,0xf1,0x94,0xf1,0x94,0xf1,0x94,0x12,0x9d,0x9c,0xf7,0x9c,0xf7,0x9c,0xf7,0x9c,0xf7,
    0x9c,0xf7,0x9c,0xf7,0x9c,0xf7,0x9c,0xf7,0x9c,0xf7,0x9c,0xf7,0x9c,0xf7,0x9c,0xf7,0x9c,0xf7,0x9c,0xf7,0x9c,0xf7,0x9c,0xf7,0x9c,0xf7,0x9c,0xf7,0x9c,0xf7,0x9c,0xf7,
    0x9c,0xf7,0x9c,0xf7,0x9c,0xf7,0x26,0x11,0x26,0x11,0x46,0x11,0x9c,0xf7,0x9c,0xf7,0x9c,0xf7,0x9c,0xf7,0x9c,0xf7,0xd8,0xe6,0x9c,0xf7,0x88,0x21,0x47,0x19,0x0c,0x53,
    0xec,0x52,0x4a,0x3a,0xe5,0x08,0xc5,0x08,0x09,0x42,0x49,0x4a,0x49,0x42,0x89,0x52,0x8a,0x52,0x2a,0x83,0x6a,0xc4,0xaa,0xdc,0x8a,0xd4,0x8a,0xd4,0xaa,0xd4,0xaa,0xd4,
    0xaa,0xd4,0x88,0xbb,0x68,0xbb,0x27,0xb3,0x07,0x52,0x67,0x21,0x68,0x19,0xd6,0xbd,0xd5,0xbd,0x9c,0xf7,0x9c,0xf7,0x9c,0xf7,0x9c,0xf7,0x9c,0xf7,0x9c,0xf7,0xda,0xde,
    0x2d,0x53,0x0d,0x53,0xec,0x52,0xcc,0x52,0xec,0x52,0x9c,0xf7,0x9c,0xf7,0x9c,0xf7,0x57,0xce,0xf2,0xac,0x67,0x19,0x88,0x21,0x88,0x21,0x87,0x21,0x02,0x00,0x9c,0xf7,
    0x9c,0xf7,0x9c,0xf7,0x9c,0xf7,0x58,0xd6,0x4c,0x73,0xed,0xa3,0x0e,0xac,0x9c,0xf7,0x9c,0xf7,0x18,0xbe,0x67,0x19,0x87,0x21,0x87,0x21,0x67,0x21,0x58,0xce,0x9c,0xf7,
    0x9c,0xf7,0x9c,0xf7,0x9c,0xf7,0x67,0x19,0x67,0x19,0x67,0x19,0x0d,0x53,0x9c,0xf7,0x9c,0xf7,0x9c,0xf7,0x9c,0xf7,0x9c,0xf7,0x9c,0xf7,0x9c,0xf7,0x9c,0xf7,0x9c,0xf7,
    0x9c,0xf7,0x9c,0xf7,0x9c,0xf7,0x9c,0xf7,0x9c,0xf7,0x9c,0xf7,0x9c,0xf7,0x9c,0xf7,0x9c,0xf7,0x9c,0xf7,0x9c,0xf7,0x9c,0xf7,0x9c,0xf7,0x9c,0xf7,0x9c,0xf7,0x9c,0xf7,
    0x46,0x19,0x46,0x19,0xf4,0xd5,0xf4,0xd5,0x9c,0xf7,0xf8,0xee,0xf8,0xee,0xd8,0xee,0xf8,0xee,0xf8,0xee,0xf8,0xee,0xf8,0xee,0xd8,0xee,0xd8,0xee,0xd8,0xee,0xd8,0xee,
    0xd8,0xee,0xf8,0xee,0xd8,0xee,0xf8,0xee,0xf8,0xee,0xd8,0xee,0xd8,0xe6,0x14,0xd6,0x14,0xd6,0xd4,0xcd,0x46,0x21,0x46,0x21,0x66,0x21,0x46,0x19,0x46,0x19,0x67,0x19,
    0x67,0x21,0x9c,0xf7,0x9c,0xf7,0x9c,0xf7,0x9c,0xf7,0x9c,0xf7,0x9c,0xf7,0x9c,0xf7,0x9c,0xf7,0x9c,0xf7,0x9c,0xf7,0x9c,0xf7,0x9c,0xf7,0x9c,0xf7,0x9c,0xf7,0x9c,0xf7,
    0x9c,0xf7,0x9c,0xf7,0x9c,0xf7,0x9c,0xf7,0x9c,0xf7,0x9c,0xf7,0xd3,0xb5,0x51,0x9d,0xce,0x8c,0x6c,0x7c,0x6c,0x7c,0x6c,0x7c,0x6c,0x7c,0x6c,0x7c,0x4c,0x7c,0x2b,0x74,
    0xc8,0x42,0xc8,0x42,0x29,0x4b,0x09,0x4b,0x6c,0x7c,0x8c,0x84,0x8c,0x84,0x8c,0x84,0x6c,0x7c,0x8a,0x5b,0x8a,0x5b,0x8a,0x5b,0x88,0x32,0x67,0x32,0x9c,0xf7,0x9c,0xf7,
    0x9c,0xf7,0x47,0x32,0x47,0x32,0x9c,0xf7,0x9c,0xf7,0x0b,0x6c,0x27,0x2a,0x27,0x32,0x47,0x32,0x08,0x4b,0x09,0x4b,0x29,0x53,0x49,0x53,0x29,0x53,0x29,0x53,0x29,0x4b,
    0x29,0x4b,0x09,0x4b,0x9c,0xf7,0x9c,0xf7,0x9c,0xf7,0x9c,0xf7,0x9c,0xf7,0x9c,0xf7,0x9c,0xf7,0x9c,0xf7,0x9c,0xf7,0x9c,0xf7,0x9c,0xf7,0x9c,0xf7,0x9c,0xf7,0x9c,0xf7,
    0x9c,0xf7,0x9c,0xf7,0x9c,0xf7,0x9c,0xf7,0x9c,0xf7,0x9c,0xf7,0x9c,0xf7,0x9c,0xf7,0x9c,0xf7,0x46,0x11,0x26,0x11,0x46,0x11,0x9c,0xf7,0x9c,0xf7,0x9c,0xf7,0x9c,0xf7,
    0x9c,0xf7,0x55,0xde,0x76,0xe6,0x84,0x00,0x46,0x19,0x63,0x00,0x43,0x00,0x84,0x00,0x26,0x11,0x26,0x11,0x89,0x52,0xaa,0x5a,0xaa,0x5a,0x89,0x52,0x89,0x52,0x29,0x42,
    0x4a,0xc4,0xaa,0xdc,0x8a,0xd4,0x8a,0xd4,0x8a,0xd4,0x8a,0xd4,0x8a,0xd4,0x47,0xbb,0x47,0xb3,0x27,0xb3,0x87,0x82,0x07,0x01,0x47,0x19,0xff,0xff,0xff,0xff,0x9c,0xf7,
    0x9c,0xf7,0x9c,0xf7,0x9c,0xf7,0x9c,0xf7,0x9c,0xf7,0x38,0xc6,0x02,0x00,0x02,0x00,0x02,0x00,0x02,0x00,0x01,0x00,0x9c,0xf7,0xb8,0xf6,0x77,0xee,0x9c,0xf7,0x9c,0xf7,
    0x84,0x00,0x64,0x00,0x64,0x00,0x84,0x00,0x13,0x9d,0x9c,0xf7,0x9c,0xf7,0x9c,0xf7,0x9c,0xf7,0x95,0xbd,0x82,0x18,0x66,0x8a,0x84,0x69,0x9c,0xf7,0x9c,0xf7,0x9c,0xf7,
    0x29,0x32,0x84,0x00,0xa4,0x00,0xa4,0x00,0x9c,0xf7,0xd9,0xf6,0x9c,0xf7,0x9c,0xf7,0x9c,0xf7,0x26,0x11,0x63,0x00,0x84,0x00,0x02,0x00,0x9c,0xf7,0x9c,0xf7,0x9c,0xf7,
    0x9c,0xf7,0x9c,0xf7,0x9c,0xf7,0x9c,0xf7,0x9c,0xf7,0x9c,0xf7,0x9c,0xf7,0x9c,0xf7,0x9c,0xf7,0x9c,0xf7,0x9c,0xf7,0x9c,0xf7,0x9c,0xf7,0x9c,0xf7,0x9c,0xf7,0x9c,0xf7,
    0x9c,0xf7,0x9c,0xf7,0x9c,0xf7,0x9c,0xf7,0x9c,0xf7,0x9c,0xf7,0x46,0x19,0x26,0x19,0xf4,0xd5,0xf4,0xd5,0x9c,0xf7,0xf8,0xee,0xd8,0xee,0xf8,0xee,0xf8,0xee,0xd8,0xee,
    0xf8,0xee,0xd8,0xee,0xd8,0xee,0xd8,0xee,0xd8,0xee,0xf8,0xee,0xd8,0xee,0xd8,0xee,0xd8,0xee,0xd8,0xee,0xf8,0xee,0xd8,0xee,0xd8,0xee,0x14,0xd6,0x14,0xd6,0xb3,0xcd,
    0x46,0x21,0x25,0x19,0x71,0xc5,0x72,0xc5,0xb7,0xe6,0xd8,0xee,0xf8,0xee,0x67,0x21,0x67,0x21,0x9c,0xf7,0x9c,0xf7,0x9c,0xf7,0x9c,0xf7,0x9c,0xf7,0x9c,0xf7,0x9c,0xf7,
    0x9c,0xf7,0x9c,0xf7,0x9c,0xf7,0x9c,0xf7,0x9c,0xf7,0x9c,0xf7,0x9c,0xf7,0x9c,0xf7,0x9c,0xf7,0x9c,0xf7,0x9c,0xf7,0x9c,0xf7,0xd3,0xb5,0x50,0x9d,0xce,0x8c,0x6c,0x7c,
    0x6c,0x7c,0x6c,0x7c,0x4c,0x7c,0x4c,0x7c,0x4c,0x7c,0x2c,0x74,0xe8,0x42,0xe9,0x42,0x29,0x4b,0x29,0x4b,0x8c,0x84,0x6c,0x7c,0x6c,0x7c,0x6c,0x7c,0x4c,0x7c,0xca,0x63,
    0xca,0x63,0xca,0x63,0x67,0x32,0x67,0x32,0x9c,0xf7,0x9c,0xf7,0x9c,0xf7,0x47,0x32,0x47,0x32,0x9c,0xf7,0x9c,0xf7,0xaa,0x63,0x47,0x32,0x47,0x32,0x67,0x32,0xc8,0x42,
    0xc8,0x42,0xc8,0x42,0xc8,0x42,0x49,0x53,0x29,0x53,0x29,0x53,0x29,0x4b,0x29,0x4b,0x73,0xa5,0x9c,0xf7,0x9c,0xf7,0x9c,0xf7,0x9c,0xf7,0x9c,0xf7,0x9c,0xf7,0x9c,0xf7,
    0x9c,0xf7,0x9c,0xf7,0x9c,0xf7,0x9c,0xf7,0x9c,0xf7,0x9c,0xf7,0x9c,0xf7,0x9c,0xf7,0x9c,0xf7,0x9c,0xf7,0x9c,0xf7,0x9c,0xf7,0x9c,0xf7,0x9c,0xf7,0x9c,0xf7,0x46,0x11,
    0x46,0x19,0x46,0x11,0x9c,0xf7,0x9c,0xf7,0x9c,0xf7,0x9c,0xf7,0x9c,0xf7,0x76,0xe6,0x97,0xe6,0xce,0x7b,0x26,0x11,0x87,0x21,0x87,0x21,0xc7,0x29,0xc8,0x31,0xc8,0x31,
    0x69,0x52,0x69,0x52,0x69,0x52,0x89,0x52,0x89,0x52,0x89,0x52,0x8a,0x93,0x8a,0x9b,0x2a,0xbc,0x8a,0xd4,0x8a,0xd4,0x8a,0xd4,0x8a,0xd4,0xe9,0xc3,0xe9,0xc3,0x27,0xb3,
    0x68,0xc3,0x68,0x6a,0x46,0x19,0x71,0x8c,0xef,0x7b,0x9c,0xf7,0x9c,0xf7,0x9c,0xf7,0x9c,0xf7,0x9c,0xf7,0x9c,0xf7,0xfa,0xde,0x71,0x84,0x51,0x84,0x30,0x7c,0x51,0x84,
    0x30,0x84,0xf4,0xed,0x31,0xe5,0x10,0xe5,0x72,0xe5,0xd4,0xe5,0x72,0x84,0x72,0x84,0x51,0x84,0x51,0x84,0xff,0xff,0x9c,0xf7,0x9c,0xf7,0x9c,0xf7,0x9c,0xf7,0x98,0xd6,
    0x50,0x94,0x28,0x52,0xb0,0xb4,0x9c,0xf7,0x9c,0xf7,0x9c,0xf7,0x75,0xad,0x51,0x84,0x51,0x84,0xa9,0x6a,0x92,0xe5,0x72,0xed,0xb3,0xed,0x9c,0xf7,0x30,0x84,0x46,0x11,
    0xf0,0x7b,0x10,0x7c,0x71,0x84,0x9c,0xf7,0x9c,0xf7,0x9c,0xf7,0x9c,0xf7,0x9c,0xf7,0x9c,0xf7,0x9c,0xf7,0x9c,0xf7,0x9c,0xf7,0x9c,0xf7,0x9c,0xf7,0x9c,0xf7,0x9c,0xf7,
    0x9c,0xf7,0x9c,0xf7,0x9c,0xf7,0x9c,0xf7,0x9c,0xf7,0x9c,0xf7,0x9c,0xf7,0x9c,0xf7,0x9c,0xf7,0x9c,0xf7,0x9c,0xf7,0x9c,0xf7,0x46,0x19,0x26,0x19,0xf4,0xd5,0xf4,0xd5,
    0x9c,0xf7,0xf8,0xee,0xf8,0xee,0xf8,0xee,0xd7,0xe6,0xd7,0xe6,0xf8,0xe6,0xf8,0xe6,0xd8,0xe6,0xd8,0xe6,0xd8,0xe6,0xd8,0xe6,0xb7,0xe6,0xd7,0xe6,0xd7,0xe6,0xf7,0xe6,
    0xf8,0xee,0xd8,0xee,0xd8,0xee,0x14,0xd6,0x14,0xd6,0xb3,0xcd,0x46,0x21,0x26,0x19,0x72,0xcd,0x51,0xc5,0x55,0xde,0x97,0xe6,0x9c,0xf7,0x67,0x21,0x67,0x21,0x9c,0xf7,
    0x9c,0xf7,0x9c,0xf7,0x9c,0xf7,0x9c,0xf7,0x9c,0xf7,0x9c,0xf7,0x9c,0xf7,0x9c,0xf7,0x9c,0xf7,0x9c,0xf7,0x9c,0xf7,0x9c,0xf7,0x9c,0xf7,0x9c,0xf7,0x9c,0xf7,0x9c,0xf7,
    0x9c,0xf7,0x9c,0xf7,0xd3,0xad,0x50,0x9d,0xce,0x8c,0x6c,0x7c,0x4c,0x7c,0x6c,0x7c,0x4c,0x7c,0x4c,0x7c,0x6c,0x7c,0xaa,0x63,0xc8,0x42,0xc8,0x42,0x4c,0x7c,0x6c,0x7c,
    0x6c,0x7c,0x6c,0x7c,0x6c,0x7c,0x6c,0x7c,0x6c,0x7c,0x6c,0x7c,0x4c,0x7c,0x2c,0x74,0x47,0x32,0x27,0x32,0x96,0xce,0x19,0xe7,0x9c,0xf7,0x47,0x32,0x47,0x32,0x9c,0xf7,
    0x9c,0xf7,0x69,0x53,0x47,0x32,0x27,0x32,0x27,0x2a,0x06,0x2a,0x06,0x2a,0x47,0x32,0x67,0x32,0x49,0x53,0x29,0x53,0x29,0x53,0x29,0x53,0x49,0x53,0xc7,0x3a,0x9c,0xf7,
    0x9c,0xf7,0x9c,0xf7,0x9c,0xf7,0x9c,0xf7,0x9c,0xf7,0x9c,0xf7,0x9c,0xf7,0x9c,0xf7,0x9c,0xf7,0x9c,0xf7,0x9c,0xf7,0x9c,0xf7,0x9c,0xf7,0x9c,0xf7,0x9c,0xf7,0x9c,0xf7,
    0x9c,0xf7,0x9c,0xf7,0x9c,0xf7,0x9c,0xf7,0x9c,0xf7,0x47,0x11,0x26,0x11,0x46,0x19,0x9c,0xf7,0x9c,0xf7,0x19,0xef,0x19,0xef,0xf9,0xee,0x97,0xe6,0x96,0xe6,0x9c,0xf7,
    0x26,0x11,0x26,0x19,0x26,0x19,0x08,0x3a,0xaa,0x5a,0xaa,0x5a,0x89,0x52,0x89,0x52,0x89,0x52,0x89,0x52,0x8a,0x52,0x89,0x52,0x49,0x42,0x29,0x42,0xea,0xab,0xaa,0xdc,
    0x8a,0xd4,0x8a,0xd4,0x6a,0xd4,0xab,0xd4,0xab,0xd4,0x48,0xb3,0x27,0xab,0xa8,0xd3,0x27,0x09,0x64,0x00,0x01,0x00,0x9c,0xf7,0x9c,0xf7,0x9c,0xf7,0x9c,0xf7,0x9c,0xf7,
    0x9c,0xf7,0x9c,0xf7,0xff,0xff,0x9c,0xf7,0xff,0xff,0xff,0xff,0xff,0xff,0xeb,0xdb,0x2d,0xdc,0x4d,0xe4,0x2c,0xdc,0xeb,0xdb,0xff,0xff,0xff,0xff,0xff,0xff,0xff,0xff,
    0x9c,0xf7,0x9c,0xf7,0x9c,0xf7,0x9c,0xf7,0x9c,0xf7,0x9c,0xf7,0xff,0xff,0x27,0x09,0xff,0xff,0x9c,0xf7,0x9c,0xf7,0x9c,0xf7,0x9c,0xf7,0xff,0xff,0x9c,0xf7,0x0f,0xfd,
    0x8e,0xe4,0x8e,0xe4,0x6d,0xe4,0x9c,0xf7,0x23,0x00,0x67,0x19,0xff,0xff,0xff,0xff,0xfe,0xff,0x9c,0xf7,0x9c,0xf7,0x9c,0xf7,0x9c,0xf7,0x9c,0xf7,0x9c,0xf7,0x9c,0xf7,
    0x9c,0xf7,0x9c,0xf7,0x9c,0xf7,0x9c,0xf7,0x9c,0xf7,0x9c,0xf7,0x9c,0xf7,0x9c,0xf7,0x9c,0xf7,0x9c,0xf7,0x9c,0xf7,0x9c,0xf7,0x9c,0xf7,0x9c,0xf7,0x9c,0xf7,0x9c,0xf7,
    0x9c,0xf7,0x9c,0xf7,0x46,0x19,0x26,0x19,0xf4,0xcd,0xd4,0xcd,0x9c,0xf7,0xd8,0xee,0xf8,0xee,0xf8,0xee,0x2b,0x74,0x2b,0x74,0x2b,0x74,0x8d,0x84,0xf8,0xe6,0xd8,0xee,
    0xd8,0xee,0xb7,0xe6,0x2b,0x74,0x2b,0x74,0x4b,0x74,0x6c,0x7c,0xf8,0xee,0xd8,0xee,0xd8,0xee,0x14,0xd6,0x14,0xd6,0xd3,0xcd,0x46,0x21,0x05,0x11,0x9c,0xf7,0x9c,0xf7,
    0x52,0xbd,0x52,0xbd,0xf8,0xee,0x67,0x21,0x67,0x21,0x9c,0xf7,0x9c,0xf7,0x9c,0xf7,0x9c,0xf7,0x9c,0xf7,0x9c,0xf7,0x9c,0xf7,0x9c,0xf7,0x9c,0xf7,0x9c,0xf7,0x9c,0xf7,
    0x9c,0xf7,0x9c,0xf7,0x9c,0xf7,0x9c,0xf7,0x9c,0xf7,0x9c,0xf7,0x9c,0xf7,0x9c,0xf7,0xb3,0xad,0x50,0x9d,0xce,0x8c,0x6c,0x7c,0x6c,0x7c,0x6c,0x7c,0x4c,0x7c,0xe9,0x42,
    0x09,0x4b,0x29,0x4b,0x4c,0x7c,0x6c,0x7c,0x6c,0x7c,0x6c,0x7c,0x6c,0x7c,0x6c,0x7c,0x6c,0x7c,0x6c,0x7c,0x6c,0x7c,0x6c,0x7c,0x4c,0x7c,0x4b,0x74,0x4b,0x74,0x4c,0x7c,
    0x27,0x2a,0x6f,0x84,0x9c,0xf7,0x67,0x3a,0x47,0x32,0x9c,0xf7,0x9c,0xf7,0x09,0x4b,0x67,0x32,0x47,0x32,0x67,0x32,0x88,0x3a,0x67,0x3a,0x47,0x32,0x67,0x3a,0x09,0x4b,
    0x29,0x53,0x49,0x53,0x29,0x53,0x29,0x4b,0x8b,0x5b,0xb8,0xd6,0xb8,0xd6,0x9c,0xf7,0x9c,0xf7,0x9c,0xf7,0x9c,0xf7,0x9c,0xf7,0x9c,0xf7,0x9c,0xf7,0x9c,0xf7,0x9c,0xf7,
    0x9c,0xf7,0x9c,0xf7,0x9c,0xf7,0x9c,0xf7,0x9c,0xf7,0x9c,0xf7,0x9c,0xf7,0x9c,0xf7,0x9c,0xf7,0x9c,0xf7,0x9c,0xf7,0x47,0x19,0x46,0x19,0x47,0x19,0x9c,0xf7,0x9c,0xf7,
    0xf9,0xee,0xf9,0xee,0xf9,0xee,0x76,0xe6,0x76,0xe6,0x53,0xb5,0x67,0x19,0x87,0x21,0x67,0x21,0xe8,0x39,0x69,0x52,0x69,0x52,0x89,0x52,0x8a,0x52,0x89,0x52,0x89,0x52,
    0x8a,0x52,0x89,0x52,0x89,0x52,0x89,0x52,0xaa,0x9b,0x2a,0xbc,0x8a,0xd4,0x8a,0xd4,0x8a,0xd4,0x8a,0xd4,0x8a,0xd4,0x68,0xb3,0x27,0xb3,0x27,0xa3,0xa7,0x29,0xc8,0x31,
    0x26,0x11,0x58,0xce,0x9c,0xf7,0x9c,0xf7,0x9c,0xf7,0x9c,0xf7,0x9c,0xf7,0x9c,0xf7,0x9c,0xf7,0x9c,0xf7,0x17,0xc6,0x37,0xc6,0x37,0xc6,0x52,0xe5,0x31,0xe5,0x31,0xe5,
    0x51,0xe5,0x72,0xed,0x9c,0xf7,0x9c,0xf7,0x9c,0xf7,0x9c,0xf7,0x9c,0xf7,0x9c,0xf7,0x9c,0xf7,0x78,0xce,0x78,0xd6,0x58,0xce,0xf7,0xbd,0x67,0x21,0x58,0xce,0x58,0xce,
    0x58,0xce,0x9c,0xf7,0x9c,0xf7,0x9c,0xf7,0x9c,0xf7,0x52,0xe5,0x51,0xe5,0x51,0xed,0x51,0xe5,0x58,0xce,0xa8,0x19,0x46,0x19,0x37,0xc6,0x37,0xc6,0x9c,0xf7,0x9c,0xf7,
    0x9c,0xf7,0x9c,0xf7,0x9c,0xf7,0x9c,0xf7,0x9c,0xf7,0x9c,0xf7,0x9c,0xf7,0x9c,0xf7,0x9c,0xf7,0x9c,0xf7,0x9c,0xf7,0x9c,0xf7,0x9c,0xf7,0x9c,0xf7,0x9c,0xf7,0x9c,0xf7,
    0x9c,0xf7,0x9c,0xf7,0x9c,0xf7,0x9c,0xf7,0x9c,0xf7,0x9c,0xf7,0x9c,0xf7,0x9c,0xf7,0x26,0x19,0x46,0x19,0xd3,0xcd,0xd4,0xcd,0x9c,0xf7,0xf8,0xee,0xf8,0xee,0xf8,0xee,
    0x0b,0x74,0x4b,0x74,0x6c,0x7c,0x4b,0x74,0x2b,0x74,0xb7,0xe6,0x96,0xe6,0x4b,0x74,0x4b,0x74,0x2b,0x74,0x2b,0x74,0x2b,0x74,0xf8,0xee,0xf8,0xee,0xd8,0xee,0x14,0xd6,
    0x14,0xd6,0xd3,0xcd,0x46,0x21,0xe4,0x10,0x9c,0xf7,0x9c,0xf7,0x10,0xbd,0x31,0xbd,0xf9,0xee,0x67,0x21,0x67,0x21,0x9c,0xf7,0x9c,0xf7,0x9c,0xf7,0x9c,0xf7,0x9c,0xf7,
    0x9c,0xf7,0x9c,0xf7,0x9c,0xf7,0x9c,0xf7,0x9c,0xf7,0x9c,0xf7,0x9c,0xf7,0x9c,0xf7,0x9c,0xf7,0x9c,0xf7,0x9c,0xf7,0x9c,0xf7,0x9c,0xf7,0x9c,0xf7,0xb3,0xad,0x50,0x9d,
    0xce,0x8c,0x4c,0x7c,0x4c,0x7c,0x4c,0x7c,0x4c,0x7c,0x09,0x43,0x09,0x4b,0x49,0x53,0x6c,0x7c,0x4c,0x7c,0x6c,0x7c,0x6c,0x7c,0x6c,0x7c,0x6c,0x7c,0x6c,0x7c,0x4c,0x7c,
    0x4b,0x7c,0x4c,0x7c,0x4b,0x74,0x6c,0x7c,0x67,0x32,0x67,0x32,0x47,0x32,0xee,0x73,0x9c,0xf7,0x27,0x32,0x47,0x32,0x9c,0xf7,0x9c,0xf7,0x47,0x32,0x49,0x53,0x29,0x53,
    0x29,0x53,0x49,0x53,0x49,0x53,0x47,0x32,0x47,0x32,0x67,0x32,0x49,0x53,0x29,0x53,0x29,0x53,0x29,0x4b,0x29,0x4b,0xe8,0x42,0xe8,0x4a,0x9c,0xf7,0x9c,0xf7,0x9c,0xf7,
    0x9c,0xf7,0x9c,0xf7,0x9c,0xf7,0x9c,0xf7,0x9c,0xf7,0x9c,0xf7,0x9c,0xf7,0x9c,0xf7,0x9c,0xf7,0x9c,0xf7,0x9c,0xf7,0x9c,0xf7,0x9c,0xf7,0x9c,0xf7,0x9c,0xf7,0x9c,0xf7,
    0x9c,0xf7,0x06,0x11,0x06,0x11,0x46,0x19,0x97,0xe6,0x97,0xe6,0x77,0xe6,0x76,0xe6,0x97,0xe6,0xb7,0xe6,0x9c,0xf7,0x26,0x11,0x87,0x29,0x49,0x52,0x69,0x52,0x69,0x52,
    0x69,0x52,0x89,0x52,0x89,0x52,0x89,0x52,0x8a,0x52,0x89,0x52,0x89,0x52,0x8a,0x52,0x89,0x52,0x69,0x52,0x49,0x4a,0x49,0x4a,0x8a,0xcc,0x8a,0xd4,0x8a,0xd4,0x8a,0xd4,
    0x8a,0xd4,0x47,0xb3,0x47,0xb3,0x28,0x9b,0x29,0x93,0x29,0x8b,0x26,0x11,0x06,0x09,0x17,0xc6,0x9c,0xf7,0x9c,0xf7,0x9c,0xf7,0x9c,0xf7,0x9c,0xf7,0x9c,0xf7,0x9c,0xf7,
    0x03,0x00,0x06,0x09,0xc5,0x08,0x9c,0xf7,0x9c,0xf7,0x9c,0xf7,0x9c,0xf7,0x9c,0xf7,0x9c,0xf7,0x9c,0xf7,0x9c,0xf7,0x9c,0xf7,0x9c,0xf7,0x9c,0xf7,0x9c,0xf7,0x05,0x11,
    0x67,0x19,0x06,0x19,0x87,0x21,0xeb,0x52,0xe5,0x08,0x63,0x00,0x06,0x11,0x9c,0xf7,0x9c,0xf7,0x9c,0xf7,0x9c,0xf7,0x9c,0xf7,0x9c,0xf7,0x9c,0xf7,0x9c,0xf7,0x46,0x19,
    0xa8,0x21,0x26,0x11,0xc5,0x00,0x63,0x00,0x9c,0xf7,0x9c,0xf7,0x9c,0xf7,0x9c,0xf7,0x9c,0xf7,0x9c,0xf7,0x9c,0xf7,0x9c,0xf7,0x9c,0xf7,0x9c,0xf7,0x9c,0xf7,0x9c,0xf7,
    0x9c,0xf7,0x9c,0xf7,0x9c,0xf7,0x9c,0xf7,0x9c,0xf7,0x9c,0xf7,0x9c,0xf7,0x9c,0xf7,0x9c,0xf7,0x9c,0xf7,0x9c,0xf7,0x9c,0xf7,0x9c,0xf7,0x9c,0xf7,0x26,0x19,0x46,0x19,
    0xd4,0xcd,0xd3,0xcd,0x9c,0xf7,0xf8,0xee,0xf8,0xee,0x19,0xef,0x8c,0x7c,0x6c,0x7c,0xce,0x8c,0x29,0x53,0x49,0x53,0xb7,0xde,0xd8,0xe6,0x2c,0x74,0xe8,0x42,0xc8,0x42,
    0x8d,0x84,0x4c,0x74,0xd8,0xee,0xf8,0xee,0xd8,0xee,0x14,0xd6,0x14,0xd6,0xd3,0xcd,0x46,0x21,0x05,0x11,0x9c,0xf7,0x9c,0xf7,0x11,0xbd,0x31,0xbd,0xf8,0xee,0x67,0x21,
    0x67,0x21,0x9c,0xf7,0x9c,0xf7,0x9c,0xf7,0x9c,0xf7,0x9c,0xf7,0x9c,0xf7,0x9c,0xf7,0x9c,0xf7,0x9c,0xf7,0x9c,0xf7,0x9c,0xf7,0x9c,0xf7,0x9c,0xf7,0x9c,0xf7,0x9c,0xf7,
    0x9c,0xf7,0x9c,0xf7,0x9c,0xf7,0x9c,0xf7,0xb3,0xad,0x30,0x9d,0xce,0x8c,0x4c,0x7c,0x4c,0x7c,0x4b,0x74,0xeb,0x6b,0x4c,0x74,0x4c,0x7c,0x4c,0x7c,0x4c,0x7c,0x6c,0x7c,
    0x6c,0x7c,0x6c,0x7c,0x6c,0x7c,0x6c,0x7c,0x6c,0x7c,0x4c,0x7c,0x4c,0x7c,0x0b,0x6c,0x0b,0x6c,0x9c,0xf7,0x9c,0xf7,0x9c,0xf7,0x47,0x32,0x06,0x2a,0x9c,0xf7,0x47,0x32,
    0x47,0x32,0x9c,0xf7,0x9c,0xf7,0x47,0x32,0x29,0x4b,0x29,0x53,0x49,0x53,0x29,0x53,0x29,0x4b,0x67,0x32,0x67,0x32,0x47,0x32,0x09,0x4b,0x29,0x4b,0x29,0x4b,0x29,0x4b,
    0x29,0x53,0x29,0x4b,0x29,0x53,0x9c,0xf7,0x9c,0xf7,0x9c,0xf7,0x9c,0xf7,0x9c,0xf7,0x9c,0xf7,0x9c,0xf7,0x9c,0xf7,0x9c,0xf7,0x9c,0xf7,0x9c,0xf7,0x9c,0xf7,0x9c,0xf7,
    0x9c,0xf7,0x9c,0xf7,0x9c,0xf7,0x9c,0xf7,0x9c,0xf7,0x9c,0xf7,0x9c,0xf7,0x47,0x19,0x26,0x11,0x47,0x19,0x97,0xe6,0x96,0xe6,0x77,0xe6,0x97,0xe6,0x96,0xe6,0x76,0xe6,
    0xd8,0xf6,0x46,0x19,0x86,0x29,0x69,0x52,0x69,0x52,0x69,0x52,0x89,0x52,0x69,0x52,0x89,0x52,0x89,0x52,0x8a,0x52,0x89,0x52,0x89,0x52,0x89,0x52,0x89,0x52,0x89,0x52,
    0x69,0x52,0x69,0x52,0x8a,0xcc,0x8a,0xd4,0x8a,0xd4,0x8a,0xd4,0x8a,0xd4,0x48,0xbb,0x68,0xbb,0x29,0x93,0xe9,0x8a,0xc8,0x82,0x47,0x19,0x67,0x19,0xd6,0xbd,0x9c,0xf7,
    0x9c,0xf7,0x9c,0xf7,0x9c,0xf7,0x9c,0xf7,0x9c,0xf7,0x9c,0xf7,0x43,0x00,0x26,0x11,0x47,0x19,0x9c,0xf7,0x9c,0xf7,0x9c,0xf7,0x9c,0xf7,0x9c,0xf7,0x9c,0xf7,0x9c,0xf7,
    0x9c,0xf7,0x9c,0xf7,0x9c,0xf7,0x9c,0xf7,0x9c,0xf7,0x67,0x19,0x67,0x19,0x46,0x19,0x9c,0xf7,0x9c,0xf7,0x47,0x19,0x67,0x19,0x29,0x3a,0x9c,0xf7,0x9c,0xf7,0x9c,0xf7,
    0x9c,0xf7,0x9c,0xf7,0x9c,0xf7,0x9c,0xf7,0x9c,0xf7,0xa7,0x31,0x0b,0x6b,0x26,0x11,0x47,0x11,0xc4,0x08,0x9c,0xf7,0x9c,0xf7,0x9c,0xf7,0x9c,0xf7,0x9c,0xf7,0x9c,0xf7,
    0x9c,0xf7,0x9c,0xf7,0x9c,0xf7,0x9c,0xf7,0x9c,0xf7,0x9c,0xf7,0x9c,0xf7,0x9c,0xf7,0x9c,0xf7,0x9c,0xf7,0x9c,0xf7,0x9c,0xf7,0x9c,0xf7,0x9c,0xf7,0x9c,0xf7,0x9c,0xf7,
    0x9c,0xf7,0x9c,0xf7,0x9c,0xf7,0x9c,0xf7,0x46,0x19,0x46,0x19,0xd3,0xcd,0xf4,0xd5,0x9c,0xf7,0xf8,0xee,0xd8,0xee,0xd8,0xe6,0x4c,0x7c,0x4c,0x7c,0x4b,0x74,0x4b,0x7c,
    0x8a,0x5b,0xaa,0x5b,0x8a,0x5b,0x69,0x53,0x0b,0x74,0x2b,0x74,0x2b,0x74,0x4c,0x74,0xf8,0xee,0xd8,0xee,0xd8,0xee,0x14,0xd6,0x14,0xd6,0xd3,0xcd,0x46,0x21,0x05,0x11,
    0x9c,0xf7,0x9c,0xf7,0x10,0xbd,0x31,0xbd,0xf8,0xee,0x67,0x21,0x67,0x21,0x9c,0xf7,0x9c,0xf7,0x9c,0xf7,0x9c,0xf7,0x9c,0xf7,0x9c,0xf7,0x9c,0xf7,0x9c,0xf7,0x9c,0xf7,
    0x9c,0xf7,0x9c,0xf7,0x9c,0xf7,0x9c,0xf7,0x9c,0xf7,0x9c,0xf7,0x9c,0xf7,0x9c,0xf7,0x9c,0xf7,0x9c,0xf7,0xb3,0xad,0x10,0x9d,0xae,0x8c,0x4c,0x7c,0x6c,0x7c,0x0b,0x6c,
    0x29,0x4b,0x4b,0x7c,0x4c,0x7c,0x4c,0x7c,0x4c,0x7c,0x4c,0x7c,0x6c,0x7c,0x6c,0x7c,0x6c,0x7c,0x4c,0x7c,0x4c,0x7c,0x4c,0x7c,0x8c,0x7c,0x47,0x32,0x06,0x2a,0xa5,0x19,
    0x9c,0xf7,0x9c,0xf7,0xe6,0x29,0xe6,0x29,0x9c,0xf7,0x47,0x32,0x67,0x3a,0x6e,0x84,0xae,0x8c,0x07,0x2a,0x49,0x53,0x49,0x53,0x49,0x53,0x29,0x4b,0x29,0x53,0x09,0x4b,
    0x09,0x4b,0x09,0x4b,0xa8,0x3a,0xa8,0x3a,0x49,0x53,0x29,0x53,0x29,0x4b,0x29,0x4b,0x29,0x53,0x9c,0xf7,0x9c,0xf7,0x9c,0xf7,0x9c,0xf7,0x9c,0xf7,0x9c,0xf7,0x9c,0xf7,
    0x9c,0xf7,0x9c,0xf7,0x9c,0xf7,0x9c,0xf7,0x9c,0xf7,0x9c,0xf7,0x9c,0xf7,0x9c,0xf7,0x9c,0xf7,0x9c,0xf7,0x9c,0xf7,0x9c,0xf7,0x9c,0xf7,0xfa,0xde,0xda,0xde,0x26,0x11,
    0xa7,0x29,0x97,0xe6,0x76,0xde,0x76,0xde,0x36,0xd6,0xe9,0x31,0xc8,0x29,0x49,0x4a,0x49,0x4a,0x69,0x52,0x69,0x52,0x69,0x52,0x69,0x52,0x69,0x52,0x69,0x52,0x8a,0x52,
    0x89,0x52,0x89,0x52,0x8a,0x52,0x89,0x52,0x89,0x52,0x69,0x52,0x69,0x52,0x69,0x52,0x8a,0xcc,0x8a,0xd4,0x8a,0xd4,0x8a,0xd4,0x6a,0xd4,0xe9,0xc3,0xc8,0xc3,0x2a,0x73,
    0x2b,0x73,0x2b,0x73,0x47,0x19,0x67,0x19,0xc8,0x29,0xe9,0x29,0xf3,0x9c,0x9c,0xf7,0x9c,0xf7,0x9c,0xf7,0x26,0x11,0xa8,0x21,0x9c,0xf7,0xfa,0xde,0xda,0xde,0x9c,0xf7,
    0x9c,0xf7,0x9c,0xf7,0x9c,0xf7,0x9c,0xf7,0x9c,0xf7,0x9c,0xf7,0x9c,0xf7,0x9c,0xf7,0x9c,0xf7,0x9c,0xf7,0x9c,0xf7,0xd9,0xde,0xb9,0xde,0xd9,0xde,0x9c,0xf7,0x9c,0xf7,
    0xd9,0xde,0xda,0xde,0xfa,0xe6,0x9c,0xf7,0x9c,0xf7,0x9c,0xf7,0x9c,0xf7,0x9c,0xf7,0x9c,0xf7,0x9c,0xf7,0xc8,0x29,0x67,0x19,0xa8,0x29,0xda,0xde,0xfa,0xde,0xda,0xde,
    0x2a,0x32,0x06,0x11,0x99,0xd6,0x9c,0xf7,0x9c,0xf7,0x9c,0xf7,0x9c,0xf7,0x9c,0xf7,0x9c,0xf7,0x9c,0xf7,0x9c,0xf7,0x9c,0xf7,0x9c,0xf7,0x9c,0xf7,0x9c,0xf7,0x9c,0xf7,
    0x9c,0xf7,0x9c,0xf7,0x9c,0xf7,0x9c,0xf7,0x9c,0xf7,0x9c,0xf7,0x9c,0xf7,0x9c,0xf7,0x9c,0xf7,0x9c,0xf7,0x46,0x19,0x46,0x19,0xd3,0xcd,0xd3,0xcd,0x9c,0xf7,0xf8,0xee,
    0xf8,0xee,0xf9,0xee,0x9c,0xf7,0x9c,0xf7,0x2b,0x74,0x2b,0x74,0x2b,0x74,0xe9,0x4a,0xe8,0x4a,0x4b,0x74,0x4c,0x7c,0x6c,0x7c,0x9c,0xf7,0x18,0xef,0xd8,0xee,0xd8,0xee,
    0xd8,0xe6,0x14,0xd6,0x14,0xd6,0xd4,0xcd,0x46,0x21,0x05,0x11,0x9c,0xf7,0x9c,0xf7,0x10,0xbd,0x31,0xbd,0xf8,0xee,0x47,0x21,0x67,0x21,0x9c,0xf7,0x9c,0xf7,0x9c,0xf7,
    0x9c,0xf7,0x9c,0xf7,0x9c,0xf7,0x9c,0xf7,0x9c,0xf7,0x9c,0xf7,0x9c,0xf7,0x9c,0xf7,0x9c,0xf7,0x9c,0xf7,0x9c,0xf7,0x9c,0xf7,0x9c,0xf7,0x9c,0xf7,0x9c,0xf7,0x9c,0xf7,
    0xb3,0xad,0x30,0x9d,0xce,0x8c,0x4c,0x7c,0x4b,0x74,0xcb,0x63,0x29,0x4b,0x4b,0x74,0x4c,0x7c,0x6c,0x7c,0x6c,0x7c,0x4c,0x7c,0x6c,0x7c,0x4c,0x7c,0x4b,0x7c,0x4c,0x7c,
    0x4b,0x7c,0x4b,0x7c,0x9c,0xf7,0x68,0x32,0x27,0x2a,0xc5,0x21,0x9c,0xf7,0x9c,0xf7,0x27,0x2a,0x27,0x32,0x9c,0xf7,0x88,0x3a,0x67,0x3a,0xeb,0x6b,0x0b,0x6c,0x07,0x2a,
    0x49,0x53,0x29,0x53,0x29,0x53,0x29,0x53,0x49,0x53,0x49,0x53,0x29,0x53,0x49,0x53,0x87,0x3a,0x87,0x3a,0x29,0x4b,0x29,0x4b,0x29,0x53,0x29,0x4b,0x29,0x53,0x9c,0xf7,
    0x9c,0xf7,0x9c,0xf7,0x9c,0xf7,0x9c,0xf7,0x9c,0xf7,0x9c,0xf7,0x9c,0xf7,0x9c,0xf7,0x9c,0xf7,0x9c,0xf7,0x9c,0xf7,0x9c,0xf7,0x9c,0xf7,0x9c,0xf7,0x9c,0xf7,0x9c,0xf7,
    0x9c,0xf7,0x9c,0xf7,0x9c,0xf7,0x9c,0xf7,0x9c,0xf7,0x47,0x19,0x06,0x09,0x9c,0xf7,0x9c,0xf7,0xf8,0xf6,0x56,0xde,0xc5,0x00,0xc5,0x00,0x89,0x52,0x69,0x52,0x69,0x52,
    0x69,0x52,0x69,0x52,0x89,0x52,0x89,0x52,0x89,0x52,0x89,0x52,0x8a,0x52,0x89,0x52,0x8a,0x52,0x89,0x52,0x89,0x52,0x89,0x52,0x69,0x52,0x69,0x52,0x8a,0xcc,0x8a,0xd4,
    0x6a,0xd4,0x8b,0xd4,0x8b,0xd4,0xa7,0xc3,0xce,0xcc,0x8d,0x7b,0x4c,0x73,0x4c,0x73,0x47,0x19,0x26,0x11,0x05,0x11,0xc5,0x08,0x0d,0x5b,0x78,0xce,0x9c,0xf7,0x9c,0xf7,
    0x95,0xad,0xd6,0xb5,0x9c,0xf7,0x9c,0xf7,0x9c,0xf7,0x9c,0xf7,0x9c,0xf7,0x9c,0xf7,0x9c,0xf7,0x9c,0xf7,0x9c,0xf7,0x9c,0xf7,0x9c,0xf7,0x9c,0xf7,0x9c,0xf7,0x9c,0xf7,
    0x9c,0xf7,0x9c,0xf7,0x9c,0xf7,0x9c,0xf7,0x9c,0xf7,0x9c,0xf7,0x9c,0xf7,0x9c,0xf7,0x9c,0xf7,0x9c,0xf7,0x9c,0xf7,0x9c,0xf7,0x9c,0xf7,0x9c,0xf7,0x9c,0xf7,0xb8,0xde,
    0xe5,0x08,0x88,0x21,0xc5,0x00,0x9c,0xf7,0x9c,0xf7,0x9c,0xf7,0x43,0x00,0x67,0x19,0x99,0xd6,0x9c,0xf7,0x9c,0xf7,0x9c,0xf7,0x9c,0xf7,0x9c,0xf7,0x9c,0xf7,0x9c,0xf7,
    0x9c,0xf7,0x9c,0xf7,0x9c,0xf7,0x9c,0xf7,0x9c,0xf7,0x9c,0xf7,0x9c,0xf7,0x9c,0xf7,0x9c,0xf7,0x9c,0xf7,0x9c,0xf7,0x9c,0xf7,0x9c,0xf7,0x9c,0xf7,0x9c,0xf7,0x9c,0xf7,
    0x46,0x19,0x46,0x19,0xd3,0xcd,0xf4,0xcd,0x9c,0xf7,0xf8,0xee,0xf8,0xee,0xf8,0xee,0xf8,0xee,0xf8,0xee,0x8c,0x7c,0x4c,0x7c,0x4c,0x7c,0x29,0x4b,0x49,0x4b,0x8c,0x7c,
    0x6c,0x7c,0x4c,0x7c,0xd8,0xe6,0xd8,0xee,0xd8,0xe6,0xd8,0xee,0xd8,0xee,0x14,0xd6,0x14,0xd6,0xb3,0xcd,0x46,0x21,0xe5,0x10,0x9c,0xf7,0x9c,0xf7,0x10,0xb5,0x51,0xbd,
    0x19,0xf7,0x46,0x21,0x67,0x21,0x9c,0xf7,0x9c,0xf7,0x9c,0xf7,0x9c,0xf7,0x9c,0xf7,0x9c,0xf7,0x9c,0xf7,0x9c,0xf7,0x9c,0xf7,0x9c,0xf7,0x9c,0xf7,0x9c,0xf7,0x9c,0xf7,
    0x9c,0xf7,0x9c,0xf7,0x9c,0xf7,0x9c,0xf7,0x9c,0xf7,0x9c,0xf7,0x9c,0xf7,0x9c,0xf7,0x9c,0xf7,0x4c,0x74,0x4c,0x7c,0x4c,0x7c,0x4c,0x7c,0x4c,0x7c,0x4c,0x7c,0x4c,0x7c,
    0x6c,0x7c,0x6c,0x7c,0x4c,0x7c,0x4c,0x7c,0x4b,0x7c,0x4c,0x7c,0x4c,0x74,0x9c,0xf7,0x9c,0xf7,0xe6,0x21,0x27,0x32,0x47,0x32,0x09,0x4b,0x6f,0x84,0x47,0x32,0x06,0x2a,
    0x9c,0xf7,0x67,0x32,0x47,0x32,0x09,0x4b,0x49,0x53,0x06,0x2a,0x29,0x53,0x49,0x53,0x29,0x53,0x29,0x53,0x49,0x53,0x49,0x53,0x29,0x53,0x29,0x4b,0xe8,0x4a,0x09,0x4b,
    0x29,0x53,0x29,0x4b,0x29,0x4b,0x29,0x4b,0x29,0x53,0x9c,0xf7,0x9c,0xf7,0x9c,0xf7,0x9c,0xf7,0x9c,0xf7,0x9c,0xf7,0x9c,0xf7,0x9c,0xf7,0x9c,0xf7,0x9c,0xf7,0x9c,0xf7,
    0x9c,0xf7,0x9c,0xf7,0x9c,0xf7,0x9c,0xf7,0x9c,0xf7,0x9c,0xf7,0x9c,0xf7,0x9c,0xf7,0x9c,0xf7,0x9c,0xf7,0x9c,0xf7,0xa7,0x21,0x47,0x19,0x2d,0x63,0x2d,0x63,0x2c,0x63,
    0xec,0x5a,0x89,0x5a,0x28,0x52,0x49,0x4a,0x69,0x52,0x69,0x52,0x69,0x52,0x69,0x52,0x89,0x52,0x89,0x52,0x89,0x52,0x89,0x52,0x89,0x52,0x89,0x52,0x89,0x52,0x89,0x52,
    0x89,0x52,0x89,0x52,0x69,0x52,0x69,0x52,0x8b,0xd4,0x8a,0xd4,0x8a,0xd4,0x28,0xcc,0x28,0xcc,0x35,0xe6,0xb8,0xe6,0x27,0x52,0x0a,0x6b,0x0a,0x6b,0xc8,0x31,0xc7,0x31,
    0x47,0x11,0x46,0x11,0xa8,0x29,0xab,0x4a,0xff,0xff,0x9c,0xf7,0xff,0xff,0x9c,0xf7,0x9c,0xf7,0x9c,0xf7,0x9c,0xf7,0x9c,0xf7,0x9c,0xf7,0x9c,0xf7,0x9c,0xf7,0x9c,0xf7,
    0x9c,0xf7,0x9c,0xf7,0x9c,0xf7,0x9c,0xf7,0x9c,0xf7,0x9c,0xf7,0x9c,0xf7,0x9c,0xf7,0x9c,0xf7,0x9c,0xf7,0x9c,0xf7,0x9c,0xf7,0x9c,0xf7,0x9c,0xf7,0x9c,0xf7,0x9c,0xf7,
    0x9c,0xf7,0x9c,0xf7,0x9c,0xf7,0x9c,0xf7,0x74,0xad,0xcc,0x52,0x47,0x19,0x84,0x00,0x75,0xad,0x9c,0xf7,0x9c,0xf7,0x9c,0xf7,0x74,0xad,0x9c,0xf7,0x9c,0xf7,0x9c,0xf7,
    0x9c,0xf7,0x9c,0xf7,0x9c,0xf7,0x9c,0xf7,0x9c,0xf7,0x9c,0xf7,0x9c,0xf7,0x9c,0xf7,0x9c,0xf7,0x9c,0xf7,0x9c,0xf7,0x9c,0xf7,0x9c,0xf7,0x9c,0xf7,0x9c,0xf7,0x9c,0xf7,
    0x9c,0xf7,0x9c,0xf7,0x9c,0xf7,0x9c,0xf7,0x9c,0xf7,0x9c,0xf7,0x46,0x19,0x46,0x19,0xb3,0xcd,0xd3,0xd5,0xf9,0xee,0xf8,0xee,0xf8,0xee,0xf8,0xee,0xf8,0xee,0xf8,0xee,
    0xd8,0xe6,0xf8,0xee,0xf9,0xee,0x09,0x4b,0xe9,0x4a,0xd7,0xe6,0xd8,0xe6,0xd8,0xee,0xd8,0xee,0xd8,0xee,0xd8,0xee,0xd8,0xee,0xd8,0xee,0x14,0xd6,0xf4,0xd5,0xb3,0xcd,
    0x46,0x21,0x46,0x19,0x72,0xc5,0x51,0xc5,0x35,0xde,0x96,0xe6,0x19,0xef,0x67,0x21,0x67,0x21,0x9c,0xf7,0x9c,0xf7,0x9c,0xf7,0x9c,0xf7,0x9c,0xf7,0x9c,0xf7,0x9c,0xf7,
    0x9c,0xf7,0x9c,0xf7,0x9c,0xf7,0x9c,0xf7,0x9c,0xf7,0x9c,0xf7,0x9c,0xf7,0x9c,0xf7,0x9c,0xf7,0x9c,0xf7,0x9c,0xf7,0x9c,0xf7,0x9c,0xf7,0x9c,0xf7,0x9c,0xf7,0x4c,0x7c,
    0x4c,0x7c,0x4c,0x7c,0x4c,0x7c,0x6c,0x7c,0x4c,0x7c,0x4c,0x7c,0x4c,0x7c,0x6c,0x7c,0x4c,0x7c,0x4c,0x7c,0x4c,0x7c,0x4c,0x74,0x4c,0x7c,0x9c,0xf7,0x9c,0xf7,0xe6,0x21,
    0x47,0x32,0x67,0x32,0xe9,0x4a,0xcc,0x6b,0x06,0x2a,0x27,0x32,0x9c,0xf7,0x47,0x32,0x88,0x3a,0x69,0x53,0x49,0x53,0xe6,0x29,0x29,0x53,0x49,0x53,0x49,0x53,0x49,0x53,
    0x29,0x53,0x29,0x53,0x49,0x53,0x29,0x53,0x49,0x53,0x29,0x53,0x29,0x53,0x29,0x53,0x29,0x4b,0x29,0x4b,0x29,0x53,0x9c,0xf7,0x9c,0xf7,0x9c,0xf7,0x9c,0xf7,0x9c,0xf7,
    0x9c,0xf7,0x9c,0xf7,0x9c,0xf7,0x9c,0xf7,0x9c,0xf7,0x9c,0xf7,0x9c,0xf7,0x9c,0xf7,0x9c,0xf7,0x9c,0xf7,0x9c,0xf7,0x9c,0xf7,0x9c,0xf7,0x9c,0xf7,0x9c,0xf7,0x9c,0xf7,
    0x9c,0xf7,0x53,0xa5,0x67,0x19,0xa5,0x00,0xa5,0x00,0xa5,0x00,0xe5,0x08,0x0a,0x7b,0xe9,0xbb,0x89,0x52,0x69,0x52,0x69,0x52,0x69,0x52,0x69,0x52,0x69,0x52,0x89,0x52,
    0x89,0x52,0x89,0x52,0x89,0x52,0x89,0x52,0x89,0x52,0x89,0x52,0x89,0x52,0x89,0x52,0x89,0x52,0x89,0x52,0x8b,0xd4,0x8b,0xd4,0x8a,0xd4,0x13,0xe6,0x13,0xe6,0x9c,0xf7,
    0x9c,0xf7,0x91,0x9c,0xaa,0x5a,0xa9,0x5a,0x28,0x42,0x08,0x42,0xc8,0x29,0xa7,0x29,0x47,0x19,0x06,0x09,0x92,0x8c,0x72,0x8c,0x54,0xa5,0x9c,0xf7,0x9c,0xf7,0x9c,0xf7,
    0x9c,0xf7,0x9c,0xf7,0x9c,0xf7,0x9c,0xf7,0x9c,0xf7,0x9c,0xf7,0x9c,0xf7,0x9c,0xf7,0x9c,0xf7,0x9c,0xf7,0x9c,0xf7,0x9c,0xf7,0x9c,0xf7,0x9c,0xf7,0x9c,0xf7,0x9c,0xf7,
    0x9c,0xf7,0x9c,0xf7,0x9c,0xf7,0x9c,0xf7,0x9c,0xf7,0x9c,0xf7,0x9c,0xf7,0x9c,0xf7,0x9c,0xf7,0x30,0x84,0x4a,0x42,0x06,0x09,0x67,0x19,0x71,0x8c,0x9c,0xf7,0x9c,0xf7,
    0x9c,0xf7,0x9c,0xf7,0xfe,0xff,0x9c,0xf7,0x9c,0xf7,0x9c,0xf7,0x9c,0xf7,0x9c,0xf7,0x9c,0xf7,0x9c,0xf7,0x9c,0xf7,0x9c,0xf7,0x9c,0xf7,0x9c,0xf7,0x9c,0xf7,0x9c,0xf7,
    0x9c,0xf7,0x9c,0xf7,0x9c,0xf7,0x9c,0xf7,0x9c,0xf7,0x9c,0xf7,0x9c,0xf7,0x9c,0xf7,0x9c,0xf7,0x9c,0xf7,0x9c,0xf7,0x9c,0xf7,0x46,0x19,0x26,0x19,0x92,0xc5,0xd3,0xcd,
    0xf8,0xee,0xf8,0xee,0xf8,0xee,0xf8,0xee,0xf8,0xee,0xf8,0xee,0xf8,0xee,0xd8,0xee,0xd8,0xe6,0xe8,0x42,0x29,0x4b,0xf9,0xee,0xd8,0xee,0xf8,0xee,0xd8,0xee,0xd8,0xee,
    0xd8,0xee,0xd8,0xee,0xd8,0xee,0x14,0xd6,0xf4,0xd5,0xb3,0xcd,0x46,0x19,0x26,0x11,0x71,0xc5,0x92,0xc5,0x55,0xde,0x76,0xde,0x9c,0xf7,0x67,0x21,0x66,0x21,0x9c,0xf7,
    0x9c,0xf7,0x9c,0xf7,0x9c,0xf7,0x9c,0xf7,0x9c,0xf7,0x9c,0xf7,0x9c,0xf7,0x9c,0xf7,0x9c,0xf7,0x9c,0xf7,0x9c,0xf7,0x9c,0xf7,0x9c,0xf7,0x9c,0xf7,0x9c,0xf7,0x9c,0xf7,
    0x9c,0xf7,0x9c,0xf7,0x9c,0xf7,0x9c,0xf7,0xae,0x8c,0x4c,0x7c,0x4c,0x7c,0x4c,0x7c,0x4c,0x7c,0x4c,0x7c,0x4b,0x7c,0x4c,0x7c,0x4c,0x7c,0x4c,0x7c,0x4c,0x7c,0x4b,0x74,
    0x9c,0xf7,0x9c,0xf7,0x9c,0xf7,0x9c,0xf7,0x9c,0xf7,0x9c,0xf7,0x9c,0xf7,0x53,0xa5,0x29,0x4b,0x29,0x4b,0x07,0x2a,0xe6,0x29,0x9c,0xf7,0xa8,0x3a,0xa8,0x3a,0x67,0x32,
    0x67,0x32,0x06,0x2a,0xaa,0x5b,0xaa,0x5b,0xca,0x5b,0x69,0x53,0x49,0x53,0x49,0x53,0x29,0x53,0x29,0x53,0x29,0x4b,0x29,0x4b,0x29,0x4b,0x29,0x53,0x29,0x53,0x29,0x4b,
    0x29,0x53,0x9c,0xf7,0x9c,0xf7,0x9c,0xf7,0x9c,0xf7,0x9c,0xf7,0x9c,0xf7,0x9c,0xf7,0x9c,0xf7,0x9c,0xf7,0x9c,0xf7,0x9c,0xf7,0x9c,0xf7,0x9c,0xf7,0x9c,0xf7,0x9c,0xf7,
    0x9c,0xf7,0x9c,0xf7,0x9c,0xf7,0x9c,0xf7,0x9c,0xf7,0x9c,0xf7,0x9c,0xf7,0x9c,0xf7,0xa5,0x00,0x67,0x19,0x67,0x19,0x67,0x19,0x26,0x09,0xc8,0x72,0xca,0xec,0x28,0x42,
    0x49,0x4a,0x69,0x52,0x69,0x52,0x69,0x52,0x69,0x52,0x89,0x52,0x89,0x52,0x89,0x52,0x89,0x52,0x89,0x52,0x89,0x52,0x89,0x52,0x89,0x52,0x89,0x52,0x89,0x52,0x89,0x52,
    0x28,0xcc,0x49,0xd4,0x07,0xcc,0x9c,0xf7,0x9c,0xf7,0x9c,0xf7,0x9c,0xf7,0x9c,0xf7,0x8a,0x52,0x89,0x52,0x08,0x3a,0xe8,0x39,0x28,0x42,0x28,0x42,0x67,0x21,0x67,0x19,
    0x64,0x00,0x84,0x00,0x6a,0x42,0xfa,0xe6,0x9c,0xf7,0x9c,0xf7,0x9c,0xf7,0x9c,0xf7,0x9c,0xf7,0x9c,0xf7,0x9c,0xf7,0x9c,0xf7,0x9c,0xf7,0x9c,0xf7,0x9c,0xf7,0x9c,0xf7,
    0x9c,0xf7,0x9c,0xf7,0x9c,0xf7,0x9c,0xf7,0x9c,0xf7,0x9c,0xf7,0x9c,0xf7,0x9c,0xf7,0x9c,0xf7,0x9c,0xf7,0x9c,0xf7,0x9c,0xf7,0x9c,0xf7,0x70,0x94,0x50,0x94,0x03,0x00,
    0x64,0x00,0xc5,0x08,0xc5,0x08,0xff,0xff,0x9c,0xf7,0x9c,0xf7,0x9c,0xf7,0x9c,0xf7,0x9c,0xf7,0x9c,0xf7,0x9c,0xf7,0x9c,0xf7,0x9c,0xf7,0x9c,0xf7,0x9c,0xf7,0x9c,0xf7,
    0x9c,0xf7,0x9c,0xf7,0x9c,0xf7,0x9c,0xf7,0x9c,0xf7,0x9c,0xf7,0x9c,0xf7,0x9c,0xf7,0x9c,0xf7,0x9c,0xf7,0x9c,0xf7,0x9c,0xf7,0x9c,0xf7,0x9c,0xf7,0x9c,0xf7,0x9c,0xf7,
    0x9c,0xf7,0x9c,0xf7,0x46,0x19,0x26,0x19,0x92,0xc5,0xd3,0xcd,0xd8,0xe6,0xf8,0xee,0xf8,0xee,0xf8,0xee,0xf8,0xee,0xf8,0xee,0xf8,0xee,0xf8,0xee,0xf8,0xee,0xf8,0xee,
    0xf8,0xee,0xf8,0xee,0xf8,0xee,0xd8,0xee,0xf8,0xee,0xd8,0xe6,0xf8,0xee,0xd8,0xee,0xd8,0xee,0xf4,0xd5,0xf4,0xd5,0x92,0xc5,0x46,0x19,0x06,0x11,0xae,0xac,0x87,0x21,
    0x67,0x19,0x67,0x19,0x46,0x19,0x9c,0xf7,0x9c,0xf7,0x9c,0xf7,0x9c,0xf7,0x9c,0xf7,0x9c,0xf7,0x9c,0xf7,0x9c,0xf7,0x9c,0xf7,0x9c,0xf7,0x9c,0xf7,0x9c,0xf7,0x9c,0xf7,
    0x9c,0xf7,0x9c,0xf7,0x9c,0xf7,0x9c,0xf7,0x9c,0xf7,0x9c,0xf7,0x9c,0xf7,0x9c,0xf7,0x9c,0xf7,0x9c,0xf7,0xce,0x8c,0x4c,0x7c,0x4c,0x7c,0x4c,0x7c,0x4c,0x7c,0x4b,0x7c,
    0x4c,0x7c,0x6c,0x7c,0x6c,0x7c,0x6c,0x7c,0x4c,0x7c,0x4b,0x74,0x9c,0xf7,0x9c,0xf7,0x9c,0xf7,0x9c,0xf7,0x9c,0xf7,0x9c,0xf7,0x9c,0xf7,0x73,0xa5,0x09,0x4b,0xe8,0x4a,
    0x06,0x2a,0x07,0x2a,0x9c,0xf7,0xa8,0x3a,0x88,0x3a,0x27,0x32,0x47,0x32,0xe6,0x29,0x49,0x53,0x29,0x53,0x29,0x53,0xc9,0x4a,0xc9,0x4a,0xc9,0x4a,0x49,0x53,0x29,0x53,
    0x29,0x53,0x49,0x53,0x29,0x53,0x29,0x4b,0x29,0x4b,0x29,0x53,0x29,0x53,0x9c,0xf7,0x9c,0xf7,0x9c,0xf7,0x9c,0xf7,0x9c,0xf7,0x9c,0xf7,0x9c,0xf7,0x9c,0xf7,0x9c,0xf7,
    0x9c,0xf7,0x9c,0xf7,0x9c,0xf7,0x9c,0xf7,0x9c,0xf7,0x9c,0xf7,0x9c,0xf7,0x9c,0xf7,0x9c,0xf7,0x9c,0xf7,0x9c,0xf7,0x9c,0xf7,0x9c,0xf7,0x9c,0xf7,0x0d,0x53,0x47,0x19,
    0x47,0x19,0x46,0x19,0x07,0x3a,0xa9,0xab,0x6a,0xdc,0xa8,0x62,0x69,0x52,0x69,0x52,0x89,0x52,0x89,0x52,0x89,0x52,0x89,0x52,0x89,0x52,0x8a,0x52,0x89,0x52,0x89,0x52,
    0x89,0x52,0x89,0x52,0x89,0x52,0x8a,0x52,0x8a,0x52,0x89,0x52,0x0e,0xd5,0x4f,0xdd,0x2e,0xdd,0x9c,0xf7,0x9c,0xf7,0x9c,0xf7,0x9c,0xf7,0x95,0xb5,0x89,0x52,0x89,0x52,
    0x29,0x42,0x49,0x4a,0x08,0x42,0x28,0x42,0x87,0x29,0x66,0x21,0xa7,0x29,0x87,0x29,0x29,0x3a,0x30,0x84,0x91,0x94,0x9c,0xf7,0x9c,0xf7,0x9c,0xf7,0x9c,0xf7,0x9c,0xf7,
    0x9c,0xf7,0x9c,0xf7,0x9c,0xf7,0x9c,0xf7,0x9c,0xf7,0x9c,0xf7,0x9c,0xf7,0x9c,0xf7,0x9c,0xf7,0x9c,0xf7,0x9c,0xf7,0x9c,0xf7,0x9c,0xf7,0x9c,0xf7,0x9c,0xf7,0x9c,0xf7,
    0x79,0xd6,0x37,0xc6,0xf7,0xbd,0xc5,0x00,0xc5,0x00,0xcc,0x4a,0xcc,0x4a,0xab,0x4a,0xab,0x4a,0x9c,0xf7,0x9c,0xf7,0x9c,0xf7,0x9c,0xf7,0x9c,0xf7,0x9c,0xf7,0x9c,0xf7,
    0x9c,0xf7,0x9c,0xf7,0x9c,0xf7,0x9c,0xf7,0x9c,0xf7,0x9c,0xf7,0x9c,0xf7,0x9c,0xf7,0x9c,0xf7,0x9c,0xf7,0x9c,0xf7,0x9c,0xf7,0x9c,0xf7,0x9c,0xf7,0x9c,0xf7,0x9c,0xf7,
    0x9c,0xf7,0x9c,0xf7,0x9c,0xf7,0x9c,0xf7,0x9c,0xf7,0x9c,0xf7,0x9c,0xf7,0x9c,0xf7,0x46,0x19,0x46,0x19,0x93,0xcd,0xd4,0xcd,0xf8,0xee,0xf8,0xee,0xf8,0xee,0xf8,0xee,
    0xf8,0xee,0xf8,0xee,0xf8,0xee,0xf8,0xee,0xf8,0xee,0xf8,0xee,0xd8,0xee,0xf8,0xee,0xf8,0xee,0xd8,0xee,0xd8,0xee,0xd8,0xee,0xd8,0xee,0xd8,0xee,0xd8,0xe6,0xf4,0xd5,
    0xf4,0xd5,0x72,0xc5,0x26,0x19,0x46,0x19,0x67,0x19,0x67,0x19,0x67,0x19,0x67,0x19,0x67,0x19,0x9c,0xf7,0x9c,0xf7,0x9c,0xf7,0x9c,0xf7,0x9c,0xf7,0x9c,0xf7,0x9c,0xf7,
    0x9c,0xf7,0x9c,0xf7,0x9c,0xf7,0x9c,0xf7,0x9c,0xf7,0x9c,0xf7,0x9c,0xf7,0x9c,0xf7,0x9c,0xf7,0x9c,0xf7,0x9c,0xf7,0x9c,0xf7,0x9c,0xf7,0x9c,0xf7,0x9c,0xf7,0x9c,0xf7,
    0xce,0x8c,0x4c,0x7c,0x4c,0x7c,0x4c,0x7c,0x4c,0x7c,0x4c,0x7c,0x4c,0x7c,0xd4,0xb5,0x9c,0xf7,0x9c,0xf7,0x9c,0xf7,0x9c,0xf7,0x9c,0xf7,0x9c,0xf7,0x9c,0xf7,0x9c,0xf7,
    0x9c,0xf7,0x9c,0xf7,0x9c,0xf7,0x9c,0xf7,0x29,0x4b,0x09,0x4b,0x07,0x2a,0x27,0x2a,0x9c,0xf7,0x87,0x3a,0x87,0x3a,0xe6,0x29,0xe6,0x29,0x25,0x21,0x05,0x19,0x05,0x19,
    0x05,0x19,0x25,0x21,0x25,0x21,0x66,0x29,0x8a,0x53,0x49,0x53,0x49,0x53,0x49,0x53,0x29,0x53,0x29,0x4b,0x29,0x4b,0x09,0x4b,0x09,0x4b,0x9c,0xf7,0x9c,0xf7,0x9c,0xf7,
    0x9c,0xf7,0x9c,0xf7,0x9c,0xf7,0x9c,0xf7,0x9c,0xf7,0x9c,0xf7,0x9c,0xf7,0x9c,0xf7,0x9c,0xf7,0x9c,0xf7,0x9c,0xf7,0x9c,0xf7,0x9c,0xf7,0x9c,0xf7,0x9c,0xf7,0x9c,0xf7,
    0x9c,0xf7,0x9c,0xf7,0x9c,0xf7,0x9c,0xf7,0x9c,0xf7,0x26,0x11,0x26,0x11,0x06,0x11,0xaa,0xe4,0x6a,0xd4,0x6a,0xd4,0xcb,0xdc,0x69,0x4a,0x69,0x4a,0x49,0x4a,0x69,0x52,
    0x69,0x52,0x89,0x52,0x89,0x52,0x8a,0x52,0x89,0x52,0x89,0x52,0x89,0x52,0x89,0x52,0x89,0x52,0x8a,0x52,0x49,0x4a,0x49,0x4a,0x9c,0xf7,0x9c,0xf7,0x9c,0xf7,0x9c,0xf7,
    0x9c,0xf7,0x9c,0xf7,0x9c,0xf7,0x28,0x4a,0x69,0x52,0x69,0x52,0x8a,0x52,0xaa,0x52,0x08,0x42,0x08,0x42,0x28,0x42,0x28,0x42,0x49,0x4a,0x28,0x4a,0x08,0x42,0x87,0x29,
    0xc7,0x39,0x56,0xde,0x56,0xde,0x9c,0xf7,0x9c,0xf7,0x9c,0xf7,0x9c,0xf7,0x9c,0xf7,0x9c,0xf7,0x9c,0xf7,0x9c,0xf7,0x9c,0xf7,0x9c,0xf7,0x9c,0xf7,0x9c,0xf7,0x9c,0xf7,
    0x9c,0xf7,0x9c,0xf7,0xd9,0xde,0xd9,0xde,0x98,0xd6,0x77,0xd6,0xa8,0x21,0xc5,0x08,0xa4,0x00,0x26,0x11,0x26,0x11,0x9c,0xf7,0x9c,0xf7,0x9c,0xf7,0x9c,0xf7,0x9c,0xf7,
    0x9c,0xf7,0x9c,0xf7,0x9c,0xf7,0x9c,0xf7,0x9c,0xf7,0x67,0x19,0x9c,0xf7,0x9c,0xf7,0x9c,0xf7,0x9c,0xf7,0x9c,0xf7,0x9c,0xf7,0x9c,0xf7,0x9c,0xf7,0x9c,0xf7,0x9c,0xf7,
    0x9c,0xf7,0x9c,0xf7,0x9c,0xf7,0x9c,0xf7,0x9c,0xf7,0x9c,0xf7,0x9c,0xf7,0x9c,0xf7,0x9c,0xf7,0x9c,0xf7,0x9c,0xf7,0x9c,0xf7,0x9c,0xf7,0x9c,0xf7,0x47,0x19,0x67,0x21,
    0x92,0xc5,0xb2,0xcd,0x56,0xde,0x9c,0xf7,0x19,0xef,0xf8,0xee,0xf8,0xee,0xf8,0xee,0xf8,0xee,0xf8,0xee,0xf8,0xee,0xf8,0xee,0xf8,0xee,0xd8,0xee,0xd8,0xee,0xd8,0xee,
    0xd8,0xee,0xd8,0xee,0x35,0xde,0xb3,0xcd,0xb3,0xcd,0xd3,0xd5,0xf3,0xd5,0x93,0xc5,0x46,0x19,0x46,0x19,0x26,0x11,0x05,0x11,0xc5,0x08,0x06,0x11,0x26,0x11,0x9c,0xf7,
    0x9c,0xf7,0x9c,0xf7,0x9c,0xf7,0x9c,0xf7,0x9c,0xf7,0x9c,0xf7,0x9c,0xf7,0x9c,0xf7,0x9c,0xf7,0x9c,0xf7,0x9c,0xf7,0x9c,0xf7,0x9c,0xf7,0x9c,0xf7,0x9c,0xf7,0x9c,0xf7,
    0x9c,0xf7,0x9c,0xf7,0x9c,0xf7,0x9c,0xf7,0x9c,0xf7,0x9c,0xf7,0xce,0x8c,0x6c,0x7c,0x4c,0x7c,0x4c,0x7c,0x6c,0x7c,0x4c,0x7c,0x6c,0x7c,0x35,0xbe,0x9c,0xf7,0x9c,0xf7,
    0x9c,0xf7,0x9c,0xf7,0x9c,0xf7,0x9c,0xf7,0x9c,0xf7,0x9c,0xf7,0x9c,0xf7,0x9c,0xf7,0x9c,0xf7,0x9c,0xf7,0x29,0x4b,0x29,0x4b,0x07,0x2a,0xe6,0x29,0x9c,0xf7,0x87,0x3a,
    0x88,0x3a,0x07,0x2a,0x07,0x2a,0x66,0x21,0x46,0x21,0x46,0x21,0x46,0x21,0x45,0x21,0x25,0x21,0xa7,0x31,0x8a,0x5b,0x4a,0x53,0x29,0x53,0x49,0x53,0x49,0x53,0x29,0x4b,
    0x09,0x4b,0x29,0x53,0x6a,0x5b,0x9c,0xf7,0x9c,0xf7,0x9c,0xf7,0x9c,0xf7,0x9c,0xf7,0x9c,0xf7,0x9c,0xf7,0x9c,0xf7,0x9c,0xf7,0x9c,0xf7,0x9c,0xf7,0x9c,0xf7,0x9c,0xf7,
    0x9c,0xf7,0x9c,0xf7,0x9c,0xf7,0x9c,0xf7,0x9c,0xf7,0x9c,0xf7,0x9c,0xf7,0x9c,0xf7,0x9c,0xf7,0x9c,0xf7,0x06,0x11,0x26,0x11,0x26,0x11,0x26,0x11,0xaa,0xd4,0x6a,0xd4,
    0x6a,0xd4,0x69,0xd4,0x48,0x4a,0x69,0x4a,0x69,0x4a,0x69,0x52,0x69,0x52,0x89,0x52,0x89,0x52,0x89,0x52,0x8a,0x52,0x89,0x52,0x89,0x52,0x89,0x52,0x69,0x52,0x69,0x52,
    0x69,0x52,0xaa,0x5a,0x9c,0xf7,0x9c,0xf7,0x9c,0xf7,0x9c,0xf7,0x9c,0xf7,0x9c,0xf7,0x9c,0xf7,0xaa,0x52,0x69,0x52,0x89,0x52,0x89,0x52,0x89,0x52,0x28,0x42,0x28,0x42,
    0x28,0x42,0x28,0x42,0x48,0x4a,0x28,0x42,0x28,0x42,0x08,0x3a,0x28,0x4a,0x56,0xde,0x56,0xde,0x9c,0xf7,0x9c,0xf7,0x9c,0xf7,0x9c,0xf7,0x9c,0xf7,0x9c,0xf7,0x9c,0xf7,
    0x9c,0xf7,0x9c,0xf7,0x9c,0xf7,0x9c,0xf7,0x19,0xef,0x56,0xde,0x35,0xde,0x56,0xde,0x26,0x11,0x47,0x11,0x27,0x11,0x26,0x11,0x26,0x11,0x26,0x11,0x46,0x11,0xe5,0x08,
    0x05,0x11,0x9c,0xf7,0x9c,0xf7,0x9c,0xf7,0x9c,0xf7,0x9c,0xf7,0x9c,0xf7,0x9c,0xf7,0x9c,0xf7,0x9c,0xf7,0x9c,0xf7,0x67,0x19,0x9c,0xf7,0x9c,0xf7,0x9c,0xf7,0x9c,0xf7,
    0x9c,0xf7,0x9c,0xf7,0x9c,0xf7,0x9c,0xf7,0x9c,0xf7,0x9c,0xf7,0x9c,0xf7,0x9c,0xf7,0x9c,0xf7,0x9c,0xf7,0x9c,0xf7,0x9c,0xf7,0x9c,0xf7,0x9c,0xf7,0x9c,0xf7,0x9c,0xf7,
    0x9c,0xf7,0x9c,0xf7,0x9c,0xf7,0x9c,0xf7,0x26,0x11,0x06,0x11,0xb3,0xc5,0x92,0xc5,0x52,0xc5,0x35,0xde,0x35,0xde,0xf8,0xee,0xf8,0xee,0xf8,0xee,0xf8,0xee,0xf8,0xee,
    0xf8,0xee,0xd8,0xee,0xf8,0xee,0xd8,0xee,0xd8,0xee,0xd8,0xee,0xd7,0xe6,0xd7,0xe6,0x55,0xde,0xb3,0xcd,0xb3,0xcd,0x51,0xbd,0x92,0xcd,0x2b,0x6b,0xe5,0x10,0x26,0x19,
    0x9c,0xf7,0x9c,0xf7,0x9c,0xf7,0x9c,0xf7,0x9c,0xf7,0x9c,0xf7,0x9c,0xf7,0x9c,0xf7,0x9c,0xf7,0x9c,0xf7,0x9c,0xf7,0x9c,0xf7,0x9c,0xf7,0x9c,0xf7,0x9c,0xf7,0x9c,0xf7,
    0x9c,0xf7,0x9c,0xf7,0x9c,0xf7,0x9c,0xf7,0x9c,0xf7,0x9c,0xf7,0x9c,0xf7,0x9c,0xf7,0x9c,0xf7,0x9c,0xf7,0x9c,0xf7,0x9c,0xf7,0xae,0x8c,0x4c,0x7c,0x6c,0x7c,0x6c,0x7c,
    0x6c,0x7c,0x9c,0xf7,0x9c,0xf7,0x9c,0xf7,0x9c,0xf7,0x9c,0xf7,0x9c,0xf7,0x9c,0xf7,0x9c,0xf7,0x9c,0xf7,0x9c,0xf7,0x9c,0xf7,0x9c,0xf7,0x9c,0xf7,0x9c,0xf7,0x9c,0xf7,
    0x29,0x4b,0x09,0x4b,0xe6,0x29,0x06,0x2a,0x49,0x53,0xc8,0x42,0xc8,0x42,0x07,0x2a,0xe6,0x29,0x55,0xde,0x56,0xde,0x56,0xde,0x56,0xde,0xb3,0xcd,0x92,0xcd,0x10,0xbd,
    0x86,0x29,0xc7,0x31,0x09,0x4b,0x09,0x4b,0x4a,0x53,0x4a,0x53,0x6a,0x53,0x9c,0xf7,0x9c,0xf7,0x9c,0xf7,0x9c,0xf7,0x9c,0xf7,0x9c,0xf7,0x9c,0xf7,0x9c,0xf7,0x9c,0xf7,
    0x9c,0xf7,0x9c,0xf7,0x9c,0xf7,0x9c,0xf7,0x9c,0xf7,0x9c,0xf7,0x9c,0xf7,0x9c,0xf7,0x9c,0xf7,0x9c,0xf7,0x9c,0xf7,0x9c,0xf7,0x9c,0xf7,0x9c,0xf7,0x9c,0xf7,0x9c,0xf7,
    0x26,0x11,0x67,0x19,0x8a,0x9b,0x88,0xb3,0x6a,0xd4,0x6a,0xd4,0x6a,0xd4,0x6a,0xd4,0x4a,0xc4,0x2a,0xc4,0x4a,0xc4,0x8a,0x9b,0x69,0x52,0x89,0x52,0x8a,0x52,0x89,0x52,
    0xaa,0x52,0x8a,0x52,0xaa,0x52,0xaa,0x5a,0xaa,0x52,0x69,0x52,0x9c,0xf7,0x9c,0xf7,0x9c,0xf7,0x9c,0xf7,0x9c,0xf7,0x9c,0xf7,0x9c,0xf7,0x94,0xbd,0xd5,0xc5,0xaa,0x5a,
    0x89,0x52,0x89,0x52,0x89,0x52,0x8a,0x52,0x89,0x52,0x89,0x52,0x89,0x52,0x69,0x52,0x69,0x52,0x89,0x52,0x8a,0x52,0xcb,0x5a,0xfa,0xe6,0x9c,0xf7,0x9c,0xf7,0x9c,0xf7,
    0x9c,0xf7,0x9c,0xf7,0x9c,0xf7,0x9c,0xf7,0x9c,0xf7,0x9c,0xf7,0x9c,0xf7,0x9c,0xf7,0x9c,0xf7,0x9c,0xf7,0x9c,0xf7,0x56,0xde,0x35,0xde,0x36,0xde,0x06,0x11,0x06,0x11,
    0xc5,0x00,0xc5,0x08,0xe6,0x08,0x06,0x09,0x1a,0xe7,0x1a,0xe7,0x1a,0xe7,0x9c,0xf7,0x9c,0xf7,0x9c,0xf7,0x9c,0xf7,0x9c,0xf7,0x9c,0xf7,0x9c,0xf7,0x9c,0xf7,0x9c,0xf7,
    0x9c,0xf7,0x9c,0xf7,0x9c,0xf7,0x9c,0xf7,0x9c,0xf7,0x9c,0xf7,0x9c,0xf7,0x9c,0xf7,0x9c,0xf7,0x9c,0xf7,0x9c,0xf7,0x9c,0xf7,0x9c,0xf7,0x9c,0xf7,0x9c,0xf7,0x9c,0xf7,
    0x9c,0xf7,0x9c,0xf7,0x9c,0xf7,0x9c,0xf7,0x9c,0xf7,0x9c,0xf7,0x9c,0xf7,0x9c,0xf7,0x9c,0xf7,0x9c,0xf7,0x9c,0xf7,0x9c,0xf7,0x46,0x19,0x46,0x19,0x06,0x09,0x35,0xde,
    0x35,0xde,0x35,0xde,0x35,0xde,0x35,0xde,0x35,0xde,0x35,0xde,0x35,0xde,0x35,0xde,0x55,0xde,0x35,0xde,0x35,0xde,0x35,0xde,0x35,0xde,0x35,0xde,0xb2,0xcd,0xb3,0xcd,
    0x14,0xd6,0xa8,0x21,0x67,0x21,0xc7,0x29,0x9c,0xf7,0x9c,0xf7,0x9c,0xf7,0x9c,0xf7,0x9c,0xf7,0x9c,0xf7,0x9c,0xf7,0x9c,0xf7,0x9c,0xf7,0x9c,0xf7,0x9c,0xf7,0x9c,0xf7,
    0x9c,0xf7,0x9c,0xf7,0x9c,0xf7,0x9c,0xf7,0x9c,0xf7,0x9c,0xf7,0x9c,0xf7,0x9c,0xf7,0x9c,0xf7,0x9c,0xf7,0x9c,0xf7,0x9c,0xf7,0x9c,0xf7,0x9c,0xf7,0x9c,0xf7,0x9c,0xf7,
    0x9c,0xf7,0x9c,0xf7,0x9c,0xf7,0x92,0xad,0x4c,0x7c,0x4c,0x7c,0x4c,0x7c,0x9c,0xf7,0x9c,0xf7,0x9c,0xf7,0x9c,0xf7,0x9c,0xf7,0x9c,0xf7,0x9c,0xf7,0x9c,0xf7,0x9c,0xf7,
    0x9c,0xf7,0x9c,0xf7,0x9c,0xf7,0x9c,0xf7,0x9c,0xf7,0x9c,0xf7,0x29,0x4b,0x09,0x4b,0x06,0x2a,0x27,0x2a,0x09,0x4b,0xc8,0x42,0xc8,0x42,0x07,0x2a,0x06,0x2a,0x18,0xf7,
    0x18,0xf7,0x18,0xf7,0x18,0xf7,0x54,0xe6,0x54,0xe6,0x91,0xd5,0x63,0x08,0xe4,0x18,0xc6,0x29,0xa6,0x29,0xa7,0x3a,0xc7,0x42,0xe8,0x42,0x9c,0xf7,0x9c,0xf7,0x9c,0xf7,
    0x9c,0xf7,0x9c,0xf7,0x9c,0xf7,0x9c,0xf7,0x9c,0xf7,0x9c,0xf7,0x9c,0xf7,0x9c,0xf7,0x9c,0xf7,0x9c,0xf7,0x9c,0xf7,0x9c,0xf7,0x9c,0xf7,0x9c,0xf7,0x9c,0xf7,0x9c,0xf7,
    0x9c,0xf7,0x9c,0xf7,0x9c,0xf7,0x9c,0xf7,0x9c,0xf7,0x9c,0xf7,0x47,0x19,0x46,0x19,0xea,0xb3,0xe8,0xcb,0x6a,0xd4,0x6a,0xd4,0x6a,0xd4,0x6a,0xd4,0x8a,0xdc,0x8a,0xd4,
    0x8a,0xd4,0xa9,0xa3,0x49,0x4a,0x49,0x4a,0x69,0x4a,0x49,0x4a,0x07,0x42,0x28,0x4a,0x28,0x4a,0x28,0x4a,0x49,0x4a,0xe8,0x41,0x9c,0xf7,0x9c,0xf7,0x9c,0xf7,0x9c,0xf7,
    0x9c,0xf7,0x9c,0xf7,0x9c,0xf7,0x0b,0x63,0xeb,0x62,0x89,0x52,0x89,0x52,0x89,0x52,0x8a,0x52,0x89,0x52,0x8a,0x52,0x8a,0x52,0x89,0x52,0x8a,0x52,0x89,0x52,0x8a,0x52,
    0x69,0x52,0x89,0x52,0x9c,0xf7,0x9c,0xf7,0x9c,0xf7,0x9c,0xf7,0x9c,0xf7,0x9c,0xf7,0x9c,0xf7,0x9c,0xf7,0x9c,0xf7,0x9c,0xf7,0x9c,0xf7,0x9c,0xf7,0x9c,0xf7,0x9c,0xf7,
    0x9c,0xf7,0x97,0xe6,0x97,0xe6,0xb8,0xe6,0x46,0x19,0x46,0x19,0x78,0xce,0x78,0xce,0x78,0xce,0x78,0xce,0x9c,0xf7,0x9c,0xf7,0x9c,0xf7,0x9c,0xf7,0x9c,0xf7,0x9c,0xf7,
    0x9c,0xf7,0x9c,0xf7,0x9c,0xf7,0x9c,0xf7,0x9c,0xf7,0x9c,0xf7,0x9c,0xf7,0x9c,0xf7,0x9c,0xf7,0x9c,0xf7,0x9c,0xf7,0x9c,0xf7,0x9c,0xf7,0x9c,0xf7,0x9c,0xf7,0x9c,0xf7,
    0x9c,0xf7,0x9c,0xf7,0x9c,0xf7,0x9c,0xf7,0x9c,0xf7,0x9c,0xf7,0x9c,0xf7,0x9c,0xf7,0xa8,0x3a,0xa8,0x3a,0xa8,0x3a,0xa8,0x3a,0xa8,0x3a,0xa8,0x42,0xa8,0x3a,0xa8,0x3a,
    0xa8,0x3a,0xa8,0x3a,0x87,0x21,0x67,0x19,0x05,0x09,0x35,0xde,0x35,0xde,0x35,0xde,0x55,0xde,0x55,0xde,0x35,0xde,0x55,0xde,0x55,0xde,0x35,0xde,0x35,0xde,0x35,0xde,
    0x35,0xde,0x35,0xde,0x35,0xde,0x15,0xde,0x14,0xd6,0x14,0xd6,0xf3,0xd5,0x66,0x21,0x66,0x21,0xa7,0x21,0x09,0x43,0xc8,0x42,0x9c,0xf7,0x9c,0xf7,0x9c,0xf7,0x9c,0xf7,
    0x9c,0xf7,0x9c,0xf7,0x9c,0xf7,0x9c,0xf7,0x9c,0xf7,0x9c,0xf7,0x9c,0xf7,0x9c,0xf7,0x9c,0xf7,0x9c,0xf7,0x9c,0xf7,0x9c,0xf7,0x9c,0xf7,0x9c,0xf7,0x9c,0xf7,0x9c,0xf7,
    0x9c,0xf7,0x9c,0xf7,0x9c,0xf7,0x9c,0xf7,0x9c,0xf7,0x9c,0xf7,0x9c,0xf7,0x9c,0xf7,0x9c,0xf7,0x92,0xa5,0x2c,0x74,0x6c,0x7c,0x6c,0x7c,0x9c,0xf7,0x9c,0xf7,0x9c,0xf7,
    0x9c,0xf7,0x9c,0xf7,0x9c,0xf7,0x9c,0xf7,0x9c,0xf7,0x9c,0xf7,0x9c,0xf7,0x9c,0xf7,0x9c,0xf7,0x9c,0xf7,0x9c,0xf7,0x9c,0xf7,0x09,0x4b,0x49,0x53,0x27,0x2a,0xe6,0x29,
    0x09,0x4b,0xc8,0x42,0xa8,0x42,0xc6,0x21,0xc6,0x29,0x55,0xde,0x55,0xde,0x55,0xde,0x55,0xde,0x14,0xde,0x14,0xde,0x71,0xc5,0x0d,0x94,0x2e,0x9c,0x66,0x29,0x66,0x29,
    0x16,0xc6,0x36,0xc6,0x36,0xc6,0x9c,0xf7,0x9c,0xf7,0x9c,0xf7,0x9c,0xf7,0x9c,0xf7,0x9c,0xf7,0x9c,0xf7,0x9c,0xf7,0x9c,0xf7,0x9c,0xf7,0x9c,0xf7,0x9c,0xf7,0x9c,0xf7,
    0x9c,0xf7,0x9c,0xf7,0x9c,0xf7,0x9c,0xf7,0x9c,0xf7,0x9c,0xf7,0x9c,0xf7,0x9c,0xf7,0x9c,0xf7,0x9c,0xf7,0x9c,0xf7,0x9c,0xf7,0x67,0x19,0x46,0x19,0x09,0xc4,0x29,0xcc,
    0x6a,0xd4,0x6a,0xd4,0x6a,0xd4,0x6a,0xd4,0x6a,0xcc,0x6a,0xcc,0x6a,0xcc,0x2a,0xc4,0xc9,0xab,0xca,0xab,0xca,0xab,0xeb,0xab,0xf6,0xc5,0xf6,0xc5,0xf6,0xc5,0xf6,0xc5,
    0xf6,0xc5,0xf6,0xc5,0x9c,0xf7,0x9c,0xf7,0x9c,0xf7,0x9c,0xf7,0x9c,0xf7,0x9c,0xf7,0x9c,0xf7,0x69,0x52,0x48,0x4a,0x89,0x52,0x89,0x52,0x89,0x52,0x89,0x52,0x89,0x52,
    0x89,0x52,0x89,0x52,0x8a,0x52,0x8a,0x52,0xaa,0x5a,0xaa,0x5a,0xb1,0x9c,0xf6,0xc5,0x9c,0xf7,0x9c,0xf7,0x9c,0xf7,0x9c,0xf7,0x9c,0xf7,0x9c,0xf7,0x9c,0xf7,0x9c,0xf7,
    0x9c,0xf7,0x9c,0xf7,0x9c,0xf7,0x9c,0xf7,0x9c,0xf7,0x9c,0xf7,0x9c,0xf7,0x9c,0xf7,0x9c,0xf7,0x9c,0xf7,0x46,0x19,0x46,0x11,0x9c,0xf7,0x9c,0xf7,0x9c,0xf7,0x9c,0xf7,
    0x9c,0xf7,0x9c,0xf7,0x9c,0xf7,0x9c,0xf7,0x9c,0xf7,0x9c,0xf7,0x9c,0xf7,0x9c,0xf7,0x9c,0xf7,0x9c,0xf7,0x9c,0xf7,0x9c,0xf7,0x9c,0xf7,0x9c,0xf7,0x9c,0xf7,0x9c,0xf7,
    0x9c,0xf7,0x9c,0xf7,0x9c,0xf7,0x9c,0xf7,0x9c,0xf7,0x9c,0xf7,0x9c,0xf7,0x9c,0xf7,0x9c,0xf7,0x9c,0xf7,0x9c,0xf7,0x9c,0xf7,0x9c,0xf7,0x9c,0xf7,0xa8,0x3a,0xc8,0x42,
    0xa8,0x42,0xa8,0x3a,0x88,0x3a,0xa8,0x3a,0x88,0x3a,0xa8,0x42,0xc8,0x3a,0xa8,0x3a,0x46,0x19,0x46,0x19,0xe6,0x08,0x55,0xde,0x56,0xde,0x55,0xde,0x35,0xde,0x35,0xde,
    0x35,0xde,0x55,0xde,0x55,0xde,0x55,0xde,0x35,0xde,0x35,0xde,0x35,0xde,0x35,0xde,0x35,0xde,0x35,0xde,0x14,0xd6,0xf4,0xd5,0xd3,0xd5,0x87,0x21,0x87,0x21,0x87,0x21,
    0xe8,0x42,0xe9,0x42,0x36,0xbe,0xb8,0xd6,0x9c,0xf7,0x9c,0xf7,0x9c,0xf7,0x9c,0xf7,0x9c,0xf7,0x9c,0xf7,0x9c,0xf7,0x9c,0xf7,0x9c,0xf7,0x9c,0xf7,0x9c,0xf7,0x9c,0xf7,
    0x9c,0xf7,0x9c,0xf7,0x9c,0xf7,0x9c,0xf7,0x9c,0xf7,0x9c,0xf7,0x9c,0xf7,0x9c,0xf7,0x9c,0xf7,0x9c,0xf7,0x9c,0xf7,0x9c,0xf7,0x9c,0xf7,0x9c,0xf7,0x9c,0xf7,0x9c,0xf7,
    0x9c,0xf7,0x9c,0xf7,0x9c,0xf7,0x9c,0xf7,0x9c,0xf7,0x9c,0xf7,0x9c,0xf7,0x9c,0xf7,0x9c,0xf7,0x9c,0xf7,0x66,0x29,0x46,0x21,0x46,0x21,0x66,0x21,0x66,0x29,0x66,0x21,
    0x46,0x21,0x46,0x21,0x66,0x21,0x46,0x21,0x46,0x21,0x66,0x21,0x66,0x29,0x66,0x29,0x66,0x29,0x66,0x29,0x66,0x29,0x34,0xde,0x34,0xde,0x34,0xde,0x34,0xde,0x34,0xde,
    0x34,0xde,0x51,0xc5,0xd2,0xdd,0x33,0xe6,0x86,0x29,0x86,0x29,0x9c,0xf7,0x9c,0xf7,0x9c,0xf7,0x9c,0xf7,0x9c,0xf7,0x9c,0xf7,0x9c,0xf7,0x9c,0xf7,0x9c,0xf7,0x9c,0xf7,
    0x9c,0xf7,0x9c,0xf7,0x9c,0xf7,0x9c,0xf7,0x9c,0xf7,0x9c,0xf7,0x9c,0xf7,0x9c,0xf7,0x9c,0xf7,0x9c,0xf7,0x9c,0xf7,0x9c,0xf7,0x9c,0xf7,0x9c,0xf7,0x9c,0xf7,0x9c,0xf7,
    0x9c,0xf7,0xfe,0xff,0x47,0x19,0x07,0x01,0x6a,0xd4,0x6a,0xd4,0x6a,0xd4,0x6a,0xd4,0x6a,0xd4,0x6a,0xd4,0x6a,0xd4,0x6a,0xd4,0x6a,0xd4,0x8a,0xd4,0xaa,0xdc,0xaa,0xdc,
    0x8a,0xdc,0x69,0xdc,0x9c,0xf7,0x9c,0xf7,0x9c,0xf7,0x9c,0xf7,0x9c,0xf7,0x9c,0xf7,0x9c,0xf7,0x9c,0xf7,0x9c,0xf7,0x9c,0xf7,0x9c,0xf7,0x9c,0xf7,0x9c,0xf7,0xcb,0x5a,
    0xca,0x5a,0x89,0x52,0x89,0x52,0x89,0x52,0x89,0x52,0x89,0x52,0x89,0x52,0x89,0x52,0x8a,0x52,0x89,0x52,0x08,0x42,0x07,0x42,0x95,0xb5,0x9c,0xf7,0x9c,0xf7,0x9c,0xf7,
    0x9c,0xf7,0x9c,0xf7,0x9c,0xf7,0x9c,0xf7,0x9c,0xf7,0x9c,0xf7,0x9c,0xf7,0x9c,0xf7,0x9c,0xf7,0x9c,0xf7,0x9c,0xf7,0x9c,0xf7,0x9c,0xf7,0x9c,0xf7,0x9c,0xf7,0x9c,0xf7,
    0x46,0x19,0x46,0x19,0x9c,0xf7,0x9c,0xf7,0x9c,0xf7,0x9c,0xf7,0x9c,0xf7,0x9c,0xf7,0x9c,0xf7,0x9c,0xf7,0x9c,0xf7,0x9c,0xf7,0x9c,0xf7,0x9c,0xf7,0x9c,0xf7,0x9c,0xf7,
    0x9c,0xf7,0x9c,0xf7,0x9c,0xf7,0x9c,0xf7,0x9c,0xf7,0x9c,0xf7,0x9c,0xf7,0x9c,0xf7,0x9c,0xf7,0x9c,0xf7,0x9c,0xf7,0x9c,0xf7,0x9c,0xf7,0x9c,0xf7,0x9c,0xf7,0xa8,0x3a,
    0xa8,0x3a,0x88,0x3a,0x68,0x3a,0x67,0x3a,0xca,0x63,0xeb,0x6b,0xeb,0x6b,0xeb,0x6b,0xeb,0x6b,0xaa,0x5b,0xaa,0x5b,0x8a,0x5b,0x4a,0x53,0x49,0x53,0x09,0x4b,0x09,0x43,
    0x46,0x19,0x26,0x19,0x46,0x19,0x46,0x19,0x46,0x19,0x46,0x19,0x46,0x19,0x46,0x19,0x46,0x19,0x46,0x19,0x46,0x19,0x46,0x19,0x46,0x19,0x46,0x19,0x46,0x19,0x46,0x19,
    0x46,0x19,0x46,0x19,0x47,0x21,0xa8,0x3a,0x68,0x3a,0xe9,0x42,0xe9,0x42,0xe8,0x42,0xe9,0x42,0xc8,0x42,0xa8,0x3a,0xc8,0x42,0xc8,0x42,0x88,0x3a,0x68,0x3a,0x88,0x3a,
    0x88,0x3a,0x88,0x3a,0x88,0x3a,0x88,0x3a,0x88,0x3a,0xa8,0x3a,0x88,0x3a,0x9c,0xf7,0x9c,0xf7,0x9c,0xf7,0x9c,0xf7,0x9c,0xf7,0x9c,0xf7,0x9c,0xf7,0x9c,0xf7,0x9c,0xf7,
    0x9c,0xf7,0x9c,0xf7,0x9c,0xf7,0x9c,0xf7,0x9c,0xf7,0x9c,0xf7,0x9c,0xf7,0x9c,0xf7,0x9c,0xf7,0x9c,0xf7,0x9c,0xf7,0x9c,0xf7,0x9c,0xf7,0x9c,0xf7,0x9c,0xf7,0x9c,0xf7,
    0x66,0x21,0x25,0x21,0x25,0x19,0x46,0x21,0x46,0x19,0x05,0x19,0x05,0x19,0x25,0x19,0x25,0x19,0x25,0x19,0x25,0x19,0x25,0x21,0x25,0x21,0x46,0x21,0x46,0x21,0x46,0x21,
    0x46,0x21,0x34,0xde,0x34,0xde,0x55,0xde,0x35,0xde,0x34,0xde,0x34,0xde,0x91,0xcd,0x71,0xcd,0xb2,0xcd,0x66,0x29,0x66,0x29,0x9c,0xf7,0x9c,0xf7,0x9c,0xf7,0x9c,0xf7,
    0x9c,0xf7,0x9c,0xf7,0x9c,0xf7,0x9c,0xf7,0x9c,0xf7,0x9c,0xf7,0x9c,0xf7,0x9c,0xf7,0x9c,0xf7,0x9c,0xf7,0x9c,0xf7,0x9c,0xf7,0x9c,0xf7,0x9c,0xf7,0x9c,0xf7,0x9c,0xf7,
    0x9c,0xf7,0x9c,0xf7,0x9c,0xf7,0x9c,0xf7,0x9c,0xf7,0x9c,0xf7,0x14,0x9d,0x13,0x9d,0x26,0x11,0x48,0x5a,0x6a,0xd4,0x6a,0xd4,0x6a,0xd4,0x6a,0xd4,0x6a,0xd4,0x6a,0xd4,
    0x6a,0xd4,0x6a,0xd4,0x6a,0xd4,0x6a,0xcc,0x6a,0xcc,0x6a,0xcc,0x6a,0xcc,0x91,0xdd,0x9c,0xf7,0x9c,0xf7,0x9c,0xf7,0x9c,0xf7,0x9c,0xf7,0x9c,0xf7,0x9c,0xf7,0x9c,0xf7,
    0x9c,0xf7,0x9c,0xf7,0x9c,0xf7,0x9c,0xf7,0x9c,0xf7,0x08,0x42,0x08,0x42,0x8a,0x52,0x8a,0x52,0x89,0x52,0x8a,0x52,0x89,0x52,0x89,0x52,0x8a,0x52,0x8a,0x52,0xaa,0x52,
    0x50,0x8c,0x70,0x94,0x37,0xce,0x9c,0xf7,0x9c,0xf7,0x9c,0xf7,0x9c,0xf7,0x9c,0xf7,0x9c,0xf7,0x9c,0xf7,0x9c,0xf7,0x9c,0xf7,0x9c,0xf7,0x9c,0xf7,0x9c,0xf7,0x9c,0xf7,
    0x9c,0xf7,0x9c,0xf7,0x9c,0xf7,0x9c,0xf7,0x9c,0xf7,0x9c,0xf7,0x26,0x11,0x46,0x19,0x9c,0xf7,0x9c,0xf7,0x9c,0xf7,0x9c,0xf7,0x9c,0xf7,0x9c,0xf7,0x9c,0xf7,0x9c,0xf7,
    0x9c,0xf7,0x9c,0xf7,0x9c,0xf7,0x9c,0xf7,0x9c,0xf7,0x9c,0xf7,0x9c,0xf7,0x9c,0xf7,0x9c,0xf7,0x9c,0xf7,0x9c,0xf7,0x9c,0xf7,0x9c,0xf7,0x9c,0xf7,0x9c,0xf7,0x9c,0xf7,
    0x9c,0xf7,0x9c,0xf7,0x9c,0xf7,0x9c,0xf7,0x9c,0xf7,0x88,0x3a,0x67,0x3a,0x67,0x32,0xa8,0x3a,0xa8,0x3a,0xea,0x6b,0xca,0x63,0xca,0x6b,0x0b,0x6c,0x0b,0x6c,0xaa,0x63,
    0x8a,0x5b,0xca,0x63,0x6a,0x53,0x29,0x53,0xe9,0x42,0x09,0x4b,0x25,0x11,0x46,0x19,0x46,0x19,0x26,0x11,0x26,0x11,0x26,0x11,0x26,0x19,0x26,0x11,0x26,0x11,0x26,0x19,
    0x26,0x19,0x26,0x19,0x26,0x19,0x26,0x19,0x26,0x19,0x26,0x19,0x26,0x19,0x26,0x19,0x46,0x19,0x88,0x32,0x68,0x3a,0x09,0x4b,0xe8,0x42,0xc8,0x42,0xc8,0x42,0xe8,0x42,
    0xc8,0x42,0xa8,0x3a,0xa8,0x42,0x67,0x3a,0xa8,0x3a,0x88,0x3a,0x88,0x3a,0x67,0x3a,0x67,0x3a,0x88,0x3a,0xa8,0x3a,0xa8,0x3a,0x88,0x3a,0x9c,0xf7,0x9c,0xf7,0x9c,0xf7,
    0x9c,0xf7,0x9c,0xf7,0x9c,0xf7,0x9c,0xf7,0x9c,0xf7,0x9c,0xf7,0x9c,0xf7,0x9c,0xf7,0x9c,0xf7,0x9c,0xf7,0x9c,0xf7,0x9c,0xf7,0x9c,0xf7,0x9c,0xf7,0x9c,0xf7,0x9c,0xf7,
    0x9c,0xf7,0x9c,0xf7,0x9c,0xf7,0x9c,0xf7,0x66,0x29,0x66,0x29,0xb2,0xd5,0xd3,0xd5,0xd3,0xd5,0x14,0xde,0x14,0xde,0x96,0xe6,0x96,0xe6,0x96,0xe6,0x96,0xe6,0x96,0xe6,
    0x96,0xe6,0x96,0xe6,0x96,0xe6,0x96,0xe6,0x96,0xe6,0xb6,0xe6,0xb7,0xe6,0x96,0xee,0x96,0xee,0x35,0xde,0x35,0xde,0x34,0xde,0x55,0xde,0xd3,0xd5,0xf3,0xd5,0xd3,0xd5,
    0x66,0x29,0x66,0x29,0x9c,0xf7,0x9c,0xf7,0x9c,0xf7,0x9c,0xf7,0x9c,0xf7,0x9c,0xf7,0x9c,0xf7,0x9c,0xf7,0x9c,0xf7,0x9c,0xf7,0x9c,0xf7,0x9c,0xf7,0x9c,0xf7,0x9c,0xf7,
    0x9c,0xf7,0x9c,0xf7,0x9c,0xf7,0x9c,0xf7,0x9c,0xf7,0x9c,0xf7,0x9c,0xf7,0x9c,0xf7,0x9c,0xf7,0x9c,0xf7,0x9c,0xf7,0x9c,0xf7,0xa4,0x00,0x84,0x00,0x26,0x09,0xc8,0xcb,
    0x49,0xd4,0x6a,0xd4,0x6a,0xd4,0x6a,0xd4,0x6a,0xd4,0x6a,0xd4,0x6a,0xd4,0x6a,0xd4,0x6a,0xd4,0x6a,0xd4,0x6a,0xd4,0x8a,0xd4,0x49,0xd4,0x9c,0xf7,0x9c,0xf7,0x9c,0xf7,
    0x9c,0xf7,0x9c,0xf7,0x9c,0xf7,0x9c,0xf7,0x9c,0xf7,0x9c,0xf7,0x9c,0xf7,0x9c,0xf7,0x9c,0xf7,0x9c,0xf7,0x9c,0xf7,0xce,0x7b,0xae,0x7b,0x8a,0x52,0xaa,0x5a,0x89,0x52,
    0x89,0x52,0x89,0x52,0x89,0x52,0x8a,0x52,0x69,0x4a,0x89,0x52,0x9c,0xf7,0x9c,0xf7,0x9c,0xf7,0x9c,0xf7,0x9c,0xf7,0x9c,0xf7,0x9c,0xf7,0x9c,0xf7,0x9c,0xf7,0x9c,0xf7,
    0x9c,0xf7,0x9c,0xf7,0x9c,0xf7,0x9c,0xf7,0x9c,0xf7,0x9c,0xf7,0x9c,0xf7,0x9c,0xf7,0x9c,0xf7,0x9c,0xf7,0x9c,0xf7,0x9c,0xf7,0x46,0x11,0x26,0x11,0x9c,0xf7,0x9c,0xf7,
    0x9c,0xf7,0x9c,0xf7,0x9c,0xf7,0x9c,0xf7,0x9c,0xf7,0x9c,0xf7,0x9c,0xf7,0x9c,0xf7,0x9c,0xf7,0x9c,0xf7,0x9c,0xf7,0x9c,0xf7,0x9c,0xf7,0x9c,0xf7,0x9c,0xf7,0x9c,0xf7,
    0x9c,0xf7,0x9c,0xf7,0x9c,0xf7,0x9c,0xf7,0x9c,0xf7,0x9c,0xf7,0x9c,0xf7,0x9c,0xf7,0x98,0xce,0xa8,0x3a,0xa8,0x3a,0xc8,0x42,0xee,0x8c,0xed,0x8c,0xed,0x8c,0xed,0x8c,
    0xed,0x8c,0xcd,0x8c,0xcd,0x8c,0x0b,0x6c,0x0b,0x6c,0x0b,0x74,0xed,0x8c,0xed,0x8c,0xcd,0x8c,0xcd,0x8c,0xcd,0x8c,0xcd,0x8c,0xed,0x8c,0xed,0x8c,0xed,0x8c,0xed,0x8c,
    0xed,0x8c,0xed,0x8c,0xed,0x8c,0xed,0x8c,0xed,0x94,0xed,0x8c,0xed,0x8c,0xed,0x8c,0xed,0x8c,0xed,0x8c,0xed,0x8c,0xed,0x8c,0xed,0x8c,0xed,0x8c,0xcd,0x8c,0xed,0x8c,
    0xed,0x8c,0xed,0x8c,0xed,0x8c,0xcd,0x8c,0xcd,0x8c,0xcd,0x8c,0x4a,0x53,0x6a,0x5b,0x8a,0x5b,0xef,0xbc,0xef,0xbc,0xef,0xbc,0xef,0xbc,0xef,0xbc,0xcf,0xbc,0xce,0xb4,
    0xa8,0x3a,0xa8,0x3a,0x87,0x3a,0x9c,0xf7,0x9c,0xf7,0x9c,0xf7,0x9c,0xf7,0x9c,0xf7,0x9c,0xf7,0x9c,0xf7,0x9c,0xf7,0x9c,0xf7,0x9c,0xf7,0x9c,0xf7,0x9c,0xf7,0x9c,0xf7,
    0x9c,0xf7,0x9c,0xf7,0x9c,0xf7,0x9c,0xf7,0x9c,0xf7,0x9c,0xf7,0x9c,0xf7,0x9c,0xf7,0x9c,0xf7,0x9c,0xf7,0x66,0x29,0x66,0x29,0xf3,0xd5,0xd3,0xd5,0xd3,0xd5,0x34,0xde,
    0x55,0xde,0xb6,0xe6,0x96,0xe6,0x96,0xe6,0x96,0xe6,0x96,0xe6,0x96,0xe6,0x96,0xe6,0x96,0xe6,0x96,0xe6,0xb7,0xe6,0xb7,0xe6,0xb7,0xe6,0xb3,0xcd,0xb3,0xcd,0x35,0xde,
    0x34,0xde,0x34,0xde,0x55,0xde,0xd3,0xd5,0xd3,0xd5,0xd3,0xd5,0x66,0x29,0x66,0x29,0x9c,0xf7,0x9c,0xf7,0x9c,0xf7,0x9c,0xf7,0x9c,0xf7,0x9c,0xf7,0x9c,0xf7,0x9c,0xf7,
    0x9c,0xf7,0x9c,0xf7,0x9c,0xf7,0x9c,0xf7,0x9c,0xf7,0x9c,0xf7,0x9c,0xf7,0x9c,0xf7,0x9c,0xf7,0x9c,0xf7,0x9c,0xf7,0x9c,0xf7,0x9c,0xf7,0x9c,0xf7,0x9c,0xf7,0x9c,0xf7,
    0x9c,0xf7,0x9c,0xf7,0x67,0x19,0x67,0x19,0x26,0x09,0xa8,0xbb,0x6a,0xd4,0x6a,0xd4,0x6a,0xd4,0x6a,0xd4,0x6a,0xd4,0x6a,0xd4,0x6a,0xd4,0x6a,0xd4,0x6a,0xd4,0x6a,0xd4,
    0x6a,0xd4,0x6a,0xd4,0xed,0xd4,0x9c,0xf7,0x9c,0xf7,0x9c,0xf7,0x9c,0xf7,0x9c,0xf7,0x9c,0xf7,0x9c,0xf7,0x9c,0xf7,0x9c,0xf7,0x9c,0xf7,0x9c,0xf7,0x9c,0xf7,0x9c,0xf7,
    0x9c,0xf7,0x9c,0xf7,0x9c,0xf7,0x48,0x4a,0x48,0x4a,0x8a,0x52,0x8a,0x52,0x8a,0x52,0x8a,0x52,0x8a,0x52,0xeb,0x5a,0x0b,0x63,0x9c,0xf7,0x9c,0xf7,0x9c,0xf7,0x9c,0xf7,
    0x9c,0xf7,0x9c,0xf7,0x9c,0xf7,0x9c,0xf7,0x9c,0xf7,0x9c,0xf7,0x9c,0xf7,0x9c,0xf7,0x9c,0xf7,0x9c,0xf7,0x9c,0xf7,0x9c,0xf7,0x9c,0xf7,0x9c,0xf7,0x9c,0xf7,0x9c,0xf7,
    0x9c,0xf7,0x9c,0xf7,0x46,0x19,0x46,0x19,0x9c,0xf7,0x9c,0xf7,0x9c,0xf7,0x9c,0xf7,0x9c,0xf7,0x9c,0xf7,0x9c,0xf7,0x9c,0xf7,0x9c,0xf7,0x9c,0xf7,0x9c,0xf7,0x9c,0xf7,
    0x9c,0xf7,0x9c,0xf7,0x9c,0xf7,0x9c,0xf7,0x9c,0xf7,0x9c,0xf7,0x9c,0xf7,0x9c,0xf7,0x9c,0xf7,0x9c,0xf7,0x9c,0xf7,0x9c,0xf7,0x9c,0xf7,0x9c,0xf7,0xb9,0xd6,0x67,0x3a,
    0x68,0x3a,0xa8,0x3a,0x0e,0x95,0xed,0x8c,0xed,0x8c,0xed,0x8c,0x0d,0x95,0xed,0x8c,0xed,0x94,0xeb,0x6b,0x0b,0x6c,0xee,0x8c,0xed,0x8c,0xed,0x8c,0xed,0x8c,0xed,0x8c,
    0xcd,0x8c,0xcd,0x8c,0xed,0x8c,0xed,0x8c,0xed,0x8c,0x0d,0x8d,0xed,0x8c,0xed,0x8c,0xed,0x8c,0xed,0x8c,0x0d,0x95,0xed,0x94,0xed,0x94,0xed,0x8c,0xed,0x8c,0xed,0x8c,
    0xed,0x8c,0xed,0x8c,0xed,0x8c,0xed,0x8c,0xed,0x8c,0xed,0x8c,0xed,0x8c,0xed,0x8c,0xed,0x8c,0xed,0x8c,0xed,0x8c,0x0e,0x95,0xaa,0x5b,0x8a,0x5b,0x8a,0x5b,0xef,0xbc,
    0xee,0xbc,0xef,0xbc,0x0f,0xbd,0x0f,0xbd,0x10,0xbd,0xef,0xbc,0x88,0x3a,0xe6,0x29,0x06,0x2a,0x9c,0xf7,0x9c,0xf7,0x9c,0xf7,0x9c,0xf7,0x9c,0xf7,0x9c,0xf7,0x9c,0xf7,
    0x9c,0xf7,0x9c,0xf7,0x9c,0xf7,0x9c,0xf7,0x9c,0xf7,0x9c,0xf7,0x9c,0xf7,0x9c,0xf7,0x9c,0xf7,0x9c,0xf7,0x9c,0xf7,0x9c,0xf7,0x9c,0xf7,0x9c,0xf7,0x9c,0xf7,0x9c,0xf7,
    0x66,0x21,0x66,0x21,0x51,0xcd,0x71,0xcd,0x71,0xcd,0x71,0xcd,0x71,0xcd,0x35,0xde,0x34,0xde,0x34,0xde,0x34,0xde,0x34,0xde,0x35,0xde,0x34,0xde,0x34,0xde,0x34,0xde,
    0x35,0xde,0x34,0xde,0x34,0xde,0x86,0x39,0xa6,0x39,0x55,0xde,0x35,0xde,0x55,0xde,0x35,0xde,0xd3,0xd5,0xd3,0xd5,0xd3,0xd5,0x66,0x29,0x66,0x29,0x9c,0xf7,0x9c,0xf7,
    0x9c,0xf7,0x9c,0xf7,0x9c,0xf7,0x9c,0xf7,0x9c,0xf7,0x9c,0xf7,0x9c,0xf7,0x9c,0xf7,0x9c,0xf7,0x9c,0xf7,0x9c,0xf7,0x9c,0xf7,0x9c,0xf7,0x9c,0xf7,0x9c,0xf7,0x9c,0xf7,
    0x9c,0xf7,0x9c,0xf7,0x9c,0xf7,0x9c,0xf7,0x9c,0xf7,0x9c,0xf7,0x9c,0xf7,0x9c,0xf7,0x46,0x11,0x46,0x19,0x26,0x11,0x6a,0xd4,0x6a,0xd4,0x6a,0xd4,0x6a,0xd4,0x8a,0xd4,
    0x6a,0xd4,0x8a,0xd4,0x8a,0xd4,0x6a,0xd4,0x6a,0xd4,0x6a,0xd4,0x6a,0xd4,0x8a,0xd4,0x9c,0xf7,0x9c,0xf7,0x9c,0xf7,0x9c,0xf7,0x9c,0xf7,0x9c,0xf7,0x9c,0xf7,0x9c,0xf7,
    0x9c,0xf7,0x9c,0xf7,0x9c,0xf7,0x9c,0xf7,0x9c,0xf7,0x9c,0xf7,0x9c,0xf7,0x9c,0xf7,0x9c,0xf7,0x89,0x5a,0x28,0x4a,0x8a,0x52,0x8a,0x52,0x89,0x52,0x8a,0x52,0x89,0x52,
    0xd5,0xbd,0x94,0xb5,0x9c,0xf7,0x9c,0xf7,0x9c,0xf7,0x9c,0xf7,0x9c,0xf7,0x9c,0xf7,0x9c,0xf7,0x9c,0xf7,0x9c,0xf7,0x9c,0xf7,0x9c,0xf7,0x9c,0xf7,0x9c,0xf7,0x9c,0xf7,
    0x9c,0xf7,0x9c,0xf7,0x9c,0xf7,0x9c,0xf7,0x9c,0xf7,0x9c,0xf7,0x9c,0xf7,0x9c,0xf7,0x47,0x19,0x46,0x19,0x9c,0xf7,0x9c,0xf7,0x9c,0xf7,0x9c,0xf7,0x9c,0xf7,0x9c,0xf7,
    0x9c,0xf7,0x9c,0xf7,0x9c,0xf7,0x9c,0xf7,0x9c,0xf7,0x9c,0xf7,0x9c,0xf7,0x9c,0xf7,0x9c,0xf7,0x9c,0xf7,0x9c,0xf7,0x9c,0xf7,0x9c,0xf7,0x9c,0xf7,0x9c,0xf7,0x9c,0xf7,
    0x9c,0xf7,0x9c,0xf7,0x9c,0xf7,0x9c,0xf7,0xd9,0xd6,0x88,0x3a,0x88,0x3a,0x2b,0x74,0x4b,0x74,0x4b,0x74,0x4b,0x74,0x4b,0x74,0x2b,0x74,0x2b,0x74,0x49,0x53,0x29,0x4b,
    0x09,0x4b,0xac,0x84,0x4b,0x74,0x4b,0x74,0x4b,0x74,0x4b,0x74,0x2b,0x74,0x4b,0x74,0x4b,0x74,0x4b,0x74,0x4b,0x74,0x4b,0x74,0x4b,0x74,0x4b,0x74,0x4b,0x74,0x4b,0x74,
    0x4b,0x74,0x2b,0x74,0x2b,0x74,0x4b,0x74,0x4b,0x74,0x4b,0x74,0x4b,0x74,0x2b,0x74,0x2b,0x74,0x2b,0x74,0x2b,0x74,0x2b,0x74,0x2b,0x74,0x2b,0x74,0x2b,0x74,0x0b,0x74,
    0x0b,0x6c,0x0b,0x6c,0xc8,0x42,0xc8,0x42,0xc8,0x42,0xb2,0xd5,0xb3,0xd5,0x14,0xd6,0x15,0xde,0x14,0xde,0x96,0xe6,0xb7,0xee,0xa8,0x42,0x9c,0xf7,0x9c,0xf7,0x9c,0xf7,
    0x9c,0xf7,0x9c,0xf7,0x9c,0xf7,0x9c,0xf7,0x9c,0xf7,0x9c,0xf7,0x9c,0xf7,0x9c,0xf7,0x9c,0xf7,0x9c,0xf7,0x9c,0xf7,0x9c,0xf7,0x9c,0xf7,0x9c,0xf7,0x9c,0xf7,0x9c,0xf7,
    0x9c,0xf7,0x9c,0xf7,0x9c,0xf7,0x9c,0xf7,0x9c,0xf7,0x9c,0xf7,0x66,0x29,0x66,0x21,0x51,0xcd,0x71,0xcd,0x71,0xcd,0x71,0xcd,0x71,0xcd,0x34,0xde,0x34,0xde,0x34,0xde,
    0x34,0xde,0x34,0xde,0x34,0xde,0x34,0xde,0x34,0xde,0x35,0xde,0x34,0xde,0x34,0xde,0x35,0xde,0x86,0x31,0xa6,0x39,0x35,0xde,0x35,0xde,0x35,0xde,0x35,0xde,0xd3,0xd5,
    0xd3,0xd5,0xd3,0xd5,0x66,0x29,0x66,0x29,0x9c,0xf7,0x9c,0xf7,0x9c,0xf7,0x9c,0xf7,0x9c,0xf7,0x9c,0xf7,0x9c,0xf7,0x9c,0xf7,0x9c,0xf7,0x9c,0xf7,0x9c,0xf7,0x9c,0xf7,
    0x9c,0xf7,0x9c,0xf7,0x9c,0xf7,0x9c,0xf7,0x9c,0xf7,0x9c,0xf7,0x9c,0xf7,0x9c,0xf7,0x9c,0xf7,0x9c,0xf7,0x9c,0xf7,0x9c,0xf7,0x9c,0xf7,0x9c,0xf7,0x47,0x19,0x46,0x19,
    0x26,0x09,0x6a,0xd4,0x6a,0xd4,0x6a,0xd4,0x8a,0xd4,0x8a,0xd4,0x6a,0xd4,0x8a,0xd4,0x6a,0xd4,0x8a,0xd4,0x6a,0xd4,0x6a,0xcc,0x49,0xd4,0x4f,0xdd,0x9c,0xf7,0x9c,0xf7,
    0x9c,0xf7,0x9c,0xf7,0x9c,0xf7,0x9c,0xf7,0x9c,0xf7,0x9c,0xf7,0x9c,0xf7,0x9c,0xf7,0x9c,0xf7,0x9c,0xf7,0x9c,0xf7,0x9c,0xf7,0x9c,0xf7,0x9c,0xf7,0x9c,0xf7,0x9c,0xf7,
    0x9c,0xf7,0x28,0x4a,0x69,0x4a,0x49,0x52,0x69,0x4a,0x28,0x4a,0x9c,0xf7,0x9c,0xf7,0x9c,0xf7,0x9c,0xf7,0x9c,0xf7,0x9c,0xf7,0x9c,0xf7,0x9c,0xf7,0x9c,0xf7,0x9c,0xf7,
    0x9c,0xf7,0x9c,0xf7,0x9c,0xf7,0x9c,0xf7,0x9c,0xf7,0x9c,0xf7,0x9c,0xf7,0x9c,0xf7,0x9c,0xf7,0x9c,0xf7,0x9c,0xf7,0x9c,0xf7,0x9c,0xf7,0x9c,0xf7,0x47,0x19,0x26,0x19,
    0x9c,0xf7,0x9c,0xf7,0x9c,0xf7,0x9c,0xf7,0x9c,0xf7,0x9c,0xf7,0x9c,0xf7,0x9c,0xf7,0x9c,0xf7,0x9c,0xf7,0x9c,0xf7,0x9c,0xf7,0x9c,0xf7,0x9c,0xf7,0x9c,0xf7,0x9c,0xf7,
    0x9c,0xf7,0x9c,0xf7,0x9c,0xf7,0x9c,0xf7,0x9c,0xf7,0x9c,0xf7,0x9c,0xf7,0x9c,0xf7,0x9c,0xf7,0x9c,0xf7,0xd9,0xd6,0x88,0x3a,0xa8,0x3a,0x4b,0x74,0x4b,0x74,0x2b,0x74,
    0x4b,0x74,0x2b,0x74,0x2b,0x74,0x2b,0x74,0x69,0x5b,0x29,0x53,0x29,0x4b,0x8c,0x84,0x2b,0x74,0x4b,0x74,0x4b,0x74,0x2b,0x74,0x4b,0x74,0x4b,0x74,0x4b,0x74,0x4b,0x74,
    0x4b,0x74,0x4b,0x74,0x4b,0x74,0x4b,0x74,0x4b,0x74,0x4b,0x74,0x2b,0x74,0x2b,0x74,0x2b,0x74,0x4b,0x74,0x4b,0x74,0x4b,0x74,0x4b,0x74,0x4b,0x74,0x2b,0x74,0x2b,0x74,
    0x2b,0x74,0x2b,0x74,0x2b,0x74,0x2b,0x74,0x0b,0x74,0x0b,0x74,0x0b,0x6c,0x0b,0x74,0xe8,0x42,0xe8,0x42,0xe8,0x42,0xb2,0xd5,0xb2,0xd5,0x14,0xde,0x14,0xde,0x35,0xde,
    0xb7,0xe6,0xb7,0xe6,0x09,0x4b,0x9c,0xf7,0x9c,0xf7,0x9c,0xf7,0x9c,0xf7,0x9c,0xf7,0x9c,0xf7,0x9c,0xf7,0x9c,0xf7,0x9c,0xf7,0x9c,0xf7,0x9c,0xf7,0x9c,0xf7,0x9c,0xf7,
    0x9c,0xf7,0x9c,0xf7,0x9c,0xf7,0x9c,0xf7,0x9c,0xf7,0x9c,0xf7,0x9c,0xf7,0x9c,0xf7,0x9c,0xf7,0x9c,0xf7,0x9c,0xf7,0x9c,0xf7,0x66,0x29,0x66,0x21,0x71,0xcd,0x71,0xcd,
    0x71,0xcd,0x71,0xcd,0x71,0xcd,0x34,0xde,0x35,0xde,0x34,0xde,0x34,0xde,0x34,0xde,0x34,0xde,0x34,0xde,0x34,0xde,0x35,0xde,0x35,0xde,0x35,0xde,0x55,0xde,0x4b,0x73,
    0x31,0xbd,0x55,0xde,0x55,0xde,0x35,0xde,0x35,0xde,0xd3,0xd5,0xd2,0xd5,0xd2,0xd5,0x66,0x29,0x66,0x29,0x9c,0xf7,0x9c,0xf7,0x9c,0xf7,0x9c,0xf7,0x9c,0xf7,0x9c,0xf7,
    0x9c,0xf7,0x9c,0xf7,0x9c,0xf7,0x9c,0xf7,0x9c,0xf7,0x9c,0xf7,0x9c,0xf7,0x9c,0xf7,0x9c,0xf7,0x9c,0xf7,0x9c,0xf7,0x9c,0xf7,0x9c,0xf7,0x9c,0xf7,0x9c,0xf7,0x9c,0xf7,
    0x9c,0xf7,0x9c,0xf7,0x9c,0xf7,0x9c,0xf7,0x46,0x19,0x47,0x19,0xa4,0x00,0x49,0xd4,0x8a,0xd4,0x8a,0xd4,0x8a,0xd4,0x6a,0xd4,0x6a,0xd4,0x8a,0xd4,0x8a,0xd4,0x28,0xcc,
    0x28,0xcc,0x4f,0xdd,0xf8,0xee,0x9c,0xf7,0x9c,0xf7,0x9c,0xf7,0x9c,0xf7,0x9c,0xf7,0x9c,0xf7,0x9c,0xf7,0x9c,0xf7,0x9c,0xf7,0x9c,0xf7,0x9c,0xf7,0x9c,0xf7,0x9c,0xf7,
    0x9c,0xf7,0x9c,0xf7,0x9c,0xf7,0x9c,0xf7,0x9c,0xf7,0x9c,0xf7,0x9c,0xf7,0xd9,0xde,0x9c,0xf7,0x9c,0xf7,0x99,0xde,0xb9,0xde,0x9c,0xf7,0x9c,0xf7,0x9c,0xf7,0x9c,0xf7,
    0x9c,0xf7,0x9c,0xf7,0x9c,0xf7,0x9c,0xf7,0x9c,0xf7,0x9c,0xf7,0x9c,0xf7,0x9c,0xf7,0x9c,0xf7,0x9c,0xf7,0x9c,0xf7,0x9c,0xf7,0x9c,0xf7,0x9c,0xf7,0x9c,0xf7,0x9c,0xf7,
    0x9c,0xf7,0x9c,0xf7,0xa8,0x21,0xa7,0x21,0x26,0x11,0x4d,0x63,0x9c,0xf7,0x9c,0xf7,0x9c,0xf7,0x9c,0xf7,0x9c,0xf7,0x9c,0xf7,0x9c,0xf7,0x9c,0xf7,0x9c,0xf7,0x9c,0xf7,
    0x9c,0xf7,0x9c,0xf7,0x9c,0xf7,0x9c,0xf7,0x9c,0xf7,0x9c,0xf7,0x9c,0xf7,0x9c,0xf7,0x9c,0xf7,0x9c,0xf7,0x9c,0xf7,0x9c,0xf7,0x9c,0xf7,0x9c,0xf7,0x9c,0xf7,0x9c,0xf7,
    0xb9,0xd6,0x88,0x3a,0xa8,0x3a,0x4b,0x74,0x2b,0x74,0x2b,0x74,0x4b,0x74,0x2b,0x74,0x4b,0x74,0x4b,0x74,0x49,0x53,0xe9,0x42,0xe8,0x42,0x2b,0x74,0x2b,0x74,0x2b,0x74,
    0x2b,0x74,0x2b,0x74,0x2b,0x74,0x4b,0x74,0x4b,0x74,0x4b,0x74,0x4b,0x74,0x4b,0x74,0x4b,0x74,0x4b,0x74,0x4b,0x74,0x2b,0x74,0x2b,0x74,0x2b,0x74,0x2b,0x74,0x2b,0x74,
    0x2b,0x74,0x2b,0x74,0x2b,0x74,0x2b,0x74,0x2b,0x74,0x2b,0x74,0x2b,0x74,0x2b,0x74,0x2b,0x74,0x0b,0x74,0x0b,0x6c,0x0b,0x6c,0xca,0x63,0xaa,0x63,0xe8,0x42,0xc8,0x42,
    0xe8,0x42,0x35,0xde,0x35,0xde,0xb7,0xe6,0xb7,0xe6,0xb7,0xe6,0xd8,0xe6,0xd7,0xee,0x88,0x3a,0x9c,0xf7,0x9c,0xf7,0x9c,0xf7,0x9c,0xf7,0x9c,0xf7,0x9c,0xf7,0x9c,0xf7,
    0x9c,0xf7,0x9c,0xf7,0x9c,0xf7,0x9c,0xf7,0x9c,0xf7,0x9c,0xf7,0x9c,0xf7,0x9c,0xf7,0x9c,0xf7,0x9c,0xf7,0x9c,0xf7,0x9c,0xf7,0x9c,0xf7,0x9c,0xf7,0x9c,0xf7,0x9c,0xf7,
    0x9c,0xf7,0x9c,0xf7,0x66,0x29,0x66,0x21,0x71,0xcd,0x71,0xcd,0x71,0xcd,0x71,0xcd,0x71,0xcd,0x34,0xde,0x34,0xde,0x34,0xde,0x35,0xde,0x34,0xde,0x35,0xde,0x35,0xde,
    0x35,0xde,0x35,0xde,0x35,0xde,0x35,0xde,0x55,0xde,0xf4,0xd5,0x55,0xe6,0x35,0xde,0x55,0xde,0x55,0xde,0x35,0xde,0xd3,0xd5,0xd2,0xd5,0xb2,0xd5,0x66,0x29,0x66,0x29,
    0x9c,0xf7,0x9c,0xf7,0x9c,0xf7,0x9c,0xf7,0x9c,0xf7,0x9c,0xf7,0x9c,0xf7,0x9c,0xf7,0x9c,0xf7,0x9c,0xf7,0x9c,0xf7,0x9c,0xf7,0x9c,0xf7,0x9c,0xf7,0x9c,0xf7,0x9c,0xf7,
    0x9c,0xf7,0x9c,0xf7,0x9c,0xf7,0x9c,0xf7,0x9c,0xf7,0x9c,0xf7,0x9c,0xf7,0x9c,0xf7,0x9c,0xf7,0x0c,0x53,0x47,0x19,0x46,0x19,0x95,0xb5,0x96,0xee,0x28,0xcc,0x8a,0xd4,
    0x8b,0xd4,0xab,0xd4,0x8a,0xd4,0x8a,0xd4,0x8b,0xd4,0x97,0xe6,0x97,0xee,0x9c,0xf7,0x9c,0xf7,0x9c,0xf7,0x9c,0xf7,0x9c,0xf7,0x9c,0xf7,0x9c,0xf7,0x9c,0xf7,0xf9,0xee,
    0xf9,0xee,0x9c,0xf7,0x9c,0xf7,0x9c,0xf7,0x9c,0xf7,0x9c,0xf7,0x9c,0xf7,0x9c,0xf7,0x9c,0xf7,0x9c,0xf7,0x9c,0xf7,0x9c,0xf7,0x9c,0xf7,0x9c,0xf7,0x9c,0xf7,0x9c,0xf7,
    0x9c,0xf7,0x9c,0xf7,0x9c,0xf7,0x9c,0xf7,0x9c,0xf7,0x9c,0xf7,0x9c,0xf7,0x9c,0xf7,0x9c,0xf7,0x9c,0xf7,0x9c,0xf7,0x9c,0xf7,0x9c,0xf7,0x9c,0xf7,0x9c,0xf7,0x9c,0xf7,
    0x9c,0xf7,0x9c,0xf7,0x9c,0xf7,0x9c,0xf7,0x9c,0xf7,0x9c,0xf7,0x9c,0xf7,0x70,0xdd,0x84,0x00,0x84,0x00,0x46,0x19,0xd9,0xde,0x9c,0xf7,0x9c,0xf7,0x9c,0xf7,0x9c,0xf7,
    0x9c,0xf7,0x9c,0xf7,0x9c,0xf7,0x9c,0xf7,0x9c,0xf7,0x9c,0xf7,0x9c,0xf7,0x9c,0xf7,0x9c,0xf7,0x9c,0xf7,0x9c,0xf7,0x9c,0xf7,0x9c,0xf7,0x9c,0xf7,0x9c,0xf7,0x9c,0xf7,
    0x9c,0xf7,0x9c,0xf7,0x9c,0xf7,0x9c,0xf7,0x9c,0xf7,0x9c,0xf7,0xd9,0xd6,0x88,0x3a,0x88,0x3a,0x2b,0x74,0x4b,0x74,0x4b,0x74,0x4b,0x74,0x4b,0x74,0x2b,0x74,0x2b,0x74,
    0x09,0x4b,0xe8,0x42,0x09,0x4b,0x2b,0x74,0xeb,0x6b,0xeb,0x6b,0x2b,0x74,0x2b,0x74,0x2b,0x74,0x2b,0x74,0x2b,0x74,0x2b,0x74,0x2b,0x74,0x2b,0x74,0x2b,0x74,0x2b,0x74,
    0x2b,0x74,0x2b,0x74,0x2b,0x74,0x2b,0x74,0x2b,0x74,0x2b,0x74,0x2b,0x74,0x2b,0x74,0x2b,0x74,0x2b,0x74,0x2b,0x74,0x2b,0x74,0x2b,0x74,0x2b,0x74,0x2b,0x74,0x2b,0x74,
    0x0b,0x74,0x0b,0x74,0xaa,0x5b,0x8a,0x5b,0xe8,0x42,0xc8,0x42,0xc8,0x42,0x55,0xde,0x55,0xde,0xb7,0xe6,0xb7,0xe6,0x35,0xde,0xb7,0xe6,0xd7,0xee,0xa8,0x3a,0x9c,0xf7,
    0x9c,0xf7,0x9c,0xf7,0x9c,0xf7,0x9c,0xf7,0x9c,0xf7,0x9c,0xf7,0x9c,0xf7,0x9c,0xf7,0x9c,0xf7,0x9c,0xf7,0x9c,0xf7,0x9c,0xf7,0x9c,0xf7,0x9c,0xf7,0x9c,0xf7,0x9c,0xf7,
    0x9c,0xf7,0x9c,0xf7,0x9c,0xf7,0x9c,0xf7,0x9c,0xf7,0x9c,0xf7,0x9c,0xf7,0x9c,0xf7,0x66,0x29,0x66,0x21,0x71,0xcd,0x71,0xcd,0x71,0xcd,0x71,0xcd,0x71,0xcd,0x35,0xde,
    0x35,0xde,0x55,0xde,0x55,0xde,0x55,0xde,0xa6,0x39,0xa6,0x39,0x55,0xde,0x55,0xde,0x35,0xde,0x55,0xde,0x55,0xde,0xb0,0xac,0x35,0xde,0x55,0xde,0x55,0xde,0x35,0xde,
    0x35,0xde,0xb2,0xd5,0xb2,0xd5,0xd2,0xd5,0x66,0x29,0x66,0x29,0x9c,0xf7,0x9c,0xf7,0x9c,0xf7,0x9c,0xf7,0x9c,0xf7,0x9c,0xf7,0x9c,0xf7,0x9c,0xf7,0x9c,0xf7,0x9c,0xf7,
    0x9c,0xf7,0x9c,0xf7,0x9c,0xf7,0x9c,0xf7,0x9c,0xf7,0x9c,0xf7,0x9c,0xf7,0x9c,0xf7,0x9c,0xf7,0x9c,0xf7,0x9c,0xf7,0x9c,0xf7,0x9c,0xf7,0x9c,0xf7,0xfe,0xff,0xa4,0x00,
    0xa4,0x00,0x84,0x00,0x9c,0xf7,0x9c,0xf7,0x34,0xe6,0x6a,0xcc,0x28,0xcc,0x28,0xcc,0x28,0xcc,0x28,0xcc,0x28,0xcc,0x9c,0xf7,0x9c,0xf7,0x9c,0xf7,0x9c,0xf7,0x9c,0xf7,
    0x9c,0xf7,0x9c,0xf7,0x9c,0xf7,0x9c,0xf7,0x9c,0xf7,0xb8,0xe6,0xb8,0xe6,0x9c,0xf7,0x9c,0xf7,0x9c,0xf7,0x9c,0xf7,0x9c,0xf7,0x9c,0xf7,0x9c,0xf7,0x9c,0xf7,0x9c,0xf7,
    0x9c,0xf7,0x9c,0xf7,0x9c,0xf7,0x9c,0xf7,0x9c,0xf7,0x9c,0xf7,0x9c,0xf7,0x9c,0xf7,0x9c,0xf7,0x9c,0xf7,0x9c,0xf7,0x9c,0xf7,0x9c,0xf7,0x9c,0xf7,0x9c,0xf7,0x9c,0xf7,
    0x9c,0xf7,0x9c,0xf7,0x9c,0xf7,0x9c,0xf7,0x9c,0xf7,0x9c,0xf7,0x9c,0xf7,0x9c,0xf7,0x9c,0xf7,0x9c,0xf7,0x9c,0xf7,0x9c,0xf7,0x9c,0xf7,0x6b,0xcc,0x67,0x19,0x67,0x19,
    0x47,0x19,0x9c,0xf7,0x9c,0xf7,0x9c,0xf7,0x9c,0xf7,0x9c,0xf7,0x9c,0xf7,0x9c,0xf7,0x9c,0xf7,0x9c,0xf7,0x9c,0xf7,0x9c,0xf7,0x9c,0xf7,0x9c,0xf7,0x9c,0xf7,0x9c,0xf7,
    0x9c,0xf7,0x9c,0xf7,0x9c,0xf7,0x9c,0xf7,0x9c,0xf7,0x9c,0xf7,0x9c,0xf7,0x9c,0xf7,0x9c,0xf7,0x9c,0xf7,0x9c,0xf7,0x9c,0xf7,0xd9,0xd6,0x88,0x3a,0xa8,0x3a,0x6b,0x7c,
    0x2b,0x74,0x2b,0x74,0x2b,0x74,0x2b,0x74,0x2b,0x74,0x2b,0x74,0x49,0x53,0x09,0x4b,0x09,0x4b,0x0b,0x6c,0x0b,0x6c,0x0b,0x6c,0x0b,0x74,0x2b,0x74,0x2b,0x74,0x2b,0x74,
    0x2b,0x74,0x2b,0x74,0x2b,0x74,0x2b,0x74,0x2b,0x74,0x2b,0x74,0x2b,0x74,0x2b,0x74,0x2b,0x74,0x2b,0x74,0x0b,0x74,0x0b,0x74,0x2b,0x74,0x0b,0x74,0x2b,0x74,0x2b,0x74,
    0x2b,0x74,0x2b,0x74,0x2b,0x74,0x2b,0x74,0x0b,0x74,0x0b,0x74,0x0b,0x6c,0x0b,0x6c,0x8a,0x5b,0x8a,0x5b,0xe8,0x42,0xe8,0x42,0xc8,0x42,0x34,0xde,0x34,0xde,0xb7,0xe6,
    0xb7,0xee,0x76,0xe6,0xd7,0xee,0xf8,0xf6,0xc8,0x42,0x9c,0xf7,0x9c,0xf7,0x9c,0xf7,0x9c,0xf7,0x9c,0xf7,0x9c,0xf7,0x9c,0xf7,0x9c,0xf7,0x9c,0xf7,0x9c,0xf7,0x9c,0xf7,
    0x9c,0xf7,0x9c,0xf7,0x9c,0xf7,0x9c,0xf7,0x9c,0xf7,0x9c,0xf7,0x9c,0xf7,0x9c,0xf7,0x9c,0xf7,0x9c,0xf7,0x9c,0xf7,0x9c,0xf7,0x9c,0xf7,0x9c,0xf7,0x66,0x29,0x66,0x21,
    0x71,0xcd,0x71,0xcd,0x71,0xcd,0x71,0xcd,0x71,0xcd,0x35,0xde,0x35,0xde,0x34,0xde,0x34,0xde,0x35,0xde,0xc7,0x41,0xa6,0x39,0x13,0xde,0x34,0xde,0x34,0xde,0x14,0xde,
    0xa6,0x39,0x8f,0xa4,0x55,0xde,0x55,0xe6,0x55,0xde,0x35,0xde,0x35,0xde,0xb2,0xd5,0xb2,0xd5,0xd2,0xd5,0x66,0x29,0x66,0x29,0x9c,0xf7,0x9c,0xf7,0x9c,0xf7,0x9c,0xf7,
    0x9c,0xf7,0x9c,0xf7,0x9c,0xf7,0x9c,0xf7,0x9c,0xf7,0x9c,0xf7,0x9c,0xf7,0x9c,0xf7,0x9c,0xf7,0x9c,0xf7,0x9c,0xf7,0x9c,0xf7,0x9c,0xf7,0x9c,0xf7,0x9c,0xf7,0x9c,0xf7,
    0x9c,0xf7,0x9c,0xf7,0x9c,0xf7,0xd3,0x94,0xd3,0x94,0x87,0x21,0x8e,0x6b,0xcf,0x73,0x9c,0xf7,0x9c,0xf7,0x9c,0xf7,0x14,0xe6,0xd2,0xdd,0xd1,0xdd,0xd2,0xdd,0xf2,0xe5,
    0xd2,0xe5,0x9c,0xf7,0x9c,0xf7,0x9c,0xf7,0x9c,0xf7,0x9c,0xf7,0x9c,0xf7,0x9c,0xf7,0x9c,0xf7,0x9c,0xf7,0x9c,0xf7,0x97,0xe6,0xb8,0xe6,0x9c,0xf7,0x9c,0xf7,0x9c,0xf7,
    0x9c,0xf7,0x9c,0xf7,0x9c,0xf7,0x9c,0xf7,0x9c,0xf7,0xf8,0xee,0xd8,0xee,0x9c,0xf7,0x9c,0xf7,0x9c,0xf7,0x9c,0xf7,0x9c,0xf7,0x9c,0xf7,0x9c,0xf7,0x9c,0xf7,0x9c,0xf7,
    0x9c,0xf7,0x9c,0xf7,0x9c,0xf7,0x9c,0xf7,0x9c,0xf7,0x9c,0xf7,0x9c,0xf7,0x9c,0xf7,0x9c,0xf7,0xf9,0xee,0x19,0xef,0x9c,0xf7,0x9c,0xf7,0x9c,0xf7,0x9c,0xf7,0x9c,0xf7,
    0x9c,0xf7,0x14,0xe6,0x14,0xe6,0x8b,0xcc,0x47,0x11,0x46,0x19,0x47,0x19,0x9c,0xf7,0x9c,0xf7,0x9c,0xf7,0x9c,0xf7,0x9c,0xf7,0x9c,0xf7,0x9c,0xf7,0x9c,0xf7,0x9c,0xf7,
    0x9c,0xf7,0x9c,0xf7,0x9c,0xf7,0x9c,0xf7,0x9c,0xf7,0x9c,0xf7,0x9c,0xf7,0x9c,0xf7,0x9c,0xf7,0x9c,0xf7,0x9c,0xf7,0x9c,0xf7,0x9c,0xf7,0x9c,0xf7,0x9c,0xf7,0x9c,0xf7,
    0x9c,0xf7,0x9c,0xf7,0x9c,0xf7,0x9c,0xf7,0x67,0x32,0x68,0x3a,0xeb,0x63,0xca,0x63,0xaa,0x63,0xaa,0x5b,0xaa,0x63,0xaa,0x63,0xaa,0x5b,0x09,0x4b,0x09,0x4b,0x6a,0x5b,
    0x6a,0x5b,0x8a,0x5b,0x8a,0x5b,0x8a,0x5b,0x8a,0x5b,0x8a,0x5b,0x8a,0x5b,0x6a,0x5b,0x6a,0x5b,0x69,0x53,0x69,0x53,0x69,0x53,0x69,0x53,0x49,0x53,0x69,0x53,0x69,0x53,
    0x69,0x53,0x69,0x53,0x69,0x53,0x69,0x53,0x69,0x53,0x69,0x53,0x6a,0x53,0x69,0x53,0x6a,0x5b,0x8a,0x5b,0x8a,0x5b,0x6a,0x5b,0x6a,0x5b,0x8a,0x5b,0x8a,0x5b,0x8a,0x5b,
    0xe8,0x42,0xe8,0x42,0xc8,0x42,0x0f,0xbd,0x30,0xbd,0x30,0xc5,0x30,0xc5,0x30,0xc5,0x30,0xc5,0x30,0xc5,0xa8,0x42,0xa8,0x42,0x87,0x3a,0x9c,0xf7,0x9c,0xf7,0x9c,0xf7,
    0x9c,0xf7,0x9c,0xf7,0x9c,0xf7,0x9c,0xf7,0x9c,0xf7,0x9c,0xf7,0x9c,0xf7,0x9c,0xf7,0x9c,0xf7,0x9c,0xf7,0x9c,0xf7,0x9c,0xf7,0x9c,0xf7,0x9c,0xf7,0x9c,0xf7,0x9c,0xf7,
    0x9c,0xf7,0x9c,0xf7,0x9c,0xf7,0x9c,0xf7,0x66,0x29,0x66,0x21,0x71,0xcd,0x71,0xcd,0x71,0xcd,0x91,0xcd,0x91,0xcd,0x55,0xde,0x55,0xde,0x35,0xde,0x35,0xde,0x35,0xde,
    0x2e,0x94,0xd0,0xac,0x55,0xde,0x86,0x31,0xa6,0x39,0x96,0xe6,0x76,0xe6,0x96,0xee,0x55,0xde,0x55,0xe6,0x55,0xde,0x55,0xde,0x35,0xde,0xb2,0xd5,0xb2,0xd5,0xd2,0xd5,
    0x66,0x29,0x66,0x29,0x9c,0xf7,0x9c,0xf7,0x9c,0xf7,0x9c,0xf7,0x9c,0xf7,0x9c,0xf7,0x9c,0xf7,0x9c,0xf7,0x9c,0xf7,0x9c,0xf7,0x9c,0xf7,0x9c,0xf7,0x9c,0xf7,0x9c,0xf7,
    0x9c,0xf7,0x9c,0xf7,0x9c,0xf7,0x9c,0xf7,0x9c,0xf7,0x9c,0xf7,0x9c,0xf7,0x9c,0xf7,0x9c,0xf7,0x84,0x00,0x84,0x00,0x06,0x11,0x9c,0xf7,0x9c,0xf7,0x9c,0xf7,0x9c,0xf7,
    0x9c,0xf7,0x9c,0xf7,0x9c,0xf7,0x9c,0xf7,0x9c,0xf7,0x9c,0xf7,0x9c,0xf7,0x9c,0xf7,0x9c,0xf7,0x9c,0xf7,0x9c,0xf7,0x9c,0xf7,0x9c,0xf7,0x9c,0xf7,0x9c,0xf7,0xd6,0xbd,
    0xd5,0xbd,0x76,0xe6,0x97,0xe6,0x9c,0xf7,0x9c,0xf7,0x9c,0xf7,0x9c,0xf7,0x9c,0xf7,0x9c,0xf7,0x9c,0xf7,0x9c,0xf7,0x6b,0x83,0xed,0x8b,0xff,0xff,0x9c,0xf7,0x9c,0xf7,
    0x9c,0xf7,0x9c,0xf7,0x9c,0xf7,0x9c,0xf7,0x9c,0xf7,0x9c,0xf7,0x9c,0xf7,0x9c,0xf7,0x9c,0xf7,0x9c,0xf7,0x9c,0xf7,0x9c,0xf7,0x9c,0xf7,0xd6,0xbd,0xd1,0xa4,0xf3,0xd5,
    0x96,0xe6,0x9c,0xf7,0x9c,0xf7,0x9c,0xf7,0x9c,0xf7,0x9c,0xf7,0x9c,0xf7,0xe7,0xc3,0xc7,0xc3,0x49,0xd4,0x26,0x11,0xc5,0x08,0xc5,0x08,0x9c,0xf7,0x9c,0xf7,0x9c,0xf7,
    0x9c,0xf7,0x9c,0xf7,0x9c,0xf7,0x9c,0xf7,0x9c,0xf7,0x9c,0xf7,0x9c,0xf7,0x9c,0xf7,0x9c,0xf7,0x9c,0xf7,0x9c,0xf7,0x9c,0xf7,0x9c,0xf7,0x9c,0xf7,0x9c,0xf7,0x9c,0xf7,
    0x9c,0xf7,0x9c,0xf7,0x9c,0xf7,0x9c,0xf7,0x9c,0xf7,0x9c,0xf7,0x9c,0xf7,0x9c,0xf7,0x9c,0xf7,0x9c,0xf7,0xa8,0x3a,0x47,0x32,0x8a,0x5b,0xaa,0x63,0xaa,0x63,0xaa,0x63,
    0xaa,0x63,0x8a,0x5b,0x89,0x5b,0xe8,0x4a,0xe8,0x4a,0x89,0x5b,0x8a,0x5b,0x8a,0x5b,0x8a,0x5b,0x8a,0x5b,0x8a,0x5b,0x6a,0x5b,0x6a,0x5b,0x6a,0x5b,0x69,0x5b,0x69,0x53,
    0x69,0x53,0x49,0x53,0x69,0x53,0x69,0x53,0x69,0x53,0x49,0x53,0x49,0x53,0x69,0x53,0x69,0x53,0x69,0x53,0x69,0x53,0x69,0x53,0x6a,0x5b,0x6a,0x5b,0x6a,0x5b,0x8a,0x5b,
    0x6a,0x5b,0x6a,0x5b,0x8a,0x5b,0x8a,0x5b,0x6a,0x5b,0x6a,0x5b,0xc8,0x42,0xa8,0x42,0x88,0x3a,0x30,0xbd,0x50,0xc5,0x50,0xc5,0x2f,0xc5,0x0f,0xbd,0xef,0xbc,0x0f,0xbd,
    0xc8,0x42,0xe9,0x42,0xa8,0x3a,0x9c,0xf7,0x9c,0xf7,0x9c,0xf7,0x9c,0xf7,0x9c,0xf7,0x9c,0xf7,0x9c,0xf7,0x9c,0xf7,0x9c,0xf7,0x9c,0xf7,0x9c,0xf7,0x9c,0xf7,0x9c,0xf7,
    0x9c,0xf7,0x9c,0xf7,0x9c,0xf7,0x9c,0xf7,0x9c,0xf7,0x9c,0xf7,0x9c,0xf7,0x9c,0xf7,0x9c,0xf7,0x9c,0xf7,0x66,0x29,0x66,0x29,0x71,0xcd,0x71,0xcd,0x71,0xcd,0xb2,0xd5,
    0xb2,0xd5,0x55,0xde,0x55,0xde,0x55,0xde,0x35,0xde,0x35,0xde,0x35,0xde,0x34,0xde,0xf3,0xd5,0x86,0x31,0xa6,0x31,0x54,0xe6,0x34,0xde,0x35,0xde,0x55,0xde,0x55,0xde,
    0x55,0xde,0x35,0xde,0x34,0xde,0xb2,0xd5,0xb2,0xd5,0xb2,0xd5,0x66,0x29,0x86,0x29,0x9c,0xf7,0x9c,0xf7,0x9c,0xf7,0x9c,0xf7,0x9c,0xf7,0x9c,0xf7,0x9c,0xf7,0x9c,0xf7,
    0x9c,0xf7,0x9c,0xf7,0x9c,0xf7,0x9c,0xf7,0x9c,0xf7,0x9c,0xf7,0x9c,0xf7,0x9c,0xf7,0x9c,0xf7,0x9c,0xf7,0x9c,0xf7,0x9c,0xf7,0x9c,0xf7,0x9c,0xf7,0x9c,0xf7,0x47,0x19,
    0x67,0x19,0xc9,0x29,0xf9,0xe6,0xd8,0xe6,0x9c,0xf7,0x9c,0xf7,0x9c,0xf7,0x9c,0xf7,0x9c,0xf7,0x9c,0xf7,0x9c,0xf7,0x9c,0xf7,0x9c,0xf7,0x9c,0xf7,0x9c,0xf7,0x9c,0xf7,
    0x9c,0xf7,0x9c,0xf7,0x9c,0xf7,0x9c,0xf7,0x9c,0xf7,0x26,0x11,0x26,0x11,0x97,0xe6,0x76,0xe6,0x56,0xde,0x97,0xe6,0x77,0xe6,0x9c,0xf7,0x9c,0xf7,0x9c,0xf7,0xf8,0xee,
    0xf8,0xee,0x29,0x42,0x46,0x19,0xda,0xd6,0x9c,0xf7,0x9c,0xf7,0x9c,0xf7,0x9c,0xf7,0x9c,0xf7,0x9c,0xf7,0x9c,0xf7,0x9c,0xf7,0x9c,0xf7,0x9c,0xf7,0x9c,0xf7,0x9c,0xf7,
    0x9c,0xf7,0x9c,0xf7,0x9c,0xf7,0x46,0x19,0xc4,0x00,0x96,0xe6,0x19,0xef,0x9c,0xf7,0x9c,0xf7,0x9c,0xf7,0x55,0xe6,0x34,0xe6,0x14,0xe6,0x6a,0xcc,0x6a,0xcc,0x88,0xa3,
    0x26,0x11,0x4a,0x3a,0x4a,0x3a,0x9c,0xf7,0x9c,0xf7,0x9c,0xf7,0x9c,0xf7,0x9c,0xf7,0x9c,0xf7,0x9c,0xf7,0x9c,0xf7,0x9c,0xf7,0x9c,0xf7,0x9c,0xf7,0x9c,0xf7,0x9c,0xf7,
    0x9c,0xf7,0x9c,0xf7,0x9c,0xf7,0x9c,0xf7,0x9c,0xf7,0x9c,0xf7,0x9c,0xf7,0x9c,0xf7,0x9c,0xf7,0x9c,0xf7,0x9c,0xf7,0x9c,0xf7,0x66,0x29,0x66,0x29,0x46,0x29,0x66,0x21,
    0x66,0x29,0x66,0x21,0x66,0x21,0x66,0x21,0x66,0x21,0x46,0x21,0x46,0x21,0x66,0x21,0x66,0x21,0x66,0x21,0x66,0x21,0x66,0x21,0x66,0x21,0x66,0x21,0x66,0x21,0x66,0x21,
    0x46,0x21,0x46,0x21,0x46,0x21,0x46,0x21,0x46,0x21,0x46,0x21,0x66,0x21,0x46,0x19,0x46,0x19,0x46,0x19,0x46,0x19,0x46,0x19,0x46,0x19,0x46,0x19,0x46,0x19,0x46,0x19,
    0x46,0x19,0x46,0x19,0x66,0x19,0x46,0x19,0x46,0x19,0x66,0x21,0x66,0x21,0x66,0x21,0x66,0x19,0x66,0x21,0x46,0x19,0x46,0x21,0x66,0x21,0x66,0x21,0x66,0x21,0x66,0x21,
    0x66,0x21,0x66,0x21,0x66,0x21,0x66,0x21,0x66,0x21,0x67,0x21,0x66,0x21,0x66,0x21,0x45,0x21,0x9c,0xf7,0x9c,0xf7,0x9c,0xf7,0x9c,0xf7,0x9c,0xf7,0x9c,0xf7,0x9c,0xf7,
    0x9c,0xf7,0x9c,0xf7,0x9c,0xf7,0x9c,0xf7,0x9c,0xf7,0x9c,0xf7,0x9c,0xf7,0x9c,0xf7,0x9c,0xf7,0x9c,0xf7,0x9c,0xf7,0x9c,0xf7,0x9c,0xf7,0x9c,0xf7,0x9c,0xf7,0x9c,0xf7,
    0x66,0x29,0x66,0x29,0x71,0xcd,0x71,0xcd,0x71,0xcd,0xb2,0xd5,0xb2,0xd5,0x55,0xde,0x35,0xde,0x55,0xde,0x35,0xde,0x35,0xde,0x35,0xde,0x89,0x5a,0x08,0x4a,0xc9,0x72,
    0xc9,0x72,0xe7,0x41,0xc6,0x39,0x55,0xde,0x55,0xde,0x35,0xde,0x55,0xde,0x55,0xde,0x35,0xde,0xd3,0xd5,0xd2,0xd5,0xd3,0xd5,0x46,0x21,0x66,0x21,0x9c,0xf7,0x9c,0xf7,
    0x9c,0xf7,0x9c,0xf7,0x9c,0xf7,0x9c,0xf7,0x9c,0xf7,0x9c,0xf7,0x9c,0xf7,0x9c,0xf7,0x9c,0xf7,0x9c,0xf7,0x9c,0xf7,0x9c,0xf7,0x9c,0xf7,0x9c,0xf7,0x9c,0xf7,0x9c,0xf7,
    0x9c,0xf7,0x9c,0xf7,0x9c,0xf7,0x9c,0xf7,0x9c,0xf7,0x47,0x19,0x46,0x11,0x51,0x84,0x9c,0xf7,0x9c,0xf7,0x9c,0xf7,0x9c,0xf7,0x9c,0xf7,0x9c,0xf7,0x9c,0xf7,0x9c,0xf7,
    0x9c,0xf7,0x9c,0xf7,0x9c,0xf7,0x9c,0xf7,0x9c,0xf7,0x9c,0xf7,0x9c,0xf7,0x9c,0xf7,0x9c,0xf7,0x9c,0xf7,0x9c,0xf7,0x67,0x19,0x67,0x19,0xb7,0xe6,0x97,0xe6,0x97,0xe6,
    0x97,0xe6,0x97,0xe6,0x96,0xe6,0x96,0xe6,0x96,0xe6,0x97,0xe6,0x97,0xe6,0xb7,0xee,0x46,0x19,0xe5,0x08,0x9c,0xf7,0x9c,0xf7,0x9c,0xf7,0x9c,0xf7,0x9c,0xf7,0x9c,0xf7,
    0x9c,0xf7,0x9c,0xf7,0x9c,0xf7,0x9c,0xf7,0x9c,0xf7,0x9c,0xf7,0x9c,0xf7,0x9c,0xf7,0x9c,0xf7,0x67,0x19,0x67,0x19,0x9c,0xf7,0x9c,0xf7,0x9c,0xf7,0x55,0xde,0x14,0xde,
    0xc8,0xc3,0xe8,0xc3,0xe8,0xc3,0x29,0xcc,0x49,0xd4,0x27,0x09,0x46,0x11,0x9c,0xf7,0x9c,0xf7,0x9c,0xf7,0x9c,0xf7,0x9c,0xf7,0x9c,0xf7,0x9c,0xf7,0x9c,0xf7,0x9c,0xf7,
    0x9c,0xf7,0x9c,0xf7,0x9c,0xf7,0x9c,0xf7,0x9c,0xf7,0x9c,0xf7,0x9c,0xf7,0x9c,0xf7,0x9c,0xf7,0x9c,0xf7,0x9c,0xf7,0x9c,0xf7,0x9c,0xf7,0x9c,0xf7,0x9c,0xf7,0x9c,0xf7,
    0x9c,0xf7,0x9c,0xf7,0x45,0x21,0x66,0x29,0x66,0x29,0x66,0x29,0x66,0x29,0x66,0x21,0x66,0x21,0x46,0x21,0x66,0x21,0x66,0x21,0x66,0x21,0x66,0x21,0x66,0x21,0x66,0x21,
    0x66,0x21,0x66,0x21,0x66,0x21,0x66,0x21,0x66,0x21,0x66,0x21,0x66,0x21,0x66,0x21,0x46,0x21,0x46,0x21,0x46,0x21,0x46,0x21,0x46,0x21,0x46,0x21,0x46,0x21,0x46,0x21,
    0x46,0x21,0x46,0x21,0x46,0x19,0x46,0x21,0x46,0x21,0x46,0x21,0x46,0x21,0x46,0x21,0x46,0x21,0x66,0x21,0x66,0x21,0x46,0x21,0x46,0x21,0x46,0x21,0x46,0x21,0x66,0x21,
    0x67,0x21,0x66,0x21,0x66,0x21,0x46,0x21,0x46,0x21,0x66,0x21,0x66,0x21,0x66,0x21,0x66,0x21,0x66,0x21,0x67,0x21,0x67,0x21,0x66,0x21,0x66,0x29,0x66,0x21,0x9c,0xf7,
    0x9c,0xf7,0x9c,0xf7,0x9c,0xf7,0x9c,0xf7,0x9c,0xf7,0x9c,0xf7,0x9c,0xf7,0x9c,0xf7,0x9c,0xf7,0x9c,0xf7,0x9c,0xf7,0x9c,0xf7,0x9c,0xf7,0x9c,0xf7,0x9c,0xf7,0x9c,0xf7,
    0x9c,0xf7,0x9c,0xf7,0x9c,0xf7,0x9c,0xf7,0x9c,0xf7,0x9c,0xf7,0x66,0x29,0x66,0x29,0x71,0xcd,0x71,0xcd,0x71,0xcd,0xb2,0xd5,0xb2,0xd5,0x55,0xe6,0x35,0xde,0x35,0xde,
    0x35,0xde,0x55,0xde,0x35,0xde,0x35,0xde,0x35,0xde,0x35,0xde,0x34,0xde,0x14,0xd6,0x34,0xde,0x55,0xde,0x55,0xde,0x55,0xde,0x55,0xde,0x55,0xde,0x55,0xde,0xd3,0xd5,
    0xd2,0xd5,0xd2,0xd5,0x66,0x21,0x66,0x21,0x9c,0xf7,0x9c,0xf7,0x9c,0xf7,0x9c,0xf7,0x9c,0xf7,0x9c,0xf7,0x9c,0xf7,0x9c,0xf7,0x9c,0xf7,0x9c,0xf7,0x9c,0xf7,0x9c,0xf7,
    0x9c,0xf7,0x9c,0xf7,0x9c,0xf7,0x9c,0xf7,0x9c,0xf7,0x9c,0xf7,0x9c,0xf7,0x9c,0xf7,0x9c,0xf7,0x9c,0xf7,0x9c,0xf7,0x26,0x11,0x26,0x11,0x30,0x7c,0x9c,0xf7,0x9c,0xf7,
    0x9c,0xf7,0x9c,0xf7,0x9c,0xf7,0x9c,0xf7,0x9c,0xf7,0x9c,0xf7,0x9c,0xf7,0x9c,0xf7,0x9c,0xf7,0x9c,0xf7,0x9c,0xf7,0x9c,0xf7,0x9c,0xf7,0x9c,0xf7,0x9c,0xf7,0x9c,0xf7,
    0x9c,0xf7,0x26,0x11,0x26,0x11,0x76,0xe6,0xb7,0xe6,0xb7,0xe6,0x97,0xe6,0x97,0xe6,0x97,0xe6,0x97,0xe6,0x96,0xe6,0x96,0xe6,0x96,0xe6,0x97,0xe6,0x87,0x21,0x47,0x19,
    0x9c,0xf7,0x9c,0xf7,0x9c,0xf7,0x9c,0xf7,0x9c,0xf7,0x9c,0xf7,0x9c,0xf7,0x9c,0xf7,0x9c,0xf7,0x9c,0xf7,0x9c,0xf7,0x9c,0xf7,0x9c,0xf7,0x9c,0xf7,0x9c,0xf7,0x26,0x11,
    0x46,0x19,0x9c,0xf7,0x9c,0xf7,0x9c,0xf7,0x35,0xde,0x35,0xde,0xe8,0xc3,0x29,0xc4,0x29,0xcc,0x29,0xcc,0x29,0xd4,0x26,0x11,0x26,0x19,0x9c,0xf7,0x9c,0xf7,0x9c,0xf7,
    0x9c,0xf7,0x9c,0xf7,0x9c,0xf7,0x9c,0xf7,0x9c,0xf7,0x9c,0xf7,0x9c,0xf7,0x9c,0xf7,0x9c,0xf7,0x9c,0xf7,0x9c,0xf7,0x9c,0xf7,0x9c,0xf7,0x9c,0xf7,0x9c,0xf7,0x9c,0xf7,
    0x9c,0xf7,0x9c,0xf7,0x9c,0xf7,0x9c,0xf7,0x9c,0xf7,0xe8,0x31,0xc8,0x31,0xe8,0x39,0x89,0xb3,0x69,0xbb,0x89,0xbb,0x89,0xbb,0x89,0xbb,0x89,0xbb,0x89,0xbb,0x89,0xbb,
    0x69,0xbb,0x69,0xbb,0x68,0xbb,0x68,0xbb,0x69,0xbb,0x69,0xbb,0x69,0xbb,0x69,0xbb,0x69,0xbb,0x69,0xbb,0x48,0xbb,0x48,0xb3,0x69,0xbb,0x68,0xbb,0x68,0xbb,0x69,0xbb,
    0x69,0xbb,0x69,0xbb,0x69,0xbb,0x48,0xb3,0x69,0xbb,0x69,0xbb,0x69,0xbb,0x69,0xbb,0x69,0xbb,0x69,0xbb,0x69,0xbb,0x69,0xbb,0x69,0xbb,0x69,0xbb,0x69,0xbb,0x69,0xbb,
    0x69,0xbb,0x89,0xbb,0x69,0xbb,0x69,0xbb,0x89,0xbb,0x68,0xbb,0x47,0x8a,0x87,0x8a,0xc7,0xaa,0xc7,0xa2,0xc7,0xa2,0xc7,0xa2,0xc7,0xa2,0xc7,0xa2,0xc7,0xa2,0xc7,0xa2,
    0xc7,0xa2,0xc7,0xa2,0xa7,0xa2,0xc7,0xa2,0xa7,0x9a,0x2a,0x3a,0x2d,0x5b,0xf7,0xbd,0x9c,0xf7,0x9c,0xf7,0x9c,0xf7,0x9c,0xf7,0x9c,0xf7,0x9c,0xf7,0x9c,0xf7,0x9c,0xf7,
    0x9c,0xf7,0x9c,0xf7,0x9c,0xf7,0x9c,0xf7,0x9c,0xf7,0x9c,0xf7,0x9c,0xf7,0x9c,0xf7,0x9c,0xf7,0x9c,0xf7,0x9c,0xf7,0x9c,0xf7,0x86,0x29,0x66,0x29,0x71,0xcd,0x71,0xcd,
    0x91,0xcd,0xb2,0xd5,0xb2,0xd5,0x55,0xde,0x55,0xde,0x55,0xde,0x35,0xde,0x55,0xde,0x35,0xde,0x55,0xde,0x55,0xde,0x55,0xde,0x55,0xde,0x55,0xde,0x55,0xde,0x14,0xde,
    0x14,0xde,0x13,0xde,0x14,0xde,0x71,0xcd,0x71,0xc5,0xc7,0x39,0xc7,0x39,0xc7,0x39,0xd9,0xde,0xd9,0xde,0x9c,0xf7,0x9c,0xf7,0x9c,0xf7,0x9c,0xf7,0x9c,0xf7,0x9c,0xf7,
    0x9c,0xf7,0x9c,0xf7,0x9c,0xf7,0x9c,0xf7,0x9c,0xf7,0x9c,0xf7,0x9c,0xf7,0x9c,0xf7,0x9c,0xf7,0x9c,0xf7,0x9c,0xf7,0x9c,0xf7,0x9c,0xf7,0x9c,0xf7,0x9c,0xf7,0x9c,0xf7,
    0x9c,0xf7,0x46,0x11,0x26,0x11,0x10,0x7c,0x9c,0xf7,0x9c,0xf7,0x9c,0xf7,0x9c,0xf7,0x9c,0xf7,0x9c,0xf7,0x9c,0xf7,0x9c,0xf7,0x9c,0xf7,0x9c,0xf7,0x9c,0xf7,0x9c,0xf7,
    0x9c,0xf7,0x9c,0xf7,0x9c,0xf7,0x9c,0xf7,0x9c,0xf7,0x9c,0xf7,0xe9,0x31,0x47,0x19,0x47,0x19,0xe8,0x31,0xe8,0x31,0xe8,0x31,0xe8,0x31,0xe9,0x31,0xe8,0x31,0xe9,0x31,
    0xe8,0x31,0xe8,0x31,0xe8,0x31,0xe9,0x31,0x67,0x19,0x47,0x19,0x09,0x32,0x9c,0xf7,0x9c,0xf7,0x9c,0xf7,0x9c,0xf7,0x9c,0xf7,0x9c,0xf7,0x9c,0xf7,0x9c,0xf7,0x9c,0xf7,
    0x9c,0xf7,0x9c,0xf7,0x9c,0xf7,0x9c,0xf7,0x2a,0x32,0x47,0x19,0x46,0x19,0x93,0xc5,0x72,0xc5,0x72,0xc5,0x76,0xe6,0x97,0xe6,0x55,0xde,0x55,0xe6,0x75,0xe6,0x29,0xcc,
    0x4a,0xd4,0x26,0x11,0x26,0x11,0x9c,0xf7,0x9c,0xf7,0x9c,0xf7,0x9c,0xf7,0x9c,0xf7,0x9c,0xf7,0x9c,0xf7,0x9c,0xf7,0x9c,0xf7,0x9c,0xf7,0x9c,0xf7,0x9c,0xf7,0x9c,0xf7,
    0x9c,0xf7,0x9c,0xf7,0x9c,0xf7,0x9c,0xf7,0x9c,0xf7,0x9c,0xf7,0x9c,0xf7,0x9c,0xf7,0x9c,0xf7,0x9c,0xf7,0x9c,0xf7,0x87,0x29,0x66,0x21,0xc7,0x31,0xa9,0xc3,0xa9,0xc3,
    0x89,0xc3,0x89,0xc3,0x89,0xc3,0x89,0xc3,0x89,0xc3,0x89,0xbb,0x89,0xc3,0x89,0xc3,0x89,0xc3,0x69,0xc3,0x69,0xbb,0x69,0xbb,0x68,0xbb,0x69,0xc3,0x69,0xc3,0x69,0xbb,
    0x68,0xbb,0x69,0xbb,0x89,0xc3,0x89,0xc3,0x89,0xc3,0x89,0xc3,0x68,0xc3,0x69,0xbb,0x68,0xbb,0x89,0xc3,0x89,0xc3,0x89,0xc3,0x89,0xc3,0x89,0xc3,0x89,0xc3,0x89,0xc3,
    0x89,0xc3,0x69,0xbb,0x69,0xbb,0x89,0xc3,0x89,0xc3,0x89,0xc3,0x89,0xc3,0x89,0xc3,0x89,0xc3,0x89,0xc3,0x89,0xc3,0x89,0xc3,0x46,0x8a,0x46,0x82,0xc7,0xa2,0xe7,0xaa,
    0xc7,0xaa,0xc7,0xaa,0xc7,0xaa,0xc7,0xaa,0xc7,0xaa,0xc7,0xaa,0xc7,0xaa,0xc7,0xaa,0xc7,0xaa,0xc7,0xa2,0xa7,0xa2,0x29,0x3a,0x2d,0x5b,0x17,0xc6,0x9c,0xf7,0x9c,0xf7,
    0x9c,0xf7,0x9c,0xf7,0x9c,0xf7,0x9c,0xf7,0x9c,0xf7,0x9c,0xf7,0x9c,0xf7,0x9c,0xf7,0x9c,0xf7,0x9c,0xf7,0x9c,0xf7,0x9c,0xf7,0x9c,0xf7,0x9c,0xf7,0x9c,0xf7,0x9c,0xf7,
    0x9c,0xf7,0x9c,0xf7,0x86,0x29,0x66,0x29,0x71,0xcd,0x71,0xcd,0x71,0xcd,0x50,0xc5,0x50,0xc5,0x55,0xe6,0x55,0xde,0x55,0xde,0x55,0xde,0x55,0xde,0x35,0xde,0x35,0xde,
    0x55,0xde,0x55,0xde,0x55,0xde,0x55,0xde,0x55,0xde,0x14,0xde,0x14,0xde,0x14,0xde,0x34,0xde,0x30,0xc5,0x30,0xc5,0x05,0x11,0x05,0x19,0x25,0x19,0x9c,0xf7,0x9c,0xf7,
    0x9c,0xf7,0x9c,0xf7,0x9c,0xf7,0x9c,0xf7,0x9c,0xf7,0x9c,0xf7,0x9c,0xf7,0x9c,0xf7,0x9c,0xf7,0x9c,0xf7,0x9c,0xf7,0x9c,0xf7,0x9c,0xf7,0x9c,0xf7,0x9c,0xf7,0x9c,0xf7,
    0x9c,0xf7,0x9c,0xf7,0x9c,0xf7,0x9c,0xf7,0x9c,0xf7,0x9c,0xf7,0x9c,0xf7,0x47,0x11,0x46,0x11,0xf0,0x7b,0x9c,0xf7,0x9c,0xf7,0x9c,0xf7,0x9c,0xf7,0x9c,0xf7,0x9c,0xf7,
    0x9c,0xf7,0x9c,0xf7,0x9c,0xf7,0x9c,0xf7,0x9c,0xf7,0x9c,0xf7,0x9c,0xf7,0x9c,0xf7,0x9c,0xf7,0x9c,0xf7,0x8b,0x42,0x8a,0x4a,0xa4,0x00,0xa5,0x00,0xc5,0x00,0xa5,0x00,
    0xa5,0x00,0xa5,0x00,0xa5,0x00,0xa5,0x00,0xa5,0x00,0xa5,0x00,0xe5,0x08,0xe5,0x08,0xe5,0x08,0xa5,0x00,0x06,0x11,0xe6,0x10,0xe5,0x08,0xab,0x42,0x29,0x42,0x9c,0xf7,
    0x9c,0xf7,0x9c,0xf7,0x9c,0xf7,0x9c,0xf7,0x9c,0xf7,0x9c,0xf7,0x9c,0xf7,0x9c,0xf7,0xfe,0xff,0x9c,0xf7,0xc5,0x00,0x46,0x11,0x26,0x11,0xcf,0xb4,0xaf,0xac,0xf1,0xb4,
    0xb7,0xe6,0x97,0xe6,0xb7,0xe6,0xb7,0xe6,0xf8,0xee,0x29,0xcc,0x4a,0xd4,0x26,0x11,0x26,0x11,0x9c,0xf7,0x9c,0xf7,0x9c,0xf7,0x9c,0xf7,0x9c,0xf7,0x9c,0xf7,0x9c,0xf7,
    0x9c,0xf7,0x9c,0xf7,0x9c,0xf7,0x9c,0xf7,0x9c,0xf7,0x9c,0xf7,0x9c,0xf7,0x9c,0xf7,0x9c,0xf7,0x9c,0xf7,0x9c,0xf7,0x9c,0xf7,0x9c,0xf7,0x9c,0xf7,0x9c,0xf7,0x9c,0xf7,
    0x9c,0xf7,0xa7,0x29,0x66,0x21,0x28,0xbb,0x28,0xb3,0x28,0xb3,0x28,0xb3,0x28,0xb3,0x28,0xb3,0x28,0xb3,0x9c,0xf7,0xf8,0xe6,0x19,0xef,0x19,0xef,0xf8,0xee,0x28,0xb3,
    0x28,0xb3,0x48,0xb3,0x19,0xef,0xf9,0xee,0xd8,0xe6,0x28,0xb3,0x48,0xb3,0x48,0xbb,0x10,0xcd,0x19,0xef,0x19,0xef,0x19,0xef,0x28,0xb3,0x49,0xb3,0x75,0xe6,0x8e,0xcc,
    0x28,0xb3,0x48,0xbb,0x9c,0xf7,0x28,0xb3,0x28,0xb3,0x49,0xb3,0x19,0xef,0x19,0xef,0x9c,0xf7,0xb7,0xe6,0x28,0xb3,0x28,0xb3,0x28,0xb3,0x28,0xb3,0x28,0xb3,0x48,0xb3,
    0x28,0xb3,0x28,0xb3,0x06,0x72,0x06,0x72,0xb2,0xd5,0xd3,0xd5,0xd2,0xd5,0xd2,0xd5,0xd2,0xd5,0xd2,0xd5,0xd3,0xd5,0xd3,0xd5,0xd3,0xd5,0xb2,0xd5,0x92,0xcd,0xb2,0xcd,
    0xd2,0xd5,0x4a,0x42,0x2d,0x5b,0x17,0xc6,0x9c,0xf7,0x9c,0xf7,0x9c,0xf7,0x9c,0xf7,0x9c,0xf7,0x9c,0xf7,0x9c,0xf7,0x9c,0xf7,0x9c,0xf7,0x9c,0xf7,0x9c,0xf7,0x9c,0xf7,
    0x9c,0xf7,0x9c,0xf7,0x9c,0xf7,0x9c,0xf7,0x9c,0xf7,0x9c,0xf7,0x9c,0xf7,0x9c,0xf7,0x87,0x29,0x86,0x29,0x71,0xcd,0x71,0xcd,0x71,0xcd,0x50,0xc5,0x51,0xcd,0x55,0xde,
    0x35,0xde,0x55,0xde,0x55,0xde,0x55,0xde,0x55,0xde,0x55,0xde,0x55,0xde,0x55,0xde,0x55,0xde,0x55,0xde,0x55,0xde,0xf3,0xd5,0xf3,0xd5,0xd3,0xd5,0xf3,0xd5,0x51,0xc5,
    0x51,0xc5,0x66,0x29,0x86,0x29,0x86,0x29,0x9c,0xf7,0x9c,0xf7,0x9c,0xf7,0x9c,0xf7,0x9c,0xf7,0x9c,0xf7,0x9c,0xf7,0x9c,0xf7,0x9c,0xf7,0x9c,0xf7,0x9c,0xf7,0x9c,0xf7,
    0x9c,0xf7,0x9c,0xf7,0x9c,0xf7,0x9c,0xf7,0x9c,0xf7,0x9c,0xf7,0x9c,0xf7,0x9c,0xf7,0x9c,0xf7,0x9c,0xf7,0x9c,0xf7,0xfe,0xff,0xfe,0xff,0x26,0x11,0x67,0x19,0x10,0x7c,
    0x9c,0xf7,0x9c,0xf7,0x9c,0xf7,0x9c,0xf7,0x9c,0xf7,0x9c,0xf7,0x9c,0xf7,0x9c,0xf7,0x9c,0xf7,0x9c,0xf7,0x9c,0xf7,0x9c,0xf7,0x9c,0xf7,0x9c,0xf7,0x9c,0xf7,0xff,0xff,
    0xc5,0x00,0xc5,0x08,0x87,0x21,0x50,0x94,0x70,0x94,0xc8,0x82,0xc8,0x82,0xc8,0x82,0xc8,0x82,0xc8,0x82,0xa8,0x72,0xc8,0x7a,0x47,0x19,0x67,0x19,0x66,0x19,0x89,0x3a,
    0xa8,0x3a,0xa9,0x42,0x67,0x19,0x84,0x00,0x01,0x00,0x9c,0xf7,0x9c,0xf7,0x9c,0xf7,0x9c,0xf7,0x9c,0xf7,0x9c,0xf7,0x9c,0xf7,0x9c,0xf7,0x9c,0xf7,0x2d,0x5b,0xaf,0x73,
    0x46,0x19,0x26,0x11,0x47,0x19,0x55,0xde,0xf5,0xd5,0x15,0xd6,0x97,0xe6,0x76,0xe6,0xb7,0xe6,0x97,0xe6,0xb7,0xee,0xed,0xd4,0x4f,0xdd,0x67,0x19,0x47,0x19,0x9c,0xf7,
    0x9c,0xf7,0x9c,0xf7,0x9c,0xf7,0x9c,0xf7,0x9c,0xf7,0x9c,0xf7,0x9c,0xf7,0x9c,0xf7,0x9c,0xf7,0x9c,0xf7,0x9c,0xf7,0x9c,0xf7,0x9c,0xf7,0x9c,0xf7,0x9c,0xf7,0x9c,0xf7,
    0x9c,0xf7,0x9c,0xf7,0x9c,0xf7,0x9c,0xf7,0x9c,0xf7,0x9c,0xf7,0x9c,0xf7,0xa7,0x29,0x66,0x21,0x48,0xc3,0x28,0xb3,0x28,0xb3,0x28,0xb3,0x28,0xb3,0x28,0xb3,0x48,0xbb,
    0x9c,0xf7,0x9c,0xf7,0x19,0xef,0x18,0xef,0x18,0xef,0x8a,0xbb,0x28,0xb3,0x76,0xe6,0x9c,0xf7,0x9c,0xf7,0xf8,0xee,0x0c,0xc4,0x49,0xbb,0xeb,0xc3,0x9c,0xf7,0x9c,0xf7,
    0x9c,0xf7,0x9c,0xf7,0xb7,0xe6,0x28,0xb3,0x76,0xe6,0x4d,0xc4,0x08,0xb3,0x28,0xb3,0x19,0xef,0xe8,0xb2,0x28,0xb3,0x96,0xee,0xd8,0xee,0x9c,0xf7,0xf8,0xee,0x75,0xe6,
    0x48,0xb3,0x28,0xb3,0x28,0xb3,0x28,0xb3,0x48,0xb3,0x28,0xb3,0x48,0xb3,0x48,0xbb,0x26,0x7a,0x47,0x82,0xf3,0xd5,0xd3,0xd5,0xd3,0xd5,0xd3,0xd5,0xd3,0xd5,0xd3,0xd5,
    0xf3,0xd5,0xf3,0xd5,0xd3,0xd5,0xd3,0xd5,0xd3,0xd5,0xd3,0xd5,0xf3,0xdd,0x49,0x42,0x2d,0x5b,0x37,0xc6,0x9c,0xf7,0x9c,0xf7,0x9c,0xf7,0x9c,0xf7,0x9c,0xf7,0x9c,0xf7,
    0x9c,0xf7,0x9c,0xf7,0x9c,0xf7,0x9c,0xf7,0x9c,0xf7,0x9c,0xf7,0x9c,0xf7,0x9c,0xf7,0x9c,0xf7,0x9c,0xf7,0x9c,0xf7,0x9c,0xf7,0x9c,0xf7,0x9c,0xf7,0x9c,0xf7,0x9c,0xf7,
    0x46,0x21,0x66,0x21,0x66,0x29,0xcf,0xbc,0xef,0xbc,0x51,0xc5,0x71,0xc5,0x71,0xcd,0x14,0xde,0x14,0xde,0x14,0xde,0x14,0xde,0x14,0xde,0x14,0xde,0x14,0xde,0x14,0xde,
    0x14,0xde,0x92,0xcd,0x92,0xcd,0x92,0xcd,0x92,0xcd,0x30,0xc5,0x30,0xc5,0x66,0x21,0x66,0x29,0x66,0x29,0x9c,0xf7,0x9c,0xf7,0x9c,0xf7,0x9c,0xf7,0x9c,0xf7,0x9c,0xf7,
    0x9c,0xf7,0x77,0xd6,0x56,0xd6,0x56,0xd6,0x9c,0xf7,0x9c,0xf7,0x73,0xa5,0x73,0xa5,0x73,0xa5,0x73,0xa5,0x73,0xa5,0x73,0xa5,0x73,0xa5,0x73,0xa5,0x73,0xa5,0x73,0xa5,
    0x73,0xa5,0x92,0x8c,0x92,0x8c,0x26,0x11,0x84,0x00,0x10,0x7c,0x9c,0xf7,0x9c,0xf7,0x9c,0xf7,0x9c,0xf7,0x9c,0xf7,0x9c,0xf7,0x9c,0xf7,0x9c,0xf7,0x9c,0xf7,0x9c,0xf7,
    0x9c,0xf7,0x9c,0xf7,0x9c,0xf7,0x9c,0xf7,0x91,0x8c,0xb2,0x94,0x88,0x21,0xe6,0x08,0xc5,0x00,0xd7,0xf6,0xd7,0xf6,0xe9,0xd3,0xe8,0xd3,0xe8,0xd3,0xe8,0xd3,0xc8,0xcb,
    0xe8,0xdb,0xe8,0xcb,0x26,0x11,0x46,0x19,0xe6,0x10,0x6a,0x53,0xaa,0x5b,0xcb,0x63,0x67,0x19,0x67,0x21,0xa4,0x00,0x9c,0xf7,0x9c,0xf7,0x9c,0xf7,0x9c,0xf7,0x9c,0xf7,
    0x9c,0xf7,0x9c,0xf7,0x9c,0xf7,0x9c,0xf7,0x01,0x00,0x84,0x00,0x46,0x19,0x47,0x19,0x47,0x19,0x19,0xf7,0x97,0xe6,0xb7,0xe6,0x97,0xe6,0x97,0xe6,0x9c,0xf7,0x9c,0xf7,
    0x9c,0xf7,0xb7,0xee,0xf8,0xf6,0x47,0x11,0x47,0x11,0x73,0xa5,0x73,0xa5,0x73,0xa5,0x73,0xa5,0x73,0xa5,0x73,0xa5,0xb4,0xad,0x9c,0xf7,0x77,0xd6,0x77,0xd6,0x77,0xd6,
    0x9c,0xf7,0x9c,0xf7,0x9c,0xf7,0x9c,0xf7,0x9c,0xf7,0x9c,0xf7,0x9c,0xf7,0x9c,0xf7,0x9c,0xf7,0x9c,0xf7,0x9c,0xf7,0x9c,0xf7,0x9c,0xf7,0x87,0x29,0x66,0x21,0x28,0xc3,
    0x28,0xb3,0x28,0xb3,0x28,0xbb,0x28,0xb3,0x28,0xb3,0x28,0xb3,0x9c,0xf7,0x19,0xef,0x28,0xbb,0x28,0xb3,0x28,0xb3,0x08,0xab,0xd4,0xdd,0x9c,0xf7,0x28,0xbb,0x28,0xb3,
    0x8a,0xbb,0x19,0xef,0x08,0xab,0x9c,0xf7,0xf8,0xee,0x28,0xb3,0x48,0xb3,0x49,0xbb,0x69,0xbb,0x48,0xb3,0xf8,0xee,0xf0,0xcc,0x08,0xb3,0x28,0xb3,0x18,0xef,0x08,0xb3,
    0x49,0xb3,0x9c,0xf7,0x89,0xbb,0x28,0xb3,0x28,0xb3,0x28,0xb3,0x28,0xb3,0x28,0xb3,0x28,0xb3,0x28,0xb3,0x48,0xb3,0x28,0xb3,0x28,0xbb,0x48,0xbb,0x67,0x8a,0x47,0x8a,
    0x76,0xe6,0x96,0xe6,0x96,0xe6,0x97,0xe6,0xb7,0xe6,0x97,0xe6,0x97,0xe6,0x97,0xe6,0x97,0xe6,0x97,0xe6,0x55,0xde,0x35,0xde,0x55,0xe6,0x29,0x3a,0x2c,0x5b,0x37,0xc6,
    0x9c,0xf7,0x9c,0xf7,0x9c,0xf7,0x9c,0xf7,0x9c,0xf7,0x9c,0xf7,0x9c,0xf7,0x9c,0xf7,0x9c,0xf7,0x9c,0xf7,0x9c,0xf7,0x9c,0xf7,0x9c,0xf7,0x9c,0xf7,0x9c,0xf7,0x9c,0xf7,
    0x9c,0xf7,0x9c,0xf7,0x9c,0xf7,0x9c,0xf7,0x9c,0xf7,0x9c,0xf7,0x46,0x21,0x46,0x21,0x66,0x29,0xef,0xbc,0xef,0xbc,0x71,0xcd,0x71,0xcd,0x91,0xcd,0x14,0xde,0xf3,0xdd,
    0x34,0xde,0x55,0xde,0x55,0xde,0x14,0xde,0x14,0xde,0x14,0xde,0x13,0xde,0xf3,0xdd,0xf3,0xdd,0x13,0xde,0x13,0xde,0x91,0xd5,0x91,0xd5,0x86,0x29,0x86,0x29,0x66,0x29,
    0x9c,0xf7,0x9c,0xf7,0x9c,0xf7,0x9c,0xf7,0x9c,0xf7,0x9c,0xf7,0x9c,0xf7,0xf0,0xb4,0x10,0xb5,0xef,0xb4,0x97,0xd6,0x77,0xd6,0x66,0x32,0x66,0x32,0x67,0x32,0x67,0x32,
    0x67,0x32,0x87,0x32,0x87,0x32,0x87,0x32,0x67,0x32,0x67,0x32,0x67,0x32,0xa4,0x00,0x84,0x00,0x47,0x19,0x0c,0x5b,0x95,0xb5,0x9c,0xf7,0x9c,0xf7,0x9c,0xf7,0x9c,0xf7,
    0x9c,0xf7,0x9c,0xf7,0x9c,0xf7,0x9c,0xf7,0x9c,0xf7,0x9c,0xf7,0x9c,0xf7,0x55,0xad,0x54,0xad,0x30,0x7c,0x84,0x00,0x84,0x00,0x46,0x19,0xeb,0x52,0xeb,0x52,0xf4,0xd5,
    0xf4,0xd5,0x26,0xb3,0x47,0xb3,0x47,0xb3,0x47,0xb3,0x47,0xb3,0xa8,0x7a,0x87,0x6a,0x46,0x19,0x26,0x11,0xe7,0x29,0x29,0x4b,0x09,0x4b,0x29,0x53,0x06,0x11,0x47,0x19,
    0x83,0x00,0x9c,0xf7,0x9c,0xf7,0x9c,0xf7,0x9c,0xf7,0x9c,0xf7,0x9c,0xf7,0x9c,0xf7,0x9c,0xf7,0x9c,0xf7,0xc5,0x08,0x87,0x21,0x46,0x19,0x06,0x11,0x47,0x19,0x9c,0xf7,
    0x18,0xf7,0x77,0xde,0x77,0xe6,0x96,0xe6,0x9c,0xf7,0x9c,0xf7,0x9c,0xf7,0x9c,0xf7,0x9c,0xf7,0x26,0x11,0x26,0x11,0x66,0x32,0x87,0x32,0x87,0x32,0x67,0x32,0x67,0x32,
    0x87,0x32,0xe8,0x42,0x56,0xce,0x31,0xbd,0x31,0xbd,0x10,0xbd,0x9c,0xf7,0x9c,0xf7,0x9c,0xf7,0x9c,0xf7,0x9c,0xf7,0x9c,0xf7,0x9c,0xf7,0x9c,0xf7,0x9c,0xf7,0x9c,0xf7,
    0x9c,0xf7,0x9c,0xf7,0x9c,0xf7,0x87,0x29,0x46,0x21,0x48,0xc3,0x28,0xb3,0x28,0xb3,0x48,0xb3,0x28,0xb3,0x28,0xb3,0x28,0xb3,0x9c,0xf7,0xf8,0xee,0xf8,0xee,0xf8,0xee,
    0x28,0xab,0x28,0xb3,0x15,0xde,0x19,0xef,0x28,0xb3,0x28,0xb3,0x69,0xbb,0x19,0xef,0x28,0xb3,0x9c,0xf7,0x19,0xef,0x28,0xb3,0x48,0xb3,0x49,0xbb,0x48,0xbb,0x48,0xbb,
    0xf9,0xee,0xf0,0xcc,0x28,0xb3,0x08,0xb3,0x19,0xef,0x28,0xb3,0x48,0xb3,0xd3,0xdd,0xf8,0xee,0xf8,0xee,0xf9,0xee,0x28,0xb3,0x48,0xb3,0x28,0xb3,0x48,0xb3,0x28,0xb3,
    0x28,0xb3,0x28,0xb3,0x28,0xbb,0x48,0xb3,0x67,0x8a,0x46,0x8a,0x76,0xe6,0x76,0xe6,0x76,0xe6,0xb7,0xe6,0xb7,0xe6,0xb7,0xe6,0x97,0xe6,0x97,0xe6,0x97,0xe6,0x97,0xe6,
    0x35,0xde,0x35,0xde,0x35,0xde,0x49,0x42,0x2c,0x5b,0x17,0xc6,0x9c,0xf7,0x9c,0xf7,0x9c,0xf7,0x9c,0xf7,0x9c,0xf7,0x9c,0xf7,0x9c,0xf7,0x9c,0xf7,0x9c,0xf7,0x9c,0xf7,
    0x9c,0xf7,0x9c,0xf7,0x9c,0xf7,0x9c,0xf7,0x9c,0xf7,0x9c,0xf7,0x9c,0xf7,0x9c,0xf7,0x9c,0xf7,0x9c,0xf7,0x9c,0xf7,0x9c,0xf7,0x66,0x21,0x46,0x21,0x66,0x21,0xef,0xbc,
    0xef,0xbc,0x71,0xcd,0x92,0xcd,0x92,0xcd,0xd2,0xd5,0xd2,0xd5,0xf3,0xd5,0xd3,0xd5,0xd3,0xd5,0xd3,0xd5,0xd3,0xd5,0xd3,0xd5,0xd3,0xd5,0xd0,0xb4,0xf0,0xb4,0xf0,0xb4,
    0xcf,0xb4,0x8e,0xac,0xaf,0xac,0x87,0x29,0x66,0x29,0x66,0x29,0xb8,0xd6,0xb8,0xd6,0x98,0xd6,0x98,0xd6,0x98,0xd6,0xb8,0xd6,0xb8,0xd6,0xcf,0xa4,0xf0,0xac,0xef,0x9c,
    0xca,0x73,0xaa,0x6b,0x6a,0x53,0x6a,0x53,0x6a,0x5b,0x6a,0x5b,0x6a,0x5b,0x6a,0x5b,0x6a,0x5b,0x6a,0x5b,0x6a,0x5b,0x6a,0x5b,0x6a,0x5b,0x87,0x19,0x87,0x19,0x67,0x19,
    0x9c,0xf7,0x9c,0xf7,0x9c,0xf7,0x9c,0xf7,0x9c,0xf7,0x9c,0xf7,0x9c,0xf7,0x9c,0xf7,0x9c,0xf7,0x9c,0xf7,0x9c,0xf7,0x58,0xce,0x58,0xce,0xa4,0x00,0xa4,0x00,0xc5,0x00,
    0x47,0x19,0x87,0x21,0x46,0x19,0x38,0xff,0x18,0xff,0x35,0xde,0x35,0xde,0x0b,0xc4,0x2b,0xc4,0x2b,0xc4,0xea,0xc3,0x0a,0xc4,0x07,0x01,0x27,0x09,0x47,0x19,0x08,0x32,
    0xeb,0x63,0x8a,0x5b,0x49,0x53,0x49,0x53,0xc7,0x29,0x46,0x19,0xc4,0x00,0x58,0xce,0x9c,0xf7,0x9c,0xf7,0x9c,0xf7,0x9c,0xf7,0x9c,0xf7,0x9c,0xf7,0x9c,0xf7,0x9c,0xf7,
    0x84,0x00,0x46,0x19,0x47,0x19,0xc8,0x29,0x67,0x19,0xf5,0xc5,0x94,0xbd,0xd7,0xee,0xb7,0xe6,0xb8,0xe6,0x9c,0xf7,0x9c,0xf7,0x9c,0xf7,0x9c,0xf7,0x9c,0xf7,0x47,0x19,
    0x46,0x11,0x8a,0x5b,0x8a,0x5b,0x6a,0x5b,0x6a,0x5b,0x8a,0x5b,0x8a,0x5b,0x8a,0x5b,0x89,0x63,0x31,0xad,0x10,0xad,0xf0,0xac,0xd8,0xde,0xd8,0xd6,0xb8,0xd6,0x98,0xd6,
    0xb8,0xd6,0xf9,0xde,0xf9,0xde,0xd9,0xde,0x9c,0xf7,0x9c,0xf7,0x9c,0xf7,0x9c,0xf7,0x9c,0xf7,0x87,0x29,0x46,0x21,0x48,0xc3,0x28,0xb3,0x28,0xb3,0x48,0xb3,0x48,0xb3,
    0x48,0xb3,0x28,0xb3,0x9c,0xf7,0x19,0xef,0xe7,0xaa,0x08,0xb3,0x48,0xbb,0x28,0xb3,0xf4,0xdd,0x18,0xef,0x28,0xb3,0x28,0xb3,0x89,0xbb,0x19,0xef,0x08,0xb3,0x9c,0xf7,
    0x19,0xef,0x48,0xb3,0x48,0xb3,0x48,0xb3,0x48,0xb3,0x49,0xb3,0xf9,0xee,0x31,0xcd,0x28,0xb3,0x28,0xb3,0xf8,0xee,0xe8,0xb2,0x28,0xb3,0x48,0xb3,0x07,0xab,0xe7,0xaa,
    0x28,0xb3,0x9c,0xf7,0x48,0xbb,0x48,0xb3,0x28,0xb3,0x28,0xb3,0x48,0xb3,0x48,0xb3,0x48,0xbb,0x28,0xb3,0x67,0x8a,0x67,0x8a,0x76,0xe6,0x76,0xe6,0x76,0xe6,0x76,0xde,
    0x76,0xde,0x55,0xde,0x76,0xde,0x76,0xe6,0x55,0xde,0x35,0xde,0x14,0xd6,0xf3,0xd5,0xf3,0xd5,0x4a,0x42,0x2d,0x63,0x17,0xc6,0x9c,0xf7,0x9c,0xf7,0x9c,0xf7,0x9c,0xf7,
    0x9c,0xf7,0x9c,0xf7,0x9c,0xf7,0x9c,0xf7,0x9c,0xf7,0x9c,0xf7,0x9c,0xf7,0x9c,0xf7,0x9c,0xf7,0x9c,0xf7,0x9c,0xf7,0x9c,0xf7,0x9c,0xf7,0x9c,0xf7,0x9c,0xf7,0x9c,0xf7,
    0x9c,0xf7,0x9c,0xf7,0x46,0x21,0x46,0x21,0x66,0x21,0xef,0xbc,0xef,0xbc,0x92,0xcd,0x92,0xcd,0x92,0xcd,0xb2,0xcd,0xb2,0xcd,0xb2,0xcd,0x92,0xcd,0x92,0xcd,0xb2,0xcd,
    0xb2,0xcd,0xb2,0xd5,0xb2,0xcd,0x25,0x21,0x25,0x19,0x25,0x21,0x46,0x21,0x46,0x21,0x25,0x21,0x45,0x21,0x66,0x29,0xc7,0x31,0x09,0x4b,0xc8,0x42,0x26,0x2a,0x46,0x32,
    0x67,0x32,0xa7,0x3a,0xe8,0x42,0xca,0x63,0xaa,0x63,0x8a,0x5b,0x8a,0x5b,0x8a,0x5b,0x2b,0x74,0x2b,0x74,0x4b,0x7c,0x4b,0x7c,0x4b,0x74,0x4b,0x74,0x4b,0x74,0x2b,0x74,
    0x4b,0x74,0x4b,0x74,0x4b,0x74,0x47,0x19,0x46,0x11,0x46,0x19,0x9c,0xf7,0x9c,0xf7,0x9c,0xf7,0x9c,0xf7,0x9c,0xf7,0x9c,0xf7,0x9c,0xf7,0x9c,0xf7,0x9c,0xf7,0xfa,0xde,
    0x9c,0xf7,0xc5,0x00,0xa4,0x00,0x47,0x19,0x47,0x19,0x67,0x19,0x87,0x19,0x27,0x11,0x27,0x19,0xb3,0xc5,0xb3,0xc5,0x56,0xde,0x76,0xe6,0xb7,0xe6,0xb7,0xe6,0x97,0xe6,
    0xf3,0xdd,0xf3,0xdd,0x06,0x09,0x47,0x19,0x26,0x11,0x2b,0x74,0x0b,0x6c,0x0b,0x6c,0x0b,0x74,0x0b,0x74,0x2b,0x74,0x26,0x11,0x47,0x19,0xe5,0x08,0x9c,0xf7,0x9c,0xf7,
    0x9c,0xf7,0x9c,0xf7,0x9c,0xf7,0x9c,0xf7,0x9c,0xf7,0x9c,0xf7,0x84,0x00,0x47,0x19,0x47,0x19,0x4c,0x74,0x26,0x11,0x06,0x09,0x05,0x09,0xf4,0xcd,0x9c,0xf7,0x9c,0xf7,
    0x9c,0xf7,0x9c,0xf7,0x9c,0xf7,0x9c,0xf7,0x9c,0xf7,0x47,0x19,0x47,0x19,0x6c,0x7c,0x6c,0x7c,0x4b,0x7c,0x6c,0x7c,0x4c,0x7c,0x4b,0x7c,0x4c,0x7c,0x6c,0x7c,0x89,0x5b,
    0x69,0x5b,0x69,0x53,0x49,0x53,0x49,0x53,0xc8,0x42,0xa7,0x3a,0xa7,0x3a,0x2a,0x6c,0x0a,0x6c,0xca,0x63,0x71,0xc5,0x9c,0xf7,0x9c,0xf7,0x9c,0xf7,0x9c,0xf7,0x87,0x29,
    0x46,0x21,0x48,0xc3,0x28,0xb3,0x28,0xbb,0x28,0xb3,0x28,0xb3,0x48,0xb3,0x28,0xb3,0x9c,0xf7,0xf8,0xe6,0x28,0xb3,0x28,0xb3,0x08,0xb3,0x08,0xab,0x15,0xde,0x9c,0xf7,
    0x69,0xbb,0x48,0xb3,0x0c,0xc4,0x9c,0xf7,0x08,0xb3,0x9c,0xf7,0xf8,0xee,0x89,0xbb,0x69,0xbb,0x28,0xb3,0xd7,0xee,0x48,0xb3,0x19,0xef,0x51,0xd5,0x28,0xb3,0x28,0xb3,
    0x9c,0xf7,0x49,0xbb,0x28,0xb3,0x28,0xb3,0x48,0xb3,0x69,0xbb,0x48,0xbb,0xf8,0xee,0x28,0xb3,0x28,0xb3,0x48,0xb3,0x28,0xb3,0x48,0xb3,0x48,0xb3,0x48,0xb3,0x48,0xbb,
    0x67,0x8a,0x67,0x8a,0xb7,0xe6,0xb7,0xe6,0xb7,0xe6,0x96,0xe6,0x97,0xe6,0x35,0xde,0x14,0xde,0xf4,0xd5,0xf3,0xd5,0xf4,0xd5,0xf3,0xd5,0xf3,0xd5,0xf3,0xdd,0x29,0x42,
    0x2d,0x5b,0x17,0xc6,0x9c,0xf7,0x9c,0xf7,0x9c,0xf7,0x9c,0xf7,0x9c,0xf7,0x9c,0xf7,0x9c,0xf7,0x9c,0xf7,0x9c,0xf7,0x9c,0xf7,0x9c,0xf7,0x9c,0xf7,0x9c,0xf7,0x9c,0xf7,
    0x9c,0xf7,0x9c,0xf7,0x9c,0xf7,0x9c,0xf7,0x9c,0xf7,0x9c,0xf7,0x77,0xde,0x56,0xde,0x66,0x21,0x66,0x21,0x46,0x21,0xce,0xbc,0xce,0xbc,0x71,0xcd,0x91,0xcd,0x92,0xcd,
    0x92,0xcd,0x92,0xcd,0x92,0xcd,0x92,0xcd,0x91,0xcd,0x92,0xcd,0xb2,0xcd,0x92,0xd5,0xb2,0xcd,0x66,0x29,0x66,0x29,0x66,0x29,0x66,0x29,0x66,0x29,0x66,0x29,0x86,0x29,
    0xe9,0x4a,0x49,0x53,0x29,0x53,0x29,0x53,0xa8,0x3a,0xc8,0x3a,0xc8,0x42,0x29,0x4b,0x09,0x4b,0xca,0x63,0xca,0x63,0xaa,0x63,0x8a,0x5b,0x8a,0x5b,0x4b,0x74,0x4b,0x74,
    0x4b,0x74,0x2b,0x74,0x4b,0x74,0x4b,0x74,0x2b,0x74,0x2b,0x74,0x2b,0x74,0x2b,0x74,0x2b,0x74,0x47,0x19,0x26,0x11,0x46,0x19,0x9c,0xf7,0x9c,0xf7,0x9c,0xf7,0x9c,0xf7,
    0x9c,0xf7,0x9c,0xf7,0x9c,0xf7,0x9c,0xf7,0x9c,0xf7,0x26,0x09,0x06,0x09,0x26,0x11,0x26,0x11,0x26,0x19,0x46,0x19,0xa9,0x42,0x0b,0x6c,0x06,0x11,0x47,0x19,0x26,0x09,
    0x47,0x11,0x76,0xde,0x76,0xe6,0x76,0xe6,0x76,0xe6,0x76,0xe6,0xf3,0xdd,0xf3,0xdd,0xc5,0x00,0x46,0x19,0x67,0x19,0x2b,0x74,0x0b,0x6c,0x0b,0x6c,0x2b,0x74,0x0b,0x74,
    0x2b,0x74,0x47,0x19,0x46,0x11,0x46,0x19,0x17,0xc6,0x9c,0xf7,0x9c,0xf7,0x9c,0xf7,0x9c,0xf7,0x9c,0xf7,0x9c,0xf7,0x9c,0xf7,0x64,0x00,0x47,0x19,0x47,0x19,0x0b,0x6c,
    0x26,0x19,0x46,0x19,0x46,0x19,0x47,0x11,0x9c,0xf7,0x9c,0xf7,0x9c,0xf7,0x9c,0xf7,0x9c,0xf7,0x9c,0xf7,0x9c,0xf7,0x67,0x19,0x47,0x19,0x0b,0x6c,0x2b,0x74,0x4b,0x7c,
    0x4c,0x7c,0x4c,0x7c,0x4c,0x7c,0x4b,0x74,0x2b,0x74,0xaa,0x63,0xaa,0x5b,0x8a,0x5b,0x8a,0x5b,0x8a,0x5b,0x29,0x4b,0x29,0x4b,0x09,0x4b,0x0b,0x6c,0x0b,0x74,0x4b,0x74,
    0xb2,0xc5,0x9c,0xf7,0x9c,0xf7,0x9c,0xf7,0x9c,0xf7,0x87,0x29,0x66,0x21,0x48,0xc3,0x28,0xb3,0x28,0xb3,0x08,0xb3,0x08,0xb3,0x28,0xb3,0x08,0xb3,0x9c,0xf7,0xd7,0xe6,
    0x08,0xab,0x08,0xb3,0x28,0xb3,0x28,0xb3,0x28,0xb3,0x68,0xbb,0x9c,0xf7,0x9c,0xf7,0xf8,0xee,0x28,0xb3,0x48,0xbb,0x48,0xbb,0x4d,0xc4,0xf8,0xee,0xf8,0xee,0x9c,0xf7,
    0x0c,0xbc,0x48,0xb3,0x69,0xbb,0x19,0xef,0x19,0xef,0xf8,0xee,0x8e,0xc4,0x08,0xab,0x28,0xb3,0x9c,0xf7,0xf8,0xee,0xf8,0xe6,0xf8,0xee,0xe8,0xaa,0x48,0xb3,0x48,0xb3,
    0x28,0xb3,0x28,0xb3,0x48,0xb3,0x48,0xbb,0x48,0xb3,0x28,0xb3,0x47,0x8a,0x46,0x82,0xb7,0xe6,0xd7,0xe6,0xb7,0xe6,0xb7,0xe6,0xb7,0xe6,0xb7,0xe6,0x97,0xe6,0xb7,0xe6,
    0xb7,0xe6,0x97,0xe6,0x96,0xe6,0x96,0xe6,0x96,0xe6,0x29,0x42,0x2d,0x63,0x37,0xc6,0x9c,0xf7,0x9c,0xf7,0x9c,0xf7,0x9c,0xf7,0x9c,0xf7,0x9c,0xf7,0x9c,0xf7,0xf9,0xee,
    0x9c,0xf7,0x9c,0xf7,0x52,0xbd,0xf0,0xb4,0xf0,0xb4,0xf0,0xac,0xf0,0xb4,0xf0,0xb4,0xf0,0xb4,0xf0,0xac,0xcf,0xac,0xcf,0xac,0xcf,0xac,0xd0,0xac,0x31,0xbd,0x31,0xbd,
    0x31,0xbd,0xa7,0x29,0x86,0x29,0x86,0x29,0x86,0x29,0x86,0x29,0x86,0x29,0x86,0x29,0x86,0x29,0x86,0x29,0x86,0x29,0xa6,0x29,0x86,0x29,0x86,0x29,0x86,0x29,0x73,0xc5,
    0x93,0xc5,0x93,0xc5,0xd4,0xcd,0xf4,0xd5,0xf4,0xd5,0x35,0xde,0xd4,0xcd,0xf4,0xcd,0x6c,0x7c,0x2c,0x74,0xaa,0x63,0xca,0x63,0xaa,0x63,0xca,0x63,0xcb,0x63,0x4c,0x7c,
    0x2b,0x74,0x4c,0x7c,0x6c,0x7c,0x4c,0x74,0x4b,0x74,0x2b,0x74,0x4b,0x74,0x2b,0x74,0x4b,0x74,0x2b,0x74,0x2b,0x74,0x2b,0x74,0x2b,0x74,0x2b,0x74,0x2b,0x74,0x46,0x11,
    0x26,0x11,0x46,0x19,0x9c,0xf7,0x9c,0xf7,0x9c,0xf7,0x9c,0xf7,0x9c,0xf7,0x9c,0xf7,0x9c,0xf7,0x9c,0xf7,0xda,0xde,0x06,0x11,0x06,0x09,0x6a,0x5b,0xcb,0x63,0xcb,0x63,
    0xcb,0x6b,0xeb,0x6b,0x0b,0x74,0xea,0x6b,0x26,0x11,0x26,0x11,0x26,0x11,0x97,0xe6,0x77,0xe6,0x96,0xe6,0x76,0xe6,0x76,0xe6,0x76,0xe6,0x76,0xe6,0x06,0x09,0x47,0x19,
    0x47,0x19,0x47,0x11,0x2b,0x74,0x2b,0x74,0x0b,0x6c,0x0b,0x6c,0x0b,0x6c,0xea,0x63,0x46,0x11,0x46,0x19,0xd6,0xb5,0x9c,0xf7,0x9c,0xf7,0x9c,0xf7,0x9c,0xf7,0x9c,0xf7,
    0x9c,0xf7,0x9c,0xf7,0x64,0x00,0x47,0x19,0x46,0x19,0x0b,0x6c,0xcb,0x6b,0x47,0x19,0x67,0x19,0x47,0x11,0x9c,0xf7,0x9c,0xf7,0x9c,0xf7,0x9c,0xf7,0x9c,0xf7,0x9c,0xf7,
    0x9c,0xf7,0x29,0x32,0x26,0x11,0xa7,0x21,0xc8,0x21,0x2b,0x74,0x4c,0x74,0x4b,0x7c,0x6c,0x7c,0x4c,0x7c,0x4c,0x7c,0x2b,0x74,0x2b,0x74,0x4b,0x74,0x6c,0x7c,0x6c,0x7c,
    0x4c,0x7c,0x4c,0x7c,0x4b,0x7c,0x6c,0x7c,0x8c,0x84,0x8c,0x84,0xad,0x84,0xb3,0xc5,0xaf,0xa4,0x8f,0xa4,0x4e,0x9c,0x46,0x21,0x46,0x21,0x87,0x29,0xa7,0x29,0x86,0x29,
    0xa7,0x92,0xa8,0x9a,0xc8,0x9a,0x08,0xb3,0x08,0xab,0x28,0xb3,0x28,0xb3,0x28,0xb3,0x28,0xb3,0x28,0xb3,0x28,0xb3,0x28,0xb3,0x28,0xb3,0x48,0xb3,0x48,0xb3,0x28,0xb3,
    0x08,0xab,0x08,0xab,0x08,0xab,0x28,0xb3,0x28,0xb3,0x28,0xb3,0x08,0xab,0x08,0xab,0x08,0xab,0x28,0xb3,0x28,0xb3,0x08,0xab,0x08,0xab,0x08,0xab,0x28,0xb3,0x28,0xb3,
    0x48,0xb3,0x48,0xb3,0x28,0xb3,0x28,0xb3,0x08,0xab,0xe8,0xa2,0xe8,0xa2,0xe8,0xaa,0x08,0xab,0x08,0xab,0xe8,0xaa,0x08,0xab,0x67,0x8a,0x66,0x8a,0xe7,0xaa,0xe7,0xaa,
    0xc7,0xa2,0x08,0xab,0x08,0xab,0x08,0xab,0x08,0xb3,0x08,0xb3,0xe7,0xaa,0xe7,0xa2,0xe7,0xaa,0x08,0xab,0x08,0xb3,0x4a,0x42,0x2d,0x63,0x53,0xad,0x98,0xde,0x9c,0xf7,
    0x9c,0xf7,0x9c,0xf7,0x9c,0xf7,0x9c,0xf7,0x9c,0xf7,0xf9,0xee,0x9c,0xf7,0x9c,0xf7,0x11,0xb5,0xd0,0xac,0xcf,0xac,0xd0,0xac,0xd0,0xac,0xf0,0xac,0xd0,0xac,0xd0,0xac,
    0xd0,0xac,0xd0,0xac,0xf0,0xb4,0xf0,0xb4,0x31,0xbd,0x51,0xbd,0x31,0xb5,0x66,0x29,0x66,0x29,0x66,0x29,0x66,0x29,0x66,0x29,0x66,0x29,0x66,0x29,0x66,0x29,0x66,0x29,
    0x66,0x29,0x66,0x29,0x66,0x29,0x66,0x29,0x66,0x29,0x35,0xde,0x55,0xde,0x35,0xde,0xd8,0xee,0x9c,0xf7,0x9c,0xf7,0x9c,0xf7,0xf8,0xe6,0xd8,0xde,0x4c,0x7c,0x6b,0x7c,
    0xea,0x6b,0xea,0x63,0xca,0x63,0xea,0x6b,0xeb,0x6b,0x8c,0x7c,0x6c,0x7c,0x6c,0x7c,0x6c,0x7c,0x6c,0x7c,0x2b,0x74,0x2b,0x74,0x4b,0x74,0x2b,0x74,0x2b,0x74,0x2b,0x74,
    0x2b,0x74,0x2b,0x74,0x2b,0x74,0x2b,0x74,0x2b,0x74,0x46,0x19,0x46,0x19,0x46,0x11,0x9c,0xf7,0x9c,0xf7,0x9c,0xf7,0x9c,0xf7,0x9c,0xf7,0x9c,0xf7,0x9c,0xf7,0x9c,0xf7,
    0xb9,0xde,0x67,0x19,0x87,0x19,0x09,0x4b,0x0b,0x74,0x2b,0x74,0x2b,0x74,0x2b,0x74,0x0b,0x6c,0x4b,0x74,0x46,0x19,0x47,0x19,0x46,0x19,0x56,0xde,0x76,0xde,0x77,0xe6,
    0x97,0xe6,0x97,0xe6,0x97,0xe6,0x97,0xe6,0x49,0x3a,0x29,0x3a,0x2a,0x3a,0x27,0x11,0xcb,0x63,0xeb,0x6b,0x0b,0x6c,0x0b,0x6c,0x0b,0x6c,0x2b,0x6c,0x46,0x11,0x46,0x19,
    0x95,0xad,0x9c,0xf7,0x9c,0xf7,0x9c,0xf7,0x9c,0xf7,0x9c,0xf7,0x9c,0xf7,0x9c,0xf7,0x67,0x21,0xc8,0x29,0x46,0x19,0x49,0x53,0x2b,0x74,0x47,0x11,0x47,0x19,0x46,0x19,
    0x9c,0xf7,0x9c,0xf7,0x9c,0xf7,0x9c,0xf7,0x9c,0xf7,0x9c,0xf7,0x9c,0xf7,0x99,0xd6,0x2a,0x3a,0x29,0x32,0x06,0x11,0xeb,0x6b,0x6c,0x7c,0x4c,0x7c,0x4c,0x7c,0x4c,0x7c,
    0x4c,0x7c,0x4b,0x7c,0x4c,0x7c,0x6c,0x7c,0x8c,0x84,0x8c,0x84,0x8c,0x84,0x8c,0x84,0xac,0x84,0x8c,0x84,0x8c,0x84,0x8c,0x84,0x8c,0x7c,0x92,0xbd,0x6e,0x9c,0x4e,0x9c,
    0x4e,0x9c,0x87,0x29,0x66,0x29,0x66,0x21,0x66,0x21,0x86,0x29,0xc8,0x9a,0xc7,0x9a,0xc7,0x9a,0x08,0xb3,0x08,0xb3,0x08,0xb3,0x08,0xb3,0x28,0xb3,0x28,0xb3,0x28,0xb3,
    0x28,0xb3,0x28,0xb3,0x28,0xb3,0x08,0xb3,0x28,0xb3,0xc8,0xa2,0xa7,0x9a,0xa7,0x9a,0x08,0xab,0x08,0xab,0x08,0xab,0x28,0xb3,0x08,0xb3,0x08,0xb3,0x08,0xab,0x08,0xab,
    0x08,0xb3,0x08,0xb3,0x08,0xb3,0x28,0xb3,0x28,0xb3,0x28,0xb3,0x08,0xb3,0x08,0xb3,0x08,0xb3,0x08,0xab,0xe8,0xa2,0xe8,0xaa,0xe8,0xaa,0xe8,0xaa,0xe8,0xa2,0xe8,0xa2,
    0xe8,0xa2,0xe8,0xaa,0x47,0x8a,0x67,0x8a,0xe7,0xaa,0xc7,0xaa,0xe7,0xaa,0xe7,0xaa,0xe7,0xaa,0xe7,0xaa,0xe7,0xaa,0xe7,0xaa,0xe7,0xaa,0xe7,0xaa,0xe8,0xaa,0xe8,0xaa,
    0xe7,0xb2,0x4a,0x42,0x2d,0x63,0x33,0xad,0x77,0xde,0x9c,0xf7,0x9c,0xf7,0x9c,0xf7,0x9c,0xf7,0x9c,0xf7,0x9c,0xf7,0x9c,0xf7,0x9c,0xf7,0x9c,0xf7,0x9c,0xf7,0x9c,0xf7,
    0x9c,0xf7,0x9c,0xf7,0x9c,0xf7,0x9c,0xf7,0x9c,0xf7,0x9c,0xf7,0x9c,0xf7,0x9c,0xf7,0x56,0xde,0x35,0xde,0x35,0xde,0x55,0xde,0x56,0xde,0x92,0xc5,0x92,0xc5,0x72,0xc5,
    0x72,0xc5,0x92,0xc5,0xb3,0xc5,0xb3,0xcd,0xb3,0xcd,0xb3,0xcd,0xb3,0xcd,0xd3,0xcd,0xd4,0xd5,0xf4,0xcd,0xf4,0xcd,0xb3,0xcd,0x92,0xcd,0xb2,0xcd,0x9c,0xf7,0x9c,0xf7,
    0x9c,0xf7,0x9c,0xf7,0xef,0x8c,0xef,0x8c,0x0b,0x74,0x2b,0x74,0xaa,0x63,0x8a,0x5b,0xaa,0x63,0xca,0x63,0xca,0x63,0x6c,0x7c,0x6c,0x7c,0x6c,0x7c,0x6c,0x7c,0x6c,0x7c,
    0x4b,0x7c,0x4b,0x7c,0x6b,0x7c,0x6c,0x7c,0x4b,0x7c,0x4b,0x7c,0x4b,0x7c,0x4b,0x7c,0x4c,0x7c,0x4b,0x74,0x4b,0x74,0x27,0x11,0x06,0x11,0x46,0x19,0x9c,0xf7,0x9c,0xf7,
    0x9c,0xf7,0x9c,0xf7,0x9c,0xf7,0x9c,0xf7,0x9c,0xf7,0x9c,0xf7,0xfa,0xe6,0x84,0x00,0x63,0x00,0xc7,0x21,0x6c,0x7c,0x2b,0x74,0x2b,0x74,0x2b,0x74,0x2b,0x74,0x0b,0x74,
    0x06,0x11,0x06,0x11,0x06,0x11,0xf7,0xf6,0xf8,0xf6,0x97,0xe6,0x97,0xe6,0x97,0xe6,0x97,0xe6,0x97,0xe6,0x93,0xbd,0x73,0xbd,0xd5,0xcd,0x47,0x19,0xc7,0x29,0x2b,0x74,
    0x4c,0x74,0x4c,0x7c,0x2b,0x74,0x2b,0x6c,0x06,0x11,0x46,0x11,0x17,0xc6,0x9c,0xf7,0x9c,0xf7,0x9c,0xf7,0x9c,0xf7,0x9c,0xf7,0x9c,0xf7,0x9c,0xf7,0xd6,0xbd,0x71,0x84,
    0xa5,0x00,0x28,0x32,0xca,0x6b,0x06,0x09,0x06,0x11,0x26,0x11,0x9c,0xf7,0x9c,0xf7,0x9c,0xf7,0x9c,0xf7,0x9c,0xf7,0x9c,0xf7,0x9c,0xf7,0x9c,0xf7,0x17,0xc6,0x18,0xbe,
    0x47,0x19,0x08,0x2a,0x8c,0x7c,0x8c,0x84,0x8c,0x7c,0x6c,0x7c,0x6c,0x7c,0x6c,0x7c,0x4c,0x7c,0x4c,0x7c,0x6c,0x7c,0x6c,0x7c,0x8c,0x84,0xac,0x84,0x8c,0x84,0x8c,0x84,
    0x8c,0x84,0x8c,0x84,0x8c,0x84,0x8c,0x84,0x4b,0x74,0xd8,0xe6,0xd7,0xde,0x9c,0xf7,0x9c,0xf7,0xd8,0xee,0xf4,0xd5,0x14,0xd6,0xf4,0xcd,0x14,0xce,0xf4,0xd5,0x87,0x19,
    0x67,0x19,0x87,0x21,0x67,0x21,0x67,0x21,0x87,0x21,0x67,0x21,0x67,0x21,0x66,0x21,0x66,0x19,0x66,0x21,0x46,0x21,0x66,0x21,0x66,0x21,0x66,0x21,0x87,0x21,0x87,0x21,
    0x87,0x21,0x66,0x21,0x66,0x21,0x66,0x21,0x66,0x21,0x66,0x21,0x66,0x21,0x66,0x21,0x66,0x21,0x66,0x21,0x87,0x21,0x87,0x21,0x86,0x21,0x66,0x21,0x66,0x21,0x86,0x21,
    0x87,0x21,0x66,0x21,0x66,0x21,0x66,0x21,0x86,0x21,0x86,0x29,0x86,0x29,0x66,0x21,0x66,0x21,0x86,0x21,0x87,0x29,0x87,0x29,0x86,0x29,0x87,0x29,0x66,0x21,0x66,0x21,
    0x66,0x21,0x66,0x21,0x87,0x29,0xa7,0x29,0x87,0x21,0x46,0x19,0x26,0x11,0xf4,0xcd,0x36,0xde,0xf9,0xee,0x9c,0xf7,0x9c,0xf7,0x9c,0xf7,0x9c,0xf7,0x9c,0xf7,0x9c,0xf7,
    0x9c,0xf7,0x9c,0xf7,0x9c,0xf7,0x9c,0xf7,0x9c,0xf7,0x9c,0xf7,0x9c,0xf7,0x9c,0xf7,0x9c,0xf7,0x9c,0xf7,0x9c,0xf7,0x9c,0xf7,0x9c,0xf7,0x56,0xde,0x56,0xde,0x56,0xde,
    0x35,0xde,0x35,0xde,0x35,0xde,0x93,0xcd,0x92,0xc5,0x92,0xc5,0xb3,0xcd,0xb3,0xcd,0xb3,0xcd,0xd3,0xcd,0xd3,0xcd,0xd3,0xcd,0xd3,0xcd,0xf4,0xd5,0xf4,0xd5,0xf4,0xd5,
    0xf4,0xd5,0xb7,0xe6,0x97,0xe6,0xb8,0xe6,0x9c,0xf7,0xb3,0xad,0xd3,0xb5,0x14,0xbe,0x2b,0x74,0x2b,0x74,0x6c,0x7c,0x4c,0x7c,0x0b,0x6c,0x0b,0x6c,0x0b,0x74,0x0b,0x74,
    0x0b,0x6c,0x6c,0x7c,0x6c,0x7c,0x4c,0x7c,0x2b,0x74,0x4c,0x74,0xca,0x63,0xca,0x63,0xaa,0x63,0xca,0x63,0xaa,0x63,0xaa,0x63,0xaa,0x63,0xaa,0x63,0xaa,0x63,0xaa,0x63,
    0xaa,0x5b,0x48,0x32,0x28,0x32,0x46,0x19,0x51,0x84,0x92,0x8c,0x9c,0xf7,0x9c,0xf7,0x9c,0xf7,0x9c,0xf7,0x9c,0xf7,0x9c,0xf7,0x9c,0xf7,0x92,0x8c,0xb3,0x8c,0x46,0x19,
    0xa9,0x42,0x8a,0x5b,0x8a,0x5b,0x8a,0x5b,0x8a,0x5b,0x8a,0x5b,0x28,0x32,0x28,0x32,0x28,0x32,0xce,0x7b,0xce,0x7b,0x76,0xde,0x76,0xde,0x77,0xde,0x35,0xde,0x35,0xd6,
    0xd7,0xee,0xd7,0xee,0x38,0xff,0x46,0x19,0x06,0x11,0x8a,0x5b,0xaa,0x5b,0x8a,0x5b,0x6a,0x5b,0x8a,0x5b,0x28,0x32,0x47,0x19,0x6e,0x63,0x51,0x84,0x37,0xc6,0x9c,0xf7,
    0x9c,0xf7,0x9c,0xf7,0x9c,0xf7,0x9c,0xf7,0x9c,0xf7,0xfa,0xe6,0xb3,0x94,0x47,0x19,0x28,0x32,0xa7,0x21,0x48,0x32,0x67,0x19,0x51,0x84,0x30,0x84,0x9c,0xf7,0x9c,0xf7,
    0x9c,0xf7,0x98,0xde,0xf9,0xe6,0x9c,0xf7,0x9c,0xf7,0x9c,0xf7,0x67,0x19,0x06,0x11,0xaa,0x63,0xca,0x63,0xaa,0x63,0xaa,0x63,0xaa,0x63,0x0b,0x6c,0x0b,0x6c,0x4c,0x7c,
    0x6c,0x7c,0x6c,0x7c,0x6c,0x7c,0x4c,0x74,0x8c,0x7c,0x4c,0x7c,0x4c,0x7c,0x6c,0x7c,0x8c,0x84,0x8c,0x84,0x8c,0x84,0x8c,0x84,0xac,0x84,0x9c,0xf7,0x9c,0xf7,0xd8,0xe6,
    0xb3,0xcd,0xb3,0xc5,0xb3,0xcd,0x93,0xc5,0xb3,0xcd,0x87,0x29,0x87,0x21,0x67,0x21,0x67,0x21,0x67,0x21,0x67,0x21,0x66,0x21,0x66,0x21,0x66,0x21,0x46,0x21,0x46,0x21,
    0x46,0x21,0x46,0x21,0x66,0x21,0x46,0x21,0x66,0x21,0x66,0x21,0x66,0x21,0x66,0x21,0x66,0x21,0x67,0x21,0x67,0x21,0x66,0x21,0x66,0x21,0x66,0x21,0x66,0x21,0x66,0x21,
    0x67,0x21,0x87,0x21,0x67,0x21,0x87,0x21,0x67,0x21,0x67,0x21,0x67,0x21,0x66,0x21,0x66,0x21,0x66,0x21,0x66,0x21,0x66,0x21,0x66,0x21,0x66,0x21,0x66,0x21,0x66,0x21,
    0x66,0x21,0x67,0x21,0x66,0x21,0x67,0x21,0x66,0x21,0x66,0x21,0x67,0x21,0x67,0x21,0x67,0x21,0x67,0x21,0x66,0x21,0x25,0x19,0x05,0x11,0xd4,0xcd,0x35,0xd6,0x9c,0xf7,
    0x9c,0xf7,0x9c,0xf7,0x9c,0xf7,0x9c,0xf7,0x9c,0xf7,0x9c,0xf7,0x9c,0xf7,0x9c,0xf7,0x9c,0xf7,0x9c,0xf7,0x9c,0xf7,0x9c,0xf7,0x9c,0xf7,0x9c,0xf7,0x9c,0xf7,0x9c,0xf7,
    0x9c,0xf7,0x9c,0xf7,0x9c,0xf7,0x35,0xd6,0x35,0xde,0x35,0xde,0x35,0xde,0x35,0xde,0x35,0xde,0x14,0xd6,0x35,0xd6,0xd3,0xcd,0xd3,0xd5,0xb3,0xcd,0x35,0xd6,0x35,0xd6,
    0x35,0xd6,0x35,0xd6,0x35,0xde,0x56,0xde,0x76,0xde,0x56,0xde,0x35,0xde,0xfe,0xff,0xff,0xff,0xfe,0xff,0x9c,0xf7,0x89,0x5b,0xc9,0x63,0x6b,0x7c,0xcd,0x8c,0xcd,0x8c,
    0xcd,0x8c,0xad,0x8c,0x8c,0x7c,0x8c,0x84,0x8c,0x7c,0x6c,0x7c,0x6c,0x7c,0x6c,0x7c,0x6c,0x7c,0x4c,0x7c,0x2b,0x74,0x2b,0x74,0x29,0x4b,0x29,0x4b,0x09,0x4b,0x09,0x4b,
    0x09,0x4b,0x09,0x4b,0x09,0x4b,0x09,0x4b,0x09,0x4b,0x09,0x4b,0x09,0x4b,0x49,0x53,0x29,0x53,0x06,0x11,0x84,0x00,0x46,0x19,0x9c,0xf7,0x9c,0xf7,0x9c,0xf7,0xb8,0xe6,
    0x9c,0xf7,0x9c,0xf7,0x9c,0xf7,0x9c,0xf7,0xff,0xff,0x46,0x19,0xe6,0x08,0xc8,0x42,0xc8,0x42,0xe9,0x42,0xe9,0x42,0xe9,0x42,0x29,0x4b,0x09,0x4b,0x29,0x53,0xa5,0x00,
    0xc6,0x00,0x18,0xf7,0xf8,0xf6,0xf8,0xf6,0x34,0xe6,0x34,0xde,0xf8,0xf6,0xd7,0xee,0x58,0xff,0x67,0x19,0x67,0x19,0xc9,0x42,0xc8,0x42,0xc8,0x42,0xc9,0x42,0xc8,0x42,
    0x29,0x4b,0x26,0x11,0xc5,0x08,0xa4,0x00,0xb2,0x8c,0x9c,0xf7,0x9c,0xf7,0x9c,0xf7,0xb8,0xe6,0x9c,0xf7,0x9c,0xf7,0x9c,0xf7,0xff,0xff,0x26,0x11,0x06,0x11,0x48,0x32,
    0x29,0x4b,0x27,0x11,0xa4,0x00,0xa4,0x00,0x9c,0xf7,0x9c,0xf7,0x9c,0xf7,0x13,0xde,0xf8,0xf6,0x9c,0xf7,0x9c,0xf7,0x9c,0xf7,0x47,0x19,0x46,0x19,0x09,0x4b,0x09,0x4b,
    0x09,0x4b,0x09,0x4b,0x09,0x4b,0xca,0x63,0xca,0x63,0x4c,0x7c,0x6c,0x7c,0x4c,0x7c,0xcb,0x63,0xaa,0x63,0x8c,0x84,0x2b,0x74,0x2b,0x74,0x2b,0x74,0x8c,0x84,0x8c,0x84,
    0x8c,0x7c,0x8c,0x84,0x6c,0x7c,0x9c,0xf7,0x9c,0xf7,0x9c,0xf7,0x97,0xe6,0x76,0xde,0x51,0xc5,0x72,0xc5,0x51,0xc5,0xaf,0xac,0x72,0xc5,0x72,0xc5,0x72,0xc5,0x92,0xc5,
    0x72,0xc5,0x71,0xc5,0x51,0xc5,0x51,0xc5,0x51,0xc5,0x31,0xbd,0x31,0xbd,0x31,0xbd,0x92,0xc5,0xb3,0xcd,0xb3,0xcd,0xb3,0xcd,0xb3,0xcd,0xb3,0xcd,0xb3,0xcd,0xd3,0xcd,
    0xb3,0xcd,0x92,0xc5,0x72,0xc5,0x92,0xc5,0x92,0xc5,0x72,0xc5,0x72,0xc5,0x51,0xc5,0x51,0xc5,0x51,0xc5,0x51,0xc5,0x51,0xc5,0x0d,0x9c,0x0d,0x9c,0x2e,0x9c,0x2d,0x94,
    0x72,0xc5,0x72,0xc5,0x52,0xc5,0x31,0xbd,0x72,0xc5,0x72,0xc5,0x72,0xc5,0x72,0xc5,0x72,0xc5,0x71,0xc5,0x31,0xbd,0x10,0xbd,0x10,0xbd,0xf0,0xbc,0x10,0xbd,0x10,0xbd,
    0x92,0xc5,0x92,0xc5,0x72,0xc5,0xb3,0xcd,0x15,0xd6,0x9c,0xf7,0x9c,0xf7,0x9c,0xf7,0x9c,0xf7,0x9c,0xf7,0x9c,0xf7,0x9c,0xf7,0x9c,0xf7,0x9c,0xf7,0x9c,0xf7,0x9c,0xf7,
    0x9c,0xf7,0x9c,0xf7,0x9c,0xf7,0x9c,0xf7,0x9c,0xf7,0x9c,0xf7,0x9c,0xf7,0x9c,0xf7,0x9c,0xf7,0x9c,0xf7,0x9c,0xf7,0x9c,0xf7,0x9c,0xf7,0x9c,0xf7,0x9c,0xf7,0x9c,0xf7,
    0x9c,0xf7,0x9c,0xf7,0x9c,0xf7,0x9c,0xf7,0x9c,0xf7,0x9c,0xf7,0x9c,0xf7,0x9c,0xf7,0x9c,0xf7,0x9c,0xf7,0x9c,0xf7,0x9c,0xf7,0x9c,0xf7,0xd8,0xde,0xb8,0xde,0xb8,0xd6,
    0xd8,0xde,0x6c,0x7c,0x6c,0x7c,0xcd,0x8c,0x8c,0x84,0xac,0x84,0x6c,0x7c,0x6c,0x7c,0x6c,0x7c,0x6c,0x7c,0x4b,0x7c,0x2b,0x74,0x2b,0x74,0x4b,0x74,0x4b,0x74,0x4b,0x74,
    0x0b,0x74,0xea,0x6b,0x29,0x4b,0x49,0x53,0x49,0x53,0x49,0x53,0x49,0x53,0x49,0x53,0x49,0x53,0x49,0x53,0x29,0x53,0x29,0x53,0x29,0x53,0x29,0x4b,0x29,0x4b,0xa7,0x21,
    0x67,0x19,0xe8,0x31,0x9c,0xf7,0x9c,0xf7,0x9c,0xf7,0x10,0xc5,0x9c,0xf7,0x9c,0xf7,0x9c,0xf7,0x56,0xde,0x9c,0xf7,0x47,0x19,0x47,0x19,0x09,0x4b,0x09,0x4b,0x09,0x4b,
    0x09,0x4b,0x09,0x4b,0xe9,0x42,0xe9,0x42,0x09,0x4b,0x67,0x19,0x67,0x19,0x73,0xb5,0x53,0xb5,0x53,0xb5,0xd0,0xa4,0xd0,0xa4,0x74,0xb5,0x74,0xb5,0xd4,0xcd,0x47,0x19,
    0x26,0x11,0xc8,0x42,0x09,0x4b,0x09,0x4b,0x09,0x4b,0x09,0x4b,0xe8,0x42,0x86,0x21,0x67,0x19,0x87,0x21,0xf3,0x9c,0x9c,0xf7,0x9c,0xf7,0x9c,0xf7,0x30,0xcd,0x9c,0xf7,
    0x9c,0xf7,0x9c,0xf7,0x9c,0xf7,0x47,0x19,0x67,0x19,0x27,0x32,0xc8,0x42,0x86,0x19,0x47,0x19,0x88,0x19,0x38,0xc6,0x17,0xc6,0x16,0xc6,0xd0,0xac,0x74,0xb5,0x37,0xc6,
    0x37,0xc6,0x58,0xce,0x46,0x19,0x46,0x19,0x4a,0x53,0x49,0x53,0x29,0x53,0x29,0x4b,0x29,0x53,0xea,0x6b,0xca,0x63,0x2b,0x74,0x2b,0x74,0x2b,0x74,0xcb,0x63,0xca,0x63,
    0x8c,0x84,0x0b,0x74,0x0b,0x6c,0x0b,0x6c,0x6c,0x7c,0x8c,0x84,0x8c,0x84,0x6c,0x7c,0x6c,0x7c,0x8c,0x84,0x8c,0x84,0x8c,0x84,0x2b,0x74,0x4b,0x74,0x9c,0xf7,0x9c,0xf7,
    0x9c,0xf7,0x9c,0xf7,0x9c,0xf7,0x9c,0xf7,0x9c,0xf7,0x9c,0xf7,0x9c,0xf7,0x9c,0xf7,0x9c,0xf7,0x9c,0xf7,0x9c,0xf7,0x9c,0xf7,0x9c,0xf7,0x9c,0xf7,0x97,0xde,0x97,0xe6,
    0x55,0xde,0x35,0xde,0x35,0xde,0x35,0xde,0x35,0xde,0x35,0xde,0x9c,0xf7,0x9c,0xf7,0x9c,0xf7,0x9c,0xf7,0x9c,0xf7,0x9c,0xf7,0x9c,0xf7,0x9c,0xf7,0x9c,0xf7,0x9c,0xf7,
    0x9c,0xf7,0x9c,0xf7,0x9c,0xf7,0x9c,0xf7,0x9c,0xf7,0x9c,0xf7,0x9c,0xf7,0x9c,0xf7,0x9c,0xf7,0x9c,0xf7,0x9c,0xf7,0x9c,0xf7,0x9c,0xf7,0x9c,0xf7,0x9c,0xf7,0x9c,0xf7,
    0x9c,0xf7,0x9c,0xf7,0x9c,0xf7,0x9c,0xf7,0x9c,0xf7,0x9c,0xf7,0x9c,0xf7,0x9c,0xf7,0x9c,0xf7,0x9c,0xf7,0x9c,0xf7,0x9c,0xf7,0x9c,0xf7,0x9c,0xf7,0x9c,0xf7,0x9c,0xf7,
    0x9c,0xf7,0x9c,0xf7,0x9c,0xf7,0x9c,0xf7,0x9c,0xf7,0x9c,0xf7,0x9c,0xf7,0x9c,0xf7,0x9c,0xf7,0x9c,0xf7,0x9c,0xf7,0x9c,0xf7,0x9c,0xf7,0x9c,0xf7,0x9c,0xf7,0x9c,0xf7,
    0x9c,0xf7,0x9c,0xf7,0x9c,0xf7,0x9c,0xf7,0x9c,0xf7,0x9c,0xf7,0x9c,0xf7,0x9c,0xf7,0x9c,0xf7,0x9c,0xf7,0x9c,0xf7,0x9c,0xf7,0x9c,0xf7,0x9c,0xf7,0x9c,0xf7,0x9c,0xf7,
    0x9c,0xf7,0x9c,0xf7,0x9c,0xf7,0x4b,0x74,0x2a,0x74,0x0a,0x74,0x2b,0x74,0xad,0x84,0xad,0x84,0x8c,0x84,0xac,0x84,0xad,0x84,0xca,0x63,0xca,0x63,0x4c,0x7c,0x6c,0x7c,
    0x2b,0x74,0xca,0x63,0xca,0x63,0xea,0x6b,0xca,0x6b,0x0b,0x6c,0xcb,0x6b,0x49,0x53,0x49,0x53,0x29,0x53,0x49,0x53,0x49,0x53,0x29,0x53,0x29,0x53,0x49,0x53,0x29,0x53,
    0x29,0x53,0x29,0x53,0x29,0x53,0x29,0x53,0x29,0x4b,0x49,0x53,0x46,0x11,0x47,0x19,0xb9,0xde,0x9c,0xf7,0x9c,0xf7,0x31,0xc5,0xb2,0xcd,0x9c,0xf7,0x9c,0xf7,0x56,0xde,
    0x9c,0xf7,0x47,0x19,0x46,0x19,0xe9,0x42,0xe9,0x42,0xe9,0x4a,0x09,0x4b,0xe9,0x4a,0xe9,0x4a,0xe9,0x4a,0x09,0x43,0x67,0x19,0x66,0x19,0x06,0x09,0x06,0x09,0x26,0x09,
    0x47,0x11,0x47,0x11,0x47,0x11,0x47,0x11,0x06,0x11,0x47,0x19,0x67,0x19,0xe9,0x42,0x09,0x4b,0x09,0x4b,0xe9,0x4a,0xe9,0x4a,0xe9,0x42,0x09,0x4b,0x27,0x11,0x47,0x19,
    0xb2,0x94,0x9c,0xf7,0x9c,0xf7,0x9c,0xf7,0x71,0xc5,0xf4,0xd5,0x9c,0xf7,0x9c,0xf7,0x9c,0xf7,0x46,0x19,0x46,0x19,0x27,0x32,0xe8,0x42,0xe8,0x42,0x67,0x19,0x67,0x19,
    0xe5,0x08,0x06,0x11,0x47,0x11,0x26,0x11,0x06,0x11,0x26,0x11,0x47,0x11,0x47,0x11,0x47,0x19,0x67,0x19,0x49,0x53,0x29,0x53,0x29,0x53,0x29,0x4b,0x29,0x4b,0xca,0x6b,
    0xca,0x6b,0xaa,0x63,0xaa,0x63,0x0b,0x6c,0x8c,0x84,0x6c,0x7c,0x4c,0x7c,0xaa,0x63,0xaa,0x63,0xca,0x63,0x4b,0x74,0x6c,0x84,0x8c,0x84,0x8c,0x84,0x8c,0x84,0x8c,0x84,
    0x8c,0x84,0x8c,0x84,0xea,0x6b,0xeb,0x6b,0x9c,0xf7,0x9c,0xf7,0x9c,0xf7,0x9c,0xf7,0x9c,0xf7,0x9c,0xf7,0x9c,0xf7,0x9c,0xf7,0x9c,0xf7,0x9c,0xf7,0x9c,0xf7,0x9c,0xf7,
    0x9c,0xf7,0x9c,0xf7,0x9c,0xf7,0x9c,0xf7,0x97,0xde,0x97,0xe6,0x56,0xde,0x56,0xde,0x55,0xde,0x55,0xde,0x55,0xde,0x55,0xde,0x9c,0xf7,0x9c,0xf7,0x9c,0xf7,0x9c,0xf7,
    0x9c,0xf7,0x9c,0xf7,0x9c,0xf7,0x9c,0xf7,0x9c,0xf7,0x9c,0xf7,0x9c,0xf7,0x9c,0xf7,0x9c,0xf7,0x9c,0xf7,0x9c,0xf7,0x9c,0xf7,0x9c,0xf7,0x9c,0xf7,0x9c,0xf7,0x9c,0xf7,
    0x9c,0xf7,0x9c,0xf7,0x9c,0xf7,0x9c,0xf7,0x9c,0xf7,0x9c,0xf7,0x9c,0xf7,0x9c,0xf7,0x9c,0xf7,0x9c,0xf7,0x9c,0xf7,0x9c,0xf7,0x9c,0xf7,0x9c,0xf7,0x9c,0xf7,0x9c,0xf7,
    0x9c,0xf7,0x9c,0xf7,0x9c,0xf7,0x9c,0xf7,0x9c,0xf7,0x9c,0xf7,0x9c,0xf7,0x9c,0xf7,0x9c,0xf7,0x9c,0xf7,0x9c,0xf7,0x9c,0xf7,0x9c,0xf7,0x9c,0xf7,0x9c,0xf7,0x9c,0xf7,
    0x9c,0xf7,0x9c,0xf7,0x9c,0xf7,0x9c,0xf7,0x9c,0xf7,0x9c,0xf7,0x9c,0xf7,0x9c,0xf7,0x9c,0xf7,0x9c,0xf7,0x9c,0xf7,0xb8,0xe6,0xb8,0xe6,0xb8,0xe6,0xb8,0xe6,0xb8,0xe6,
    0x9c,0xf7,0x9c,0xf7,0x9c,0xf7,0x9c,0xf7,0x9c,0xf7,0x9c,0xf7,0x9c,0xf7,0x8d,0x84,0x8c,0x84,0x6c,0x7c,0x6c,0x7c,0x6c,0x7c,0x8c,0x7c,0x8c,0x84,0xac,0x84,0xad,0x84,
    0xad,0x84,0xad,0x84,0xca,0x63,0xea,0x63,0x6c,0x7c,0x4c,0x7c,0x2b,0x74,0xea,0x6b,0xea,0x6b,0xca,0x6b,0xea,0x6b,0x2b,0x74,0x6c,0x7c,0x0b,0x6c,0x49,0x53,0x29,0x53,
    0x29,0x53,0x29,0x53,0x49,0x53,0x49,0x53,0x49,0x53,0x49,0x53,0x29,0x53,0x29,0x53,0x29,0x53,0x29,0x53,0x29,0x53,0x09,0x4b,0x26,0x11,0x26,0x11,0x14,0xa5,0x99,0xce,
    0x58,0xce,0x0e,0x8c,0xb0,0x9c,0x78,0xce,0xba,0xd6,0x32,0xad,0xf6,0xcd,0x46,0x19,0x67,0x19,0xe9,0x42,0xe8,0x42,0xe9,0x42,0xe9,0x4a,0xe9,0x4a,0xe9,0x4a,0xe9,0x4a,
    0xc8,0x42,0x68,0x3a,0x88,0x3a,0x47,0x19,0x47,0x19,0x47,0x19,0x46,0x19,0x46,0x19,0x46,0x19,0x46,0x19,0x47,0x19,0x67,0x19,0xe9,0x42,0x09,0x4b,0xe9,0x4a,0xe9,0x4a,
    0xe9,0x4a,0xe9,0x4a,0xe9,0x4a,0xc8,0x42,0x27,0x11,0x47,0x19,0xf0,0x73,0x38,0xc6,0xf6,0xbd,0xd6,0xbd,0x4f,0x8c,0xf2,0xa4,0x58,0xc6,0xda,0xd6,0x58,0xce,0x26,0x11,
    0x26,0x19,0x28,0x32,0xe8,0x42,0x09,0x4b,0x88,0x3a,0x48,0x3a,0x47,0x19,0x46,0x19,0x46,0x19,0x46,0x19,0x47,0x19,0x47,0x19,0x46,0x19,0x46,0x19,0x26,0x19,0x88,0x3a,
    0x29,0x4b,0x49,0x53,0x29,0x53,0x29,0x53,0x09,0x4b,0x0b,0x74,0x0b,0x74,0xca,0x63,0xca,0x63,0xeb,0x6b,0x6c,0x7c,0x4c,0x7c,0x6c,0x7c,0xea,0x63,0xca,0x63,0xaa,0x63,
    0x2b,0x74,0xeb,0x6b,0xca,0x63,0xaa,0x63,0x8c,0x84,0x8c,0x84,0xac,0x84,0x8c,0x84,0x8c,0x84,0x8c,0x84,0x6c,0x7c,0x4b,0x74,0x4c,0x74,0x9c,0xf7,0x9c,0xf7,0x9c,0xf7,
    0x9c,0xf7,0x9c,0xf7,0x9c,0xf7,0x9c,0xf7,0x9c,0xf7,0x9c,0xf7,0x9c,0xf7,0x9c,0xf7,0x9c,0xf7,0x9c,0xf7,0x9c,0xf7,0x9c,0xf7,0x9c,0xf7,0x9c,0xf7,0x9c,0xf7,0x9c,0xf7,
    0x9c,0xf7,0x9c,0xf7,0x9c,0xf7,0x9c,0xf7,0x9c,0xf7,0x9c,0xf7,0x9c,0xf7,0x9c,0xf7,0x9c,0xf7,0x9c,0xf7,0x9c,0xf7,0x9c,0xf7,0x9c,0xf7,0x9c,0xf7,0x9c,0xf7,0x9c,0xf7,
    0x9c,0xf7,0x9c,0xf7,0x9c,0xf7,0x9c,0xf7,0x9c,0xf7,0x9c,0xf7,0x9c,0xf7,0x9c,0xf7,0x9c,0xf7,0x9c,0xf7,0x9c,0xf7,0x9c,0xf7,0x9c,0xf7,0x9c,0xf7,0x9c,0xf7,0x9c,0xf7,
    0xb8,0xe6,0xd8,0xe6,0xd8,0xe6,0xd8,0xe6,0xb8,0xe6,0xd8,0xe6,0xf9,0xee,0x9c,0xf7,0x9c,0xf7,0x9c,0xf7,0x9c,0xf7,0x9c,0xf7,0x9c,0xf7,0x9c,0xf7,0x9c,0xf7,0x9c,0xf7,
    0x9c,0xf7,0x9c,0xf7,0x9c,0xf7,0x9c,0xf7,0x9c,0xf7,0x9c,0xf7,0x9c,0xf7,0x9c,0xf7,0x9c,0xf7,0x9c,0xf7,0x9c,0xf7,0x9c,0xf7,0x9c,0xf7,0x9c,0xf7,0x9c,0xf7,0x9c,0xf7,
    0x9c,0xf7,0x14,0xd6,0x14,0xd6,0x14,0xd6,0x35,0xd6,0x35,0xd6,0x9c,0xf7,0x9c,0xf7,0x9c,0xf7,0x9c,0xf7,0x9c,0xf7,0x9c,0xf7,0x9c,0xf7,0x6c,0x7c,0x6c,0x7c,0x6c,0x7c,
    0x6c,0x7c,0x6c,0x7c,0x8c,0x7c,0x8c,0x84,0xac,0x84,0xac,0x84,0xac,0x84,0xac,0x84,0x8c,0x84,0x8c,0x84,0x6c,0x7c,0x6c,0x7c,0x4c,0x7c,0xea,0x6b,0xea,0x6b,0xea,0x6b,
    0xea,0x6b,0x2b,0x74,0x8c,0x84,0x8c,0x84,0x29,0x4b,0x29,0x4b,0x09,0x4b,0x09,0x4b,0x29,0x53,0x49,0x53,0x29,0x53,0x29,0x53,0x49,0x53,0x29,0x4b,0x29,0x4b,0x29,0x4b,
    0x29,0x53,0x29,0x53,0x27,0x11,0x47,0x11,0x88,0x21,0xa8,0x21,0xa8,0x21,0x67,0x21,0x87,0x21,0xa8,0x21,0x88,0x21,0x87,0x21,0xa8,0x21,0x26,0x11,0x26,0x11,0xc8,0x42,
    0xe9,0x42,0xe9,0x4a,0xe9,0x4a,0xe9,0x42,0xe9,0x42,0xe9,0x4a,0xe9,0x4a,0x09,0x4b,0xe9,0x4a,0x26,0x11,0x26,0x11,0x26,0x11,0x26,0x11,0x26,0x11,0x26,0x11,0x26,0x11,
    0x26,0x11,0x27,0x19,0xe9,0x4a,0xe9,0x4a,0xe9,0x4a,0xe9,0x4a,0xe9,0x4a,0xe9,0x4a,0x09,0x4b,0x09,0x4b,0x67,0x19,0x26,0x11,0x67,0x19,0xa8,0x21,0x88,0x21,0x87,0x21,
    0x67,0x19,0x87,0x21,0xa8,0x21,0xa8,0x21,0xa8,0x29,0x26,0x11,0x06,0x11,0x27,0x32,0xe9,0x42,0x09,0x4b,0x09,0x43,0x09,0x4b,0x47,0x19,0x26,0x11,0x06,0x11,0x06,0x11,
    0x26,0x11,0x26,0x11,0x26,0x11,0x27,0x11,0x26,0x11,0x29,0x53,0x29,0x4b,0x29,0x53,0x09,0x4b,0x29,0x4b,0x49,0x53,0x4b,0x74,0x0b,0x74,0xaa,0x63,0xaa,0x63,0x0b,0x6c,
    0x8c,0x7c,0x6c,0x7c,0x4b,0x7c,0x8a,0x5b,0xaa,0x63,0xeb,0x6b,0x4c,0x74,0x2b,0x74,0x0b,0x6c,0xca,0x63,0xad,0x84,0x8c,0x84,0x8c,0x84,0x8c,0x84,0xac,0x84,0x8c,0x84,
    0x4c,0x7c,0x4b,0x74,0x6c,0x7c,0x9c,0xf7,0x9c,0xf7,0x9c,0xf7,0x9c,0xf7,0x9c,0xf7,0x9c,0xf7,0x9c,0xf7,0x9c,0xf7,0x9c,0xf7,0x9c,0xf7,0x9c,0xf7,0x9c,0xf7,0x9c,0xf7,
    0x9c,0xf7,0x9c,0xf7,0x9c,0xf7,0x9c,0xf7,0x9c,0xf7,0x9c,0xf7,0x9c,0xf7,0x9c,0xf7,0x9c,0xf7,0x9c,0xf7,0x9c,0xf7,0x9c,0xf7,0x9c,0xf7,0x9c,0xf7,0x9c,0xf7,0x9c,0xf7,
    0x9c,0xf7,0x9c,0xf7,0x9c,0xf7,0x9c,0xf7,0x9c,0xf7,0x9c,0xf7,0x9c,0xf7,0x9c,0xf7,0x9c,0xf7,0x9c,0xf7,0x9c,0xf7,0x9c,0xf7,0x9c,0xf7,0x9c,0xf7,0x9c,0xf7,0x9c,0xf7,
    0x9c,0xf7,0x9c,0xf7,0x9c,0xf7,0x9c,0xf7,0x9c,0xf7,0x9c,0xf7,0x15,0xd6,0x15,0xd6,0x15,0xd6,0x35,0xd6,0x35,0xd6,0x56,0xde,0x97,0xde,0x9c,0xf7,0x9c,0xf7,0x9c,0xf7,
    0x9c,0xf7,0x9c,0xf7,0x9c,0xf7,0x9c,0xf7,0x9c,0xf7,0x9c,0xf7,0x9c,0xf7,0x9c,0xf7,0x9c,0xf7,0x9c,0xf7,0x9c,0xf7,0x9c,0xf7,0x9c,0xf7,0x9c,0xf7,0x9c,0xf7,0x9c,0xf7,
    0x9c,0xf7,0x9c,0xf7,0x9c,0xf7,0x9c,0xf7,0x9c,0xf7,0x9c,0xf7,0x9c,0xf7,0x14,0xd6,0x15,0xd6,0x35,0xd6,0x35,0xd6,0x15,0xd6,0x9c,0xf7,0x9c,0xf7,0x9c,0xf7,0x9c,0xf7,
    0x9c,0xf7,0x52,0xa5,0x32,0x9d,0xac,0x84,0x8c,0x84,0x8c,0x84,0x8c,0x84,0x6c,0x84,0x8c,0x84,0x8c,0x84,0x8c,0x84,0x8c,0x84,0xad,0x84,0x8c,0x84,0xac,0x84,0x8c,0x84,
    0x8c,0x7c,0x8c,0x84,0x8c,0x84,0x6c,0x7c,0x6c,0x7c,0x6c,0x7c,0x6c,0x7c,0x8c,0x84,0x8c,0x84,0x8c,0x84,0x4c,0x7c,0x4c,0x7c,0x6c,0x7c,0x4c,0x7c,0x4c,0x7c,0x4c,0x7c,
    0x4c,0x7c,0x2b,0x74,0xeb,0x6b,0xeb,0x6b,0xaa,0x63,0x8a,0x5b,0x6a,0x5b,0x49,0x53,0x09,0x4b,0xe9,0x4a,0xe6,0x08,0xe6,0x08,0xe5,0x08,0x06,0x09,0xe6,0x08,0xe5,0x08,
    0xc5,0x08,0xe6,0x08,0xe5,0x08,0xe9,0x42,0xe9,0x4a,0x6a,0x53,0x49,0x53,0x49,0x53,0x4a,0x53,0x4a,0x53,0x4a,0x53,0x49,0x53,0x4a,0x53,0x4a,0x53,0x4a,0x53,0x09,0x4b,
    0x09,0x4b,0x29,0x4b,0x09,0x4b,0x09,0x4b,0x09,0x4b,0x09,0x4b,0x09,0x4b,0x09,0x4b,0x49,0x53,0x49,0x53,0x49,0x53,0x49,0x53,0x29,0x53,0x49,0x53,0x29,0x4b,0x29,0x4b,
    0xe9,0x42,0xc8,0x42,0x87,0x19,0xe5,0x08,0xe6,0x08,0xe5,0x08,0xe6,0x08,0x06,0x09,0xe5,0x08,0xe5,0x08,0xc5,0x08,0xe9,0x4a,0x09,0x4b,0x29,0x4b,0x29,0x53,0x29,0x4b,
    0x29,0x4b,0x29,0x53,0xe9,0x4a,0xe9,0x4a,0xe9,0x4a,0x6a,0x5b,0x4a,0x5b,0x6a,0x5b,0x6a,0x5b,0x6a,0x5b,0x6a,0x5b,0x8a,0x63,0xeb,0x6b,0x2b,0x74,0x2b,0x74,0x6c,0x7c,
    0x4c,0x7c,0x8c,0x84,0x8c,0x84,0x6c,0x7c,0x6c,0x7c,0x6c,0x7c,0x8c,0x84,0xac,0x84,0xad,0x84,0x6c,0x7c,0x6c,0x7c,0x6c,0x7c,0x8d,0x84,0x4c,0x74,0x8c,0x84,0x8c,0x84,
    0xac,0x84,0x8c,0x84,0x8c,0x84,0x8c,0x84,0x8c,0x84,0x8c,0x84,0x6c,0x7c,0x4c,0x7c,0x2b,0x74,0x2a,0x53,0xcd,0x6b,0x9c,0xf7,0x9c,0xf7,0x9c,0xf7,0x9c,0xf7,0x9c,0xf7,
    0x9c,0xf7,0x9c,0xf7,0x9c,0xf7,0x9c,0xf7,0x9c,0xf7,0x9c,0xf7,0x9c,0xf7,0x9c,0xf7,0x9c,0xf7,0x9c,0xf7,0x9c,0xf7,0x9c,0xf7,0x9c,0xf7,0x9c,0xf7,0x9c,0xf7,0x9c,0xf7,
    0x9c,0xf7,0x9c,0xf7,0x9c,0xf7,0x9c,0xf7,0x9c,0xf7,0x9c,0xf7,0x9c,0xf7,0x9c,0xf7,0x9c,0xf7,0x9c,0xf7,0x9c,0xf7,0x9c,0xf7,0x9c,0xf7,0x9c,0xf7,0x9c,0xf7,0x9c,0xf7,
    0x9c,0xf7,0x9c,0xf7,0x9c,0xf7,0x9c,0xf7,0x9c,0xf7,0x9c,0xf7,0x9c,0xf7,0x9c,0xf7,0x9c,0xf7,0x9c,0xf7,0x9c,0xf7,0x9c,0xf7,0x15,0xd6,0x15,0xd6,0x35,0xd6,0x35,0xd6,
    0x35,0xd6,0x56,0xde,0x97,0xde,0x9c,0xf7,0x9c,0xf7,0x9c,0xf7,0x9c,0xf7,0x9c,0xf7,0x9c,0xf7,0x9c,0xf7,0x9c,0xf7,0x9c,0xf7,0x9c,0xf7,0x9c,0xf7,0x56,0xde,0xf4,0xd5,
    0xf4,0xd5,0xf4,0xd5,0xf4,0xd5,0xf4,0xd5,0x9c,0xf7,0x9c,0xf7,0x9c,0xf7,0x9c,0xf7,0x9c,0xf7,0x9c,0xf7,0x9c,0xf7,0x9c,0xf7,0x9c,0xf7,0x9c,0xf7,0x9c,0xf7,0x9c,0xf7,
    0x9c,0xf7,0x9c,0xf7,0x9c,0xf7,0x9c,0xf7,0x9c,0xf7,0x9c,0xf7,0x9c,0xf7,0xc8,0x42,0xc8,0x42,0x6c,0x7c,0x6c,0x7c,0x0b,0x6c,0x0b,0x6c,0xeb,0x6b,0xea,0x6b,0x8c,0x84,
    0xac,0x84,0x8c,0x84,0xad,0x84,0xad,0x84,0xac,0x84,0x8c,0x84,0xac,0x84,0x8c,0x84,0xac,0x84,0xac,0x84,0xad,0x84,0xad,0x84,0xac,0x84,0x8c,0x84,0x8c,0x84,0x8c,0x84,
    0xad,0x84,0xad,0x84,0xad,0x84,0xad,0x84,0xac,0x84,0x8c,0x84,0x8c,0x84,0x8c,0x84,0x2b,0x74,0x2b,0x74,0xaa,0x63,0xaa,0x5b,0x8a,0x5b,0x29,0x4b,0x49,0x53,0x49,0x53,
    0x88,0x3a,0xa9,0x3a,0xa9,0x3a,0x88,0x3a,0x88,0x3a,0x88,0x3a,0x88,0x3a,0x88,0x3a,0x68,0x3a,0x29,0x4b,0x29,0x53,0x49,0x53,0x49,0x53,0x4a,0x53,0x49,0x53,0x4a,0x53,
    0x4a,0x53,0x4a,0x53,0x4a,0x53,0x4a,0x53,0x4a,0x53,0x6a,0x5b,0x6a,0x5b,0x8a,0x5b,0x6a,0x5b,0x6a,0x5b,0x8a,0x5b,0x8a,0x5b,0x8a,0x53,0x6a,0x5b,0x49,0x53,0x4a,0x53,
    0x29,0x53,0x29,0x53,0x29,0x53,0x49,0x53,0x09,0x4b,0x09,0x4b,0x29,0x4b,0x29,0x4b,0xc9,0x42,0x88,0x3a,0x88,0x3a,0x88,0x3a,0x88,0x3a,0x88,0x3a,0x88,0x3a,0x88,0x3a,
    0x88,0x3a,0x6a,0x53,0x6a,0x53,0x29,0x4b,0x29,0x4b,0x09,0x4b,0x09,0x4b,0x09,0x4b,0x29,0x53,0x49,0x53,0x6a,0x53,0xeb,0x6b,0xeb,0x6b,0xeb,0x6b,0xeb,0x6b,0xeb,0x6b,
    0xea,0x6b,0xaa,0x63,0x6c,0x7c,0x4b,0x7c,0x6c,0x7c,0xad,0x84,0xad,0x84,0x8c,0x84,0xad,0x84,0xac,0x84,0xac,0x84,0x8c,0x84,0xad,0x84,0xad,0x84,0xad,0x84,0xcd,0x8c,
    0xcd,0x84,0xcd,0x8c,0xad,0x84,0xac,0x84,0x8c,0x84,0x8c,0x84,0x8c,0x84,0x8c,0x84,0x8c,0x84,0x8c,0x84,0x8c,0x84,0x4c,0x7c,0x4c,0x7c,0x4b,0x7c,0x6c,0x7c,0xa8,0x3a,
    0x88,0x3a,0x9c,0xf7,0x9c,0xf7,0x9c,0xf7,0x9c,0xf7,0x9c,0xf7,0x9c,0xf7,0x9c,0xf7,0x9c,0xf7,0x9c,0xf7,0x9c,0xf7,0x9c,0xf7,0x9c,0xf7,0x9c,0xf7,0x9c,0xf7,0x9c,0xf7,
    0x9c,0xf7,0x9c,0xf7,0x9c,0xf7,0x9c,0xf7,0x9c,0xf7,0x9c,0xf7,0x9c,0xf7,0x9c,0xf7,0x9c,0xf7,0x9c,0xf7,0x9c,0xf7,0x9c,0xf7,0x9c,0xf7,0x9c,0xf7,0x15,0xd6,0x14,0xd6,
    0x14,0xd6,0x14,0xd6,0x9c,0xf7,0x9c,0xf7,0x9c,0xf7,0x9c,0xf7,0x9c,0xf7,0x9c,0xf7,0x9c,0xf7,0x9c,0xf7,0x9c,0xf7,0x9c,0xf7,0x9c,0xf7,0x9c,0xf7,0x9c,0xf7,0x9c,0xf7,
    0x9c,0xf7,0x9c,0xf7,0x9c,0xf7,0x9c,0xf7,0x9c,0xf7,0x9c,0xf7,0x9c,0xf7,0x9c,0xf7,0x9c,0xf7,0x9c,0xf7,0x9c,0xf7,0x9c,0xf7,0x9c,0xf7,0x9c,0xf7,0x9c,0xf7,0x9c,0xf7,
    0x9c,0xf7,0x9c,0xf7,0x9c,0xf7,0x9c,0xf7,0x36,0xd6,0xf4,0xd5,0x14,0xd6,0xf4,0xd5,0xf4,0xd5,0xf4,0xd5,0x9c,0xf7,0x9c,0xf7,0x9c,0xf7,0x9c,0xf7,0x9c,0xf7,0x9c,0xf7,
    0x9c,0xf7,0x9c,0xf7,0x9c,0xf7,0x9c,0xf7,0x9c,0xf7,0x9c,0xf7,0x9c,0xf7,0x9c,0xf7,0x9c,0xf7,0x9c,0xf7,0x9c,0xf7,0x9c,0xf7,0x9c,0xf7,0x88,0x3a,0x88,0x32,0xaa,0x5b,
    0x8a,0x5b,0xc8,0x42,0xaa,0x5b,0x8a,0x5b,0x8a,0x5b,0x2b,0x74,0x4c,0x74,0x8c,0x84,0x8c,0x84,0x8c,0x84,0x8c,0x84,0x6c,0x7c,0x4c,0x7c,0xac,0x84,0xac,0x84,0x8c,0x84,
    0x2b,0x74,0x2b,0x74,0x8c,0x84,0x8c,0x84,0x8c,0x84,0x8c,0x84,0x8c,0x84,0x8c,0x84,0x8c,0x84,0x8c,0x84,0x8c,0x7c,0x8c,0x7c,0x6c,0x7c,0x6c,0x7c,0x4b,0x7c,0x4c,0x74,
    0x0b,0x74,0x0b,0x74,0x0b,0x6c,0xeb,0x6b,0xcb,0x6b,0xeb,0x6b,0x2b,0x74,0x2b,0x74,0x2b,0x74,0x2b,0x74,0x2b,0x74,0x0b,0x6c,0x0b,0x6c,0x2b,0x6c,0x0b,0x6c,0xcb,0x63,
    0xcb,0x63,0xeb,0x6b,0xeb,0x6b,0xeb,0x6b,0x0b,0x6c,0x0b,0x6c,0xeb,0x6b,0xeb,0x6b,0xeb,0x6b,0xeb,0x6b,0xeb,0x6b,0xeb,0x6b,0xeb,0x6b,0xeb,0x6b,0xeb,0x6b,0xeb,0x6b,
    0xeb,0x6b,0xeb,0x6b,0xeb,0x6b,0xeb,0x6b,0xeb,0x6b,0x0b,0x6c,0xeb,0x6b,0x0b,0x6c,0x0b,0x6c,0xeb,0x6b,0xca,0x63,0xca,0x63,0xaa,0x63,0xaa,0x63,0xeb,0x63,0xeb,0x6b,
    0xeb,0x6b,0xeb,0x6b,0xeb,0x6b,0xeb,0x6b,0xeb,0x6b,0x0b,0x6c,0x0b,0x6c,0x8a,0x5b,0x6a,0x5b,0xca,0x63,0xcb,0x63,0xeb,0x6b,0xeb,0x6b,0xeb,0x6b,0xcb,0x6b,0xeb,0x6b,
    0xeb,0x6b,0x2b,0x74,0x2b,0x74,0x2b,0x74,0x2b,0x74,0x2b,0x74,0x2b,0x74,0x2b,0x74,0x6c,0x7c,0x6c,0x7c,0x6c,0x7c,0x8c,0x84,0x8c,0x84,0x8c,0x84,0x8c,0x84,0x8c,0x84,
    0x6c,0x7c,0x6c,0x7c,0x6c,0x7c,0xad,0x84,0xac,0x84,0xad,0x84,0x4c,0x74,0x4c,0x7c,0x2b,0x74,0x8c,0x84,0x8c,0x84,0x8c,0x84,0x8c,0x84,0x8c,0x84,0x8c,0x84,0x8c,0x84,
    0xaa,0x63,0xca,0x63,0xca,0x63,0xca,0x63,0x8a,0x63,0x47,0x32,0x67,0x32,0x9c,0xf7,0x9c,0xf7,0x9c,0xf7,0x9c,0xf7,0x9c,0xf7,0x9c,0xf7,0x9c,0xf7,0x9c,0xf7,0x9c,0xf7,
    0x9c,0xf7,0x9c,0xf7,0x9c,0xf7,0x9c,0xf7,0x9c,0xf7,0x9c,0xf7,0x9c,0xf7,0x9c,0xf7,0x9c,0xf7,0x9c,0xf7,0x9c,0xf7,0x9c,0xf7,0x9c,0xf7,0x9c,0xf7,0x9c,0xf7,0x9c,0xf7,
    0x9c,0xf7,0x9c,0xf7,0x9c,0xf7,0x9c,0xf7,0x35,0xd6,0x15,0xd6,0x14,0xd6,0x14,0xd6,0x9c,0xf7,0x9c,0xf7,0x9c,0xf7,0x9c,0xf7,0x9c,0xf7,0x9c,0xf7,0x9c,0xf7,0x9c,0xf7,
    0x9c,0xf7,0x9c,0xf7,0x9c,0xf7,0x9c,0xf7,0x9c,0xf7,0x9c,0xf7,0x9c,0xf7,0x9c,0xf7,0x9c,0xf7,0x9c,0xf7,0x9c,0xf7,0x9c,0xf7,0x9c,0xf7,0x9c,0xf7,0x9c,0xf7,0x9c,0xf7,
    0x9c,0xf7,0x9c,0xf7,0x9c,0xf7,0x9c,0xf7,0x9c,0xf7,0x9c,0xf7,0x9c,0xf7,0x9c,0xf7,0x9c,0xf7,0x9c,0xf7,0x9c,0xf7,0x9c,0xf7,0x9c,0xf7,0x9c,0xf7,0x9c,0xf7,0x9c,0xf7,
    0x9c,0xf7,0x9c,0xf7,0x9c,0xf7,0x9c,0xf7,0x9c,0xf7,0x9c,0xf7,0x9c,0xf7,0x9c,0xf7,0x9c,0xf7,0x9c,0xf7,0x9c,0xf7,0x9c,0xf7,0x9c,0xf7,0x9c,0xf7,0x9c,0xf7,0x9c,0xf7,
    0x9c,0xf7,0x9c,0xf7,0x9c,0xf7,0x47,0x32,0x67,0x32,0x88,0x3a,0x68,0x32,0x47,0x32,0xca,0x63,0xeb,0x6b,0xeb,0x6b,0x0b,0x6c,0x0b,0x6c,0x6c,0x7c,0x6c,0x7c,0x6c,0x7c,
    0x0b,0x6c,0xeb,0x6b,0xeb,0x6b,0x8c,0x7c,0x8c,0x84,0x8c,0x84,0xca,0x63,0xcb,0x63,0xad,0x84,0x8c,0x84,0x8c,0x84,0x8c,0x7c,0x8c,0x84,0x8c,0x84,0x8c,0x84,0x8c,0x7c,
    0x8c,0x84,0x8c,0x7c,0x8c,0x7c,0x6c,0x7c,0x8c,0x7c,0x6c,0x7c,0x8c,0x84,0x8c,0x84,0x8c,0x84,0x8c,0x84,0x8c,0x84,0xac,0x84,0x8c,0x84,0x8c,0x84,0x8c,0x84,0x8c,0x84,
    0x8c,0x84,0x8c,0x84,0x8c,0x84,0x8c,0x84,0x8c,0x84,0xac,0x84,0xac,0x84,0x8c,0x84,0x8c,0x84,0x8c,0x7c,0x2b,0x74,0x2b,0x74,0x6c,0x84,0x8c,0x7c,0x8c,0x84,0x8c,0x84,
    0x8c,0x84,0x8c,0x7c,0x8c,0x84,0x8c,0x84,0x8c,0x84,0x8c,0x84,0x8c,0x84,0x6c,0x7c,0x6c,0x7c,0x6c,0x7c,0x8c,0x84,0x4c,0x74,0x8c,0x84,0x4c,0x7c,0x2b,0x74,0x6c,0x7c,
    0x4b,0x7c,0x4b,0x7c,0x6c,0x7c,0x4c,0x7c,0x4b,0x7c,0x4b,0x7c,0x4b,0x7c,0x4b,0x7c,0x4b,0x7c,0x6c,0x7c,0x6c,0x7c,0x6c,0x7c,0x6c,0x7c,0xaa,0x63,0xaa,0x63,0x8c,0x84,
    0x8c,0x7c,0x8c,0x84,0x8c,0x84,0x8c,0x84,0x8c,0x84,0x8c,0x84,0x8c,0x84,0x8c,0x84,0x8c,0x84,0xad,0x84,0xac,0x84,0xac,0x84,0x8c,0x84,0x8c,0x84,0x8c,0x84,0x8c,0x84,
    0x8c,0x84,0x8c,0x84,0x8c,0x84,0x8c,0x84,0x8c,0x84,0x8c,0x84,0x2b,0x74,0x2b,0x74,0x0b,0x74,0xac,0x84,0xac,0x84,0xad,0x84,0xca,0x6b,0xcb,0x6b,0xca,0x6b,0x4c,0x7c,
    0x4b,0x74,0x4b,0x74,0x2b,0x74,0xeb,0x6b,0xeb,0x6b,0x0b,0x6c,0xca,0x63,0xca,0x63,0x68,0x32,0x47,0x32,0x47,0x2a,0x27,0x2a,0x06,0x2a,0x9c,0xf7,0x9c,0xf7,0x9c,0xf7,
    0x9c,0xf7,0x9c,0xf7,0x9c,0xf7,0x9c,0xf7,0x9c,0xf7,0x9c,0xf7,0x9c,0xf7,0x9c,0xf7,0x9c,0xf7,0x9c,0xf7,0x9c,0xf7,0x9c,0xf7,0x9c,0xf7,0x9c,0xf7,0x9c,0xf7,0x9c,0xf7,
    0x9c,0xf7,0x9c,0xf7,0x9c,0xf7,0x9c,0xf7,0x9c,0xf7,0x9c,0xf7,0x9c,0xf7,0x9c,0xf7,0x9c,0xf7,0x9c,0xf7,0x9c,0xf7,0x9c,0xf7,0x9c,0xf7,0x9c,0xf7,0x9c,0xf7,0x9c,0xf7,
    0x9c,0xf7,0x9c,0xf7,0x9c,0xf7,0x9c,0xf7,0x9c,0xf7,0x9c,0xf7,0x9c,0xf7,0x9c,0xf7,0x9c,0xf7,0x9c,0xf7,0x9c,0xf7,0x9c,0xf7,0x9c,0xf7,0x9c,0xf7,0x9c,0xf7,0x9c,0xf7,
    0x9c,0xf7,0x9c,0xf7,0x9c,0xf7,0x9c,0xf7,0x9c,0xf7,0x9c,0xf7,0x9c,0xf7,0x9c,0xf7,0x9c,0xf7,0x9c,0xf7,0x9c,0xf7,0x9c,0xf7,0x9c,0xf7,0x9c,0xf7,0x9c,0xf7,0x9c,0xf7,
    0x9c,0xf7,0x9c,0xf7,0x9c,0xf7,0x9c,0xf7,0x9c,0xf7,0x9c,0xf7,0x9c,0xf7,0x9c,0xf7,0x9c,0xf7,0x9c,0xf7,0x9c,0xf7,0x9c,0xf7,0x9c,0xf7,0x9c,0xf7,0x9c,0xf7,0x9c,0xf7,
    0x9c,0xf7,0x9c,0xf7,0x9c,0xf7,0x9c,0xf7,0x9c,0xf7,0x9c,0xf7,0x9c,0xf7,0x9c,0xf7,0x9c,0xf7,0xf4,0xd5,0xd3,0xcd,0x07,0x32,0x47,0x32,0xa5,0x21,0x49,0x53,0x69,0x5b,
    0x6a,0x5b,0x8a,0x5b,0x69,0x5b,0x8c,0x84,0xac,0x84,0x8c,0x84,0xea,0x6b,0xea,0x6b,0x0b,0x6c,0xad,0x84,0xad,0x8c,0xad,0x84,0xeb,0x6b,0x2b,0x6c,0xcd,0x8c,0xcd,0x8c,
    0xad,0x8c,0xcd,0x84,0xcd,0x8c,0xcd,0x8c,0xad,0x84,0xad,0x84,0xad,0x84,0x8c,0x84,0x8c,0x84,0x8c,0x84,0x8c,0x7c,0x6c,0x7c,0x6c,0x7c,0x6c,0x7c,0x6c,0x7c,0x6c,0x7c,
    0x6c,0x7c,0x6c,0x7c,0x6c,0x7c,0x6c,0x7c,0x6c,0x7c,0x6c,0x7c,0x6c,0x7c,0x8c,0x7c,0x8c,0x7c,0x8c,0x7c,0x6c,0x7c,0x8c,0x7c,0x6c,0x7c,0x6c,0x7c,0x6c,0x7c,0x6c,0x7c,
    0x6a,0x5b,0x6a,0x5b,0x8c,0x84,0x6c,0x7c,0x6c,0x7c,0x6c,0x7c,0x6c,0x7c,0x8c,0x7c,0x8c,0x7c,0x8c,0x84,0x8c,0x7c,0x6c,0x7c,0x6c,0x7c,0x6c,0x7c,0x6c,0x7c,0x6c,0x7c,
    0x6c,0x7c,0xeb,0x6b,0x6c,0x7c,0x0b,0x6c,0xcb,0x63,0x4c,0x7c,0x4b,0x7c,0x4b,0x7c,0x4c,0x7c,0x4c,0x7c,0x4c,0x7c,0x4c,0x7c,0x4c,0x7c,0x4c,0x7c,0x4c,0x7c,0x6c,0x7c,
    0x6c,0x7c,0x4c,0x7c,0x6c,0x7c,0x0b,0x6c,0x0b,0x6c,0x8c,0x7c,0x6c,0x7c,0x6c,0x7c,0x6c,0x7c,0x4c,0x7c,0x6c,0x7c,0x8c,0x7c,0x8c,0x84,0x8c,0x7c,0x8c,0x84,0x8c,0x84,
    0x8c,0x84,0x8c,0x84,0x8c,0x84,0x8c,0x84,0xac,0x84,0xac,0x84,0xac,0x84,0xad,0x84,0xac,0x84,0xad,0x84,0xad,0x84,0xad,0x84,0x6c,0x7c,0x6c,0x7c,0x6c,0x7c,0xcd,0x8c,
    0xed,0x8c,0xcd,0x8c,0xeb,0x6b,0x0b,0x6c,0x0b,0x6c,0x4c,0x7c,0x4b,0x7c,0x2b,0x74,0x4b,0x74,0x0b,0x6c,0xca,0x63,0xea,0x6b,0x8a,0x5b,0xca,0x63,0x48,0x32,0x27,0x32,
    0x47,0x32,0xf4,0xd5,0xd3,0xd5,0x9c,0xf7,0x9c,0xf7,0x9c,0xf7,0x9c,0xf7,0x9c,0xf7,0x9c,0xf7,0x9c,0xf7,0x9c,0xf7,0x9c,0xf7,0x9c,0xf7,0x9c,0xf7,0x9c,0xf7,0x9c,0xf7,
    0x9c,0xf7,0x9c,0xf7,0x9c,0xf7,0x9c,0xf7,0x9c,0xf7,0x9c,0xf7,0x9c,0xf7,0x9c,0xf7,0x9c,0xf7,0x9c,0xf7,0x9c,0xf7,0x9c,0xf7,0x9c,0xf7,0x9c,0xf7,0x9c,0xf7,0x9c,0xf7,
    0x9c,0xf7,0x9c,0xf7,0x9c,0xf7,0x9c,0xf7,0x9c,0xf7,0x9c,0xf7,0x9c,0xf7,0x9c,0xf7,0x9c,0xf7,0x9c,0xf7,0x9c,0xf7,0x9c,0xf7,0x9c,0xf7,0x9c,0xf7,0x9c,0xf7,0x9c,0xf7,
    0x9c,0xf7,0x9c,0xf7,0x9c,0xf7,0x9c,0xf7,0x9c,0xf7,0x9c,0xf7,0x9c,0xf7,0x9c,0xf7,0x9c,0xf7,0x9c,0xf7,0x9c,0xf7,0x9c,0xf7,0x9c,0xf7,0x9c,0xf7,0x9c,0xf7,0x9c,0xf7,
    0x9c,0xf7,0x9c,0xf7,0x9c,0xf7,0x9c,0xf7,0x9c,0xf7,0x9c,0xf7,0x9c,0xf7,0x9c,0xf7,0x9c,0xf7,0x9c,0xf7,0x9c,0xf7,0x9c,0xf7,0x9c,0xf7,0x9c,0xf7,0x9c,0xf7,0x9c,0xf7,
    0x9c,0xf7,0x9c,0xf7,0x9c,0xf7,0x9c,0xf7,0x9c,0xf7,0x9c,0xf7,0x9c,0xf7,0x9c,0xf7,0x9c,0xf7,0x9c,0xf7,0x9c,0xf7,0x9c,0xf7,0x9c,0xf7,0x9c,0xf7,0x9c,0xf7,0xf4,0xd5,
    0xf4,0xd5,0xa7,0x29,0xa6,0x29,0x69,0x4a,0x27,0x32,0x27,0x2a,0x27,0x2a,0x47,0x2a,0x47,0x32,0x2b,0x74,0x2b,0x74,0x0b,0x74,0xaa,0x63,0xaa,0x63,0xaa,0x63,0x2c,0x74,
    0x4c,0x74,0x2b,0x74,0xaa,0x5b,0xaa,0x63,0x4c,0x74,0x2c,0x74,0x4c,0x74,0x4c,0x74,0x4c,0x74,0x2c,0x74,0x2c,0x74,0x2b,0x74,0x2b,0x74,0x4c,0x7c,0x4b,0x74,0x4c,0x7c,
    0x4c,0x7c,0x4c,0x7c,0x8c,0x84,0x8c,0x84,0x8c,0x7c,0x6c,0x7c,0x6c,0x7c,0x6c,0x7c,0x6c,0x7c,0x8c,0x7c,0x8c,0x84,0x8c,0x84,0x8c,0x84,0x8c,0x84,0x8c,0x84,0x8c,0x84,
    0x8c,0x84,0x8c,0x84,0x8c,0x84,0x8c,0x84,0x8c,0x84,0x8c,0x84,0xeb,0x6b,0xeb,0x63,0x6c,0x7c,0x4b,0x7c,0x4b,0x7c,0x4b,0x7c,0x4b,0x7c,0x4c,0x7c,0x4c,0x7c,0x4b,0x7c,
    0x6c,0x7c,0x4b,0x7c,0x4b,0x7c,0x4b,0x7c,0x4b,0x7c,0x4b,0x7c,0x4b,0x74,0x4c,0x7c,0x6c,0x7c,0x6c,0x7c,0x6c,0x7c,0x6c,0x7c,0x4b,0x74,0x2b,0x74,0x2b,0x74,0x2b,0x74,
    0x2b,0x74,0x4b,0x74,0x4b,0x74,0x4b,0x74,0x4b,0x74,0x4b,0x74,0x4b,0x74,0x4b,0x74,0x4b,0x74,0x6c,0x7c,0x6c,0x7c,0x4b,0x7c,0x6c,0x7c,0x4c,0x7c,0x4b,0x74,0x8c,0x84,
    0x6c,0x7c,0x4c,0x7c,0x6c,0x7c,0x8c,0x7c,0x6c,0x7c,0x8c,0x84,0x8c,0x84,0x8c,0x7c,0x6c,0x7c,0x6c,0x7c,0x6c,0x7c,0x6c,0x7c,0x6c,0x7c,0x2b,0x74,0x2b,0x74,0x2b,0x74,
    0x2b,0x74,0x2b,0x74,0x0b,0x6c,0x0b,0x6c,0x0b,0x6c,0x4c,0x7c,0x4c,0x74,0x2b,0x74,0x8a,0x63,0xaa,0x63,0xaa,0x63,0x4b,0x7c,0x2b,0x74,0x2b,0x74,0x2b,0x74,0x68,0x32,
    0x47,0x32,0x47,0x32,0x47,0x32,0x47,0x32,0x86,0x21,0x86,0x29,0xc7,0x29,0xd3,0xd5,0xd3,0xd5,0x9c,0xf7,0x9c,0xf7,0x9c,0xf7,0x9c,0xf7,0x9c,0xf7,0x9c,0xf7,0x9c,0xf7,
    0x9c,0xf7,0x9c,0xf7,0x9c,0xf7,0x9c,0xf7,0x9c,0xf7,0x9c,0xf7,0x9c,0xf7,0x9c,0xf7,0x9c,0xf7,0x9c,0xf7,0x9c,0xf7,0x9c,0xf7,0x9c,0xf7,0x9c,0xf7,0x9c,0xf7,0x9c,0xf7,
    0x9c,0xf7,0x9c,0xf7,0x9c,0xf7,0x9c,0xf7,0x9c,0xf7,0x9c,0xf7,0x9c,0xf7,0x9c,0xf7,0x9c,0xf7,0x9c,0xf7,0x9c,0xf7,0x9c,0xf7,0x9c,0xf7,0x9c,0xf7,0x9c,0xf7,0x9c,0xf7,
    0x9c,0xf7,0x9c,0xf7,0x9c,0xf7,0x9c,0xf7,0x9c,0xf7,0x9c,0xf7,0x9c,0xf7,0x9c,0xf7,0x9c,0xf7,0x9c,0xf7,0x9c,0xf7,0x9c,0xf7,0x9c,0xf7,0x9c,0xf7,0x9c,0xf7,0x9c,0xf7,
    0x9c,0xf7,0x9c,0xf7,0x9c,0xf7,0x9c,0xf7,0x9c,0xf7,0x9c,0xf7,0x9c,0xf7,0x9c,0xf7,0x9c,0xf7,0x9c,0xf7,0x9c,0xf7,0x9c,0xf7,0x9c,0xf7,0x9c,0xf7,0x9c,0xf7,0x9c,0xf7,
    0x9c,0xf7,0x9c,0xf7,0x9c,0xf7,0x9c,0xf7,0x9c,0xf7,0x9c,0xf7,0xf4,0xd5,0xf4,0xd5,0xf4,0xd5,0xf4,0xd5,0xf4,0xd5,0xf4,0xd5,0x9c,0xf7,0x9c,0xf7,0x9c,0xf7,0x9c,0xf7,
    0x9c,0xf7,0x9c,0xf7,0x9c,0xf7,0x9c,0xf7,0x9c,0xf7,0x9c,0xf7,0x9c,0xf7,0x14,0xd6,0x55,0xde,0xb7,0xe6,0x88,0x3a,0x88,0x3a,0x67,0x3a,0x47,0x32,0x67,0x32,0xe9,0x42,
    0xc8,0x42,0xa8,0x42,0xc8,0x42,0x88,0x3a,0x88,0x3a,0x88,0x3a,0x88,0x3a,0x88,0x3a,0x88,0x3a,0x68,0x3a,0x68,0x32,0x88,0x3a,0x88,0x3a,0x88,0x3a,0x68,0x3a,0x68,0x3a,
    0x88,0x3a,0x88,0x3a,0x88,0x32,0x49,0x53,0x8a,0x5b,0x8a,0x5b,0xca,0x63,0xea,0x6b,0xcd,0x84,0x8c,0x84,0x8c,0x84,0x8c,0x7c,0x8c,0x84,0x0b,0x6c,0xea,0x6b,0x8c,0x84,
    0x8c,0x84,0xac,0x84,0xac,0x84,0x8c,0x84,0x8c,0x84,0x8c,0x84,0x8c,0x84,0x8c,0x84,0x8c,0x84,0x8c,0x84,0xac,0x84,0xac,0x84,0xad,0x84,0x8c,0x84,0xca,0x63,0xca,0x63,
    0xca,0x63,0xca,0x63,0xca,0x6b,0xca,0x6b,0xca,0x63,0xca,0x63,0xca,0x63,0xca,0x63,0xca,0x63,0xca,0x63,0xaa,0x63,0xaa,0x63,0xaa,0x63,0x2b,0x74,0x6c,0x7c,0x0b,0x74,
    0xea,0x6b,0xca,0x63,0xca,0x63,0xaa,0x63,0xca,0x63,0xca,0x63,0xca,0x63,0xaa,0x63,0xaa,0x63,0xaa,0x63,0xaa,0x63,0xaa,0x63,0xaa,0x63,0xaa,0x63,0xaa,0x63,0x0b,0x74,
    0x0b,0x6c,0x0b,0x74,0x2b,0x74,0x2b,0x74,0xca,0x63,0xcd,0x8c,0x8c,0x84,0xca,0x63,0xca,0x63,0x8c,0x7c,0xeb,0x6b,0x8c,0x84,0x8c,0x84,0x6c,0x7c,0xea,0x6b,0xca,0x63,
    0x8a,0x63,0xaa,0x63,0x6a,0x5b,0x67,0x32,0x67,0x32,0x67,0x32,0x67,0x32,0x67,0x32,0x68,0x32,0x67,0x32,0x67,0x32,0x67,0x32,0x67,0x32,0x68,0x32,0x68,0x3a,0x67,0x32,
    0x67,0x32,0x68,0x3a,0xa8,0x42,0xe9,0x42,0xe8,0x42,0xe6,0x29,0x47,0x32,0x67,0x32,0x47,0x32,0x47,0x32,0xf4,0xd5,0x15,0xd6,0x14,0xd6,0x9c,0xf7,0x9c,0xf7,0x9c,0xf7,
    0x9c,0xf7,0x9c,0xf7,0x9c,0xf7,0x9c,0xf7,0x9c,0xf7,0x9c,0xf7,0x9c,0xf7,0x9c,0xf7,0x9c,0xf7,0x9c,0xf7,0x9c,0xf7,0x9c,0xf7,0x9c,0xf7,0x9c,0xf7,0x9c,0xf7,0x9c,0xf7,
    0x9c,0xf7,0x9c,0xf7,0x9c,0xf7,0x9c,0xf7,0x9c,0xf7,0x9c,0xf7,0x9c,0xf7,0x9c,0xf7,0x9c,0xf7,0x9c,0xf7,0x9c,0xf7,0x9c,0xf7,0x9c,0xf7,0x9c,0xf7,0x9c,0xf7,0x9c,0xf7,
    0x9c,0xf7,0x9c,0xf7,0x9c,0xf7,0x9c,0xf7,0x9c,0xf7,0xf4,0xd5,0xf4,0xd5,0xf4,0xd5,0xf4,0xd5,0xd4,0xd5,0xf4,0xd5,0x9c,0xf7,0x9c,0xf7,0x9c,0xf7,0x9c,0xf7,0x9c,0xf7,
    0x9c,0xf7,0x9c,0xf7,0x9c,0xf7,0x9c,0xf7,0x9c,0xf7,0x9c,0xf7,0x9c,0xf7,0x9c,0xf7,0x9c,0xf7,0x9c,0xf7,0x9c,0xf7,0x9c,0xf7,0x9c,0xf7,0x9c,0xf7,0x9c,0xf7,0x9c,0xf7,
    0x9c,0xf7,0x9c,0xf7,0x9c,0xf7,0x9c,0xf7,0x9c,0xf7,0x9c,0xf7,0x9c,0xf7,0x9c,0xf7,0x9c,0xf7,0x9c,0xf7,0x9c,0xf7,0x9c,0xf7,0xf4,0xd5,0xf4,0xd5,0xf4,0xd5,0xf4,0xd5,
    0xf4,0xd5,0xf4,0xd5,0x9c,0xf7,0x9c,0xf7,0x9c,0xf7,0x9c,0xf7,0x9c,0xf7,0x9c,0xf7,0x9c,0xf7,0x9c,0xf7,0x9c,0xf7,0x9c,0xf7,0x9c,0xf7,0x35,0xd6,0xd8,0xe6,0x9c,0xf7,
    0x35,0xd6,0x14,0xd6,0x15,0xd6,0x56,0xde,0x35,0xde,0xa8,0x42,0xc8,0x42,0xc8,0x42,0xc8,0x42,0xa8,0x3a,0xa8,0x3a,0x88,0x3a,0x88,0x3a,0xa8,0x3a,0xa8,0x3a,0x88,0x3a,
    0x88,0x3a,0x88,0x3a,0xa8,0x3a,0xa8,0x3a,0x88,0x3a,0x88,0x3a,0x88,0x3a,0x88,0x3a,0x88,0x3a,0x8a,0x5b,0x6a,0x5b,0x6a,0x5b,0xea,0x6b,0xea,0x6b,0xac,0x84,0x8c,0x84,
    0x8c,0x84,0xac,0x84,0xac,0x84,0x0a,0x6c,0xea,0x6b,0x8c,0x84,0x8c,0x84,0xac,0x84,0xac,0x84,0xac,0x84,0x8c,0x84,0xac,0x84,0xac,0x84,0xac,0x84,0xac,0x84,0xac,0x84,
    0x8c,0x84,0x8c,0x84,0xac,0x84,0xac,0x84,0xeb,0x6b,0xea,0x6b,0xea,0x6b,0xca,0x63,0xca,0x63,0xca,0x63,0xca,0x63,0xca,0x63,0xca,0x63,0xca,0x63,0xca,0x63,0xca,0x63,
    0xca,0x63,0xca,0x63,0xca,0x63,0xeb,0x6b,0x6c,0x7c,0x0b,0x6c,0xca,0x63,0xca,0x63,0xca,0x63,0xca,0x63,0xca,0x63,0xca,0x63,0xca,0x63,0xaa,0x63,0xaa,0x63,0xca,0x63,
    0xca,0x63,0xca,0x63,0xaa,0x63,0xaa,0x63,0xca,0x63,0x2b,0x74,0x2b,0x74,0x2b,0x74,0x0b,0x6c,0x0b,0x6c,0xaa,0x63,0xac,0x84,0xac,0x84,0xeb,0x6b,0x0a,0x6c,0xac,0x84,
    0xaa,0x63,0x4c,0x7c,0x6c,0x7c,0x2b,0x74,0xca,0x63,0xca,0x6b,0xaa,0x63,0xaa,0x63,0x29,0x53,0x88,0x3a,0x88,0x3a,0x67,0x3a,0x67,0x3a,0x87,0x3a,0x67,0x3a,0x67,0x3a,
    0x67,0x3a,0x67,0x3a,0x88,0x3a,0x88,0x3a,0x88,0x3a,0x88,0x3a,0x87,0x3a,0x88,0x3a,0xe8,0x42,0xe8,0x42,0xe9,0x42,0x56,0xde,0x56,0xde,0x35,0xd6,0x35,0xd6,0x35,0xde,
    0x15,0xd6,0x14,0xd6,0x15,0xde,0x9c,0xf7,0x9c,0xf7,0x9c,0xf7,0x9c,0xf7,0x9c,0xf7,0x9c,0xf7,0x9c,0xf7,0x9c,0xf7,0x9c,0xf7,0x9c,0xf7,0x9c,0xf7,0x9c,0xf7,0x9c,0xf7,
    0x9c,0xf7,0x9c,0xf7,0x9c,0xf7,0x9c,0xf7,0x9c,0xf7,0x9c,0xf7,0x9c,0xf7,0x9c,0xf7,0x9c,0xf7,0x9c,0xf7,0x9c,0xf7,0x9c,0xf7,0x9c,0xf7,0x9c,0xf7,0x9c,0xf7,0x9c,0xf7,
    0x9c,0xf7,0x9c,0xf7,0x9c,0xf7,0x9c,0xf7,0x9c,0xf7,0x9c,0xf7,0x9c,0xf7,0x9c,0xf7,0x9c,0xf7,0x9c,0xf7,0x9c,0xf7,0xf4,0xd5,0x14,0xd6,0xf4,0xd5,0xf4,0xd5,0xd3,0xd5,
    0xd4,0xd5,0x9c,0xf7,0x9c,0xf7,0x9c,0xf7,0x9c,0xf7,0x9c,0xf7,0x9c,0xf7,0x9c,0xf7,0x9c,0xf7,0x9c,0xf7,0x9c,0xf7,0x9c,0xf7,0x9c,0xf7,0x9c,0xf7,0x9c,0xf7,0x9c,0xf7,
    0x9c,0xf7,0x9c,0xf7,0x9c,0xf7,0x9c,0xf7,0x9c,0xf7,0x9c,0xf7,0x9c,0xf7,0x9c,0xf7,0x9c,0xf7,0x9c,0xf7,0x9c,0xf7,0x9c,0xf7,0x9c,0xf7,0x9c,0xf7,0x9c,0xf7,0x9c,0xf7,
    0x9c,0xf7,0x9c,0xf7,0x9c,0xf7,0x9c,0xf7,0x9c,0xf7,0x9c,0xf7,0x9c,0xf7,0x9c,0xf7,0x9c,0xf7,0x9c,0xf7,0x9c,0xf7,0x9c,0xf7,0x9c,0xf7,0x9c,0xf7,0x9c,0xf7,0x9c,0xf7,
    0x9c,0xf7,0x9c,0xf7,0x9c,0xf7,0x9c,0xf7,0x9c,0xf7,0x9c,0xf7,0x76,0xde,0x76,0xde,0x97,0xde,0x35,0xde,0x35,0xde,0xf4,0xcd,0x35,0xd6,0x15,0xd6,0x15,0xd6,0x15,0xd6,
    0x15,0xd6,0x35,0xd6,0x35,0xd6,0x35,0xd6,0x35,0xd6,0x35,0xd6,0x35,0xd6,0x35,0xd6,0x35,0xd6,0x35,0xd6,0x35,0xd6,0x35,0xd6,0x35,0xd6,0x36,0xd6,0x56,0xd6,0xa8,0x3a,
    0xa8,0x3a,0xa8,0x3a,0xa8,0x3a,0xa8,0x42,0xc8,0x42,0xe9,0x42,0x88,0x3a,0x67,0x3a,0x67,0x32,0x88,0x3a,0x88,0x3a,0x88,0x3a,0x68,0x3a,0x87,0x3a,0x88,0x3a,0x88,0x3a,
    0x88,0x3a,0x88,0x3a,0x88,0x3a,0x88,0x3a,0x88,0x3a,0x88,0x3a,0x88,0x3a,0xa8,0x3a,0x88,0x3a,0x88,0x3a,0x88,0x3a,0xa8,0x3a,0x88,0x3a,0x88,0x3a,0xa8,0x3a,0xa8,0x3a,
    0xa8,0x3a,0x88,0x3a,0x88,0x3a,0x88,0x3a,0x88,0x3a,0x88,0x3a,0x88,0x3a,0x88,0x3a,0x88,0x3a,0x67,0x32,0x67,0x3a,0x88,0x3a,0x88,0x3a,0x88,0x3a,0x88,0x3a,0x88,0x3a,
    0x88,0x3a,0x88,0x3a,0xa8,0x3a,0xa8,0x3a,0xa8,0x3a,0x88,0x3a,0x88,0x3a,0x88,0x3a,0x88,0x3a,0x88,0x3a,0xa8,0x3a,0x88,0x3a,0x88,0x3a,0x88,0x3a,0x88,0x3a,0x88,0x3a,
    0x88,0x3a,0xa8,0x3a,0xa8,0x3a,0x88,0x3a,0x67,0x32,0x67,0x32,0x88,0x3a,0x88,0x3a,0x88,0x3a,0x88,0x3a,0x88,0x3a,0x88,0x3a,0x88,0x3a,0x88,0x3a,0x8b,0x6b,0xd3,0xcd,
    0xf4,0xcd,0x15,0xd6,0x15,0xd6,0x15,0xd6,0x15,0xd6,0x15,0xd6,0x15,0xd6,0x15,0xd6,0x15,0xd6,0x15,0xd6,0x15,0xd6,0x15,0xd6,0x15,0xd6,0x15,0xd6,0x14,0xce,0xf4,0xcd,
    0xf4,0xd5,0x56,0xde,0x15,0xd6,0x15,0xd6,0x35,0xd6,0x15,0xd6,0x9c,0xf7,0x9c,0xf7,0x9c,0xf7,0x9c,0xf7,0x9c,0xf7,0x9c,0xf7,0x9c,0xf7,0x9c,0xf7,0x9c,0xf7,0x9c,0xf7,
    0x9c,0xf7,0x9c,0xf7,0x9c,0xf7,0x9c,0xf7,0x9c,0xf7,0x9c,0xf7,0x9c,0xf7,0x9c,0xf7,0x9c,0xf7,0x9c,0xf7,0x9c,0xf7,0x9c,0xf7,0x9c,0xf7,0x9c,0xf7,0x9c,0xf7,0x9c,0xf7,
    0x9c,0xf7,0x9c,0xf7,0x9c,0xf7,0x9c,0xf7,0x9c,0xf7,0x9c,0xf7,0x9c,0xf7,0x9c,0xf7,0x9c,0xf7,0x9c,0xf7,0x9c,0xf7,0x9c,0xf7,0x9c,0xf7,0x9c,0xf7,0x9c,0xf7,0x9c,0xf7,
    0x9c,0xf7,0x9c,0xf7,0x9c,0xf7,0x9c,0xf7,0x9c,0xf7,0x9c,0xf7,0x9c,0xf7,0x9c,0xf7,0x9c,0xf7,0x9c,0xf7,0x9c,0xf7,0x9c,0xf7,0x9c,0xf7,0x9c,0xf7,0x9c,0xf7,0x9c,0xf7,
    0x9c,0xf7,0x9c,0xf7,0x9c,0xf7,0x9c,0xf7,0x9c,0xf7,0x9c,0xf7,0x9c,0xf7,0x9c,0xf7,0x9c,0xf7,0x9c,0xf7,0x9c,0xf7,0x9c,0xf7,0x9c,0xf7,0x9c,0xf7,0x9c,0xf7,0x9c,0xf7,
    0x9c,0xf7,0x9c,0xf7,0x9c,0xf7,0x9c,0xf7,0x9c,0xf7,0x9c,0xf7,0x9c,0xf7,0x9c,0xf7,0x9c,0xf7,0x9c,0xf7,0x9c,0xf7,0x9c,0xf7,0x9c,0xf7,0x9c,0xf7,0x9c,0xf7,0x9c,0xf7,
    0x9c,0xf7,0x9c,0xf7,0x9c,0xf7,0x9c,0xf7,0x9c,0xf7,0x9c,0xf7,0x9c,0xf7,0x9c,0xf7,0x9c,0xf7,0x9c,0xf7,0x9c,0xf7,0x9c,0xf7,0x9c,0xf7,0x9c,0xf7,0x9c,0xf7,0x9c,0xf7,
    0x9c,0xf7,0x15,0xd6,0x35,0xd6,0x35,0xde,0x55,0xde,0x35,0xde,0x35,0xde,0x55,0xde,0x35,0xde,0x56,0xde,0x55,0xde,0x56,0xde,0x56,0xde,0x56,0xde,0x56,0xde,0x56,0xde,
    0x56,0xde,0x56,0xde,0x56,0xde,0x55,0xde,0x35,0xd6,0x88,0x3a,0xa8,0x42,0xc8,0x42,0xc8,0x42,0xa8,0x42,0xa8,0x3a,0xa8,0x3a,0x47,0x32,0x67,0x32,0x67,0x32,0x67,0x32,
    0x67,0x32,0x67,0x32,0x68,0x3a,0x67,0x3a,0x67,0x32,0x87,0x3a,0x87,0x3a,0x68,0x32,0x88,0x3a,0x67,0x32,0x68,0x3a,0x68,0x32,0x88,0x3a,0x87,0x3a,0x67,0x3a,0x88,0x3a,
    0x88,0x3a,0x88,0x3a,0x88,0x3a,0x88,0x3a,0x88,0x3a,0x88,0x3a,0x88,0x3a,0x88,0x3a,0x88,0x3a,0x88,0x3a,0x88,0x3a,0x67,0x32,0x67,0x32,0x67,0x32,0x67,0x32,0x67,0x32,
    0x67,0x3a,0x88,0x3a,0x88,0x3a,0x88,0x3a,0x88,0x3a,0x88,0x3a,0x88,0x3a,0x88,0x3a,0x88,0x3a,0x88,0x3a,0x88,0x3a,0x88,0x3a,0x88,0x3a,0x88,0x3a,0x88,0x3a,0x88,0x3a,
    0x88,0x3a,0x68,0x3a,0x67,0x3a,0x67,0x3a,0x88,0x3a,0x88,0x3a,0x88,0x3a,0x88,0x3a,0x67,0x3a,0x67,0x32,0x67,0x32,0x68,0x32,0x68,0x3a,0x67,0x32,0x67,0x32,0x67,0x32,
    0x87,0x3a,0x88,0x3a,0x67,0x32,0x88,0x3a,0x2d,0x7c,0x14,0xd6,0x14,0xd6,0x35,0xde,0x56,0xde,0x56,0xde,0x35,0xde,0x55,0xde,0x35,0xde,0x35,0xde,0x35,0xde,0x35,0xde,
    0x35,0xd6,0x35,0xde,0x35,0xd6,0x35,0xd6,0x35,0xd6,0x35,0xd6,0x15,0xd6,0x9c,0xf7,0x9c,0xf7,0x9c,0xf7,0x9c,0xf7,0x9c,0xf7,0x9c,0xf7,0x9c,0xf7,0x9c,0xf7,0x9c,0xf7,
    0x9c,0xf7,0x9c,0xf7,0x9c,0xf7,0x9c,0xf7,0x9c,0xf7,0x9c,0xf7,0x9c,0xf7,0x9c,0xf7,0x9c,0xf7,0x9c,0xf7,0x9c,0xf7,0x9c,0xf7,0x9c,0xf7,0x9c,0xf7,0x9c,0xf7,0x9c,0xf7,
    0x9c,0xf7,0x9c,0xf7,0x9c,0xf7,0x9c,0xf7,0x9c,0xf7,0x9c,0xf7,0x9c,0xf7,0x9c,0xf7,0x9c,0xf7,0x9c,0xf7,0x9c,0xf7,0x9c,0xf7,0x9c,0xf7,0x9c,0xf7,0x9c,0xf7,0x9c,0xf7,
    0x9c,0xf7,0x9c,0xf7,0x9c,0xf7,0x9c,0xf7,0x9c,0xf7,0x9c,0xf7,0x9c,0xf7,0x9c,0xf7,0x9c,0xf7,0x9c,0xf7,0x9c,0xf7,0x9c,0xf7,0x9c,0xf7,0x9c,0xf7,0x9c,0xf7,0x9c,0xf7,
    0x9c,0xf7,0x9c,0xf7,0x9c,0xf7,0x9c,0xf7,0x9c,0xf7,0x9c,0xf7,0x9c,0xf7,0x9c,0xf7,0x9c,0xf7,0x9c,0xf7,0x9c,0xf7,0x9c,0xf7,0x9c,0xf7,0x9c,0xf7,0x9c,0xf7,0x9c,0xf7,
    0x9c,0xf7,0x9c,0xf7,0x9c,0xf7,0x9c,0xf7,0x9c,0xf7,0x9c,0xf7,0x9c,0xf7,0x9c,0xf7,0x9c,0xf7,0x9c,0xf7,0x9c,0xf7,0x9c,0xf7,0x9c,0xf7,0x9c,0xf7,0x9c,0xf7,0x9c,0xf7,
    0x9c,0xf7,0x9c,0xf7,0x9c,0xf7,0x9c,0xf7,0x9c,0xf7,0x9c,0xf7,0x9c,0xf7,0x9c,0xf7,0x9c,0xf7,0x9c,0xf7,0x9c,0xf7,0x9c,0xf7,0x9c,0xf7,0x9c,0xf7,0x9c,0xf7,0x9c,0xf7,
    0x9c,0xf7,0x9c,0xf7,0x9c,0xf7,0x9c,0xf7,0x9c,0xf7,0x9c,0xf7,0x9c,0xf7,0x35,0xd6,0x35,0xde,0x35,0xde,0x35,0xde,0x35,0xde,0x35,0xde,0x55,0xde,0x56,0xde,0x56,0xde,
    0x56,0xde,0x56,0xde,0x56,0xde,0x56,0xde,0x56,0xde,0x56,0xde,0x56,0xde,0x76,0xde,0x76,0xde,0x55,0xde,0x56,0xde,0xc8,0x42,0xa8,0x42,0xa8,0x42,0xc8,0x42,0xc8,0x42,
    0xc8,0x42,0xc8,0x42,0x47,0x32,0x47,0x32,0x47,0x32,0x67,0x3a,0x67,0x3a,0x67,0x3a,0x67,0x3a,0x67,0x3a,0x68,0x3a,0x67,0x3a,0x68,0x3a,0x67,0x3a,0x67,0x3a,0x67,0x3a,
    0x68,0x3a,0x88,0x3a,0x88,0x3a,0x88,0x3a,0x88,0x3a,0x88,0x3a,0x88,0x3a,0x88,0x3a,0x88,0x3a,0x88,0x3a,0x88,0x3a,0x88,0x3a,0x88,0x3a,0x88,0x3a,0x87,0x3a,0x88,0x3a,
    0x68,0x3a,0x67,0x3a,0x67,0x32,0x67,0x32,0x67,0x3a,0x67,0x3a,0x88,0x3a,0x88,0x3a,0x88,0x3a,0x68,0x3a,0x67,0x32,0x68,0x3a,0x88,0x3a,0x88,0x3a,0x88,0x3a,0x88,0x3a,
    0x88,0x3a,0x88,0x3a,0xa8,0x3a,0x88,0x3a,0x88,0x3a,0x88,0x3a,0x88,0x3a,0x67,0x3a,0x67,0x32,0x67,0x3a,0x67,0x3a,0x67,0x3a,0x68,0x3a,0x67,0x3a,0x68,0x3a,0x67,0x3a,
    0x67,0x32,0x67,0x3a,0x67,0x3a,0x67,0x3a,0x67,0x3a,0x67,0x3a,0x67,0x3a,0x68,0x3a,0x88,0x3a,0x88,0x3a,0xec,0x73,0x35,0xde,0x56,0xde,0x55,0xde,0x56,0xde,0x56,0xde,
    0x56,0xde,0x56,0xde,0x56,0xde,0x55,0xde,0x55,0xde,0x35,0xde,0x35,0xde,0x35,0xde,0x35,0xde,0x35,0xd6,0x35,0xd6,0x35,0xd6,0x35,0xd6,0x9c,0xf7,0x9c,0xf7,0x9c,0xf7,
    0x9c,0xf7,0x9c,0xf7,0x9c,0xf7,0x9c,0xf7,0x9c,0xf7,0x9c,0xf7,0x9c,0xf7,0x9c,0xf7,0x9c,0xf7,0x9c,0xf7,0x9c,0xf7,0x9c,0xf7,0x9c,0xf7,0x9c,0xf7,0x9c,0xf7,0x9c,0xf7,
    0x9c,0xf7,0x9c,0xf7,0x9c,0xf7,0x9c,0xf7,0x9c,0xf7,0x9c,0xf7,0x9c,0xf7,0x9c,0xf7,0x9c,0xf7,0x9c,0xf7,0x9c,0xf7,0x9c,0xf7,0x9c,0xf7,0x9c,0xf7,0x9c,0xf7,0x9c,0xf7,
    0x9c,0xf7,0x9c,0xf7,0x9c,0xf7,0x9c,0xf7,0x9c,0xf7,0x9c,0xf7,0x9c,0xf7,0x9c,0xf7,0x9c,0xf7,0x9c,0xf7,0x9c,0xf7,0x9c,0xf7,0x9c,0xf7,0x9c,0xf7,0x9c,0xf7,0x9c,0xf7,
    0x9c,0xf7,0x9c,0xf7,0x9c,0xf7,0x9c,0xf7,0x9c,0xf7,0x9c,0xf7,0x9c,0xf7,0x9c,0xf7,0x9c,0xf7,0x9c,0xf7,0x9c,0xf7,0x9c,0xf7,0x9c,0xf7,0x9c,0xf7,0x9c,0xf7,0x9c,0xf7,
    0x9c,0xf7,0x9c,0xf7,0x9c,0xf7,0x9c,0xf7,0x9c,0xf7,0x9c,0xf7,0x9c,0xf7,0x9c,0xf7,0x9c,0xf7,0x9c,0xf7,0x9c,0xf7,0x9c,0xf7,0x9c,0xf7,0x9c,0xf7,0x9c,0xf7,0x9c,0xf7,
    0x9c,0xf7,0x9c,0xf7,0x9c,0xf7,0x9c,0xf7,0x9c,0xf7,0x9c,0xf7,0x9c,0xf7,0x9c,0xf7,0x9c,0xf7,0x9c,0xf7,0x9c,0xf7,0x9c,0xf7,0x9c,0xf7,0x9c,0xf7,0x9c,0xf7,0x9c,0xf7,
    0x9c,0xf7,0x9c,0xf7,0x9c,0xf7,0x9c,0xf7,0x9c,0xf7,0x9c,0xf7,0x9c,0xf7,0x9c,0xf7,0x9c,0xf7,0x9c,0xf7,0x9c,0xf7,0x9c,0xf7,0x9c,0xf7,0x9c,0xf7,0x9c,0xf7,0x9c,0xf7,
    0x9c,0xf7,0x9c,0xf7,0x9c,0xf7,0x9c,0xf7,0x9c,0xf7,0x9c,0xf7,0x9c,0xf7,0x9c,0xf7,0x9c,0xf7,0x9c,0xf7,0x9c,0xf7,0x9c,0xf7,0x9c,0xf7,0x9c,0xf7,0x9c,0xf7,0x9c,0xf7,
    0x9c,0xf7,0x35,0xd6,0x35,0xd6,0x35,0xde,0x35,0xd6,0x35,0xd6,0x35,0xde,0x35,0xde,0x35,0xde,0x35,0xde,0x35,0xde,0x35,0xde,0x35,0xde,0x35,0xde,0x35,0xde,0x35,0xde,
    0x35,0xde,0x35,0xde,0x35,0xde,0x35,0xde,0x35,0xde,0x35,0xde,0x35,0xde,0x35,0xde,0x35,0xde,0x35,0xde,0x35,0xde,0x35,0xde,0x35,0xde,0x35,0xde,0x35,0xde,0x35,0xde,
    0x35,0xde,0x35,0xd6,0x35,0xd6,0x35,0xd6,0x35,0xde,0x35,0xd6,0x35,0xd6,0x35,0xde,0x35,0xd6,0x35,0xde,0x35,0xde,0x35,0xde,0x35,0xd6,0x35,0xd6,0x35,0xd6,0x35,0xd6,
    0x35,0xde,0x35,0xd6,0x35,0xd6,0x35,0xd6,0x35,0xd6,0x35,0xd6,0x35,0xd6,0x35,0xde,0x35,0xde,0x35,0xde,0x35,0xde,0x15,0xd6,0x35,0xd6,0x35,0xd6,0x35,0xde,0x35,0xde,
    0x35,0xd6,0x15,0xd6,0x35,0xd6,0x35,0xde,0x35,0xd6,0x35,0xd6,0x35,0xd6,0x35,0xd6,0x15,0xd6,0x35,0xd6,0x35,0xd6,0x35,0xd6,0x15,0xd6,0x15,0xd6,0x14,0xd6,0x14,0xd6,
    0x97,0xe6,0x9c,0xf7,0x9c,0xf7,0x9c,0xf7,0x9c,0xf7,0x9c,0xf7,0x9c,0xf7,0x9c,0xf7,0x9c,0xf7,0x9c,0xf7,0x9c,0xf7,0x9c,0xf7,0x9c,0xf7,0x9c,0xf7,0x9c,0xf7,0x9c,0xf7,
    0x9c,0xf7,0x9c,0xf7,0x9c,0xf7,0x9c,0xf7,0x9c,0xf7,0x9c,0xf7,0x9c,0xf7,0x9c,0xf7,0x9c,0xf7,0x9c,0xf7,0x9c,0xf7,0x9c,0xf7,0x9c,0xf7,0x9c,0xf7,0x9c,0xf7,0x9c,0xf7,
    0x9c,0xf7,0x9c,0xf7,0x9c,0xf7,0x9c,0xf7,0x9c,0xf7,0x9c,0xf7,0x9c,0xf7,0x9c,0xf7,0x9c,0xf7,0x9c,0xf7,0x9c,0xf7,0x9c,0xf7,0x9c,0xf7,0x9c,0xf7,0x9c,0xf7,0x9c,0xf7,
    0x9c,0xf7,0x9c,0xf7,0x9c,0xf7,0x9c,0xf7,0x9c,0xf7,0x9c,0xf7,0x9c,0xf7,0x9c,0xf7,0x9c,0xf7,0x9c,0xf7,0x9c,0xf7,0x9c,0xf7,0x9c,0xf7,0x9c,0xf7,0x9c,0xf7,0x9c,0xf7,
    0x9c,0xf7,0x9c,0xf7,0x9c,0xf7,0x9c,0xf7,0x9c,0xf7,0x9c,0xf7,0x9c,0xf7,0x9c,0xf7,0x9c,0xf7,0x9c,0xf7,0x9c,0xf7,0x9c,0xf7,0x9c,0xf7,0x9c,0xf7,0x9c,0xf7,0x9c,0xf7,
    0x9c,0xf7,0x9c,0xf7,0x9c,0xf7,0x9c,0xf7,0x9c,0xf7,0x9c,0xf7,0x9c,0xf7,0x9c,0xf7,0x9c,0xf7,0x9c,0xf7,0x9c,0xf7,0x9c,0xf7,0x9c,0xf7,0x9c,0xf7,0x9c,0xf7,0x9c,0xf7,
    0x9c,0xf7,0x9c,0xf7,0x9c,0xf7,0x9c,0xf7,0x9c,0xf7,0x9c,0xf7,0x9c,0xf7,0x9c,0xf7,0x9c,0xf7,0x9c,0xf7,0x9c,0xf7,0x9c,0xf7,0x9c,0xf7,0x9c,0xf7,0x9c,0xf7,0x9c,0xf7,
    0x9c,0xf7,0x9c,0xf7,0x9c,0xf7,0x9c,0xf7,0x9c,0xf7,0x9c,0xf7,0x9c,0xf7,0x9c,0xf7,0x9c,0xf7,0x9c,0xf7,0x9c,0xf7,0x9c,0xf7,0x9c,0xf7,0x9c,0xf7,0x9c,0xf7,0x9c,0xf7,
    0x9c,0xf7,0x9c,0xf7,0x9c,0xf7,0x9c,0xf7,0x9c,0xf7,0x9c,0xf7,0x9c,0xf7,0x9c,0xf7,0x9c,0xf7,0x9c,0xf7,0x9c,0xf7,0x9c,0xf7,0x9c,0xf7,0x9c,0xf7,0x9c,0xf7,0x9c,0xf7,
    0x9c,0xf7,0x9c,0xf7,0x9c,0xf7,0x9c,0xf7,0x9c,0xf7,0x9c,0xf7,0x9c,0xf7,0x97,0xe6,0x97,0xe6,0x97,0xde,0x97,0xde,0x97,0xe6,0x97,0xe6,0x97,0xe6,0x97,0xe6,0x97,0xe6,
    0x97,0xe6,0x97,0xe6,0x97,0xe6,0x97,0xe6,0x97,0xde,0x97,0xe6,0x97,0xe6,0x97,0xe6,0x97,0xe6,0x97,0xe6,0x97,0xe6,0x97,0xe6,0x97,0xe6,0x97,0xe6,0x97,0xe6,0x97,0xe6,
    0x97,0xe6,0x97,0xe6,0x97,0xe6,0x97,0xe6,0x97,0xe6,0x97,0xe6,0x97,0xe6,0x97,0xde,0x97,0xde,0x97,0xde,0x97,0xe6,0x97,0xde,0x97,0xde,0x97,0xde,0x97,0xde,0x97,0xe6,
    0x97,0xde,0x97,0xde,0x97,0xde,0x97,0xe6,0x97,0xe6,0x97,0xe6,0x97,0xe6,0x97,0xe6,0x97,0xde,0x97,0xde,0x97,0xde,0x97,0xde,0x97,0xe6,0x97,0xe6,0x97,0xde,0x97,0xde,
    0x97,0xe6,0x97,0xe6,0x97,0xde,0x97,0xde,0x97,0xde,0x97,0xde,0x97,0xde,0x97,0xe6,0x97,0xde,0x97,0xe6,0x97,0xde,0x97,0xde,0x97,0xde,0x97,0xde,0x97,0xe6,0x97,0xde,
    0x97,0xde,0x97,0xde,0x77,0xde,0x77,0xde,0x77,0xde,0x77,0xde,0xf9,0xe6,0x9c,0xf7,0x9c,0xf7,0x9c,0xf7,0x9c,0xf7,0x9c,0xf7,0x9c,0xf7,0x9c,0xf7,0x9c,0xf7,0x9c,0xf7,
    0x9c,0xf7,0x9c,0xf7,0x9c,0xf7,0x9c,0xf7,0x9c,0xf7,0x9c,0xf7,0x9c,0xf7,0x9c,0xf7,0x9c,0xf7,0x9c,0xf7,0x9c,0xf7,0x9c,0xf7,0x9c,0xf7,0x9c,0xf7,0x9c,0xf7,0x9c,0xf7,
    0x9c,0xf7,0x9c,0xf7,0x9c,0xf7,0x9c,0xf7,0x9c,0xf7,0x9c,0xf7,0x9c,0xf7,0x9c,0xf7,0x9c,0xf7,0x9c,0xf7,0x9c,0xf7,0x9c,0xf7,0x9c,0xf7,0x9c,0xf7,0x9c,0xf7,0x9c,0xf7,
    0x9c,0xf7,0x9c,0xf7,0x9c,0xf7,0x9c,0xf7,0x9c,0xf7,0x9c,0xf7,0x9c,0xf7,0x9c,0xf7,0x9c,0xf7,0x9c,0xf7,0x9c,0xf7,0x9c,0xf7,0x9c,0xf7,0x9c,0xf7,0x9c,0xf7,0x9c,0xf7,
    0x9c,0xf7,0x9c,0xf7,0x9c,0xf7,0x9c,0xf7,0x9c,0xf7,0x9c,0xf7,0x9c,0xf7,0x9c,0xf7,0x9c,0xf7,0x9c,0xf7,0x9c,0xf7,0x9c,0xf7,0x9c,0xf7,0x9c,0xf7,0x9c,0xf7,0x9c,0xf7,
    0x9c,0xf7,0x9c,0xf7,0x9c,0xf7,0x9c,0xf7,0x9c,0xf7,0x9c,0xf7,0x9c,0xf7,0x9c,0xf7,0x9c,0xf7,0x9c,0xf7,0x9c,0xf7,0x9c,0xf7,0x9c,0xf7,0x9c,0xf7,0x9c,0xf7,0x9c,0xf7,
    0x9c,0xf7,0x9c,0xf7,0x9c,0xf7,0x9c,0xf7,0x9c,0xf7,0x9c,0xf7,0x9c,0xf7,0x9c,0xf7,0x9c,0xf7,0x9c,0xf7,0x9c,0xf7,0x9c,0xf7,0x9c,0xf7,0x9c,0xf7,0x9c,0xf7,0x9c,0xf7,
    0x9c,0xf7,0x9c,0xf7,0x9c,0xf7,0x9c,0xf7,0x9c,0xf7,0x9c,0xf7,0x9c,0xf7,0x9c,0xf7,0x9c,0xf7,0x9c,0xf7,0x9c,0xf7,0x9c,0xf7,0x9c,0xf7,0x9c,0xf7,0x9c,0xf7,0x9c,0xf7,
    0x9c,0xf7,0x9c,0xf7,0x9c,0xf7,0x9c,0xf7,0x9c,0xf7,0x9c,0xf7,0x9c,0xf7,0x9c,0xf7,0x9c,0xf7,0x9c,0xf7,0x9c,0xf7,0x9c,0xf7,0x9c,0xf7,0x9c,0xf7,0x9c,0xf7,0x9c,0xf7,
    0x9c,0xf7,0x9c,0xf7,0x9c,0xf7,0x9c,0xf7,0x9c,0xf7,0x9c,0xf7,0x9c,0xf7,0x9c,0xf7,0x9c,0xf7,0x9c,0xf7,0x9c,0xf7,0x9c,0xf7,0x9c,0xf7,0x9c,0xf7,0x9c,0xf7,0x9c,0xf7,
    0x9c,0xf7,0x9c,0xf7,0x9c,0xf7,0x9c,0xf7,0x9c,0xf7,0x9c,0xf7,0x9c,0xf7,0x9c,0xf7,0x9c,0xf7,0x9c,0xf7,0x9c,0xf7,0x9c,0xf7,0x9c,0xf7,0x9c,0xf7,0x9c,0xf7,0x9c,0xf7,
    0x9c,0xf7,0x9c,0xf7,0x9c,0xf7,0x9c,0xf7,0x9c,0xf7,0x9c,0xf7,0x9c,0xf7,0x9c,0xf7,0x9c,0xf7,0x9c,0xf7,0x9c,0xf7,0x9c,0xf7,0x9c,0xf7,0x9c,0xf7,0x9c,0xf7,0x9c,0xf7,
    0x9c,0xf7,0x9c,0xf7,0x9c,0xf7,0x9c,0xf7,0x9c,0xf7,0x9c,0xf7,0x9c,0xf7,0x9c,0xf7,0x9c,0xf7,0x9c,0xf7,0x9c,0xf7,0x9c,0xf7,0x9c,0xf7,0x9c,0xf7,0x9c,0xf7,0x9c,0xf7,
    0x9c,0xf7,0x9c,0xf7,0x9c,0xf7,0x9c,0xf7,0x9c,0xf7,0x9c,0xf7,0x9c,0xf7,0x9c,0xf7,0x9c,0xf7,0x9c,0xf7,0x9c,0xf7,0x9c,0xf7,0x9c,0xf7,0x9c,0xf7,0x9c,0xf7,0x9c,0xf7,
    0x9c,0xf7,0x9c,0xf7,0x9c,0xf7,0x9c,0xf7,0x9c,0xf7,0x9c,0xf7,0x9c,0xf7,0x9c,0xf7,0x9c,0xf7,0x9c,0xf7,0x9c,0xf7,0x9c,0xf7,0x9c,0xf7,0x9c,0xf7,0x9c,0xf7,0x9c,0xf7,
    0x9c,0xf7,0x9c,0xf7,0x9c,0xf7,0x9c,0xf7,0x9c,0xf7,0x9c,0xf7,0x9c,0xf7,0x9c,0xf7,0x9c,0xf7,0x9c,0xf7,0x9c,0xf7,0x9c,0xf7,0x9c,0xf7,0x9c,0xf7,0x9c,0xf7,0x9c,0xf7,
    0x9c,0xf7,0x9c,0xf7,0x9c,0xf7,0x9c,0xf7,0x9c,0xf7,0x9c,0xf7,0x9c,0xf7,0x9c,0xf7,0x9c,0xf7,0x9c,0xf7,0x9c,0xf7,0x9c,0xf7,0x9c,0xf7,0x9c,0xf7,0x9c,0xf7,0x9c,0xf7,
    0x9c,0xf7,0x9c,0xf7,0x9c,0xf7,0x9c,0xf7,0x9c,0xf7,0x9c,0xf7,0x9c,0xf7,0x9c,0xf7,0x9c,0xf7,0x9c,0xf7,0x9c,0xf7,0x9c,0xf7,0x9c,0xf7,0x9c,0xf7,0x9c,0xf7,0x9c,0xf7,
    0x9c,0xf7,0x9c,0xf7,0x9c,0xf7,0x9c,0xf7,0x9c,0xf7,0x9c,0xf7,0x9c,0xf7,0x9c,0xf7,0x9c,0xf7,0x9c,0xf7,0x9c,0xf7,0x9c,0xf7,0x9c,0xf7,0x9c,0xf7,0x9c,0xf7,0x9c,0xf7,
    0x9c,0xf7,0x9c,0xf7,0x9c,0xf7,0x9c,0xf7,0x9c,0xf7,0x9c,0xf7,0x9c,0xf7,0x9c,0xf7,0x9c,0xf7,0x9c,0xf7,0x9c,0xf7,0x9c,0xf7,0x9c,0xf7,0x9c,0xf7,0x9c,0xf7,0x9c,0xf7,
    0x9c,0xf7,0x9c,0xf7,0x9c,0xf7,0x9c,0xf7,0x9c,0xf7,0x9c,0xf7,0x9c,0xf7,0x9c,0xf7,0x9c,0xf7,0x9c,0xf7,0x9c,0xf7,0x9c,0xf7,0x9c,0xf7,0x9c,0xf7,0x9c,0xf7,0x9c,0xf7,
    0x9c,0xf7,0x9c,0xf7,0x9c,0xf7,0x9c,0xf7,0x9c,0xf7,0x9c,0xf7,0x9c,0xf7,0x9c,0xf7,0x9c,0xf7,0x9c,0xf7,0x9c,0xf7,0x9c,0xf7,0x9c,0xf7,0x9c,0xf7,0x9c,0xf7,0x9c,0xf7,
    0x9c,0xf7,0x9c,0xf7,0x9c,0xf7,0x9c,0xf7,0x9c,0xf7,0x9c,0xf7,0x9c,0xf7,0x9c,0xf7,0x9c,0xf7,0x9c,0xf7,0x9c,0xf7,0x9c,0xf7,0x9c,0xf7,0x9c,0xf7,0x9c,0xf7,0x9c,0xf7,
    0x9c,0xf7,0x9c,0xf7,0x9c,0xf7,0x9c,0xf7,0x9c,0xf7,0x9c,0xf7,0x9c,0xf7,0x9c,0xf7,0x9c,0xf7,0x9c,0xf7,0x9c,0xf7,0x9c,0xf7,0x9c,0xf7,0x9c,0xf7,0x9c,0xf7,0x9c,0xf7,
    0x9c,0xf7,0x9c,0xf7,0x9c,0xf7,0x9c,0xf7,0x9c,0xf7,0x9c,0xf7,0x9c,0xf7,0x9c,0xf7,0x9c,0xf7,0x9c,0xf7,0x9c,0xf7,0x9c,0xf7,0x9c,0xf7,0x9c,0xf7,0x9c,0xf7,0x9c,0xf7,
    0x9c,0xf7,0x9c,0xf7,0x9c,0xf7,0x9c,0xf7,0x9c,0xf7,0x9c,0xf7,0x9c,0xf7,0x9c,0xf7,0x9c,0xf7,0x9c,0xf7,0x9c,0xf7,0x9c,0xf7,0x9c,0xf7,0x9c,0xf7,0x9c,0xf7,0x9c,0xf7,
    0x9c,0xf7,0x9c,0xf7,0x9c,0xf7,0x9c,0xf7,0x9c,0xf7,0x9c,0xf7,0x9c,0xf7,0x9c,0xf7,0x9c,0xf7,0x9c,0xf7,0x9c,0xf7,0x9c,0xf7,0x9c,0xf7,0x9c,0xf7,0x9c,0xf7,0x9c,0xf7,
    0x9c,0xf7,0x9c,0xf7,0x9c,0xf7,0x9c,0xf7,0x9c,0xf7,0x9c,0xf7,0x9c,0xf7,0x9c,0xf7,0x9c,0xf7,0x9c,0xf7,0x9c,0xf7,0x9c,0xf7,0x9c,0xf7,0x9c,0xf7,0x9c,0xf7,0x9c,0xf7,
    0x9c,0xf7,0x9c,0xf7,0x9c,0xf7,0x9c,0xf7,0x9c,0xf7,0x9c,0xf7,0x9c,0xf7,0x9c,0xf7,0x9c,0xf7,0x9c,0xf7,0x9c,0xf7,0x9c,0xf7,0x9c,0xf7,0x9c,0xf7,0x9c,0xf7,0x9c,0xf7,
    0x9c,0xf7,0x9c,0xf7,0x9c,0xf7,0x9c,0xf7,0x9c,0xf7,0x9c,0xf7,0x9c,0xf7,0x9c,0xf7,0x9c,0xf7,0x9c,0xf7,0x9c,0xf7,0x9c,0xf7,0x9c,0xf7,0x9c,0xf7,0x9c,0xf7,0x9c,0xf7,
    0x9c,0xf7,0x9c,0xf7,0x9c,0xf7,0x9c,0xf7,0x9c,0xf7,0x9c,0xf7,0x9c,0xf7,0x9c,0xf7,0x9c,0xf7,0x9c,0xf7,0x9c,0xf7,0x9c,0xf7,0x9c,0xf7,0x9c,0xf7,0x9c,0xf7,0x9c,0xf7,
    0x9c,0xf7,0x9c,0xf7,0x9c,0xf7,0x9c,0xf7,0x9c,0xf7,0x9c,0xf7,0x9c,0xf7,0x9c,0xf7,0x9c,0xf7,0x9c,0xf7,0x9c,0xf7,0x9c,0xf7,0x9c,0xf7,0x9c,0xf7,0x9c,0xf7,0x9c,0xf7,
    0x9c,0xf7,0x9c,0xf7,0x9c,0xf7,0x9c,0xf7,0x9c,0xf7,0x9c,0xf7,0x9c,0xf7,0x9c,0xf7,0x9c,0xf7,0x9c,0xf7,0x9c,0xf7,0x9c,0xf7,0x9c,0xf7,0x9c,0xf7,0x9c,0xf7,0x9c,0xf7,
    0x9c,0xf7,0x9c,0xf7,0x9c,0xf7,0x9c,0xf7,0x9c,0xf7,0x9c,0xf7,0x9c,0xf7,0x9c,0xf7,0x9c,0xf7,0x9c,0xf7,0x9c,0xf7,0x9c,0xf7,0x9c,0xf7,0x9c,0xf7,0x9c,0xf7,0x9c,0xf7,
    0x9c,0xf7,0x9c,0xf7,0x9c,0xf7,0x9c,0xf7,0x9c,0xf7,0x9c,0xf7,0x9c,0xf7,0x9c,0xf7,0x9c,0xf7,0x9c,0xf7,0x9c,0xf7,0x9c,0xf7,0x9c,0xf7,0x9c,0xf7,0x9c,0xf7,0x9c,0xf7,
    0x9c,0xf7,0x9c,0xf7,0x9c,0xf7,0x9c,0xf7,0x9c,0xf7,0x9c,0xf7,0x9c,0xf7,0x9c,0xf7,0x9c,0xf7,0x9c,0xf7,0x9c,0xf7,0x9c,0xf7,0x9c,0xf7,0x9c,0xf7,0x9c,0xf7,0x9c,0xf7,
    0x9c,0xf7,0x9c,0xf7,0x9c,0xf7,0x9c,0xf7,0x9c,0xf7,0x9c,0xf7,0x9c,0xf7,0x9c,0xf7,0x9c,0xf7,0x9c,0xf7,0x9c,0xf7,0x9c,0xf7,0x9c,0xf7,0x9c,0xf7,0x9c,0xf7,0x9c,0xf7,
    0x9c,0xf7,0x9c,0xf7,0x9c,0xf7,0x9c,0xf7,0x9c,0xf7,0x9c,0xf7,0x9c,0xf7,0x9c,0xf7,0x9c,0xf7,0x9c,0xf7,0x9c,0xf7,0x9c,0xf7,0x9c,0xf7,0x9c,0xf7,0x9c,0xf7,0x9c,0xf7,
    0x9c,0xf7,0x9c,0xf7,0x9c,0xf7,0x9c,0xf7,0x9c,0xf7,0x9c,0xf7,0x9c,0xf7,0x9c,0xf7,0x9c,0xf7,0x9c,0xf7,0x9c,0xf7,0x9c,0xf7,0x9c,0xf7,0x9c,0xf7,0x9c,0xf7,0x9c,0xf7,
    0x9c,0xf7,0x9c,0xf7,0x9c,0xf7,0x9c,0xf7,0x9c,0xf7,0x9c,0xf7,0x9c,0xf7,0x9c,0xf7,0x9c,0xf7,0x9c,0xf7,0x9c,0xf7,0x9c,0xf7,0x9c,0xf7,0x9c,0xf7,0x9c,0xf7,0x9c,0xf7,
    0x9c,0xf7,0x9c,0xf7,0x9c,0xf7,0x9c,0xf7,0x9c,0xf7,0x9c,0xf7,0x9c,0xf7,0x9c,0xf7,0x9c,0xf7,0x9c,0xf7,0x9c,0xf7,0x9c,0xf7,0x9c,0xf7,0x9c,0xf7,0x9c,0xf7,0x9c,0xf7,
    0x9c,0xf7,0x9c,0xf7,0x9c,0xf7,0x9c,0xf7,0x9c,0xf7,0x9c,0xf7,0x9c,0xf7,0x9c,0xf7,0x9c,0xf7,0x9c,0xf7,0x9c,0xf7,0x9c,0xf7,0x9c,0xf7,0x9c,0xf7,0x9c,0xf7,0x9c,0xf7,
    0x9c,0xf7,0x9c,0xf7,0x9c,0xf7,0x9c,0xf7,0x9c,0xf7,0x9c,0xf7,0x9c,0xf7,0x9c,0xf7,0x9c,0xf7,0x9c,0xf7,0x9c,0xf7,0x9c,0xf7,0x9c,0xf7,0x9c,0xf7,0x9c,0xf7,0x9c,0xf7,
    0x9c,0xf7,0x9c,0xf7,0x9c,0xf7,0x9c,0xf7,0x9c,0xf7,0x9c,0xf7,0x9c,0xf7,0x9c,0xf7,0x9c,0xf7,0x9c,0xf7,0x9c,0xf7,0x9c,0xf7,0x9c,0xf7,0x9c,0xf7,0x9c,0xf7,0x9c,0xf7,
    0x9c,0xf7,0x9c,0xf7,0x9c,0xf7,0x9c,0xf7,0x9c,0xf7,0x9c,0xf7,0x9c,0xf7,0x9c,0xf7,0x9c,0xf7,0x9c,0xf7,0x9c,0xf7,0x9c,0xf7,0x9c,0xf7,0x9c,0xf7,0x9c,0xf7,0x9c,0xf7,
    0x9c,0xf7,0x9c,0xf7,0x9c,0xf7,0x9c,0xf7,0x9c,0xf7,0x9c,0xf7,0x9c,0xf7,0x9c,0xf7,0x9c,0xf7,0x9c,0xf7,0x9c,0xf7,0x9c,0xf7,0x9c,0xf7,0x9c,0xf7,0x9c,0xf7,0x9c,0xf7,
    0x9c,0xf7,0x9c,0xf7,0x9c,0xf7,0x9c,0xf7,0x9c,0xf7,0x9c,0xf7,0x9c,0xf7,0x9c,0xf7,0x9c,0xf7,0x9c,0xf7,0x9c,0xf7,0x9c,0xf7,0x9c,0xf7,0x9c,0xf7,0x9c,0xf7,0x9c,0xf7,
    0x9c,0xf7,0x9c,0xf7,0x9c,0xf7,0x9c,0xf7,0x9c,0xf7,0x9c,0xf7,0x9c,0xf7,0x9c,0xf7,0x9c,0xf7,0x9c,0xf7,0x9c,0xf7,0x9c,0xf7,0x9c,0xf7,0x9c,0xf7,0x9c,0xf7,0x9c,0xf7,
    0x9c,0xf7,0x9c,0xf7,0x9c,0xf7,0x9c,0xf7,0x9c,0xf7,0x9c,0xf7,0x9c,0xf7,0x9c,0xf7,0x9c,0xf7,0x9c,0xf7,0x9c,0xf7,0x9c,0xf7,0x9c,0xf7,0x9c,0xf7,0x9c,0xf7,0x9c,0xf7,
    0x9c,0xf7,0x9c,0xf7,
};

const lv_image_dsc_t folotoy_pomodoro_scene_focus = {
  .header = {
    .magic = LV_IMAGE_HEADER_MAGIC,
    .cf = LV_COLOR_FORMAT_RGB565,
    .flags = 0,
    .w = 230,
    .h = 107,
    .stride = 460,
    .reserved_2 = 0,
  },
  .data_size = sizeof(folotoy_pomodoro_scene_focus_map),
  .data = folotoy_pomodoro_scene_focus_map,
  .reserved = NULL,
};
