
#if defined(LV_LVGL_H_INCLUDE_SIMPLE)
#include "lvgl.h"
#elif defined(LV_LVGL_H_INCLUDE_SYSTEM)
#include <lvgl.h>
#elif defined(LV_BUILD_TEST)
#include "../lvgl.h"
#else
#include "lvgl.h"
#endif

#ifndef LV_ATTRIBUTE_MEM_ALIGN
#define LV_ATTRIBUTE_MEM_ALIGN
#endif

#ifndef LV_ATTRIBUTE_FOLOTOY_POMODORO_SCENE
#define LV_ATTRIBUTE_FOLOTOY_POMODORO_SCENE
#endif

static const
LV_ATTRIBUTE_MEM_ALIGN LV_ATTRIBUTE_LARGE_CONST LV_ATTRIBUTE_FOLOTOY_POMODORO_SCENE
uint8_t folotoy_pomodoro_scene_map[] = {
    0x9c,0xf7,0x9c,0xf7,0x9c,0xf7,0x9c,0xf7,0x9c,0xf7,0x9c,0xf7,0x9c,0xf7,0x9c,0xf7,0x9c,0xf7,0x9c,0xf7,0x9c,0xf7,0x9c,0xf7,0x9c,0xf7,0x9c,0xf7,0x9c,0xf7,0x9c,0xf7,
    0x9c,0xf7,0x9c,0xf7,0x9c,0xf7,0x9c,0xf7,0x9c,0xf7,0x9c,0xf7,0x9c,0xf7,0x9c,0xf7,0x9c,0xf7,0x9c,0xf7,0x9c,0xf7,0x9c,0xf7,0x9c,0xf7,0x9c,0xf7,0x9c,0xf7,0x9c,0xf7,
    0x9c,0xf7,0x9c,0xf7,0x9c,0xf7,0x9c,0xf7,0x9c,0xf7,0x9c,0xf7,0x9c,0xf7,0x9c,0xf7,0x9c,0xf7,0x9c,0xf7,0x9c,0xf7,0x9c,0xf7,0x9c,0xf7,0x9c,0xf7,0x9c,0xf7,0x9c,0xf7,
    0x9c,0xf7,0x9c,0xf7,0x9c,0xf7,0x9c,0xf7,0x9c,0xf7,0x9c,0xf7,0x9c,0xf7,0x9c,0xf7,0x9c,0xf7,0x9c,0xf7,0x9c,0xf7,0x9c,0xf7,0x9c,0xf7,0x9c,0xf7,0x9c,0xf7,0x9c,0xf7,
    0x9c,0xf7,0x9c,0xf7,0x9c,0xf7,0x9c,0xf7,0x9c,0xf7,0x9c,0xf7,0x9c,0xf7,0x9c,0xf7,0x9c,0xf7,0x9c,0xf7,0x9c,0xf7,0x9c,0xf7,0x9c,0xf7,0x9c,0xf7,0x9c,0xf7,0x9c,0xf7,
    0x9c,0xf7,0x9c,0xf7,0x9c,0xf7,0x9c,0xf7,0x9c,0xf7,0x9c,0xf7,0x9c,0xf7,0x9c,0xf7,0x9c,0xf7,0x9c,0xf7,0x9c,0xf7,0x9c,0xf7,0x9c,0xf7,0x9c,0xf7,0x9c,0xf7,0x9c,0xf7,
    0x9c,0xf7,0x9c,0xf7,0x9c,0xf7,0x9c,0xf7,0x9c,0xf7,0x9c,0xf7,0x9c,0xf7,0x9c,0xf7,0x9c,0xf7,0x9c,0xf7,0x9c,0xf7,0x9c,0xf7,0x9c,0xf7,0x9c,0xf7,0x9c,0xf7,0x9c,0xf7,
    0x9c,0xf7,0x9c,0xf7,0x9c,0xf7,0x9c,0xf7,0x9c,0xf7,0x9c,0xf7,0x9c,0xf7,0x9c,0xf7,0x9c,0xf7,0x9c,0xf7,0x9c,0xf7,0x9c,0xf7,0x9c,0xf7,0x9c,0xf7,0x9c,0xf7,0x9c,0xf7,
    0x9c,0xf7,0x9c,0xf7,0x9c,0xf7,0x9c,0xf7,0x9c,0xf7,0x9c,0xf7,0x9c,0xf7,0x9c,0xf7,0x9c,0xf7,0x9c,0xf7,0x9c,0xf7,0x9c,0xf7,0x9c,0xf7,0x9c,0xf7,0x9c,0xf7,0x9c,0xf7,
    0x9c,0xf7,0x9c,0xf7,0x9c,0xf7,0x9c,0xf7,0x9c,0xf7,0x9c,0xf7,0x9c,0xf7,0x9c,0xf7,0x9c,0xf7,0x9c,0xf7,0x9c,0xf7,0x9c,0xf7,0x9c,0xf7,0x9c,0xf7,0x9c,0xf7,0x9c,0xf7,
    0x9c,0xf7,0x9c,0xf7,0x9c,0xf7,0x9c,0xf7,0x9c,0xf7,0x9c,0xf7,0x9c,0xf7,0x9c,0xf7,0x9c,0xf7,0x9c,0xf7,0x9c,0xf7,0x9c,0xf7,0x9c,0xf7,0x9c,0xf7,0x9c,0xf7,0x9c,0xf7,
    0x9c,0xf7,0x9c,0xf7,0x9c,0xf7,0x9c,0xf7,0x9c,0xf7,0x9c,0xf7,0x9c,0xf7,0x9c,0xf7,0x9c,0xf7,0x9c,0xf7,0x9c,0xf7,0x9c,0xf7,0x9c,0xf7,0x9c,0xf7,0x9c,0xf7,0x9c,0xf7,
    0x9c,0xf7,0x9c,0xf7,0x9c,0xf7,0x9c,0xf7,0x9c,0xf7,0x9c,0xf7,0x9c,0xf7,0x9c,0xf7,0x9c,0xf7,0x9c,0xf7,0x9c,0xf7,0x9c,0xf7,0x9c,0xf7,0x9c,0xf7,0x9c,0xf7,0x9c,0xf7,
    0x9c,0xf7,0x9c,0xf7,0x9c,0xf7,0x9c,0xf7,0x9c,0xf7,0x9c,0xf7,0x9c,0xf7,0x9c,0xf7,0x9c,0xf7,0x9c,0xf7,0x9c,0xf7,0x9c,0xf7,0x9c,0xf7,0x9c,0xf7,0x9c,0xf7,0x9c,0xf7,
    0x9c,0xf7,0x9c,0xf7,0x9c,0xf7,0x9c,0xf7,0x9c,0xf7,0x9c,0xf7,0x9c,0xf7,0x9c,0xf7,0x9c,0xf7,0x9c,0xf7,0x9c,0xf7,0x9c,0xf7,0x9c,0xf7,0x9c,0xf7,0x9c,0xf7,0x9c,0xf7,
    0x9c,0xf7,0x9c,0xf7,0x9c,0xf7,0x9c,0xf7,0x9c,0xf7,0x9c,0xf7,0x9c,0xf7,0x9c,0xf7,0x9c,0xf7,0x9c,0xf7,0x9c,0xf7,0x9c,0xf7,0x9c,0xf7,0x9c,0xf7,0x9c,0xf7,0x9c,0xf7,
    0x9c,0xf7,0x9c,0xf7,0x9c,0xf7,0x9c,0xf7,0x9c,0xf7,0x9c,0xf7,0x9c,0xf7,0x9c,0xf7,0x9c,0xf7,0x9c,0xf7,0x9c,0xf7,0x9c,0xf7,0x9c,0xf7,0x9c,0xf7,0x9c,0xf7,0x9c,0xf7,
    0x9c,0xf7,0x9c,0xf7,0x9c,0xf7,0x9c,0xf7,0x9c,0xf7,0x9c,0xf7,0x9c,0xf7,0x9c,0xf7,0x9c,0xf7,0x9c,0xf7,0x9c,0xf7,0x9c,0xf7,0x9c,0xf7,0x9c,0xf7,0x9c,0xf7,0x9c,0xf7,
    0x9c,0xf7,0x9c,0xf7,0x9c,0xf7,0x9c,0xf7,0x9c,0xf7,0x9c,0xf7,0x9c,0xf7,0x9c,0xf7,0x9c,0xf7,0x9c,0xf7,0x9c,0xf7,0x9c,0xf7,0x9c,0xf7,0x9c,0xf7,0x9c,0xf7,0x9c,0xf7,
    0x9c,0xf7,0x9c,0xf7,0x9c,0xf7,0x9c,0xf7,0x9c,0xf7,0x9c,0xf7,0x9c,0xf7,0x9c,0xf7,0x9c,0xf7,0x9c,0xf7,0x9c,0xf7,0x9c,0xf7,0x9c,0xf7,0x9c,0xf7,0x9c,0xf7,0x9c,0xf7,
    0x9c,0xf7,0x9c,0xf7,0x9c,0xf7,0x9c,0xf7,0x9c,0xf7,0x9c,0xf7,0x9c,0xf7,0x9c,0xf7,0x9c,0xf7,0x9c,0xf7,0x9c,0xf7,0x9c,0xf7,0x9c,0xf7,0x9c,0xf7,0x9c,0xf7,0x9c,0xf7,
    0x9c,0xf7,0x9c,0xf7,0x9c,0xf7,0x9c,0xf7,0x9c,0xf7,0x9c,0xf7,0x9c,0xf7,0x9c,0xf7,0x9c,0xf7,0x9c,0xf7,0x9c,0xf7,0x9c,0xf7,0x9c,0xf7,0x9c,0xf7,0x9c,0xf7,0x9c,0xf7,
    0x9c,0xf7,0x9c,0xf7,0x9c,0xf7,0x9c,0xf7,0x9c,0xf7,0x9c,0xf7,0x9c,0xf7,0x9c,0xf7,0x9c,0xf7,0x9c,0xf7,0x9c,0xf7,0x9c,0xf7,0x9c,0xf7,0x9c,0xf7,0x9c,0xf7,0x9c,0xf7,
    0x9c,0xf7,0x9c,0xf7,0x9c,0xf7,0x9c,0xf7,0x9c,0xf7,0x9c,0xf7,0x9c,0xf7,0x9c,0xf7,0x9c,0xf7,0x9c,0xf7,0x9c,0xf7,0x9c,0xf7,0x9c,0xf7,0x9c,0xf7,0x9c,0xf7,0x9c,0xf7,
    0x9c,0xf7,0x9c,0xf7,0x9c,0xf7,0x9c,0xf7,0x9c,0xf7,0x9c,0xf7,0x9c,0xf7,0x9c,0xf7,0x9c,0xf7,0x9c,0xf7,0x9c,0xf7,0x9c,0xf7,0x9c,0xf7,0x9c,0xf7,0x9c,0xf7,0x9c,0xf7,
    0x9c,0xf7,0x9c,0xf7,0x9c,0xf7,0x9c,0xf7,0x9c,0xf7,0x9c,0xf7,0x9c,0xf7,0x9c,0xf7,0x9c,0xf7,0x9c,0xf7,0x9c,0xf7,0x9c,0xf7,0x9c,0xf7,0x9c,0xf7,0x9c,0xf7,0x9c,0xf7,
    0x9c,0xf7,0x9c,0xf7,0x9c,0xf7,0x9c,0xf7,0x9c,0xf7,0x9c,0xf7,0x9c,0xf7,0x9c,0xf7,0x9c,0xf7,0x9c,0xf7,0x9c,0xf7,0x9c,0xf7,0x9c,0xf7,0x9c,0xf7,0x9c,0xf7,0x9c,0xf7,
    0x9c,0xf7,0x9c,0xf7,0x9c,0xf7,0x9c,0xf7,0x9c,0xf7,0x9c,0xf7,0x9c,0xf7,0x9c,0xf7,0x9c,0xf7,0x9c,0xf7,0x9c,0xf7,0x9c,0xf7,0x9c,0xf7,0x9c,0xf7,0x9c,0xf7,0x9c,0xf7,
    0x9c,0xf7,0x9c,0xf7,0x9c,0xf7,0x9c,0xf7,0x9c,0xf7,0x9c,0xf7,0x9c,0xf7,0x9c,0xf7,0x9c,0xf7,0x9c,0xf7,0x9c,0xf7,0x9c,0xf7,0x9c,0xf7,0x9c,0xf7,0x9c,0xf7,0x9c,0xf7,
    0x9c,0xf7,0x9c,0xf7,0x9c,0xf7,0x9c,0xf7,0x9c,0xf7,0x9c,0xf7,0x9c,0xf7,0x9c,0xf7,0x9c,0xf7,0x9c,0xf7,0x9c,0xf7,0x9c,0xf7,0x9c,0xf7,0x9c,0xf7,0x9c,0xf7,0x9c,0xf7,
    0x9c,0xf7,0x9c,0xf7,0x9c,0xf7,0x9c,0xf7,0x9c,0xf7,0x9c,0xf7,0x9c,0xf7,0x9c,0xf7,0x9c,0xf7,0x9c,0xf7,0x9c,0xf7,0x9c,0xf7,0x9c,0xf7,0x9c,0xf7,0x9c,0xf7,0x9c,0xf7,
    0x9c,0xf7,0x9c,0xf7,0x9c,0xf7,0x9c,0xf7,0x9c,0xf7,0x9c,0xf7,0x9c,0xf7,0x9c,0xf7,0x9c,0xf7,0x9c,0xf7,0x9c,0xf7,0x9c,0xf7,0x9c,0xf7,0x9c,0xf7,0x9c,0xf7,0x9c,0xf7,
    0x9c,0xf7,0x9c,0xf7,0x9c,0xf7,0x9c,0xf7,0x9c,0xf7,0x9c,0xf7,0x9c,0xf7,0x9c,0xf7,0x9c,0xf7,0x9c,0xf7,0x9c,0xf7,0x9c,0xf7,0x9c,0xf7,0x9c,0xf7,0x9c,0xf7,0x9c,0xf7,
    0x9c,0xf7,0x9c,0xf7,0x9c,0xf7,0x9c,0xf7,0x9c,0xf7,0x9c,0xf7,0x9c,0xf7,0x9c,0xf7,0x9c,0xf7,0x9c,0xf7,0x9c,0xf7,0x9c,0xf7,0x9c,0xf7,0x9c,0xf7,0x9c,0xf7,0x9c,0xf7,
    0x9c,0xf7,0x9c,0xf7,0x9c,0xf7,0x9c,0xf7,0x9c,0xf7,0x9c,0xf7,0x9c,0xf7,0x9c,0xf7,0x9c,0xf7,0x9c,0xf7,0x9c,0xf7,0x9c,0xf7,0x9c,0xf7,0x9c,0xf7,0x9c,0xf7,0x9c,0xf7,
    0x9c,0xf7,0x9c,0xf7,0x9c,0xf7,0x9c,0xf7,0x9c,0xf7,0x9c,0xf7,0x9c,0xf7,0x9c,0xf7,0x9c,0xf7,0x9c,0xf7,0x9c,0xf7,0x9c,0xf7,0x9c,0xf7,0x9c,0xf7,0x9c,0xf7,0x9c,0xf7,
    0x9c,0xf7,0x9c,0xf7,0x9c,0xf7,0x9c,0xf7,0x9c,0xf7,0x9c,0xf7,0x9c,0xf7,0x9c,0xf7,0x9c,0xf7,0x9c,0xf7,0x9c,0xf7,0x9c,0xf7,0x9c,0xf7,0x9c,0xf7,0x9c,0xf7,0x9c,0xf7,
    0x9c,0xf7,0x9c,0xf7,0x9c,0xf7,0x9c,0xf7,0x9c,0xf7,0x9c,0xf7,0x9c,0xf7,0x9c,0xf7,0x9c,0xf7,0x9c,0xf7,0x9c,0xf7,0x9c,0xf7,0x9c,0xf7,0x9c,0xf7,0x9c,0xf7,0x9c,0xf7,
    0x9c,0xf7,0x9c,0xf7,0x9c,0xf7,0x9c,0xf7,0x9c,0xf7,0x9c,0xf7,0x9c,0xf7,0x9c,0xf7,0x9c,0xf7,0x9c,0xf7,0x9c,0xf7,0x9c,0xf7,0x9c,0xf7,0x9c,0xf7,0x9c,0xf7,0x9c,0xf7,
    0x9c,0xf7,0x9c,0xf7,0x9c,0xf7,0x9c,0xf7,0x9c,0xf7,0x9c,0xf7,0x9c,0xf7,0x9c,0xf7,0x9c,0xf7,0x9c,0xf7,0x9c,0xf7,0x9c,0xf7,0x9c,0xf7,0x9c,0xf7,0x9c,0xf7,0x9c,0xf7,
    0x9c,0xf7,0x9c,0xf7,0x9c,0xf7,0x9c,0xf7,0x9c,0xf7,0x9c,0xf7,0x9c,0xf7,0x9c,0xf7,0x9c,0xf7,0x9c,0xf7,0x9c,0xf7,0x9c,0xf7,0x9c,0xf7,0x9c,0xf7,0x9c,0xf7,0x9c,0xf7,
    0x9c,0xf7,0x9c,0xf7,0x9c,0xf7,0x9c,0xf7,0x9c,0xf7,0x9c,0xf7,0x9c,0xf7,0x9c,0xf7,0x9c,0xf7,0x9c,0xf7,0x9c,0xf7,0x9c,0xf7,0x9c,0xf7,0x9c,0xf7,0x9c,0xf7,0x9c,0xf7,
    0x9c,0xf7,0x9c,0xf7,0x9c,0xf7,0x9c,0xf7,0x9c,0xf7,0x9c,0xf7,0x9c,0xf7,0x9c,0xf7,0x9c,0xf7,0x9c,0xf7,0x9c,0xf7,0x9c,0xf7,0x9c,0xf7,0x9c,0xf7,0x9c,0xf7,0x9c,0xf7,
    0x9c,0xf7,0x9c,0xf7,0x9c,0xf7,0x9c,0xf7,0x9c,0xf7,0x9c,0xf7,0x9c,0xf7,0x9c,0xf7,0x9c,0xf7,0x9c,0xf7,0x9c,0xf7,0x9c,0xf7,0x9c,0xf7,0x9c,0xf7,0x9c,0xf7,0x9c,0xf7,
    0x9c,0xf7,0x9c,0xf7,0x9c,0xf7,0x9c,0xf7,0x9c,0xf7,0x9c,0xf7,0x9c,0xf7,0x9c,0xf7,0x9c,0xf7,0x9c,0xf7,0x9c,0xf7,0x9c,0xf7,0x9c,0xf7,0x9c,0xf7,0x9c,0xf7,0x9c,0xf7,
    0x9c,0xf7,0x9c,0xf7,0x9c,0xf7,0x9c,0xf7,0x9c,0xf7,0x9c,0xf7,0x9c,0xf7,0x9c,0xf7,0x9c,0xf7,0x9c,0xf7,0x9c,0xf7,0x9c,0xf7,0x9c,0xf7,0x9c,0xf7,0x9c,0xf7,0x9c,0xf7,
    0x9c,0xf7,0x9c,0xf7,0x9c,0xf7,0x9c,0xf7,0x9c,0xf7,0x9c,0xf7,0x9c,0xf7,0x9c,0xf7,0x9c,0xf7,0x9c,0xf7,0x9c,0xf7,0x9c,0xf7,0x9c,0xf7,0x9c,0xf7,0x9c,0xf7,0x9c,0xf7,
    0x9c,0xf7,0x9c,0xf7,0x9c,0xf7,0x9c,0xf7,0x9c,0xf7,0x9c,0xf7,0x9c,0xf7,0x9c,0xf7,0x9c,0xf7,0x9c,0xf7,0x9c,0xf7,0x9c,0xf7,0x9c,0xf7,0x9c,0xf7,0x9c,0xf7,0x9c,0xf7,
    0x9c,0xf7,0x9c,0xf7,0x9c,0xf7,0x9c,0xf7,0x9c,0xf7,0x9c,0xf7,0x9c,0xf7,0x9c,0xf7,0x9c,0xf7,0x9c,0xf7,0x9c,0xf7,0x9c,0xf7,0x9c,0xf7,0x9c,0xf7,0x9c,0xf7,0x9c,0xf7,
    0x9c,0xf7,0x9c,0xf7,0x9c,0xf7,0x9c,0xf7,0x9c,0xf7,0x9c,0xf7,0x9c,0xf7,0x9c,0xf7,0x9c,0xf7,0x9c,0xf7,0x9c,0xf7,0x9c,0xf7,0x9c,0xf7,0x9c,0xf7,0x9c,0xf7,0x9c,0xf7,
    0x9c,0xf7,0x9c,0xf7,0x9c,0xf7,0x9c,0xf7,0x9c,0xf7,0x9c,0xf7,0x9c,0xf7,0x9c,0xf7,0x9c,0xf7,0x9c,0xf7,0x9c,0xf7,0x9c,0xf7,0x9c,0xf7,0x9c,0xf7,0x9c,0xf7,0x9c,0xf7,
    0x9c,0xf7,0x9c,0xf7,0x9c,0xf7,0x9c,0xf7,0x9c,0xf7,0x9c,0xf7,0x9c,0xf7,0x9c,0xf7,0x9c,0xf7,0x9c,0xf7,0x9c,0xf7,0x9c,0xf7,0x9c,0xf7,0x9c,0xf7,0x9c,0xf7,0x9c,0xf7,
    0x9c,0xf7,0x9c,0xf7,0x9c,0xf7,0x9c,0xf7,0x9c,0xf7,0x9c,0xf7,0x9c,0xf7,0x9c,0xf7,0x9c,0xf7,0x9c,0xf7,0x9c,0xf7,0x9c,0xf7,0x9c,0xf7,0x9c,0xf7,0x9c,0xf7,0x9c,0xf7,
    0x9c,0xf7,0x9c,0xf7,0x9c,0xf7,0x9c,0xf7,0x9c,0xf7,0x9c,0xf7,0x9c,0xf7,0x9c,0xf7,0x9c,0xf7,0x9c,0xf7,0x9c,0xf7,0x9c,0xf7,0x9c,0xf7,0x9c,0xf7,0x9c,0xf7,0x9c,0xf7,
    0x9c,0xf7,0x9c,0xf7,0x9c,0xf7,0x9c,0xf7,0x9c,0xf7,0x9c,0xf7,0x9c,0xf7,0x9c,0xf7,0x9c,0xf7,0x9c,0xf7,0x9c,0xf7,0x9c,0xf7,0x9c,0xf7,0x9c,0xf7,0x9c,0xf7,0x9c,0xf7,
    0x9c,0xf7,0x9c,0xf7,0x9c,0xf7,0x9c,0xf7,0x9c,0xf7,0x9c,0xf7,0x9c,0xf7,0x9c,0xf7,0x9c,0xf7,0x9c,0xf7,0x9c,0xf7,0x9c,0xf7,0x9c,0xf7,0x9c,0xf7,0x9c,0xf7,0x9c,0xf7,
    0x9c,0xf7,0x9c,0xf7,0x9c,0xf7,0x9c,0xf7,0x9c,0xf7,0x9c,0xf7,0x9c,0xf7,0x9c,0xf7,0x9c,0xf7,0x9c,0xf7,0x9c,0xf7,0x9c,0xf7,0x9c,0xf7,0x9c,0xf7,0x9c,0xf7,0x9c,0xf7,
    0x9c,0xf7,0x9c,0xf7,0x9c,0xf7,0x9c,0xf7,0x9c,0xf7,0x9c,0xf7,0x9c,0xf7,0x9c,0xf7,0x9c,0xf7,0x9c,0xf7,0x9c,0xf7,0x9c,0xf7,0x9c,0xf7,0x9c,0xf7,0x9c,0xf7,0x9c,0xf7,
    0x9c,0xf7,0x9c,0xf7,0x9c,0xf7,0x9c,0xf7,0x9c,0xf7,0x9c,0xf7,0x9c,0xf7,0x9c,0xf7,0x9c,0xf7,0x9c,0xf7,0x9c,0xf7,0x9c,0xf7,0x9c,0xf7,0x9c,0xf7,0x9c,0xf7,0x9c,0xf7,
    0x9c,0xf7,0x9c,0xf7,0x9c,0xf7,0x9c,0xf7,0x9c,0xf7,0x9c,0xf7,0x9c,0xf7,0x9c,0xf7,0x9c,0xf7,0x9c,0xf7,0x9c,0xf7,0x9c,0xf7,0x9c,0xf7,0x9c,0xf7,0x9c,0xf7,0x9c,0xf7,
    0x9c,0xf7,0x9c,0xf7,0x9c,0xf7,0x9c,0xf7,0x9c,0xf7,0x9c,0xf7,0x9c,0xf7,0x9c,0xf7,0x9c,0xf7,0x9c,0xf7,0x9c,0xf7,0x9c,0xf7,0x9c,0xf7,0x9c,0xf7,0x9c,0xf7,0x9c,0xf7,
    0x9c,0xf7,0x9c,0xf7,0x9c,0xf7,0x9c,0xf7,0x9c,0xf7,0x9c,0xf7,0x9c,0xf7,0x9c,0xf7,0x9c,0xf7,0x9c,0xf7,0x9c,0xf7,0x9c,0xf7,0x9c,0xf7,0x9c,0xf7,0x9c,0xf7,0x9c,0xf7,
    0x9c,0xf7,0x9c,0xf7,0x9c,0xf7,0x9c,0xf7,0x9c,0xf7,0x9c,0xf7,0x9c,0xf7,0x9c,0xf7,0x9c,0xf7,0x9c,0xf7,0x9c,0xf7,0x9c,0xf7,0x9c,0xf7,0x9c,0xf7,0x9c,0xf7,0x9c,0xf7,
    0x9c,0xf7,0x9c,0xf7,0x9c,0xf7,0x9c,0xf7,0x9c,0xf7,0x9c,0xf7,0x9c,0xf7,0x9c,0xf7,0x9c,0xf7,0x9c,0xf7,0x9c,0xf7,0x9c,0xf7,0x9c,0xf7,0x9c,0xf7,0x9c,0xf7,0x9c,0xf7,
    0x9c,0xf7,0x9c,0xf7,0x9c,0xf7,0x9c,0xf7,0x9c,0xf7,0x9c,0xf7,0x9c,0xf7,0x9c,0xf7,0x9c,0xf7,0x9c,0xf7,0x9c,0xf7,0x9c,0xf7,0x9c,0xf7,0x9c,0xf7,0x9c,0xf7,0x9c,0xf7,
    0x9c,0xf7,0x9c,0xf7,0x9c,0xf7,0x9c,0xf7,0x9c,0xf7,0x9c,0xf7,0x9c,0xf7,0x9c,0xf7,0x9c,0xf7,0x9c,0xf7,0x9c,0xf7,0x9c,0xf7,0x9c,0xf7,0x9c,0xf7,0x9c,0xf7,0x9c,0xf7,
    0x9c,0xf7,0x9c,0xf7,0x9c,0xf7,0x9c,0xf7,0x9c,0xf7,0x9c,0xf7,0x9c,0xf7,0x9c,0xf7,0x9c,0xf7,0x9c,0xf7,0x9c,0xf7,0x9c,0xf7,0x9c,0xf7,0x9c,0xf7,0x9c,0xf7,0x9c,0xf7,
    0x9c,0xf7,0x9c,0xf7,0x9c,0xf7,0x9c,0xf7,0x9c,0xf7,0x9c,0xf7,0x9c,0xf7,0x9c,0xf7,0x9c,0xf7,0x9c,0xf7,0x9c,0xf7,0x9c,0xf7,0x9c,0xf7,0x9c,0xf7,0x9c,0xf7,0x9c,0xf7,
    0x9c,0xf7,0x9c,0xf7,0x9c,0xf7,0x9c,0xf7,0x9c,0xf7,0x9c,0xf7,0x9c,0xf7,0x9c,0xf7,0x9c,0xf7,0x9c,0xf7,0x9c,0xf7,0x9c,0xf7,0x9c,0xf7,0x9c,0xf7,0x9c,0xf7,0x9c,0xf7,
    0x9c,0xf7,0x9c,0xf7,0x9c,0xf7,0x9c,0xf7,0x9c,0xf7,0x9c,0xf7,0x9c,0xf7,0x9c,0xf7,0x9c,0xf7,0x9c,0xf7,0x9c,0xf7,0x9c,0xf7,0x9c,0xf7,0x9c,0xf7,0x9c,0xf7,0x9c,0xf7,
    0x9c,0xf7,0x9c,0xf7,0x9c,0xf7,0x9c,0xf7,0x9c,0xf7,0x9c,0xf7,0x9c,0xf7,0x9c,0xf7,0x9c,0xf7,0x9c,0xf7,0x9c,0xf7,0x9c,0xf7,0x9c,0xf7,0x9c,0xf7,0x9c,0xf7,0x9c,0xf7,
    0x9c,0xf7,0x9c,0xf7,0x9c,0xf7,0x9c,0xf7,0x9c,0xf7,0x9c,0xf7,0x9c,0xf7,0x9c,0xf7,0x9c,0xf7,0x9c,0xf7,0x9c,0xf7,0x9c,0xf7,0x9c,0xf7,0x9c,0xf7,0x9c,0xf7,0x9c,0xf7,
    0x9c,0xf7,0x9c,0xf7,0x9c,0xf7,0x9c,0xf7,0x9c,0xf7,0x9c,0xf7,0x9c,0xf7,0x9c,0xf7,0x9c,0xf7,0x9c,0xf7,0x9c,0xf7,0x9c,0xf7,0x9c,0xf7,0x9c,0xf7,0x9c,0xf7,0x9c,0xf7,
    0x9c,0xf7,0x9c,0xf7,0x9c,0xf7,0x9c,0xf7,0x9c,0xf7,0x9c,0xf7,0x9c,0xf7,0x9c,0xf7,0x9c,0xf7,0x9c,0xf7,0x9c,0xf7,0x9c,0xf7,0x9c,0xf7,0x9c,0xf7,0x9c,0xf7,0x9c,0xf7,
    0x9c,0xf7,0x9c,0xf7,0x9c,0xf7,0x9c,0xf7,0x9c,0xf7,0x9c,0xf7,0x9c,0xf7,0x9c,0xf7,0x9c,0xf7,0x9c,0xf7,0x9c,0xf7,0x9c,0xf7,0x9c,0xf7,0x9c,0xf7,0x9c,0xf7,0xb2,0xad,
    0xd3,0xb5,0xd3,0xb5,0xb3,0xad,0xb3,0xad,0xb2,0xad,0x92,0xad,0x51,0xa5,0x52,0xa5,0x72,0xa5,0x9c,0xf7,0x9c,0xf7,0x9c,0xf7,0x9c,0xf7,0x9c,0xf7,0x9c,0xf7,0x9c,0xf7,
    0x9c,0xf7,0x9c,0xf7,0x9c,0xf7,0x9c,0xf7,0x9c,0xf7,0x9c,0xf7,0x9c,0xf7,0x9c,0xf7,0x9c,0xf7,0x9c,0xf7,0x9c,0xf7,0x9c,0xf7,0x9c,0xf7,0x9c,0xf7,0x9c,0xf7,0x9c,0xf7,
    0x9c,0xf7,0x9c,0xf7,0x9c,0xf7,0x9c,0xf7,0x9c,0xf7,0x9c,0xf7,0x9c,0xf7,0x9c,0xf7,0x9c,0xf7,0x9c,0xf7,0x9c,0xf7,0x9c,0xf7,0x9c,0xf7,0x9c,0xf7,0x9c,0xf7,0x9c,0xf7,
    0x9c,0xf7,0x9c,0xf7,0x9c,0xf7,0x9c,0xf7,0x9c,0xf7,0x9c,0xf7,0x9c,0xf7,0x9c,0xf7,0x9c,0xf7,0x9c,0xf7,0x9c,0xf7,0x9c,0xf7,0x9c,0xf7,0x9c,0xf7,0x9c,0xf7,0x9c,0xf7,
    0x9c,0xf7,0x9c,0xf7,0x9c,0xf7,0x9c,0xf7,0x9c,0xf7,0x9c,0xf7,0x9c,0xf7,0x9c,0xf7,0x9c,0xf7,0x9c,0xf7,0x9c,0xf7,0x9c,0xf7,0x9c,0xf7,0x9c,0xf7,0x9c,0xf7,0x9c,0xf7,
    0x9c,0xf7,0x9c,0xf7,0x9c,0xf7,0x9c,0xf7,0x9c,0xf7,0x9c,0xf7,0x9c,0xf7,0x9c,0xf7,0x9c,0xf7,0x9c,0xf7,0x9c,0xf7,0x9c,0xf7,0x9c,0xf7,0x9c,0xf7,0x9c,0xf7,0x9c,0xf7,
    0x9c,0xf7,0x9c,0xf7,0x9c,0xf7,0x9c,0xf7,0x9c,0xf7,0x9c,0xf7,0x9c,0xf7,0x9c,0xf7,0x9c,0xf7,0x9c,0xf7,0x9c,0xf7,0x9c,0xf7,0x9c,0xf7,0x9c,0xf7,0x9c,0xf7,0x9c,0xf7,
    0x9c,0xf7,0x9c,0xf7,0x9c,0xf7,0x9c,0xf7,0x9c,0xf7,0x9c,0xf7,0x9c,0xf7,0x9c,0xf7,0x9c,0xf7,0x9c,0xf7,0x9c,0xf7,0x9c,0xf7,0x9c,0xf7,0x9c,0xf7,0x9c,0xf7,0x9c,0xf7,
    0x9c,0xf7,0x9c,0xf7,0x9c,0xf7,0x9c,0xf7,0x9c,0xf7,0x9c,0xf7,0x9c,0xf7,0x9c,0xf7,0x9c,0xf7,0x9c,0xf7,0x9c,0xf7,0x9c,0xf7,0x9c,0xf7,0x9c,0xf7,0x9c,0xf7,0x9c,0xf7,
    0x9c,0xf7,0x9c,0xf7,0x9c,0xf7,0x9c,0xf7,0x9c,0xf7,0x9c,0xf7,0x9c,0xf7,0x9c,0xf7,0x9c,0xf7,0x9c,0xf7,0x9c,0xf7,0x9c,0xf7,0x9c,0xf7,0x9c,0xf7,0x9c,0xf7,0x9c,0xf7,
    0x9c,0xf7,0x9c,0xf7,0x9c,0xf7,0x9c,0xf7,0x9c,0xf7,0x9c,0xf7,0x9c,0xf7,0x9c,0xf7,0x9c,0xf7,0x9c,0xf7,0x9c,0xf7,0x9c,0xf7,0x9c,0xf7,0x9c,0xf7,0x9c,0xf7,0x9c,0xf7,
    0x9c,0xf7,0x9c,0xf7,0x9c,0xf7,0x9c,0xf7,0x9c,0xf7,0x9c,0xf7,0x9c,0xf7,0x9c,0xf7,0x9c,0xf7,0x9c,0xf7,0x9c,0xf7,0x9c,0xf7,0x9c,0xf7,0x9c,0xf7,0x9c,0xf7,0x9c,0xf7,
    0x9c,0xf7,0x9c,0xf7,0x9c,0xf7,0x9c,0xf7,0x9c,0xf7,0x9c,0xf7,0x9c,0xf7,0x9c,0xf7,0x9c,0xf7,0x9c,0xf7,0x9c,0xf7,0x9c,0xf7,0x9c,0xf7,0x9c,0xf7,0x9c,0xf7,0x9c,0xf7,
    0x9c,0xf7,0x9c,0xf7,0x9c,0xf7,0x9c,0xf7,0x9c,0xf7,0x9c,0xf7,0x9c,0xf7,0x9c,0xf7,0x9c,0xf7,0x9c,0xf7,0x9c,0xf7,0x9c,0xf7,0x9c,0xf7,0x9c,0xf7,0x9c,0xf7,0x9c,0xf7,
    0x9c,0xf7,0x9c,0xf7,0x9c,0xf7,0x9c,0xf7,0x15,0xc6,0x4c,0x7c,0x6c,0x7c,0x6d,0x7c,0x8d,0x84,0x8d,0x84,0x8d,0x84,0x8c,0x7c,0x2c,0x74,0x0b,0x74,0x0c,0x74,0x9c,0xf7,
    0x9c,0xf7,0x9c,0xf7,0x9c,0xf7,0x9c,0xf7,0x9c,0xf7,0x9c,0xf7,0x9c,0xf7,0x9c,0xf7,0x9c,0xf7,0x9c,0xf7,0x9c,0xf7,0x9c,0xf7,0x9c,0xf7,0x9c,0xf7,0x9c,0xf7,0x9c,0xf7,
    0x9c,0xf7,0x9c,0xf7,0x9c,0xf7,0x9c,0xf7,0x9c,0xf7,0x9c,0xf7,0x9c,0xf7,0x9c,0xf7,0x9c,0xf7,0x9c,0xf7,0x9c,0xf7,0x9c,0xf7,0x9c,0xf7,0x9c,0xf7,0x9c,0xf7,0x9c,0xf7,
    0x9c,0xf7,0x9c,0xf7,0x9c,0xf7,0x9c,0xf7,0x9c,0xf7,0x9c,0xf7,0x9c,0xf7,0x9c,0xf7,0x9c,0xf7,0x9c,0xf7,0x9c,0xf7,0x9c,0xf7,0x9c,0xf7,0x9c,0xf7,0x9c,0xf7,0x9c,0xf7,
    0x9c,0xf7,0x9c,0xf7,0x9c,0xf7,0x9c,0xf7,0x9c,0xf7,0x9c,0xf7,0x9c,0xf7,0x9c,0xf7,0x9c,0xf7,0x9c,0xf7,0x9c,0xf7,0x9c,0xf7,0x9c,0xf7,0x9c,0xf7,0x9c,0xf7,0x9c,0xf7,
    0x9c,0xf7,0x9c,0xf7,0x9c,0xf7,0x9c,0xf7,0x9c,0xf7,0x9c,0xf7,0x9c,0xf7,0x9c,0xf7,0x9c,0xf7,0x9c,0xf7,0x9c,0xf7,0x9c,0xf7,0x9c,0xf7,0x9c,0xf7,0x9c,0xf7,0x9c,0xf7,
    0x9c,0xf7,0x9c,0xf7,0x9c,0xf7,0x9c,0xf7,0x9c,0xf7,0x9c,0xf7,0x9c,0xf7,0x9c,0xf7,0x9c,0xf7,0x9c,0xf7,0x9c,0xf7,0x9c,0xf7,0x9c,0xf7,0x9c,0xf7,0x9c,0xf7,0x9c,0xf7,
    0x9c,0xf7,0x9c,0xf7,0x9c,0xf7,0x9c,0xf7,0x9c,0xf7,0x9c,0xf7,0x9c,0xf7,0x9c,0xf7,0x9c,0xf7,0x9c,0xf7,0x9c,0xf7,0x9c,0xf7,0x9c,0xf7,0x9c,0xf7,0x9c,0xf7,0x9c,0xf7,
    0x9c,0xf7,0x9c,0xf7,0x9c,0xf7,0x9c,0xf7,0x9c,0xf7,0x9c,0xf7,0x9c,0xf7,0x9c,0xf7,0x9c,0xf7,0x9c,0xf7,0x9c,0xf7,0x9c,0xf7,0x9c,0xf7,0x9c,0xf7,0x9c,0xf7,0x9c,0xf7,
    0x9c,0xf7,0x9c,0xf7,0x9c,0xf7,0x9c,0xf7,0x9c,0xf7,0x9c,0xf7,0x9c,0xf7,0x9c,0xf7,0x9c,0xf7,0x9c,0xf7,0x9c,0xf7,0x9c,0xf7,0x9c,0xf7,0x9c,0xf7,0x9c,0xf7,0x9c,0xf7,
    0x9c,0xf7,0x9c,0xf7,0x9c,0xf7,0x9c,0xf7,0x9c,0xf7,0x9c,0xf7,0x9c,0xf7,0x9c,0xf7,0x9c,0xf7,0x9c,0xf7,0x9c,0xf7,0x9c,0xf7,0x9c,0xf7,0x9c,0xf7,0x9c,0xf7,0x9c,0xf7,
    0x9c,0xf7,0x9c,0xf7,0x9c,0xf7,0x9c,0xf7,0x9c,0xf7,0x9c,0xf7,0x9c,0xf7,0x9c,0xf7,0x9c,0xf7,0x9c,0xf7,0x9c,0xf7,0x9c,0xf7,0x9c,0xf7,0x9c,0xf7,0x9c,0xf7,0x9c,0xf7,
    0x9c,0xf7,0x9c,0xf7,0x9c,0xf7,0x9c,0xf7,0x9c,0xf7,0x9c,0xf7,0x9c,0xf7,0x9c,0xf7,0x9c,0xf7,0x9c,0xf7,0x9c,0xf7,0x9c,0xf7,0x9c,0xf7,0x9c,0xf7,0x9c,0xf7,0x9c,0xf7,
    0x9c,0xf7,0x9c,0xf7,0x9c,0xf7,0x9c,0xf7,0x9c,0xf7,0x9c,0xf7,0x9c,0xf7,0x9c,0xf7,0x9c,0xf7,0x9c,0xf7,0x9c,0xf7,0x9c,0xf7,0x9c,0xf7,0x9c,0xf7,0x9c,0xf7,0x9c,0xf7,
    0x9c,0xf7,0x9c,0xf7,0x9c,0xf7,0x9c,0xf7,0x9c,0xf7,0x9c,0xf7,0xd8,0xd6,0xd8,0xd6,0xd8,0xd6,0xb8,0xd6,0xd4,0xb5,0x8c,0x7c,0x8c,0x7c,0x8c,0x7c,0x6c,0x7c,0x6c,0x7c,
    0x6c,0x7c,0x4c,0x7c,0x0b,0x74,0xeb,0x6b,0x0b,0x6c,0x9c,0xf7,0x9c,0xf7,0x9c,0xf7,0x9c,0xf7,0x9c,0xf7,0x9c,0xf7,0x9c,0xf7,0x9c,0xf7,0x9c,0xf7,0x9c,0xf7,0x9c,0xf7,
    0x9c,0xf7,0x9c,0xf7,0x9c,0xf7,0x9c,0xf7,0x9c,0xf7,0x9c,0xf7,0x9c,0xf7,0x9c,0xf7,0x9c,0xf7,0x9c,0xf7,0x9c,0xf7,0x9c,0xf7,0x9c,0xf7,0x9c,0xf7,0x9c,0xf7,0x9c,0xf7,
    0x9c,0xf7,0x9c,0xf7,0x9c,0xf7,0x9c,0xf7,0x9c,0xf7,0x9c,0xf7,0x9c,0xf7,0x9c,0xf7,0x9c,0xf7,0x9c,0xf7,0x9c,0xf7,0x9c,0xf7,0x9c,0xf7,0x9c,0xf7,0x9c,0xf7,0x9c,0xf7,
    0x9c,0xf7,0x9c,0xf7,0x9c,0xf7,0x9c,0xf7,0x9c,0xf7,0x9c,0xf7,0x9c,0xf7,0x9c,0xf7,0x9c,0xf7,0x9c,0xf7,0x9c,0xf7,0x9c,0xf7,0x9c,0xf7,0x9c,0xf7,0x9c,0xf7,0x9c,0xf7,
    0x9c,0xf7,0x9c,0xf7,0x9c,0xf7,0x9c,0xf7,0x9c,0xf7,0x9c,0xf7,0x9c,0xf7,0x9c,0xf7,0x9c,0xf7,0x9c,0xf7,0x9c,0xf7,0x9c,0xf7,0x9c,0xf7,0x9c,0xf7,0x9c,0xf7,0x9c,0xf7,
    0x9c,0xf7,0x9c,0xf7,0x9c,0xf7,0x9c,0xf7,0x9c,0xf7,0x9c,0xf7,0x9c,0xf7,0x9c,0xf7,0x9c,0xf7,0x9c,0xf7,0x9c,0xf7,0x9c,0xf7,0x9c,0xf7,0x9c,0xf7,0x9c,0xf7,0x9c,0xf7,
    0x9c,0xf7,0x9c,0xf7,0x9c,0xf7,0x9c,0xf7,0x9c,0xf7,0x9c,0xf7,0x9c,0xf7,0x9c,0xf7,0x9c,0xf7,0x9c,0xf7,0x9c,0xf7,0x9c,0xf7,0x9c,0xf7,0x9c,0xf7,0x9c,0xf7,0x9c,0xf7,
    0x9c,0xf7,0x9c,0xf7,0x9c,0xf7,0x9c,0xf7,0x9c,0xf7,0x9c,0xf7,0x9c,0xf7,0x9c,0xf7,0x9c,0xf7,0x9c,0xf7,0x9c,0xf7,0x9c,0xf7,0x9c,0xf7,0x9c,0xf7,0x9c,0xf7,0x9c,0xf7,
    0x9c,0xf7,0x9c,0xf7,0x9c,0xf7,0x9c,0xf7,0x9c,0xf7,0x9c,0xf7,0x9c,0xf7,0x9c,0xf7,0x9c,0xf7,0x9c,0xf7,0x9c,0xf7,0x9c,0xf7,0x9c,0xf7,0x9c,0xf7,0x9c,0xf7,0x9c,0xf7,
    0x9c,0xf7,0x9c,0xf7,0x9c,0xf7,0x9c,0xf7,0x9c,0xf7,0x9c,0xf7,0x9c,0xf7,0x9c,0xf7,0x9c,0xf7,0x9c,0xf7,0x9c,0xf7,0x9c,0xf7,0x9c,0xf7,0x9c,0xf7,0x9c,0xf7,0x9c,0xf7,
    0x9c,0xf7,0x9c,0xf7,0x9c,0xf7,0x9c,0xf7,0x9c,0xf7,0x9c,0xf7,0x9c,0xf7,0x9c,0xf7,0x9c,0xf7,0x9c,0xf7,0x9c,0xf7,0x9c,0xf7,0x9c,0xf7,0x9c,0xf7,0x9c,0xf7,0x9c,0xf7,
    0x9c,0xf7,0x9c,0xf7,0x9c,0xf7,0x9c,0xf7,0x9c,0xf7,0x9c,0xf7,0x9c,0xf7,0x9c,0xf7,0x9c,0xf7,0x9c,0xf7,0x9c,0xf7,0x9c,0xf7,0x9c,0xf7,0x9c,0xf7,0x9c,0xf7,0x9c,0xf7,
    0x9c,0xf7,0x9c,0xf7,0x9c,0xf7,0x9c,0xf7,0x9c,0xf7,0x9c,0xf7,0x9c,0xf7,0x9c,0xf7,0x9c,0xf7,0x9c,0xf7,0x9c,0xf7,0x9c,0xf7,0x9c,0xf7,0x9c,0xf7,0x9c,0xf7,0x9c,0xf7,
    0x9c,0xf7,0x9c,0xf7,0x9c,0xf7,0x9c,0xf7,0x9c,0xf7,0x9c,0xf7,0x9c,0xf7,0x9c,0xf7,0x9c,0xf7,0x9c,0xf7,0x9c,0xf7,0x4d,0x7c,0xad,0x84,0xcd,0x8c,0xcd,0x84,0xcd,0x84,
    0x8d,0x84,0x8d,0x84,0x8d,0x84,0x6c,0x7c,0x6c,0x7c,0x6c,0x7c,0x6c,0x7c,0x6c,0x7c,0x0b,0x74,0x0b,0x74,0x2c,0x74,0x9c,0xf7,0x9c,0xf7,0x9c,0xf7,0x9c,0xf7,0x9c,0xf7,
    0x9c,0xf7,0x9c,0xf7,0x9c,0xf7,0x9c,0xf7,0x9c,0xf7,0x9c,0xf7,0x9c,0xf7,0x9c,0xf7,0x9c,0xf7,0x9c,0xf7,0x9c,0xf7,0x9c,0xf7,0x9c,0xf7,0x9c,0xf7,0x9c,0xf7,0x9c,0xf7,
    0x9c,0xf7,0x9c,0xf7,0x9c,0xf7,0x9c,0xf7,0x9c,0xf7,0x9c,0xf7,0x9c,0xf7,0x9c,0xf7,0x9c,0xf7,0x9c,0xf7,0x9c,0xf7,0x9c,0xf7,0x9c,0xf7,0x9c,0xf7,0x9c,0xf7,0x9c,0xf7,
    0x9c,0xf7,0x9c,0xf7,0x9c,0xf7,0x9c,0xf7,0x9c,0xf7,0x9c,0xf7,0x9c,0xf7,0x9c,0xf7,0x9c,0xf7,0x9c,0xf7,0x9c,0xf7,0x9c,0xf7,0x9c,0xf7,0x9c,0xf7,0x9c,0xf7,0x9c,0xf7,
    0x9c,0xf7,0x9c,0xf7,0x9c,0xf7,0x9c,0xf7,0x9c,0xf7,0x9c,0xf7,0x9c,0xf7,0x9c,0xf7,0x9c,0xf7,0x9c,0xf7,0x9c,0xf7,0x9c,0xf7,0x9c,0xf7,0x9c,0xf7,0x9c,0xf7,0x9c,0xf7,
    0x9c,0xf7,0x9c,0xf7,0x9c,0xf7,0x9c,0xf7,0x9c,0xf7,0x9c,0xf7,0x9c,0xf7,0x9c,0xf7,0x9c,0xf7,0x9c,0xf7,0x9c,0xf7,0x9c,0xf7,0x9c,0xf7,0x9c,0xf7,0x9c,0xf7,0x9c,0xf7,
    0x9c,0xf7,0x9c,0xf7,0x9c,0xf7,0x9c,0xf7,0x9c,0xf7,0x9c,0xf7,0x9c,0xf7,0x9c,0xf7,0x9c,0xf7,0x9c,0xf7,0x9c,0xf7,0x9c,0xf7,0x9c,0xf7,0x9c,0xf7,0x9c,0xf7,0x9c,0xf7,
    0x9c,0xf7,0x9c,0xf7,0x9c,0xf7,0x9c,0xf7,0x9c,0xf7,0x9c,0xf7,0x9c,0xf7,0x9c,0xf7,0x9c,0xf7,0x9c,0xf7,0x9c,0xf7,0x9c,0xf7,0x9c,0xf7,0x9c,0xf7,0x9c,0xf7,0x9c,0xf7,
    0x9c,0xf7,0x9c,0xf7,0x9c,0xf7,0x9c,0xf7,0x9c,0xf7,0x9c,0xf7,0x9c,0xf7,0x9c,0xf7,0x9c,0xf7,0x9c,0xf7,0x9c,0xf7,0x9c,0xf7,0x9c,0xf7,0x9c,0xf7,0x9c,0xf7,0x9c,0xf7,
    0x9c,0xf7,0x9c,0xf7,0x9c,0xf7,0x9c,0xf7,0x9c,0xf7,0x9c,0xf7,0x9c,0xf7,0x9c,0xf7,0x9c,0xf7,0x9c,0xf7,0x9c,0xf7,0x9c,0xf7,0x9c,0xf7,0x9c,0xf7,0x9c,0xf7,0x9c,0xf7,
    0x9c,0xf7,0x9c,0xf7,0x9c,0xf7,0x9c,0xf7,0x9c,0xf7,0x9c,0xf7,0x9c,0xf7,0x9c,0xf7,0x9c,0xf7,0x9c,0xf7,0x9c,0xf7,0x9c,0xf7,0x9c,0xf7,0x9c,0xf7,0x9c,0xf7,0x9c,0xf7,
    0x9c,0xf7,0x9c,0xf7,0x9c,0xf7,0x9c,0xf7,0x9c,0xf7,0x9c,0xf7,0x9c,0xf7,0x9c,0xf7,0x9c,0xf7,0x9c,0xf7,0x9c,0xf7,0x9c,0xf7,0x9c,0xf7,0x9c,0xf7,0x9c,0xf7,0x9c,0xf7,
    0x9c,0xf7,0x9c,0xf7,0x9c,0xf7,0x9c,0xf7,0x9c,0xf7,0x9c,0xf7,0x9c,0xf7,0x9c,0xf7,0x9c,0xf7,0x9c,0xf7,0x9c,0xf7,0x9c,0xf7,0x9c,0xf7,0x9c,0xf7,0x9c,0xf7,0x9c,0xf7,
    0x9c,0xf7,0x9c,0xf7,0x9c,0xf7,0x9c,0xf7,0x9c,0xf7,0x9c,0xf7,0x9c,0xf7,0x9c,0xf7,0x9c,0xf7,0x9c,0xf7,0x9c,0xf7,0x9c,0xf7,0x9c,0xf7,0x9c,0xf7,0x9c,0xf7,0x9c,0xf7,
    0x9c,0xf7,0xaf,0x8c,0xad,0x84,0xad,0x84,0xad,0x84,0xad,0x84,0xad,0x84,0x8c,0x84,0x6c,0x7c,0x6c,0x7c,0x4c,0x7c,0x4c,0x7c,0x4c,0x7c,0x6c,0x7c,0x2c,0x74,0x2c,0x74,
    0x4c,0x7c,0x9c,0xf7,0x9c,0xf7,0x9c,0xf7,0x9c,0xf7,0x9c,0xf7,0x9c,0xf7,0x9c,0xf7,0x9c,0xf7,0x9c,0xf7,0x9c,0xf7,0x9c,0xf7,0x9c,0xf7,0x9c,0xf7,0x9c,0xf7,0x9c,0xf7,
    0x9c,0xf7,0x9c,0xf7,0x9c,0xf7,0x9c,0xf7,0x9c,0xf7,0x9c,0xf7,0x9c,0xf7,0x9c,0xf7,0x9c,0xf7,0x9c,0xf7,0x9c,0xf7,0x9c,0xf7,0x9c,0xf7,0x9c,0xf7,0x9c,0xf7,0x9c,0xf7,
    0x9c,0xf7,0x9c,0xf7,0x9c,0xf7,0x9c,0xf7,0x9c,0xf7,0x9c,0xf7,0x9c,0xf7,0x9c,0xf7,0x9c,0xf7,0x9c,0xf7,0x9c,0xf7,0x9c,0xf7,0x9c,0xf7,0x9c,0xf7,0x9c,0xf7,0x9c,0xf7,
    0x9c,0xf7,0x9c,0xf7,0x9c,0xf7,0x9c,0xf7,0x9c,0xf7,0x9c,0xf7,0x9c,0xf7,0x9c,0xf7,0x9c,0xf7,0x9c,0xf7,0x9c,0xf7,0x9c,0xf7,0x9c,0xf7,0x9c,0xf7,0x9c,0xf7,0x9c,0xf7,
    0x9c,0xf7,0x9c,0xf7,0x9c,0xf7,0x9c,0xf7,0x9c,0xf7,0x9c,0xf7,0x9c,0xf7,0x9c,0xf7,0x9c,0xf7,0x9c,0xf7,0x9c,0xf7,0x9c,0xf7,0x9c,0xf7,0x9c,0xf7,0x9c,0xf7,0x9c,0xf7,
    0x9c,0xf7,0x9c,0xf7,0x9c,0xf7,0x9c,0xf7,0x9c,0xf7,0x9c,0xf7,0x9c,0xf7,0x9c,0xf7,0x9c,0xf7,0x9c,0xf7,0x9c,0xf7,0x9c,0xf7,0x9c,0xf7,0x9c,0xf7,0x9c,0xf7,0x9c,0xf7,
    0x9c,0xf7,0x9c,0xf7,0x9c,0xf7,0x9c,0xf7,0x9c,0xf7,0x9c,0xf7,0x9c,0xf7,0x9c,0xf7,0x9c,0xf7,0x9c,0xf7,0x9c,0xf7,0x9c,0xf7,0x9c,0xf7,0x9c,0xf7,0x9c,0xf7,0x9c,0xf7,
    0x9c,0xf7,0x9c,0xf7,0x9c,0xf7,0x9c,0xf7,0x9c,0xf7,0x9c,0xf7,0x9c,0xf7,0x9c,0xf7,0x9c,0xf7,0x9c,0xf7,0x9c,0xf7,0x9c,0xf7,0x9c,0xf7,0x9c,0xf7,0x9c,0xf7,0x9c,0xf7,
    0x9c,0xf7,0x9c,0xf7,0x9c,0xf7,0x9c,0xf7,0x9c,0xf7,0x9c,0xf7,0x9c,0xf7,0x9c,0xf7,0x9c,0xf7,0x9c,0xf7,0x9c,0xf7,0x9c,0xf7,0x9c,0xf7,0x9c,0xf7,0x9c,0xf7,0x9c,0xf7,
    0x9c,0xf7,0x9c,0xf7,0x9c,0xf7,0x9c,0xf7,0x9c,0xf7,0x9c,0xf7,0x9c,0xf7,0x9c,0xf7,0x9c,0xf7,0x9c,0xf7,0x9c,0xf7,0x9c,0xf7,0x9c,0xf7,0x9c,0xf7,0x9c,0xf7,0x9c,0xf7,
    0x9c,0xf7,0x9c,0xf7,0x9c,0xf7,0x9c,0xf7,0x9c,0xf7,0x9c,0xf7,0x9c,0xf7,0x9c,0xf7,0x9c,0xf7,0x9c,0xf7,0x9c,0xf7,0x9c,0xf7,0x9c,0xf7,0x9c,0xf7,0x9c,0xf7,0x9c,0xf7,
    0x9c,0xf7,0x9c,0xf7,0x9c,0xf7,0x9c,0xf7,0x9c,0xf7,0x9c,0xf7,0x9c,0xf7,0x9c,0xf7,0x9c,0xf7,0x9c,0xf7,0x9c,0xf7,0x9c,0xf7,0x9c,0xf7,0x9c,0xf7,0x9c,0xf7,0x9c,0xf7,
    0x9c,0xf7,0x9c,0xf7,0x9c,0xf7,0x9c,0xf7,0x9c,0xf7,0x9c,0xf7,0x9c,0xf7,0x9c,0xf7,0x9c,0xf7,0x9c,0xf7,0x9c,0xf7,0x9c,0xf7,0x9c,0xf7,0x9c,0xf7,0x9c,0xf7,0x9c,0xf7,
    0x0b,0x6c,0x4c,0x7c,0x4c,0x7c,0x4c,0x7c,0x6c,0x7c,0x8a,0x5b,0x8a,0x5b,0x8a,0x5b,0xe9,0x4a,0x09,0x4b,0x2c,0x74,0x4c,0x7c,0x4c,0x7c,0x4c,0x7c,0x4c,0x7c,0x6c,0x7c,
    0x6c,0x7c,0x8d,0x84,0x8d,0x84,0x8d,0x84,0x9c,0xf7,0x9c,0xf7,0x9c,0xf7,0x9c,0xf7,0x9c,0xf7,0x9c,0xf7,0x9c,0xf7,0x9c,0xf7,0x9c,0xf7,0x9c,0xf7,0x9c,0xf7,0x9c,0xf7,
    0x9c,0xf7,0x9c,0xf7,0x9c,0xf7,0x9c,0xf7,0x9c,0xf7,0x9c,0xf7,0x9c,0xf7,0x9c,0xf7,0x9c,0xf7,0x9c,0xf7,0x9c,0xf7,0x9c,0xf7,0x9c,0xf7,0x9c,0xf7,0x9c,0xf7,0x9c,0xf7,
    0x9c,0xf7,0x9c,0xf7,0x9c,0xf7,0x9c,0xf7,0x9c,0xf7,0x9c,0xf7,0x9c,0xf7,0x9c,0xf7,0x9c,0xf7,0x9c,0xf7,0x9c,0xf7,0x9c,0xf7,0x9c,0xf7,0x9c,0xf7,0x9c,0xf7,0x9c,0xf7,
    0x9c,0xf7,0x9c,0xf7,0x9c,0xf7,0x9c,0xf7,0x9c,0xf7,0x9c,0xf7,0x9c,0xf7,0x9c,0xf7,0x9c,0xf7,0x9c,0xf7,0x9c,0xf7,0x9c,0xf7,0x9c,0xf7,0x9c,0xf7,0x9c,0xf7,0x9c,0xf7,
    0x9c,0xf7,0x9c,0xf7,0x9c,0xf7,0x9c,0xf7,0x9c,0xf7,0x9c,0xf7,0x9c,0xf7,0x9c,0xf7,0x9c,0xf7,0x9c,0xf7,0x9c,0xf7,0x9c,0xf7,0x9c,0xf7,0x9c,0xf7,0x9c,0xf7,0x9c,0xf7,
    0x9c,0xf7,0x9c,0xf7,0x9c,0xf7,0x9c,0xf7,0x9c,0xf7,0x9c,0xf7,0x9c,0xf7,0x9c,0xf7,0x9c,0xf7,0x9c,0xf7,0x9c,0xf7,0x9c,0xf7,0x9c,0xf7,0x9c,0xf7,0x9c,0xf7,0x9c,0xf7,
    0x9c,0xf7,0x9c,0xf7,0x9c,0xf7,0x9c,0xf7,0x9c,0xf7,0x9c,0xf7,0x9c,0xf7,0x9c,0xf7,0x9c,0xf7,0x9c,0xf7,0x9c,0xf7,0x9c,0xf7,0x9c,0xf7,0x9c,0xf7,0x9c,0xf7,0x9c,0xf7,
    0x9c,0xf7,0x9c,0xf7,0x9c,0xf7,0x9c,0xf7,0x9c,0xf7,0x9c,0xf7,0x9c,0xf7,0x9c,0xf7,0x9c,0xf7,0x9c,0xf7,0x9c,0xf7,0x9c,0xf7,0x9c,0xf7,0x9c,0xf7,0x9c,0xf7,0x9c,0xf7,
    0x9c,0xf7,0x9c,0xf7,0x9c,0xf7,0x9c,0xf7,0x9c,0xf7,0x9c,0xf7,0x9c,0xf7,0x9c,0xf7,0x9c,0xf7,0x9c,0xf7,0x9c,0xf7,0x9c,0xf7,0x9c,0xf7,0x9c,0xf7,0x9c,0xf7,0x9c,0xf7,
    0x9c,0xf7,0x9c,0xf7,0x9c,0xf7,0x9c,0xf7,0x9c,0xf7,0x9c,0xf7,0x9c,0xf7,0x9c,0xf7,0x9c,0xf7,0x9c,0xf7,0x9c,0xf7,0x9c,0xf7,0x9c,0xf7,0x9c,0xf7,0x9c,0xf7,0x9c,0xf7,
    0x9c,0xf7,0x9c,0xf7,0x9c,0xf7,0x9c,0xf7,0x9c,0xf7,0x9c,0xf7,0x9c,0xf7,0x9c,0xf7,0x9c,0xf7,0x9c,0xf7,0x9c,0xf7,0x9c,0xf7,0x9c,0xf7,0x9c,0xf7,0x9c,0xf7,0x9c,0xf7,
    0x9c,0xf7,0x9c,0xf7,0x9c,0xf7,0x9c,0xf7,0x9c,0xf7,0x9c,0xf7,0x9c,0xf7,0x9c,0xf7,0x9c,0xf7,0x9c,0xf7,0x9c,0xf7,0x9c,0xf7,0x9c,0xf7,0x9c,0xf7,0x9c,0xf7,0x9c,0xf7,
    0x9c,0xf7,0x9c,0xf7,0x9c,0xf7,0x9c,0xf7,0x9c,0xf7,0x9c,0xf7,0x9c,0xf7,0x9c,0xf7,0x9c,0xf7,0x9c,0xf7,0x9c,0xf7,0x9c,0xf7,0x9c,0xf7,0x9c,0xf7,0x9c,0xf7,0x9c,0xf7,
    0x9c,0xf7,0x9c,0xf7,0x9c,0xf7,0x9c,0xf7,0x9c,0xf7,0x9c,0xf7,0x0b,0x6c,0x4c,0x7c,0x4c,0x7c,0x4c,0x7c,0x6c,0x7c,0xaa,0x63,0xca,0x63,0xca,0x63,0xe8,0x42,0xe8,0x42,
    0x0c,0x6c,0x6d,0x7c,0x6d,0x7c,0x6d,0x7c,0x6c,0x7c,0x6c,0x7c,0x4c,0x7c,0x6c,0x7c,0x8c,0x84,0x8d,0x84,0x9c,0xf7,0x9c,0xf7,0x9c,0xf7,0x9c,0xf7,0x9c,0xf7,0x9c,0xf7,
    0x9c,0xf7,0x9c,0xf7,0x9c,0xf7,0x9c,0xf7,0x9c,0xf7,0x9c,0xf7,0x9c,0xf7,0x9c,0xf7,0x9c,0xf7,0x9c,0xf7,0x9c,0xf7,0x9c,0xf7,0x9c,0xf7,0x9c,0xf7,0x9c,0xf7,0x9c,0xf7,
    0x9c,0xf7,0x9c,0xf7,0x9c,0xf7,0x9c,0xf7,0x9c,0xf7,0x9c,0xf7,0x9c,0xf7,0x9c,0xf7,0x9c,0xf7,0x9c,0xf7,0x9c,0xf7,0x9c,0xf7,0x9c,0xf7,0x9c,0xf7,0x9c,0xf7,0x9c,0xf7,
    0x9c,0xf7,0x9c,0xf7,0x9c,0xf7,0x9c,0xf7,0x9c,0xf7,0x9c,0xf7,0x9c,0xf7,0x9c,0xf7,0x9c,0xf7,0x9c,0xf7,0x9c,0xf7,0x9c,0xf7,0x9c,0xf7,0x9c,0xf7,0x9c,0xf7,0x9c,0xf7,
    0x9c,0xf7,0x9c,0xf7,0x9c,0xf7,0x9c,0xf7,0x9c,0xf7,0x9c,0xf7,0x9c,0xf7,0x9c,0xf7,0x9c,0xf7,0x9c,0xf7,0x9c,0xf7,0x9c,0xf7,0x9c,0xf7,0x9c,0xf7,0x9c,0xf7,0x9c,0xf7,
    0x9c,0xf7,0x9c,0xf7,0x9c,0xf7,0x9c,0xf7,0x9c,0xf7,0x9c,0xf7,0x9c,0xf7,0x9c,0xf7,0x9c,0xf7,0x9c,0xf7,0x9c,0xf7,0x9c,0xf7,0x9c,0xf7,0x9c,0xf7,0x9c,0xf7,0x9c,0xf7,
    0x9c,0xf7,0x9c,0xf7,0x9c,0xf7,0x9c,0xf7,0x9c,0xf7,0x9c,0xf7,0x9c,0xf7,0x9c,0xf7,0x9c,0xf7,0x9c,0xf7,0x9c,0xf7,0x9c,0xf7,0x9c,0xf7,0x9c,0xf7,0x9c,0xf7,0x9c,0xf7,
    0x9c,0xf7,0x9c,0xf7,0x9c,0xf7,0x9c,0xf7,0x9c,0xf7,0x9c,0xf7,0x9c,0xf7,0x9c,0xf7,0x9c,0xf7,0x9c,0xf7,0x9c,0xf7,0x9c,0xf7,0x9c,0xf7,0x9c,0xf7,0x9c,0xf7,0x9c,0xf7,
    0x9c,0xf7,0x9c,0xf7,0x9c,0xf7,0x9c,0xf7,0x9c,0xf7,0x9c,0xf7,0x9c,0xf7,0x9c,0xf7,0x9c,0xf7,0x9c,0xf7,0x9c,0xf7,0x9c,0xf7,0x9c,0xf7,0x9c,0xf7,0x9c,0xf7,0x9c,0xf7,
    0x9c,0xf7,0x9c,0xf7,0x9c,0xf7,0x9c,0xf7,0x9c,0xf7,0x9c,0xf7,0x9c,0xf7,0x9c,0xf7,0x9c,0xf7,0x9c,0xf7,0x9c,0xf7,0x9c,0xf7,0x9c,0xf7,0x9c,0xf7,0x9c,0xf7,0x9c,0xf7,
    0x9c,0xf7,0x9c,0xf7,0x9c,0xf7,0x9c,0xf7,0x9c,0xf7,0x9c,0xf7,0x9c,0xf7,0x9c,0xf7,0x9c,0xf7,0x9c,0xf7,0x9c,0xf7,0x9c,0xf7,0x9c,0xf7,0x9c,0xf7,0x9c,0xf7,0x9c,0xf7,
    0x9c,0xf7,0x9c,0xf7,0x9c,0xf7,0x9c,0xf7,0x9c,0xf7,0x9c,0xf7,0x9c,0xf7,0x9c,0xf7,0x9c,0xf7,0x9c,0xf7,0x9c,0xf7,0x9c,0xf7,0x9c,0xf7,0x9c,0xf7,0x9c,0xf7,0x9c,0xf7,
    0x9c,0xf7,0x9c,0xf7,0x9c,0xf7,0x9c,0xf7,0x9c,0xf7,0x9c,0xf7,0x9c,0xf7,0x9c,0xf7,0x9c,0xf7,0x9c,0xf7,0x9c,0xf7,0x9c,0xf7,0x9c,0xf7,0x9c,0xf7,0x9c,0xf7,0x9c,0xf7,
    0x9c,0xf7,0x9c,0xf7,0x9c,0xf7,0x9c,0xf7,0x9c,0xf7,0x9c,0xf7,0x9c,0xf7,0x9c,0xf7,0x9c,0xf7,0x9c,0xf7,0x9c,0xf7,0x9c,0xf7,0x0b,0x74,0x6c,0x7c,0x6c,0x7c,0x6d,0x7c,
    0x8d,0x84,0xc8,0x42,0x08,0x4b,0x08,0x4b,0x4c,0x74,0x2b,0x74,0x8c,0x7c,0x8d,0x84,0x8d,0x84,0x0b,0x6c,0x0b,0x6c,0x4c,0x7c,0x4c,0x7c,0x4c,0x7c,0x6c,0x7c,0x8d,0x84,
    0x9c,0xf7,0x9c,0xf7,0x9c,0xf7,0x9c,0xf7,0x9c,0xf7,0x9c,0xf7,0x9c,0xf7,0x9c,0xf7,0x9c,0xf7,0x9c,0xf7,0x9c,0xf7,0x9c,0xf7,0x9c,0xf7,0x9c,0xf7,0x9c,0xf7,0x9c,0xf7,
    0x9c,0xf7,0x9c,0xf7,0x9c,0xf7,0x9c,0xf7,0x9c,0xf7,0x9c,0xf7,0x9c,0xf7,0x9c,0xf7,0x9c,0xf7,0x9c,0xf7,0x9c,0xf7,0x9c,0xf7,0x9c,0xf7,0x9c,0xf7,0x9c,0xf7,0x9c,0xf7,
    0x9c,0xf7,0x9c,0xf7,0x9c,0xf7,0x9c,0xf7,0x9c,0xf7,0x9c,0xf7,0x9c,0xf7,0x9c,0xf7,0x9c,0xf7,0x9c,0xf7,0x9c,0xf7,0x9c,0xf7,0x9c,0xf7,0x9c,0xf7,0x9c,0xf7,0x9c,0xf7,
    0x9c,0xf7,0x9c,0xf7,0x9c,0xf7,0x9c,0xf7,0x9c,0xf7,0x9c,0xf7,0x9c,0xf7,0x9c,0xf7,0x9c,0xf7,0x9c,0xf7,0x9c,0xf7,0x9c,0xf7,0x9c,0xf7,0x9c,0xf7,0x9c,0xf7,0x9c,0xf7,
    0x9c,0xf7,0x9c,0xf7,0x9c,0xf7,0x9c,0xf7,0x9c,0xf7,0x9c,0xf7,0x9c,0xf7,0x9c,0xf7,0x9c,0xf7,0x9c,0xf7,0x9c,0xf7,0x9c,0xf7,0x9c,0xf7,0x9c,0xf7,0x9c,0xf7,0x9c,0xf7,
    0x9c,0xf7,0x9c,0xf7,0x9c,0xf7,0x9c,0xf7,0x9c,0xf7,0x9c,0xf7,0x9c,0xf7,0x9c,0xf7,0x9c,0xf7,0x9c,0xf7,0x9c,0xf7,0x9c,0xf7,0x9c,0xf7,0x9c,0xf7,0x9c,0xf7,0x9c,0xf7,
    0x9c,0xf7,0x9c,0xf7,0x9c,0xf7,0x9c,0xf7,0x9c,0xf7,0x9c,0xf7,0x9c,0xf7,0x9c,0xf7,0x9c,0xf7,0x9c,0xf7,0x9c,0xf7,0x9c,0xf7,0x9c,0xf7,0x9c,0xf7,0x9c,0xf7,0x9c,0xf7,
    0x9c,0xf7,0x9c,0xf7,0x9c,0xf7,0x9c,0xf7,0x9c,0xf7,0x9c,0xf7,0x9c,0xf7,0x9c,0xf7,0x9c,0xf7,0x9c,0xf7,0x9c,0xf7,0x9c,0xf7,0x9c,0xf7,0x9c,0xf7,0x9c,0xf7,0x9c,0xf7,
    0x9c,0xf7,0x9c,0xf7,0x9c,0xf7,0x9c,0xf7,0x9c,0xf7,0x9c,0xf7,0x9c,0xf7,0x9c,0xf7,0x9c,0xf7,0x9c,0xf7,0x9c,0xf7,0x9c,0xf7,0x9c,0xf7,0x9c,0xf7,0x9c,0xf7,0x9c,0xf7,
    0x9c,0xf7,0x9c,0xf7,0x9c,0xf7,0x9c,0xf7,0x9c,0xf7,0x9c,0xf7,0x9c,0xf7,0x9c,0xf7,0x9c,0xf7,0x9c,0xf7,0x9c,0xf7,0x9c,0xf7,0x9c,0xf7,0x9c,0xf7,0x9c,0xf7,0x9c,0xf7,
    0x9c,0xf7,0x9c,0xf7,0x9c,0xf7,0x9c,0xf7,0x9c,0xf7,0x9c,0xf7,0x9c,0xf7,0x9c,0xf7,0x9c,0xf7,0x9c,0xf7,0x9c,0xf7,0x9c,0xf7,0x9c,0xf7,0x9c,0xf7,0x9c,0xf7,0x9c,0xf7,
    0x9c,0xf7,0x9c,0xf7,0x9c,0xf7,0x9c,0xf7,0x9c,0xf7,0x9c,0xf7,0x9c,0xf7,0x9c,0xf7,0x9c,0xf7,0x9c,0xf7,0x9c,0xf7,0x9c,0xf7,0x9c,0xf7,0xf1,0x9c,0x2a,0x53,0x2a,0x53,
    0x2a,0x53,0x4a,0x53,0x6a,0x5b,0xab,0x63,0x9c,0xf7,0x9c,0xf7,0x9c,0xf7,0x9c,0xf7,0x9c,0xf7,0x9c,0xf7,0x9c,0xf7,0x9c,0xf7,0x9c,0xf7,0x9c,0xf7,0x9c,0xf7,0x9c,0xf7,
    0x9c,0xf7,0x9c,0xf7,0x4c,0x74,0xad,0x84,0xad,0x84,0xad,0x84,0xad,0x8c,0x87,0x3a,0xa8,0x3a,0x87,0x3a,0xad,0x84,0x8d,0x84,0x8c,0x84,0x6d,0x84,0x8c,0x84,0x2b,0x74,
    0xeb,0x6b,0x4c,0x7c,0x4c,0x7c,0x4c,0x7c,0x0b,0x74,0x2b,0x74,0x9c,0xf7,0x9c,0xf7,0x9c,0xf7,0x9c,0xf7,0x9c,0xf7,0x9c,0xf7,0x9c,0xf7,0x9c,0xf7,0x9c,0xf7,0x9c,0xf7,
    0x9c,0xf7,0x9c,0xf7,0x9c,0xf7,0x9c,0xf7,0x9c,0xf7,0x9c,0xf7,0x9c,0xf7,0x9c,0xf7,0x9c,0xf7,0x9c,0xf7,0x9c,0xf7,0x9c,0xf7,0x9c,0xf7,0x9c,0xf7,0x9c,0xf7,0x9c,0xf7,
    0x9c,0xf7,0x9c,0xf7,0x9c,0xf7,0x9c,0xf7,0x9c,0xf7,0x9c,0xf7,0x9c,0xf7,0x9c,0xf7,0x9c,0xf7,0x9c,0xf7,0x9c,0xf7,0x9c,0xf7,0x9c,0xf7,0x9c,0xf7,0x9c,0xf7,0x9c,0xf7,
    0x9c,0xf7,0x9c,0xf7,0x9c,0xf7,0x9c,0xf7,0x9c,0xf7,0x9c,0xf7,0x9c,0xf7,0x9c,0xf7,0x9c,0xf7,0x9c,0xf7,0x9c,0xf7,0x9c,0xf7,0x9c,0xf7,0x9c,0xf7,0x9c,0xf7,0x9c,0xf7,
    0x9c,0xf7,0x9c,0xf7,0x9c,0xf7,0x9c,0xf7,0x9c,0xf7,0x9c,0xf7,0x9c,0xf7,0x9c,0xf7,0x9c,0xf7,0x9c,0xf7,0x9c,0xf7,0x9c,0xf7,0x9c,0xf7,0x9c,0xf7,0x9c,0xf7,0x9c,0xf7,
    0x9c,0xf7,0x9c,0xf7,0x9c,0xf7,0x9c,0xf7,0x9c,0xf7,0x9c,0xf7,0x9c,0xf7,0x9c,0xf7,0x9c,0xf7,0x9c,0xf7,0x9c,0xf7,0x9c,0xf7,0x9c,0xf7,0x9c,0xf7,0x9c,0xf7,0x9c,0xf7,
    0x9c,0xf7,0x9c,0xf7,0x9c,0xf7,0x9c,0xf7,0x9c,0xf7,0x9c,0xf7,0x9c,0xf7,0x9c,0xf7,0x9c,0xf7,0x9c,0xf7,0x9c,0xf7,0x9c,0xf7,0x9c,0xf7,0x9c,0xf7,0x9c,0xf7,0x9c,0xf7,
    0x9c,0xf7,0x9c,0xf7,0x9c,0xf7,0x9c,0xf7,0x9c,0xf7,0x9c,0xf7,0x9c,0xf7,0x9c,0xf7,0x9c,0xf7,0x9c,0xf7,0x9c,0xf7,0x9c,0xf7,0x9c,0xf7,0x9c,0xf7,0x9c,0xf7,0x9c,0xf7,
    0x9c,0xf7,0x9c,0xf7,0x9c,0xf7,0x9c,0xf7,0x9c,0xf7,0x9c,0xf7,0x9c,0xf7,0x9c,0xf7,0x9c,0xf7,0x9c,0xf7,0x9c,0xf7,0x9c,0xf7,0x9c,0xf7,0x9c,0xf7,0x9c,0xf7,0x9c,0xf7,
    0x9c,0xf7,0x9c,0xf7,0x9c,0xf7,0x9c,0xf7,0x9c,0xf7,0x9c,0xf7,0x9c,0xf7,0x9c,0xf7,0x9c,0xf7,0x9c,0xf7,0x9c,0xf7,0x9c,0xf7,0x9c,0xf7,0x9c,0xf7,0x9c,0xf7,0x9c,0xf7,
    0x9c,0xf7,0x9c,0xf7,0x9c,0xf7,0x9c,0xf7,0x9c,0xf7,0x9c,0xf7,0x9c,0xf7,0x9c,0xf7,0x9c,0xf7,0x9c,0xf7,0x9c,0xf7,0x9c,0xf7,0x9c,0xf7,0x9c,0xf7,0x9c,0xf7,0x9c,0xf7,
    0x9c,0xf7,0x9c,0xf7,0x9c,0xf7,0x9c,0xf7,0x9c,0xf7,0x9c,0xf7,0x9c,0xf7,0x9c,0xf7,0x9c,0xf7,0x9c,0xf7,0x9c,0xf7,0x9c,0xf7,0x9c,0xf7,0x9c,0xf7,0x9c,0xf7,0x0e,0x74,
    0xed,0x6b,0xac,0x6b,0xac,0x6b,0x4a,0x53,0x09,0x4b,0x09,0x53,0x29,0x53,0x29,0x53,0x4a,0x53,0xcc,0x63,0x9c,0xf7,0x9c,0xf7,0x9c,0xf7,0x9c,0xf7,0x9c,0xf7,0x9c,0xf7,
    0x9c,0xf7,0x9c,0xf7,0x9c,0xf7,0x9c,0xf7,0x9c,0xf7,0x9c,0xf7,0x9c,0xf7,0xff,0xff,0x0b,0x74,0xac,0x84,0x8c,0x7c,0x6c,0x7c,0x6c,0x7c,0x67,0x3a,0xa8,0x3a,0x88,0x3a,
    0x4c,0x7c,0x4c,0x7c,0x6c,0x7c,0x6c,0x7c,0x6c,0x7c,0x6c,0x7c,0x4c,0x7c,0x4c,0x7c,0x4c,0x7c,0x4c,0x7c,0xd3,0xb5,0x92,0xad,0x9c,0xf7,0x9c,0xf7,0x9c,0xf7,0x9c,0xf7,
    0x9c,0xf7,0x9c,0xf7,0x9c,0xf7,0x9c,0xf7,0x9c,0xf7,0x9c,0xf7,0x9c,0xf7,0x9c,0xf7,0x9c,0xf7,0x9c,0xf7,0x9c,0xf7,0x9c,0xf7,0x9c,0xf7,0x9c,0xf7,0x9c,0xf7,0x9c,0xf7,
    0x9c,0xf7,0x9c,0xf7,0x9c,0xf7,0x9c,0xf7,0x9c,0xf7,0x9c,0xf7,0x9c,0xf7,0x9c,0xf7,0x9c,0xf7,0x9c,0xf7,0x9c,0xf7,0x9c,0xf7,0x9c,0xf7,0x9c,0xf7,0x9c,0xf7,0x9c,0xf7,
    0x9c,0xf7,0x9c,0xf7,0x9c,0xf7,0x9c,0xf7,0x9c,0xf7,0x9c,0xf7,0x9c,0xf7,0x9c,0xf7,0x9c,0xf7,0x9c,0xf7,0x9c,0xf7,0x9c,0xf7,0x9c,0xf7,0x9c,0xf7,0x9c,0xf7,0x9c,0xf7,
    0x9c,0xf7,0x9c,0xf7,0x9c,0xf7,0x9c,0xf7,0x9c,0xf7,0x9c,0xf7,0x9c,0xf7,0x9c,0xf7,0x9c,0xf7,0x9c,0xf7,0x9c,0xf7,0x9c,0xf7,0x9c,0xf7,0x9c,0xf7,0x9c,0xf7,0x9c,0xf7,
    0x9c,0xf7,0x9c,0xf7,0x9c,0xf7,0x9c,0xf7,0x9c,0xf7,0x9c,0xf7,0x9c,0xf7,0x9c,0xf7,0x9c,0xf7,0x9c,0xf7,0x9c,0xf7,0x9c,0xf7,0x9c,0xf7,0x9c,0xf7,0x9c,0xf7,0x9c,0xf7,
    0x9c,0xf7,0x9c,0xf7,0x9c,0xf7,0x9c,0xf7,0x9c,0xf7,0x9c,0xf7,0x9c,0xf7,0x9c,0xf7,0x9c,0xf7,0x9c,0xf7,0x9c,0xf7,0x9c,0xf7,0x9c,0xf7,0x9c,0xf7,0x9c,0xf7,0x9c,0xf7,
    0x9c,0xf7,0x9c,0xf7,0x9c,0xf7,0x9c,0xf7,0x9c,0xf7,0x9c,0xf7,0x9c,0xf7,0x9c,0xf7,0x9c,0xf7,0x9c,0xf7,0x9c,0xf7,0x9c,0xf7,0x9c,0xf7,0x9c,0xf7,0x9c,0xf7,0x9c,0xf7,
    0x9c,0xf7,0x9c,0xf7,0x9c,0xf7,0x9c,0xf7,0x9c,0xf7,0x9c,0xf7,0x9c,0xf7,0x9c,0xf7,0x9c,0xf7,0x9c,0xf7,0x9c,0xf7,0x9c,0xf7,0x9c,0xf7,0x9c,0xf7,0x9c,0xf7,0x9c,0xf7,
    0x9c,0xf7,0x9c,0xf7,0x9c,0xf7,0x9c,0xf7,0x9c,0xf7,0x9c,0xf7,0x9c,0xf7,0x9c,0xf7,0x9c,0xf7,0x9c,0xf7,0x9c,0xf7,0x9c,0xf7,0x9c,0xf7,0x9c,0xf7,0x9c,0xf7,0x9c,0xf7,
    0x9c,0xf7,0x9c,0xf7,0x9c,0xf7,0x9c,0xf7,0x9c,0xf7,0x9c,0xf7,0x9c,0xf7,0x9c,0xf7,0x9c,0xf7,0x9c,0xf7,0x9c,0xf7,0x9c,0xf7,0x9c,0xf7,0x9c,0xf7,0x9c,0xf7,0x9c,0xf7,
    0x9c,0xf7,0x9c,0xf7,0x9c,0xf7,0x9c,0xf7,0x9c,0xf7,0x9c,0xf7,0x9c,0xf7,0x9c,0xf7,0x9c,0xf7,0x9c,0xf7,0x9c,0xf7,0x9c,0xf7,0x9c,0xf7,0x9c,0xf7,0x9c,0xf7,0x9c,0xf7,
    0x9c,0xf7,0x9c,0xf7,0x9c,0xf7,0x9c,0xf7,0x9c,0xf7,0x4a,0x53,0x09,0x53,0x09,0x4b,0xe9,0x4a,0x09,0x4b,0x09,0x53,0x29,0x53,0x29,0x53,0x29,0x53,0x4a,0x53,0x4a,0x5b,
    0x4a,0x53,0x4a,0x53,0x4a,0x53,0x2a,0x53,0x98,0xce,0x9c,0xf7,0x9c,0xf7,0x9c,0xf7,0x9c,0xf7,0x9c,0xf7,0x9c,0xf7,0x9c,0xf7,0x9c,0xf7,0x9c,0xf7,0x72,0xa5,0xef,0x94,
    0x50,0x9d,0x0b,0x6c,0x0b,0x6c,0x47,0x32,0x67,0x3a,0xc8,0x42,0x2c,0x7c,0x2c,0x7c,0x4c,0x7c,0x6c,0x7c,0x4c,0x7c,0x4c,0x7c,0x4c,0x7c,0x4c,0x7c,0x4c,0x7c,0x4c,0x7c,
    0x9c,0xf7,0x9c,0xf7,0x9c,0xf7,0x9c,0xf7,0x9c,0xf7,0x9c,0xf7,0x9c,0xf7,0x9c,0xf7,0x9c,0xf7,0x9c,0xf7,0x9c,0xf7,0x9c,0xf7,0x9c,0xf7,0x9c,0xf7,0x9c,0xf7,0x9c,0xf7,
    0x9c,0xf7,0x9c,0xf7,0x9c,0xf7,0x9c,0xf7,0x9c,0xf7,0x9c,0xf7,0x9c,0xf7,0x9c,0xf7,0x9c,0xf7,0x9c,0xf7,0x9c,0xf7,0x9c,0xf7,0x9c,0xf7,0x9c,0xf7,0x9c,0xf7,0x9c,0xf7,
    0x9c,0xf7,0x9c,0xf7,0x9c,0xf7,0x9c,0xf7,0x9c,0xf7,0x9c,0xf7,0x9c,0xf7,0x9c,0xf7,0x9c,0xf7,0x9c,0xf7,0x9c,0xf7,0x9c,0xf7,0x9c,0xf7,0x9c,0xf7,0x9c,0xf7,0x9c,0xf7,
    0x9c,0xf7,0x9c,0xf7,0x9c,0xf7,0x9c,0xf7,0x9c,0xf7,0x9c,0xf7,0x9c,0xf7,0x9c,0xf7,0x9c,0xf7,0x9c,0xf7,0x9c,0xf7,0x9c,0xf7,0x9c,0xf7,0x9c,0xf7,0x9c,0xf7,0x9c,0xf7,
    0x9c,0xf7,0x9c,0xf7,0x9c,0xf7,0x9c,0xf7,0x9c,0xf7,0x9c,0xf7,0x9c,0xf7,0x9c,0xf7,0x9c,0xf7,0x9c,0xf7,0x9c,0xf7,0x9c,0xf7,0x9c,0xf7,0x9c,0xf7,0x9c,0xf7,0x9c,0xf7,
    0x9c,0xf7,0x9c,0xf7,0x9c,0xf7,0x9c,0xf7,0x9c,0xf7,0x9c,0xf7,0x9c,0xf7,0x9c,0xf7,0x9c,0xf7,0x9c,0xf7,0x9c,0xf7,0x9c,0xf7,0x9c,0xf7,0x9c,0xf7,0x9c,0xf7,0x9c,0xf7,
    0x9c,0xf7,0x9c,0xf7,0x9c,0xf7,0x9c,0xf7,0x9c,0xf7,0x9c,0xf7,0x9c,0xf7,0x9c,0xf7,0x9c,0xf7,0x9c,0xf7,0x9c,0xf7,0x9c,0xf7,0x9c,0xf7,0x9c,0xf7,0x9c,0xf7,0x9c,0xf7,
    0x9c,0xf7,0x9c,0xf7,0x9c,0xf7,0x9c,0xf7,0x9c,0xf7,0x9c,0xf7,0x9c,0xf7,0x9c,0xf7,0x9c,0xf7,0x9c,0xf7,0x9c,0xf7,0x9c,0xf7,0x9c,0xf7,0x9c,0xf7,0x9c,0xf7,0x9c,0xf7,
    0x9c,0xf7,0x9c,0xf7,0x9c,0xf7,0x9c,0xf7,0x9c,0xf7,0x9c,0xf7,0x9c,0xf7,0x9c,0xf7,0x9c,0xf7,0x9c,0xf7,0x9c,0xf7,0x9c,0xf7,0x9c,0xf7,0x9c,0xf7,0x9c,0xf7,0x9c,0xf7,
    0x9c,0xf7,0x9c,0xf7,0x9c,0xf7,0x9c,0xf7,0x9c,0xf7,0x9c,0xf7,0x9c,0xf7,0x9c,0xf7,0x9c,0xf7,0x9c,0xf7,0x9c,0xf7,0x9c,0xf7,0x9c,0xf7,0x9c,0xf7,0x9c,0xf7,0x9c,0xf7,
    0x9c,0xf7,0x9c,0xf7,0x9c,0xf7,0x9c,0xf7,0x9c,0xf7,0x9c,0xf7,0x9c,0xf7,0x9c,0xf7,0x9c,0xf7,0x9c,0xf7,0x9c,0xf7,0x9c,0xf7,0x9c,0xf7,0x9c,0xf7,0x9c,0xf7,0x9c,0xf7,
    0x9c,0xf7,0x9c,0xf7,0x9c,0xf7,0x9c,0xf7,0x9c,0xf7,0x9c,0xf7,0x9c,0xf7,0x9c,0xf7,0x9c,0xf7,0x9c,0xf7,0x9c,0xf7,0x2a,0x53,0x29,0x4b,0x29,0x53,0x09,0x53,0x29,0x53,
    0x29,0x53,0x29,0x53,0x2a,0x53,0x49,0x53,0x4a,0x53,0x4a,0x53,0x4a,0x53,0x4a,0x53,0x4a,0x53,0x4a,0x53,0x78,0xce,0x9c,0xf7,0x9c,0xf7,0x9c,0xf7,0x9c,0xf7,0x9c,0xf7,
    0x9c,0xf7,0x9c,0xf7,0x9c,0xf7,0x9c,0xf7,0x9c,0xf7,0x77,0xce,0x97,0xd6,0xab,0x63,0xaa,0x63,0x26,0x32,0x46,0x32,0xe9,0x4a,0x4c,0x7c,0x4c,0x7c,0x4c,0x7c,0x4c,0x7c,
    0x4c,0x7c,0x2c,0x7c,0x2c,0x7c,0x2c,0x74,0x2c,0x7c,0x4c,0x7c,0x9c,0xf7,0x9c,0xf7,0x9c,0xf7,0x9c,0xf7,0x9c,0xf7,0x9c,0xf7,0x9c,0xf7,0x9c,0xf7,0x9c,0xf7,0x9c,0xf7,
    0x9c,0xf7,0x9c,0xf7,0x9c,0xf7,0x9c,0xf7,0x9c,0xf7,0x9c,0xf7,0x9c,0xf7,0x9c,0xf7,0x9c,0xf7,0x9c,0xf7,0x9c,0xf7,0x9c,0xf7,0x9c,0xf7,0x9c,0xf7,0x9c,0xf7,0x9c,0xf7,
    0x9c,0xf7,0x9c,0xf7,0x9c,0xf7,0x9c,0xf7,0x9c,0xf7,0x9c,0xf7,0x9c,0xf7,0x9c,0xf7,0x9c,0xf7,0x9c,0xf7,0x9c,0xf7,0x9c,0xf7,0x9c,0xf7,0x9c,0xf7,0x9c,0xf7,0x9c,0xf7,
    0x9c,0xf7,0x9c,0xf7,0x9c,0xf7,0x9c,0xf7,0x9c,0xf7,0x9c,0xf7,0x9c,0xf7,0x9c,0xf7,0x9c,0xf7,0x9c,0xf7,0x9c,0xf7,0x9c,0xf7,0x9c,0xf7,0x9c,0xf7,0x9c,0xf7,0x9c,0xf7,
    0x9c,0xf7,0x9c,0xf7,0x9c,0xf7,0x9c,0xf7,0x9c,0xf7,0x9c,0xf7,0x9c,0xf7,0x9c,0xf7,0x9c,0xf7,0x9c,0xf7,0x9c,0xf7,0x9c,0xf7,0x9c,0xf7,0x9c,0xf7,0x9c,0xf7,0x9c,0xf7,
    0x9c,0xf7,0x9c,0xf7,0x9c,0xf7,0x9c,0xf7,0x9c,0xf7,0x9c,0xf7,0x9c,0xf7,0x9c,0xf7,0x9c,0xf7,0x9c,0xf7,0x9c,0xf7,0x9c,0xf7,0x9c,0xf7,0x9c,0xf7,0x9c,0xf7,0x9c,0xf7,
    0x9c,0xf7,0x9c,0xf7,0x9c,0xf7,0x9c,0xf7,0x9c,0xf7,0x9c,0xf7,0x9c,0xf7,0x9c,0xf7,0x9c,0xf7,0x9c,0xf7,0x9c,0xf7,0x9c,0xf7,0x9c,0xf7,0x9c,0xf7,0x9c,0xf7,0x9c,0xf7,
    0x9c,0xf7,0x9c,0xf7,0x9c,0xf7,0x9c,0xf7,0x9c,0xf7,0x9c,0xf7,0x9c,0xf7,0x9c,0xf7,0x9c,0xf7,0x9c,0xf7,0x9c,0xf7,0x9c,0xf7,0x9c,0xf7,0x9c,0xf7,0x9c,0xf7,0x9c,0xf7,
    0x9c,0xf7,0x9c,0xf7,0x9c,0xf7,0x9c,0xf7,0x9c,0xf7,0x9c,0xf7,0x9c,0xf7,0x9c,0xf7,0x9c,0xf7,0x9c,0xf7,0x9c,0xf7,0x9c,0xf7,0x9c,0xf7,0x9c,0xf7,0x9c,0xf7,0x9c,0xf7,
    0x9c,0xf7,0x9c,0xf7,0x9c,0xf7,0x9c,0xf7,0x9c,0xf7,0x9c,0xf7,0x9c,0xf7,0x9c,0xf7,0x9c,0xf7,0x9c,0xf7,0x9c,0xf7,0x9c,0xf7,0x9c,0xf7,0x9c,0xf7,0x9c,0xf7,0x9c,0xf7,
    0x9c,0xf7,0x9c,0xf7,0x9c,0xf7,0x9c,0xf7,0x9c,0xf7,0x9c,0xf7,0x9c,0xf7,0x9c,0xf7,0x9c,0xf7,0x9c,0xf7,0x9c,0xf7,0x9c,0xf7,0x9c,0xf7,0x9c,0xf7,0x9c,0xf7,0x9c,0xf7,
    0x9c,0xf7,0x9c,0xf7,0x9c,0xf7,0x9c,0xf7,0x9c,0xf7,0x9c,0xf7,0x9c,0xf7,0x9c,0xf7,0x9c,0xf7,0x9c,0xf7,0x9c,0xf7,0x9c,0xf7,0x9c,0xf7,0x9c,0xf7,0x9c,0xf7,0x9c,0xf7,
    0x9c,0xf7,0x09,0x4b,0x09,0x4b,0x29,0x53,0x29,0x53,0x29,0x53,0x09,0x4b,0x09,0x4b,0x29,0x53,0x4a,0x53,0x4a,0x53,0x49,0x53,0x29,0x53,0x29,0x53,0x29,0x53,0x29,0x53,
    0x09,0x4b,0x08,0x4b,0x29,0x53,0x57,0xce,0x9c,0xf7,0x9c,0xf7,0x9c,0xf7,0x9c,0xf7,0x9c,0xf7,0x9c,0xf7,0x9c,0xf7,0x9c,0xf7,0xf9,0xe6,0x09,0x53,0x09,0x53,0x09,0x53,
    0x29,0x53,0x8a,0x63,0x8c,0x7c,0x8d,0x7c,0x8d,0x84,0x8d,0x84,0x6c,0x7c,0x6c,0x84,0x6c,0x7c,0xae,0x8c,0xb3,0xb5,0xb3,0xb5,0x9c,0xf7,0x9c,0xf7,0x9c,0xf7,0x9c,0xf7,
    0x9c,0xf7,0x9c,0xf7,0x9c,0xf7,0x9c,0xf7,0x9c,0xf7,0x9c,0xf7,0x9c,0xf7,0x9c,0xf7,0x9c,0xf7,0x9c,0xf7,0x9c,0xf7,0x9c,0xf7,0x9c,0xf7,0x9c,0xf7,0x9c,0xf7,0x9c,0xf7,
    0x9c,0xf7,0x9c,0xf7,0x9c,0xf7,0x9c,0xf7,0x9c,0xf7,0x9c,0xf7,0x9c,0xf7,0x9c,0xf7,0x9c,0xf7,0x9c,0xf7,0x9c,0xf7,0x9c,0xf7,0x9c,0xf7,0x9c,0xf7,0x9c,0xf7,0x9c,0xf7,
    0x9c,0xf7,0x9c,0xf7,0x9c,0xf7,0x9c,0xf7,0x9c,0xf7,0x9c,0xf7,0x9c,0xf7,0x9c,0xf7,0x9c,0xf7,0x9c,0xf7,0x9c,0xf7,0x9c,0xf7,0x9c,0xf7,0x9c,0xf7,0x9c,0xf7,0x9c,0xf7,
    0x9c,0xf7,0x9c,0xf7,0x9c,0xf7,0x9c,0xf7,0x9c,0xf7,0x9c,0xf7,0x9c,0xf7,0x9c,0xf7,0x9c,0xf7,0x9c,0xf7,0x9c,0xf7,0x9c,0xf7,0x9c,0xf7,0x9c,0xf7,0x9c,0xf7,0x9c,0xf7,
    0x9c,0xf7,0x9c,0xf7,0x9c,0xf7,0x9c,0xf7,0x9c,0xf7,0x9c,0xf7,0x9c,0xf7,0x9c,0xf7,0x9c,0xf7,0x9c,0xf7,0x9c,0xf7,0x9c,0xf7,0x9c,0xf7,0x9c,0xf7,0x9c,0xf7,0x9c,0xf7,
    0x9c,0xf7,0x9c,0xf7,0x9c,0xf7,0x9c,0xf7,0x9c,0xf7,0x9c,0xf7,0x9c,0xf7,0x9c,0xf7,0x9c,0xf7,0x9c,0xf7,0x9c,0xf7,0x9c,0xf7,0x9c,0xf7,0x9c,0xf7,0x9c,0xf7,0x9c,0xf7,
    0x9c,0xf7,0x9c,0xf7,0x9c,0xf7,0x9c,0xf7,0x9c,0xf7,0x9c,0xf7,0x9c,0xf7,0x9c,0xf7,0x9c,0xf7,0x9c,0xf7,0x9c,0xf7,0x9c,0xf7,0x9c,0xf7,0x9c,0xf7,0x9c,0xf7,0x9c,0xf7,
    0x9c,0xf7,0x9c,0xf7,0x9c,0xf7,0x9c,0xf7,0x9c,0xf7,0x9c,0xf7,0x9c,0xf7,0x9c,0xf7,0x9c,0xf7,0x9c,0xf7,0x9c,0xf7,0x9c,0xf7,0x9c,0xf7,0x9c,0xf7,0x9c,0xf7,0x9c,0xf7,
    0x9c,0xf7,0x9c,0xf7,0x9c,0xf7,0x9c,0xf7,0x9c,0xf7,0x9c,0xf7,0x9c,0xf7,0x36,0xd6,0x36,0xd6,0x9c,0xf7,0x9c,0xf7,0x9c,0xf7,0x9c,0xf7,0x9c,0xf7,0x9c,0xf7,0x9c,0xf7,
    0x9c,0xf7,0x9c,0xf7,0x9c,0xf7,0x9c,0xf7,0x9c,0xf7,0x9c,0xf7,0x9c,0xf7,0x9c,0xf7,0x9c,0xf7,0x9c,0xf7,0x9c,0xf7,0x9c,0xf7,0x9c,0xf7,0x9c,0xf7,0x9c,0xf7,0x9c,0xf7,
    0x9c,0xf7,0x9c,0xf7,0x9c,0xf7,0x9c,0xf7,0x9c,0xf7,0x9c,0xf7,0x9c,0xf7,0x9c,0xf7,0x9c,0xf7,0x9c,0xf7,0x9c,0xf7,0x9c,0xf7,0x9c,0xf7,0x9c,0xf7,0x9c,0xf7,0x9c,0xf7,
    0x9c,0xf7,0x9c,0xf7,0x9c,0xf7,0x9c,0xf7,0x9c,0xf7,0x9c,0xf7,0x9c,0xf7,0xe9,0x4a,0xe9,0x4a,0x29,0x53,0x29,0x53,0x29,0x53,0xe9,0x4a,0xe9,0x4a,0x2a,0x53,0x29,0x53,
    0x29,0x53,0x29,0x53,0x29,0x53,0x29,0x53,0x29,0x53,0x29,0x53,0x29,0x53,0x4a,0x53,0x6a,0x5b,0xfa,0xde,0x9c,0xf7,0x9c,0xf7,0x9c,0xf7,0x9c,0xf7,0x9c,0xf7,0x9c,0xf7,
    0x9c,0xf7,0x9c,0xf7,0xf9,0xde,0x88,0x3a,0x87,0x42,0xaa,0x63,0xd2,0xb5,0x50,0xa5,0x4c,0x7c,0x4b,0x74,0x4b,0x74,0x4b,0x74,0x2b,0x74,0x8c,0x7c,0x6c,0x7c,0xd3,0xb5,
    0x9c,0xf7,0x9c,0xf7,0x9c,0xf7,0x9c,0xf7,0x9c,0xf7,0x9c,0xf7,0x9c,0xf7,0x9c,0xf7,0x9c,0xf7,0x9c,0xf7,0x9c,0xf7,0x9c,0xf7,0x9c,0xf7,0x9c,0xf7,0x9c,0xf7,0x9c,0xf7,
    0x9c,0xf7,0x9c,0xf7,0x9c,0xf7,0x9c,0xf7,0x9c,0xf7,0x9c,0xf7,0x9c,0xf7,0x9c,0xf7,0x9c,0xf7,0x9c,0xf7,0x9c,0xf7,0x9c,0xf7,0x9c,0xf7,0x9c,0xf7,0x9c,0xf7,0x9c,0xf7,
    0x9c,0xf7,0x9c,0xf7,0x9c,0xf7,0x9c,0xf7,0x9c,0xf7,0x9c,0xf7,0x9c,0xf7,0x9c,0xf7,0x9c,0xf7,0x9c,0xf7,0x9c,0xf7,0x9c,0xf7,0x9c,0xf7,0x9c,0xf7,0x9c,0xf7,0x9c,0xf7,
    0x9c,0xf7,0x9c,0xf7,0x9c,0xf7,0x9c,0xf7,0x9c,0xf7,0x9c,0xf7,0x9c,0xf7,0x9c,0xf7,0x9c,0xf7,0x9c,0xf7,0x9c,0xf7,0x9c,0xf7,0x9c,0xf7,0x9c,0xf7,0x9c,0xf7,0x9c,0xf7,
    0x9c,0xf7,0x9c,0xf7,0x9c,0xf7,0x9c,0xf7,0x9c,0xf7,0x9c,0xf7,0x9c,0xf7,0x9c,0xf7,0x9c,0xf7,0x9c,0xf7,0x9c,0xf7,0x9c,0xf7,0x9c,0xf7,0x9c,0xf7,0x9c,0xf7,0x9c,0xf7,
    0x9c,0xf7,0x9c,0xf7,0x9c,0xf7,0x9c,0xf7,0x9c,0xf7,0x9c,0xf7,0x9c,0xf7,0x9c,0xf7,0x9c,0xf7,0x9c,0xf7,0x9c,0xf7,0x9c,0xf7,0x9c,0xf7,0x9c,0xf7,0x9c,0xf7,0x9c,0xf7,
    0x9c,0xf7,0x9c,0xf7,0x9c,0xf7,0x9c,0xf7,0x9c,0xf7,0x9c,0xf7,0x9c,0xf7,0x9c,0xf7,0x33,0xa5,0xf3,0x9c,0xf3,0x9c,0xf3,0x9c,0x13,0x9d,0x13,0x9d,0x13,0x9d,0x54,0xa5,
    0x75,0xad,0x9c,0xf7,0x9c,0xf7,0x9c,0xf7,0x9c,0xf7,0x9c,0xf7,0x9c,0xf7,0x9c,0xf7,0x9c,0xf7,0x9c,0xf7,0x9c,0xf7,0x9c,0xf7,0x9c,0xf7,0x9c,0xf7,0x9c,0xf7,0x9c,0xf7,
    0x9c,0xf7,0x9c,0xf7,0x9c,0xf7,0x9c,0xf7,0x9c,0xf7,0x9c,0xf7,0x9c,0xf7,0x9c,0xf7,0x9c,0xf7,0x9c,0xf7,0x9c,0xf7,0x9c,0xf7,0x9c,0xf7,0x56,0xd6,0x56,0xd6,0x9c,0xf7,
    0x9c,0xf7,0x9c,0xf7,0x9c,0xf7,0x9c,0xf7,0x9c,0xf7,0x9c,0xf7,0x9c,0xf7,0x9c,0xf7,0x9c,0xf7,0x9c,0xf7,0x9c,0xf7,0x9c,0xf7,0x9c,0xf7,0x9c,0xf7,0x9c,0xf7,0x9c,0xf7,
    0x9c,0xf7,0x9c,0xf7,0x9c,0xf7,0x9c,0xf7,0x9c,0xf7,0x9c,0xf7,0x9c,0xf7,0x9c,0xf7,0x9c,0xf7,0x9c,0xf7,0x9c,0xf7,0x9c,0xf7,0x9c,0xf7,0x9c,0xf7,0x9c,0xf7,0x9c,0xf7,
    0x9c,0xf7,0x9c,0xf7,0x9c,0xf7,0x9c,0xf7,0x9c,0xf7,0x9c,0xf7,0x9c,0xf7,0x9c,0xf7,0x9c,0xf7,0x9c,0xf7,0x9c,0xf7,0x9c,0xf7,0x9c,0xf7,0xe9,0x4a,0xe9,0x4a,0x29,0x53,
    0x29,0x53,0x29,0x53,0xe9,0x4a,0xe8,0x4a,0x29,0x53,0x29,0x53,0x09,0x53,0x09,0x53,0x29,0x53,0x29,0x53,0x29,0x53,0x29,0x53,0x4a,0x53,0x4a,0x53,0x6a,0x5b,0x1a,0xdf,
    0x9c,0xf7,0x9c,0xf7,0x9c,0xf7,0x9c,0xf7,0x9c,0xf7,0x9c,0xf7,0x9c,0xf7,0x9c,0xf7,0xf9,0xde,0xa8,0x42,0xa8,0x42,0x4a,0x5b,0x9c,0xf7,0xf9,0xe6,0x8e,0x8c,0x8d,0x84,
    0x8d,0x84,0x8d,0x84,0x8d,0x84,0xae,0x8c,0xae,0x8c,0x15,0xbe,0x9c,0xf7,0x9c,0xf7,0x9c,0xf7,0x9c,0xf7,0x9c,0xf7,0x9c,0xf7,0x9c,0xf7,0x9c,0xf7,0x9c,0xf7,0x9c,0xf7,
    0x9c,0xf7,0x9c,0xf7,0x9c,0xf7,0x9c,0xf7,0x9c,0xf7,0x9c,0xf7,0x9c,0xf7,0x9c,0xf7,0x9c,0xf7,0x9c,0xf7,0x9c,0xf7,0x9c,0xf7,0x9c,0xf7,0x9c,0xf7,0x9c,0xf7,0x9c,0xf7,
    0x9c,0xf7,0x9c,0xf7,0x9c,0xf7,0x9c,0xf7,0x9c,0xf7,0x9c,0xf7,0x9c,0xf7,0x9c,0xf7,0x9c,0xf7,0x9c,0xf7,0x9c,0xf7,0x9c,0xf7,0x9c,0xf7,0x9c,0xf7,0x9c,0xf7,0x9c,0xf7,
    0x9c,0xf7,0x9c,0xf7,0x9c,0xf7,0x9c,0xf7,0x9c,0xf7,0x9c,0xf7,0x9c,0xf7,0x9c,0xf7,0x9c,0xf7,0x9c,0xf7,0x9c,0xf7,0x9c,0xf7,0x9c,0xf7,0x9c,0xf7,0x9c,0xf7,0x9c,0xf7,
    0x9c,0xf7,0x9c,0xf7,0x9c,0xf7,0x9c,0xf7,0x9c,0xf7,0x9c,0xf7,0x9c,0xf7,0x9c,0xf7,0x9c,0xf7,0x9c,0xf7,0x9c,0xf7,0x9c,0xf7,0x9c,0xf7,0x9c,0xf7,0x9c,0xf7,0x9c,0xf7,
    0x9c,0xf7,0x9c,0xf7,0x9c,0xf7,0x9c,0xf7,0x9c,0xf7,0x9c,0xf7,0x9c,0xf7,0x9c,0xf7,0x9c,0xf7,0x9c,0xf7,0x9c,0xf7,0x9c,0xf7,0x9c,0xf7,0x9c,0xf7,0x9c,0xf7,0x9c,0xf7,
    0x9c,0xf7,0x9c,0xf7,0x9c,0xf7,0x9c,0xf7,0x9c,0xf7,0x9c,0xf7,0x9c,0xf7,0x9c,0xf7,0x9c,0xf7,0x9c,0xf7,0x9c,0xf7,0x9c,0xf7,0x9c,0xf7,0x9c,0xf7,0x6a,0x42,0xc8,0x29,
    0xc8,0x29,0xa8,0x29,0xa8,0x29,0xa8,0x29,0xa8,0x29,0xc8,0x29,0xc9,0x29,0x9c,0xf7,0x9c,0xf7,0x9c,0xf7,0x9c,0xf7,0x9c,0xf7,0x9c,0xf7,0x9c,0xf7,0x9c,0xf7,0x9c,0xf7,
    0x9c,0xf7,0x9c,0xf7,0x9c,0xf7,0x9c,0xf7,0x9c,0xf7,0x9c,0xf7,0x9c,0xf7,0x9c,0xf7,0x9c,0xf7,0x9c,0xf7,0x9c,0xf7,0x9c,0xf7,0x9c,0xf7,0x9c,0xf7,0x9c,0xf7,0x9c,0xf7,
    0x9c,0xf7,0x9c,0xf7,0x9c,0xf7,0x57,0xd6,0x56,0xd6,0x9c,0xf7,0x9c,0xf7,0x9c,0xf7,0x9c,0xf7,0x9c,0xf7,0x9c,0xf7,0x9c,0xf7,0x9c,0xf7,0x9c,0xf7,0x9c,0xf7,0x9c,0xf7,
    0x9c,0xf7,0x9c,0xf7,0x9c,0xf7,0x9c,0xf7,0x9c,0xf7,0x9c,0xf7,0x9c,0xf7,0x9c,0xf7,0x9c,0xf7,0x9c,0xf7,0x9c,0xf7,0x9c,0xf7,0x9c,0xf7,0x9c,0xf7,0x9c,0xf7,0x9c,0xf7,
    0x9c,0xf7,0x9c,0xf7,0x9c,0xf7,0x9c,0xf7,0x9c,0xf7,0x9c,0xf7,0x9c,0xf7,0x9c,0xf7,0x9c,0xf7,0x9c,0xf7,0x9c,0xf7,0x9c,0xf7,0x9c,0xf7,0x9c,0xf7,0x9c,0xf7,0x9c,0xf7,
    0x9c,0xf7,0x9c,0xf7,0x9c,0xf7,0x09,0x4b,0x09,0x4b,0x4a,0x53,0x49,0x53,0x49,0x53,0x29,0x53,0x29,0x53,0x47,0x3a,0x07,0x32,0x06,0x32,0x09,0x4b,0x09,0x4b,0x29,0x53,
    0x29,0x53,0x4a,0x53,0x4a,0x53,0x4a,0x53,0x6a,0x53,0x6a,0x53,0x4a,0x53,0x2a,0x53,0xe8,0x42,0x9c,0xf7,0x9c,0xf7,0x9c,0xf7,0x9c,0xf7,0x9c,0xf7,0x19,0xdf,0xe9,0x42,
    0xe9,0x4a,0xff,0xff,0x9c,0xf7,0x9c,0xf7,0x9c,0xf7,0x9c,0xf7,0x9c,0xf7,0x9c,0xf7,0x9c,0xf7,0x9c,0xf7,0x9c,0xf7,0x9c,0xf7,0x9c,0xf7,0x9c,0xf7,0x9c,0xf7,0x9c,0xf7,
    0x9c,0xf7,0x9c,0xf7,0x9c,0xf7,0x9c,0xf7,0x9c,0xf7,0x9c,0xf7,0x9c,0xf7,0x9c,0xf7,0x9c,0xf7,0x9c,0xf7,0x9c,0xf7,0x9c,0xf7,0x9c,0xf7,0x9c,0xf7,0x9c,0xf7,0x9c,0xf7,
    0x9c,0xf7,0x9c,0xf7,0x9c,0xf7,0x9c,0xf7,0x9c,0xf7,0x9c,0xf7,0x9c,0xf7,0x9c,0xf7,0x9c,0xf7,0x9c,0xf7,0x9c,0xf7,0x9c,0xf7,0x9c,0xf7,0x9c,0xf7,0x9c,0xf7,0x9c,0xf7,
    0x9c,0xf7,0x9c,0xf7,0x9c,0xf7,0x9c,0xf7,0x9c,0xf7,0x9c,0xf7,0x9c,0xf7,0x9c,0xf7,0x9c,0xf7,0x9c,0xf7,0x9c,0xf7,0x9c,0xf7,0x9c,0xf7,0x9c,0xf7,0x9c,0xf7,0x9c,0xf7,
    0x9c,0xf7,0x9c,0xf7,0x9c,0xf7,0x9c,0xf7,0x9c,0xf7,0x9c,0xf7,0x9c,0xf7,0x9c,0xf7,0x9c,0xf7,0x9c,0xf7,0x9c,0xf7,0x9c,0xf7,0x9c,0xf7,0x9c,0xf7,0x9c,0xf7,0x9c,0xf7,
    0x9c,0xf7,0x9c,0xf7,0x9c,0xf7,0x9c,0xf7,0x9c,0xf7,0x9c,0xf7,0x9c,0xf7,0x9c,0xf7,0x9c,0xf7,0x9c,0xf7,0x9c,0xf7,0x9c,0xf7,0x9c,0xf7,0x9c,0xf7,0x9c,0xf7,0x9c,0xf7,
    0x9c,0xf7,0x9c,0xf7,0x9c,0xf7,0x9c,0xf7,0x9c,0xf7,0x9c,0xf7,0x9c,0xf7,0x9c,0xf7,0x9c,0xf7,0x9c,0xf7,0x9c,0xf7,0x9c,0xf7,0x9c,0xf7,0x9c,0xf7,0x9c,0xf7,0x9c,0xf7,
    0x9c,0xf7,0x9c,0xf7,0x9c,0xf7,0x9c,0xf7,0xd6,0xbd,0x34,0xa5,0xf3,0x9c,0xf3,0x9c,0x71,0x8c,0x47,0x21,0x87,0x29,0x87,0x21,0x66,0x21,0x9c,0xf7,0x9c,0xf7,0x9c,0xf7,
    0x9c,0xf7,0x9c,0xf7,0x9c,0xf7,0x9c,0xf7,0x9c,0xf7,0x9c,0xf7,0x9c,0xf7,0x9c,0xf7,0x9c,0xf7,0x9c,0xf7,0x9c,0xf7,0x9c,0xf7,0x9c,0xf7,0x9c,0xf7,0x9c,0xf7,0x9c,0xf7,
    0x9c,0xf7,0x9c,0xf7,0x9c,0xf7,0x9c,0xf7,0x9c,0xf7,0x9c,0xf7,0x9c,0xf7,0x9c,0xf7,0x9c,0xf7,0x56,0xd6,0x56,0xd6,0x9c,0xf7,0x9c,0xf7,0x9c,0xf7,0x9c,0xf7,0x9c,0xf7,
    0x9c,0xf7,0x9c,0xf7,0x9c,0xf7,0x9c,0xf7,0x9c,0xf7,0x9c,0xf7,0x9c,0xf7,0x9c,0xf7,0x9c,0xf7,0x9c,0xf7,0x9c,0xf7,0x9c,0xf7,0x9c,0xf7,0x9c,0xf7,0x9c,0xf7,0x9c,0xf7,
    0x9c,0xf7,0x9c,0xf7,0x9c,0xf7,0x9c,0xf7,0x9c,0xf7,0x9c,0xf7,0x9c,0xf7,0x9c,0xf7,0x9c,0xf7,0x9c,0xf7,0x9c,0xf7,0x9c,0xf7,0x9c,0xf7,0x9c,0xf7,0x9c,0xf7,0x9c,0xf7,
    0x9c,0xf7,0x9c,0xf7,0x9c,0xf7,0x9c,0xf7,0x9c,0xf7,0x9c,0xf7,0x9c,0xf7,0x9c,0xf7,0x9c,0xf7,0x29,0x4b,0x49,0x53,0x4a,0x5b,0x4a,0x53,0x29,0x53,0x29,0x53,0x09,0x53,
    0x27,0x32,0x07,0x32,0x06,0x32,0x09,0x53,0x29,0x53,0x4a,0x53,0x4a,0x53,0x49,0x53,0x49,0x53,0x29,0x53,0x29,0x53,0x29,0x53,0x09,0x4b,0x09,0x4b,0xc7,0x42,0x9c,0xf7,
    0x9c,0xf7,0x9c,0xf7,0x9c,0xf7,0x9c,0xf7,0x3a,0xdf,0x09,0x4b,0x29,0x4b,0xff,0xff,0x9c,0xf7,0x9c,0xf7,0x9c,0xf7,0x9c,0xf7,0x9c,0xf7,0x9c,0xf7,0x9c,0xf7,0x9c,0xf7,
    0x9c,0xf7,0x9c,0xf7,0x9c,0xf7,0x9c,0xf7,0x9c,0xf7,0x9c,0xf7,0x9c,0xf7,0x9c,0xf7,0x9c,0xf7,0x9c,0xf7,0x9c,0xf7,0x9c,0xf7,0x9c,0xf7,0x9c,0xf7,0x9c,0xf7,0x9c,0xf7,
    0x9c,0xf7,0x9c,0xf7,0x9c,0xf7,0x9c,0xf7,0x9c,0xf7,0x9c,0xf7,0x9c,0xf7,0x9c,0xf7,0x9c,0xf7,0x9c,0xf7,0x9c,0xf7,0x9c,0xf7,0x9c,0xf7,0x9c,0xf7,0x9c,0xf7,0x9c,0xf7,
    0x9c,0xf7,0x9c,0xf7,0x9c,0xf7,0x9c,0xf7,0x9c,0xf7,0x9c,0xf7,0x9c,0xf7,0x9c,0xf7,0x9c,0xf7,0x9c,0xf7,0x9c,0xf7,0x9c,0xf7,0x9c,0xf7,0x9c,0xf7,0x9c,0xf7,0x9c,0xf7,
    0x9c,0xf7,0x9c,0xf7,0x9c,0xf7,0x9c,0xf7,0x9c,0xf7,0x9c,0xf7,0x9c,0xf7,0x9c,0xf7,0x9c,0xf7,0x9c,0xf7,0x9c,0xf7,0x9c,0xf7,0x9c,0xf7,0x9c,0xf7,0x9c,0xf7,0x9c,0xf7,
    0x9c,0xf7,0x9c,0xf7,0x9c,0xf7,0x9c,0xf7,0x9c,0xf7,0x9c,0xf7,0x9c,0xf7,0x9c,0xf7,0x9c,0xf7,0x9c,0xf7,0x9c,0xf7,0x9c,0xf7,0x9c,0xf7,0x9c,0xf7,0x9c,0xf7,0x9c,0xf7,
    0x9c,0xf7,0x9c,0xf7,0x9c,0xf7,0x9c,0xf7,0x9c,0xf7,0x9c,0xf7,0x9c,0xf7,0x9c,0xf7,0x9c,0xf7,0x9c,0xf7,0x9c,0xf7,0x9c,0xf7,0x9c,0xf7,0x9c,0xf7,0x9c,0xf7,0x9c,0xf7,
    0x9c,0xf7,0x9c,0xf7,0x9c,0xf7,0x9c,0xf7,0x9c,0xf7,0x9c,0xf7,0x9c,0xf7,0x9c,0xf7,0x9c,0xf7,0x9c,0xf7,0x9c,0xf7,0x9c,0xf7,0x9c,0xf7,0xff,0xff,0xda,0xde,0xc8,0x29,
    0x88,0x21,0x49,0x42,0x9c,0xf7,0x9c,0xf7,0x9c,0xf7,0x9c,0xf7,0x9c,0xf7,0x9c,0xf7,0x9c,0xf7,0x9c,0xf7,0x9c,0xf7,0x9c,0xf7,0x9c,0xf7,0x9c,0xf7,0x9c,0xf7,0x9c,0xf7,
    0x9c,0xf7,0x9c,0xf7,0x9c,0xf7,0x9c,0xf7,0x9c,0xf7,0x9c,0xf7,0x9c,0xf7,0x9c,0xf7,0x9c,0xf7,0x9c,0xf7,0x9c,0xf7,0x9c,0xf7,0x9c,0xf7,0x9c,0xf7,0x77,0xde,0x77,0xde,
    0x9c,0xf7,0x9c,0xf7,0x9c,0xf7,0x9c,0xf7,0x9c,0xf7,0x9c,0xf7,0x9c,0xf7,0x9c,0xf7,0x9c,0xf7,0x9c,0xf7,0x9c,0xf7,0x9c,0xf7,0x9c,0xf7,0x9c,0xf7,0x9c,0xf7,0x9c,0xf7,
    0x9c,0xf7,0x9c,0xf7,0x9c,0xf7,0x9c,0xf7,0x9c,0xf7,0x9c,0xf7,0x9c,0xf7,0x9c,0xf7,0x9c,0xf7,0x9c,0xf7,0x9c,0xf7,0x9c,0xf7,0x9c,0xf7,0x9c,0xf7,0x9c,0xf7,0x9c,0xf7,
    0x9c,0xf7,0x9c,0xf7,0x9c,0xf7,0x9c,0xf7,0x9c,0xf7,0x9c,0xf7,0x9c,0xf7,0x9c,0xf7,0x9c,0xf7,0x9c,0xf7,0x9c,0xf7,0x9c,0xf7,0x9c,0xf7,0x9c,0xf7,0x9c,0xf7,0x29,0x4b,
    0x29,0x4b,0x6a,0x53,0x4a,0x53,0x29,0x53,0x29,0x53,0x09,0x4b,0xe9,0x4a,0xe9,0x4a,0xe9,0x4a,0x27,0x32,0x67,0x32,0x09,0x4b,0xa8,0x3a,0x29,0x53,0x29,0x53,0x29,0x53,
    0x29,0x53,0x29,0x53,0x09,0x4b,0x09,0x4b,0x09,0x4b,0x9c,0xf7,0x9c,0xf7,0x9c,0xf7,0x9c,0xf7,0x9c,0xf7,0x3a,0xe7,0x09,0x4b,0x29,0x4b,0x9c,0xf7,0x9c,0xf7,0x9c,0xf7,
    0x9c,0xf7,0x9c,0xf7,0x9c,0xf7,0x9c,0xf7,0x9c,0xf7,0x9c,0xf7,0x9c,0xf7,0x9c,0xf7,0x9c,0xf7,0x9c,0xf7,0x9c,0xf7,0x9c,0xf7,0x9c,0xf7,0x9c,0xf7,0x9c,0xf7,0x9c,0xf7,
    0x9c,0xf7,0x9c,0xf7,0x9c,0xf7,0x9c,0xf7,0x9c,0xf7,0x9c,0xf7,0x9c,0xf7,0x9c,0xf7,0x9c,0xf7,0x9c,0xf7,0x9c,0xf7,0x9c,0xf7,0x9c,0xf7,0x9c,0xf7,0x9c,0xf7,0x9c,0xf7,
    0x9c,0xf7,0x9c,0xf7,0x9c,0xf7,0x9c,0xf7,0x9c,0xf7,0x9c,0xf7,0x9c,0xf7,0x9c,0xf7,0x9c,0xf7,0x9c,0xf7,0x9c,0xf7,0x9c,0xf7,0x9c,0xf7,0x9c,0xf7,0x9c,0xf7,0x9c,0xf7,
    0x9c,0xf7,0x9c,0xf7,0x9c,0xf7,0x9c,0xf7,0x9c,0xf7,0x9c,0xf7,0x9c,0xf7,0x9c,0xf7,0x9c,0xf7,0x9c,0xf7,0x9c,0xf7,0x9c,0xf7,0x9c,0xf7,0x9c,0xf7,0x9c,0xf7,0x9c,0xf7,
    0x9c,0xf7,0x9c,0xf7,0x9c,0xf7,0x9c,0xf7,0x9c,0xf7,0x9c,0xf7,0x9c,0xf7,0x9c,0xf7,0x9c,0xf7,0x9c,0xf7,0x9c,0xf7,0x9c,0xf7,0x9c,0xf7,0x9c,0xf7,0x9c,0xf7,0x9c,0xf7,
    0x9c,0xf7,0x9c,0xf7,0x9c,0xf7,0x9c,0xf7,0x9c,0xf7,0x9c,0xf7,0x9c,0xf7,0x9c,0xf7,0x9c,0xf7,0x9c,0xf7,0x9c,0xf7,0x9c,0xf7,0x9c,0xf7,0x9c,0xf7,0x9c,0xf7,0x9c,0xf7,
    0x9c,0xf7,0x9c,0xf7,0x9c,0xf7,0x9c,0xf7,0x9c,0xf7,0xc9,0x29,0x4a,0x3a,0x4a,0x3a,0x2a,0x3a,0x09,0x32,0xe9,0x31,0x09,0x3a,0x9c,0xf7,0x9c,0xf7,0x9c,0xf7,0x9c,0xf7,
    0x9c,0xf7,0x9c,0xf7,0x9c,0xf7,0xc8,0x29,0xa8,0x29,0xc9,0x29,0xa8,0x21,0x9c,0xf7,0x9c,0xf7,0x9c,0xf7,0x9c,0xf7,0x9c,0xf7,0x9c,0xf7,0x9c,0xf7,0x9c,0xf7,0x9c,0xf7,
    0x9c,0xf7,0x9c,0xf7,0x9c,0xf7,0x9c,0xf7,0x9c,0xf7,0x9c,0xf7,0x9c,0xf7,0x9c,0xf7,0x9c,0xf7,0x9c,0xf7,0x9c,0xf7,0x9c,0xf7,0x9c,0xf7,0x9c,0xf7,0x9c,0xf7,0x9c,0xf7,
    0x9c,0xf7,0x9c,0xf7,0x9c,0xf7,0x9c,0xf7,0x57,0xd6,0x77,0xd6,0x9c,0xf7,0x9c,0xf7,0x9c,0xf7,0x9c,0xf7,0x9c,0xf7,0x9c,0xf7,0x9c,0xf7,0x9c,0xf7,0x9c,0xf7,0x9c,0xf7,
    0x9c,0xf7,0x9c,0xf7,0x9c,0xf7,0x9c,0xf7,0x9c,0xf7,0x9c,0xf7,0x9c,0xf7,0x9c,0xf7,0x9c,0xf7,0x9c,0xf7,0x9c,0xf7,0x9c,0xf7,0x9c,0xf7,0x9c,0xf7,0x9c,0xf7,0x9c,0xf7,
    0x9c,0xf7,0x9c,0xf7,0x9c,0xf7,0x9c,0xf7,0x9c,0xf7,0x9c,0xf7,0x9c,0xf7,0x9c,0xf7,0x9c,0xf7,0x9c,0xf7,0x9c,0xf7,0x9c,0xf7,0x9c,0xf7,0x9c,0xf7,0x9c,0xf7,0x9c,0xf7,
    0x9c,0xf7,0x9c,0xf7,0x9c,0xf7,0x9c,0xf7,0x9c,0xf7,0x8f,0x84,0x8b,0x63,0x6a,0x53,0x4a,0x53,0x29,0x53,0x29,0x53,0x29,0x53,0x29,0x53,0x29,0x53,0x4a,0x53,0x47,0x32,
    0x67,0x32,0x68,0x3a,0x67,0x32,0xe9,0x4a,0x29,0x53,0x29,0x53,0x29,0x53,0x29,0x53,0x09,0x4b,0x09,0x4b,0xc8,0x42,0x9c,0xf7,0x9c,0xf7,0x9c,0xf7,0x9c,0xf7,0x9c,0xf7,
    0x19,0xdf,0xc8,0x42,0xe8,0x42,0x9c,0xf7,0x9c,0xf7,0x9c,0xf7,0x9c,0xf7,0x9c,0xf7,0x9c,0xf7,0x9c,0xf7,0x9c,0xf7,0x9c,0xf7,0x9c,0xf7,0x9c,0xf7,0x9c,0xf7,0x9c,0xf7,
    0x9c,0xf7,0x9c,0xf7,0x9c,0xf7,0x9c,0xf7,0x9c,0xf7,0x9c,0xf7,0x9c,0xf7,0x9c,0xf7,0x9c,0xf7,0x9c,0xf7,0x9c,0xf7,0x9c,0xf7,0x9c,0xf7,0x9c,0xf7,0x9c,0xf7,0x9c,0xf7,
    0x9c,0xf7,0x9c,0xf7,0x9c,0xf7,0x9c,0xf7,0x9c,0xf7,0x9c,0xf7,0x9c,0xf7,0x9c,0xf7,0x9c,0xf7,0x9c,0xf7,0x9c,0xf7,0x9c,0xf7,0x9c,0xf7,0x9c,0xf7,0x9c,0xf7,0x9c,0xf7,
    0x9c,0xf7,0x9c,0xf7,0x9c,0xf7,0x9c,0xf7,0x9c,0xf7,0x9c,0xf7,0x9c,0xf7,0x9c,0xf7,0x9c,0xf7,0x9c,0xf7,0x9c,0xf7,0x9c,0xf7,0x9c,0xf7,0x9c,0xf7,0x9c,0xf7,0x9c,0xf7,
    0x9c,0xf7,0x9c,0xf7,0x9c,0xf7,0x9c,0xf7,0x9c,0xf7,0x9c,0xf7,0x9c,0xf7,0x9c,0xf7,0x9c,0xf7,0x9c,0xf7,0x9c,0xf7,0x9c,0xf7,0x9c,0xf7,0x9c,0xf7,0x9c,0xf7,0x9c,0xf7,
    0x9c,0xf7,0x9c,0xf7,0x9c,0xf7,0x9c,0xf7,0x9c,0xf7,0x9c,0xf7,0x9c,0xf7,0x9c,0xf7,0x9c,0xf7,0x9c,0xf7,0x9c,0xf7,0x9c,0xf7,0x9c,0xf7,0x9c,0xf7,0x9c,0xf7,0x9c,0xf7,
    0x9c,0xf7,0x9c,0xf7,0x9c,0xf7,0x9c,0xf7,0x9c,0xf7,0x9c,0xf7,0x9c,0xf7,0x9c,0xf7,0x9c,0xf7,0x9c,0xf7,0x9c,0xf7,0x03,0x00,0x84,0x00,0x84,0x00,0x43,0x00,0x67,0x21,
    0x88,0x21,0x06,0x11,0x9c,0xf7,0x9c,0xf7,0x9c,0xf7,0x9c,0xf7,0x9c,0xf7,0x9c,0xf7,0x67,0x21,0x87,0x21,0x87,0x29,0x9c,0xf7,0x9c,0xf7,0x9c,0xf7,0x9c,0xf7,0x9c,0xf7,
    0x9c,0xf7,0x9c,0xf7,0x9c,0xf7,0x9c,0xf7,0x9c,0xf7,0x9c,0xf7,0x9c,0xf7,0x9c,0xf7,0x9c,0xf7,0x9c,0xf7,0x9c,0xf7,0x9c,0xf7,0x9c,0xf7,0x9c,0xf7,0x9c,0xf7,0x9c,0xf7,
    0x9c,0xf7,0x9c,0xf7,0x9c,0xf7,0x9c,0xf7,0x9c,0xf7,0x9c,0xf7,0x9c,0xf7,0x9c,0xf7,0x56,0xd6,0x56,0xd6,0x9c,0xf7,0x9c,0xf7,0x9c,0xf7,0x9c,0xf7,0x9c,0xf7,0x77,0xd6,
    0x56,0xd6,0x56,0xd6,0x9c,0xf7,0x9c,0xf7,0x9c,0xf7,0x9c,0xf7,0x9c,0xf7,0x9c,0xf7,0x9c,0xf7,0x9c,0xf7,0x9c,0xf7,0x9c,0xf7,0x9c,0xf7,0x9c,0xf7,0x9c,0xf7,0x9c,0xf7,
    0x9c,0xf7,0x9c,0xf7,0x9c,0xf7,0x9c,0xf7,0x9c,0xf7,0x9c,0xf7,0x9c,0xf7,0x9c,0xf7,0x9c,0xf7,0x9c,0xf7,0x9c,0xf7,0x9c,0xf7,0x9c,0xf7,0x9c,0xf7,0x9c,0xf7,0x9c,0xf7,
    0x9c,0xf7,0x9c,0xf7,0x9c,0xf7,0x9c,0xf7,0x9c,0xf7,0x9c,0xf7,0x9c,0xf7,0x9c,0xf7,0x9c,0xf7,0x9c,0xf7,0x9c,0xf7,0x9c,0xf7,0x9c,0xf7,0x29,0x53,0x29,0x53,0x29,0x53,
    0x09,0x53,0x09,0x53,0x29,0x53,0x29,0x53,0x4a,0x53,0x88,0x3a,0x88,0x3a,0x67,0x3a,0x47,0x32,0xa8,0x42,0x09,0x4b,0x09,0x4b,0x29,0x53,0x29,0x53,0x29,0x53,0x4a,0x53,
    0x29,0x53,0xd4,0xb5,0xf5,0xb5,0x9c,0xf7,0x9c,0xf7,0x9c,0xf7,0xf8,0xde,0xc8,0x42,0xc8,0x42,0x9c,0xf7,0x9c,0xf7,0x9c,0xf7,0x9c,0xf7,0x9c,0xf7,0x9c,0xf7,0x9c,0xf7,
    0x9c,0xf7,0x78,0xce,0x9c,0xf7,0x32,0x9d,0xf1,0x94,0x11,0x95,0x11,0x9d,0x11,0x9d,0x11,0x9d,0x11,0x9d,0xf1,0x9c,0x93,0xad,0x9c,0xf7,0x9c,0xf7,0x9c,0xf7,0x9c,0xf7,
    0x9c,0xf7,0x9c,0xf7,0x9c,0xf7,0x9c,0xf7,0x9c,0xf7,0x9c,0xf7,0x9c,0xf7,0x9c,0xf7,0x9c,0xf7,0x9c,0xf7,0x9c,0xf7,0x9c,0xf7,0x9c,0xf7,0x9c,0xf7,0x9c,0xf7,0x9c,0xf7,
    0x9c,0xf7,0x9c,0xf7,0x9c,0xf7,0x9c,0xf7,0x9c,0xf7,0x9c,0xf7,0x9c,0xf7,0x9c,0xf7,0x9c,0xf7,0x9c,0xf7,0x9c,0xf7,0x9c,0xf7,0x9c,0xf7,0x9c,0xf7,0x9c,0xf7,0x9c,0xf7,
    0x9c,0xf7,0x9c,0xf7,0x9c,0xf7,0x9c,0xf7,0x9c,0xf7,0x9c,0xf7,0x9c,0xf7,0x9c,0xf7,0x9c,0xf7,0x9c,0xf7,0x9c,0xf7,0x9c,0xf7,0x9c,0xf7,0x9c,0xf7,0x9c,0xf7,0x9c,0xf7,
    0x9c,0xf7,0x9c,0xf7,0x9c,0xf7,0x9c,0xf7,0x9c,0xf7,0x9c,0xf7,0x9c,0xf7,0x9c,0xf7,0x9c,0xf7,0x9c,0xf7,0x9c,0xf7,0x9c,0xf7,0x9c,0xf7,0x9c,0xf7,0x9c,0xf7,0x9c,0xf7,
    0x9c,0xf7,0x9c,0xf7,0x9c,0xf7,0x9c,0xf7,0x9c,0xf7,0x9c,0xf7,0x9c,0xf7,0x9c,0xf7,0x9c,0xf7,0x9c,0xf7,0x9c,0xf7,0x9c,0xf7,0x9c,0xf7,0x9c,0xf7,0x9c,0xf7,0x9c,0xf7,
    0x9c,0xf7,0xb5,0xb5,0xb5,0xb5,0x95,0xb5,0x79,0xce,0xc9,0x29,0xc9,0x31,0x59,0xc6,0x9c,0xf7,0x9c,0xf7,0x9c,0xf7,0x9c,0xf7,0x9c,0xf7,0xc8,0x31,0x67,0x21,0x46,0x21,
    0x75,0xb5,0x9c,0xf7,0x9c,0xf7,0x9c,0xf7,0x9c,0xf7,0x9c,0xf7,0x9c,0xf7,0x9c,0xf7,0x9c,0xf7,0x9c,0xf7,0x9c,0xf7,0x9c,0xf7,0x9c,0xf7,0x9c,0xf7,0x9c,0xf7,0x9c,0xf7,
    0x9c,0xf7,0x9c,0xf7,0x9c,0xf7,0x9c,0xf7,0x9c,0xf7,0x9c,0xf7,0x9c,0xf7,0x9c,0xf7,0x9c,0xf7,0x9c,0xf7,0x9c,0xf7,0x9c,0xf7,0x9c,0xf7,0x9c,0xf7,0x56,0xd6,0x35,0xd6,
    0x9c,0xf7,0x9c,0xf7,0x9c,0xf7,0x9c,0xf7,0x9c,0xf7,0x77,0xd6,0x56,0xd6,0x36,0xd6,0x9c,0xf7,0x9c,0xf7,0x9c,0xf7,0x9c,0xf7,0x9c,0xf7,0x9c,0xf7,0x9c,0xf7,0x9c,0xf7,
    0x9c,0xf7,0x9c,0xf7,0x9c,0xf7,0x9c,0xf7,0x9c,0xf7,0x9c,0xf7,0x9c,0xf7,0x9c,0xf7,0x9c,0xf7,0x9c,0xf7,0x9c,0xf7,0x9c,0xf7,0x9c,0xf7,0x9c,0xf7,0x9c,0xf7,0x9c,0xf7,
    0x9c,0xf7,0x9c,0xf7,0x9c,0xf7,0x9c,0xf7,0x9c,0xf7,0x9c,0xf7,0x9c,0xf7,0x9c,0xf7,0x9c,0xf7,0x9c,0xf7,0x9c,0xf7,0x9c,0xf7,0x9c,0xf7,0x9c,0xf7,0x9c,0xf7,0x9c,0xf7,
    0x9c,0xf7,0x9c,0xf7,0x9c,0xf7,0x09,0x4b,0x09,0x53,0x09,0x53,0x09,0x53,0x09,0x53,0x29,0x53,0x29,0x53,0x49,0x53,0x4a,0x53,0x49,0x53,0x47,0x32,0x27,0x32,0x47,0x32,
    0xa8,0x42,0xc8,0x42,0x49,0x53,0x4a,0x53,0x49,0x53,0x49,0x53,0x4a,0x53,0x6a,0x5b,0xc8,0x42,0x9c,0xf7,0x9c,0xf7,0x9c,0xf7,0x77,0xce,0xe9,0x4a,0x09,0x4b,0x9c,0xf7,
    0x9c,0xf7,0x9c,0xf7,0x9c,0xf7,0x9c,0xf7,0x9c,0xf7,0x9c,0xf7,0x9c,0xf7,0xcc,0x63,0x8f,0x84,0x4a,0x53,0x29,0x53,0x49,0x53,0x29,0x53,0x29,0x53,0x09,0x4b,0x09,0x4b,
    0xe9,0x4a,0x8a,0x63,0x9c,0xf7,0x9c,0xf7,0x9c,0xf7,0x9c,0xf7,0x9c,0xf7,0x9c,0xf7,0x9c,0xf7,0x9c,0xf7,0x9c,0xf7,0x9c,0xf7,0x9c,0xf7,0x9c,0xf7,0x9c,0xf7,0x9c,0xf7,
    0x9c,0xf7,0x9c,0xf7,0x9c,0xf7,0x9c,0xf7,0x9c,0xf7,0x9c,0xf7,0x9c,0xf7,0x9c,0xf7,0x9c,0xf7,0x9c,0xf7,0x9c,0xf7,0x9c,0xf7,0x9c,0xf7,0x9c,0xf7,0x9c,0xf7,0x9c,0xf7,
    0x9c,0xf7,0x9c,0xf7,0x9c,0xf7,0x9c,0xf7,0x9c,0xf7,0x9c,0xf7,0x9c,0xf7,0x9c,0xf7,0x9c,0xf7,0x9c,0xf7,0x9c,0xf7,0x9c,0xf7,0x9c,0xf7,0x9c,0xf7,0x9c,0xf7,0x9c,0xf7,
    0x9c,0xf7,0x9c,0xf7,0x9c,0xf7,0x9c,0xf7,0x9c,0xf7,0x9c,0xf7,0x9c,0xf7,0x9c,0xf7,0x9c,0xf7,0x9c,0xf7,0x9c,0xf7,0x9c,0xf7,0x9c,0xf7,0x9c,0xf7,0x9c,0xf7,0x9c,0xf7,
    0x9c,0xf7,0x9c,0xf7,0x9c,0xf7,0x9c,0xf7,0x9c,0xf7,0x9c,0xf7,0x9c,0xf7,0x9c,0xf7,0x9c,0xf7,0x9c,0xf7,0x9c,0xf7,0x9c,0xf7,0x9c,0xf7,0x9c,0xf7,0x9c,0xf7,0x9c,0xf7,
    0x9c,0xf7,0x9c,0xf7,0x9c,0xf7,0x9c,0xf7,0x9c,0xf7,0x9c,0xf7,0x9c,0xf7,0x9c,0xf7,0x9c,0xf7,0xff,0xff,0x92,0x8c,0x67,0x21,0x22,0x00,0xff,0xff,0x9c,0xf7,0x9c,0xf7,
    0x9c,0xf7,0x9c,0xf7,0x0d,0x53,0xa8,0x29,0x87,0x21,0x67,0x21,0xe9,0x39,0x8b,0x4a,0xab,0x4a,0x0d,0x5b,0x4d,0x63,0x9c,0xf7,0x9c,0xf7,0x9c,0xf7,0x9c,0xf7,0x9c,0xf7,
    0x9c,0xf7,0x9c,0xf7,0x9c,0xf7,0x9c,0xf7,0x9c,0xf7,0x9c,0xf7,0x9c,0xf7,0x9c,0xf7,0x9c,0xf7,0x9c,0xf7,0x9c,0xf7,0x9c,0xf7,0x9c,0xf7,0x9c,0xf7,0x9c,0xf7,0x9c,0xf7,
    0x9c,0xf7,0x9c,0xf7,0x9c,0xf7,0x9c,0xf7,0x56,0xd6,0x36,0xd6,0x9c,0xf7,0x9c,0xf7,0x9c,0xf7,0x9c,0xf7,0x9c,0xf7,0x9c,0xf7,0x9c,0xf7,0x19,0xef,0x36,0xd6,0x56,0xd6,
    0x9c,0xf7,0x9c,0xf7,0x9c,0xf7,0x9c,0xf7,0x9c,0xf7,0x9c,0xf7,0x9c,0xf7,0x9c,0xf7,0x9c,0xf7,0x9c,0xf7,0x9c,0xf7,0x9c,0xf7,0x9c,0xf7,0x9c,0xf7,0x9c,0xf7,0x9c,0xf7,
    0x9c,0xf7,0x9c,0xf7,0x9c,0xf7,0x9c,0xf7,0x9c,0xf7,0x9c,0xf7,0x9c,0xf7,0x9c,0xf7,0x9c,0xf7,0x9c,0xf7,0x9c,0xf7,0x9c,0xf7,0x9c,0xf7,0x9c,0xf7,0x9c,0xf7,0x9c,0xf7,
    0x9c,0xf7,0x9c,0xf7,0x9c,0xf7,0x9c,0xf7,0x9c,0xf7,0x9c,0xf7,0x9c,0xf7,0x9c,0xf7,0x9c,0xf7,0x09,0x4b,0x09,0x4b,0x09,0x53,0x09,0x53,0x09,0x53,0x29,0x53,0x29,0x53,
    0x29,0x53,0x29,0x53,0x09,0x53,0x27,0x32,0x06,0x2a,0x47,0x32,0xc8,0x42,0xc8,0x4a,0x6a,0x53,0x6a,0x53,0x49,0x53,0x29,0x53,0x29,0x53,0x29,0x53,0xc7,0x42,0x9c,0xf7,
    0xf9,0xe6,0xd8,0xde,0x36,0xc6,0x25,0x32,0x26,0x32,0x9c,0xf7,0x9c,0xf7,0x9c,0xf7,0x9c,0xf7,0x9c,0xf7,0x9c,0xf7,0x9c,0xf7,0xff,0xff,0x66,0x32,0xe8,0x42,0x4a,0x53,
    0x4a,0x53,0x4a,0x53,0x4a,0x53,0x49,0x53,0x29,0x53,0x29,0x53,0x29,0x53,0x29,0x53,0xff,0xff,0xff,0xff,0xff,0xff,0x9c,0xf7,0x9c,0xf7,0x9c,0xf7,0x9c,0xf7,0x9c,0xf7,
    0x9c,0xf7,0x9c,0xf7,0x9c,0xf7,0x9c,0xf7,0x9c,0xf7,0x9c,0xf7,0x9c,0xf7,0x9c,0xf7,0x9c,0xf7,0x9c,0xf7,0x9c,0xf7,0x9c,0xf7,0x9c,0xf7,0x9c,0xf7,0x9c,0xf7,0x9c,0xf7,
    0x9c,0xf7,0x9c,0xf7,0x9c,0xf7,0x9c,0xf7,0x9c,0xf7,0x9c,0xf7,0x9c,0xf7,0x9c,0xf7,0x9c,0xf7,0x9c,0xf7,0x9c,0xf7,0x9c,0xf7,0x9c,0xf7,0x9c,0xf7,0x9c,0xf7,0x9c,0xf7,
    0x9c,0xf7,0x9c,0xf7,0x9c,0xf7,0x9c,0xf7,0x9c,0xf7,0x9c,0xf7,0x9c,0xf7,0x9c,0xf7,0x9c,0xf7,0x9c,0xf7,0x9c,0xf7,0x9c,0xf7,0x9c,0xf7,0x9c,0xf7,0x9c,0xf7,0x9c,0xf7,
    0x9c,0xf7,0x9c,0xf7,0x9c,0xf7,0x9c,0xf7,0x9c,0xf7,0x9c,0xf7,0x9c,0xf7,0x9c,0xf7,0x9c,0xf7,0x9c,0xf7,0x9c,0xf7,0x9c,0xf7,0x9c,0xf7,0x9c,0xf7,0x9c,0xf7,0x9c,0xf7,
    0x9c,0xf7,0x9c,0xf7,0x9c,0xf7,0x9c,0xf7,0x9c,0xf7,0x9c,0xf7,0x9c,0xf7,0x9c,0xf7,0x9c,0xf7,0x9c,0xf7,0x9c,0xf7,0x9c,0xf7,0x9c,0xf7,0xfe,0xff,0x37,0xce,0x92,0x8c,
    0x02,0x00,0xe8,0x31,0xef,0x7b,0x9c,0xf7,0x9c,0xf7,0x9c,0xf7,0x9c,0xf7,0x9c,0xf7,0x4a,0x42,0xc8,0x29,0xc8,0x29,0xc8,0x29,0xa8,0x29,0xa8,0x29,0xa8,0x29,0xc8,0x29,
    0xc8,0x29,0xd9,0xde,0x9c,0xf7,0x9c,0xf7,0x9c,0xf7,0x9c,0xf7,0x9c,0xf7,0x9c,0xf7,0x9c,0xf7,0x9c,0xf7,0x9c,0xf7,0x9c,0xf7,0x9c,0xf7,0x9c,0xf7,0x9c,0xf7,0x9c,0xf7,
    0x9c,0xf7,0x9c,0xf7,0x9c,0xf7,0x9c,0xf7,0x9c,0xf7,0x9c,0xf7,0x9c,0xf7,0x9c,0xf7,0x9c,0xf7,0x9c,0xf7,0x77,0xde,0x56,0xde,0x9c,0xf7,0x9c,0xf7,0x9c,0xf7,0x9c,0xf7,
    0x9c,0xf7,0x9c,0xf7,0x9c,0xf7,0x9c,0xf7,0x56,0xd6,0x77,0xde,0x9c,0xf7,0x9c,0xf7,0x9c,0xf7,0x9c,0xf7,0x9c,0xf7,0x9c,0xf7,0x9c,0xf7,0x9c,0xf7,0x9c,0xf7,0x9c,0xf7,
    0x9c,0xf7,0x9c,0xf7,0x9c,0xf7,0x9c,0xf7,0x9c,0xf7,0x9c,0xf7,0x9c,0xf7,0x9c,0xf7,0x9c,0xf7,0x9c,0xf7,0x9c,0xf7,0x9c,0xf7,0x9c,0xf7,0x9c,0xf7,0x9c,0xf7,0x9c,0xf7,
    0x9c,0xf7,0x9c,0xf7,0x9c,0xf7,0x9c,0xf7,0x9c,0xf7,0x9c,0xf7,0x9c,0xf7,0x9c,0xf7,0x9c,0xf7,0x9c,0xf7,0x9c,0xf7,0x9c,0xf7,0x9c,0xf7,0x9c,0xf7,0x9c,0xf7,0x8f,0x84,
    0x29,0x53,0x29,0x53,0x29,0x53,0x29,0x53,0x29,0x53,0x49,0x53,0x29,0x53,0x09,0x53,0x09,0x4b,0x09,0x4b,0x09,0x4b,0xa8,0x42,0x47,0x32,0x47,0x32,0x4a,0x53,0x4a,0x53,
    0x29,0x53,0x29,0x53,0x29,0x53,0x29,0x53,0xe8,0x4a,0x9c,0xf7,0x6f,0x7c,0x8f,0x84,0x8f,0x84,0x90,0x8c,0x6f,0x84,0x9c,0xf7,0x9c,0xf7,0x9c,0xf7,0x9c,0xf7,0x9c,0xf7,
    0xb4,0xad,0xf5,0xb5,0x16,0xbe,0xe8,0x42,0x4a,0x53,0x49,0x53,0x29,0x53,0x29,0x53,0x49,0x53,0x29,0x53,0x49,0x53,0x4a,0x53,0x6a,0x53,0x6a,0x5b,0x36,0xbe,0x16,0xbe,
    0x15,0xbe,0x9c,0xf7,0x9c,0xf7,0x9c,0xf7,0x9c,0xf7,0x9c,0xf7,0x9c,0xf7,0x9c,0xf7,0x9c,0xf7,0x9c,0xf7,0x9c,0xf7,0x9c,0xf7,0x9c,0xf7,0x9c,0xf7,0x9c,0xf7,0x9c,0xf7,
    0x9c,0xf7,0x9c,0xf7,0x9c,0xf7,0x9c,0xf7,0x9c,0xf7,0x9c,0xf7,0x9c,0xf7,0x9c,0xf7,0x9c,0xf7,0x9c,0xf7,0x9c,0xf7,0x9c,0xf7,0x9c,0xf7,0x9c,0xf7,0x9c,0xf7,0x9c,0xf7,
    0x9c,0xf7,0x9c,0xf7,0x9c,0xf7,0x9c,0xf7,0x9c,0xf7,0x9c,0xf7,0x9c,0xf7,0x9c,0xf7,0x9c,0xf7,0x9c,0xf7,0x9c,0xf7,0x9c,0xf7,0x9c,0xf7,0x9c,0xf7,0x9c,0xf7,0x9c,0xf7,
    0x9c,0xf7,0x9c,0xf7,0x9c,0xf7,0x9c,0xf7,0x9c,0xf7,0x9c,0xf7,0x9c,0xf7,0x9c,0xf7,0x9c,0xf7,0x9c,0xf7,0x9c,0xf7,0x9c,0xf7,0x9c,0xf7,0x9c,0xf7,0x9c,0xf7,0x9c,0xf7,
    0x9c,0xf7,0x9c,0xf7,0x9c,0xf7,0x9c,0xf7,0x9c,0xf7,0x9c,0xf7,0x9c,0xf7,0x9c,0xf7,0x9c,0xf7,0x9c,0xf7,0x9c,0xf7,0x9c,0xf7,0x9c,0xf7,0x9c,0xf7,0x9c,0xf7,0x9c,0xf7,
    0x9c,0xf7,0x9c,0xf7,0x9c,0xf7,0x34,0xa5,0x2d,0x5b,0xe6,0x10,0x31,0x7c,0x18,0xc6,0xff,0xff,0x9c,0xf7,0x9c,0xf7,0x9c,0xf7,0x9c,0xf7,0x9c,0xf7,0x9c,0xf7,0x9c,0xf7,
    0x9c,0xf7,0x9c,0xf7,0x9c,0xf7,0x9c,0xf7,0x9c,0xf7,0x9c,0xf7,0x9c,0xf7,0x9c,0xf7,0x9c,0xf7,0x9c,0xf7,0x9c,0xf7,0x9c,0xf7,0x9c,0xf7,0x9c,0xf7,0x9c,0xf7,0x9c,0xf7,
    0x9c,0xf7,0x9c,0xf7,0x9c,0xf7,0x9c,0xf7,0x9c,0xf7,0x9c,0xf7,0x9c,0xf7,0x9c,0xf7,0x9c,0xf7,0x9c,0xf7,0x9c,0xf7,0x9c,0xf7,0x9c,0xf7,0x9c,0xf7,0x9c,0xf7,0x9c,0xf7,
    0x9c,0xf7,0x97,0xde,0x56,0xd6,0xf9,0xe6,0x9c,0xf7,0x9c,0xf7,0x9c,0xf7,0x9c,0xf7,0x9c,0xf7,0x9c,0xf7,0x77,0xde,0x56,0xd6,0x9c,0xf7,0x9c,0xf7,0x9c,0xf7,0x9c,0xf7,
    0x9c,0xf7,0x9c,0xf7,0x9c,0xf7,0x9c,0xf7,0x9c,0xf7,0x9c,0xf7,0x9c,0xf7,0x9c,0xf7,0x9c,0xf7,0x9c,0xf7,0x9c,0xf7,0x9c,0xf7,0x9c,0xf7,0x9c,0xf7,0x9c,0xf7,0x9c,0xf7,
    0x9c,0xf7,0x9c,0xf7,0x9c,0xf7,0x9c,0xf7,0x9c,0xf7,0x9c,0xf7,0x9c,0xf7,0x9c,0xf7,0x9c,0xf7,0x9c,0xf7,0x9c,0xf7,0x9c,0xf7,0x9c,0xf7,0x9c,0xf7,0x9c,0xf7,0x9c,0xf7,
    0x9c,0xf7,0x9c,0xf7,0x9c,0xf7,0x9c,0xf7,0x9c,0xf7,0x8c,0x63,0x49,0x53,0x4a,0x53,0x4a,0x53,0x29,0x53,0x4a,0x53,0x29,0x53,0x29,0x53,0x29,0x53,0x09,0x53,0x09,0x4b,
    0x09,0x4b,0xa8,0x42,0x47,0x32,0x47,0x32,0x4a,0x53,0x4a,0x53,0x29,0x53,0x49,0x53,0x29,0x53,0x49,0x53,0x09,0x4b,0xff,0xff,0x86,0x32,0x29,0x4b,0xc7,0x3a,0xff,0xff,
    0xfe,0xff,0x9c,0xf7,0x9c,0xf7,0x9c,0xf7,0xfe,0xff,0xff,0xff,0x87,0x3a,0xc8,0x42,0xc7,0x3a,0x4a,0x53,0x49,0x53,0x49,0x53,0x4a,0x53,0x4a,0x53,0x49,0x53,0x49,0x53,
    0x29,0x53,0x4a,0x53,0x4a,0x53,0x6a,0x5b,0xe8,0x42,0xc8,0x42,0x86,0x32,0x9c,0xf7,0x9c,0xf7,0x9c,0xf7,0x9c,0xf7,0x9c,0xf7,0x9c,0xf7,0x9c,0xf7,0x9c,0xf7,0x9c,0xf7,
    0x9c,0xf7,0x9c,0xf7,0x9c,0xf7,0x9c,0xf7,0x9c,0xf7,0x9c,0xf7,0x9c,0xf7,0x9c,0xf7,0x9c,0xf7,0x9c,0xf7,0x9c,0xf7,0x9c,0xf7,0x9c,0xf7,0x9c,0xf7,0x9c,0xf7,0x9c,0xf7,
    0x9c,0xf7,0x9c,0xf7,0x9c,0xf7,0x9c,0xf7,0x9c,0xf7,0x9c,0xf7,0x9c,0xf7,0x9c,0xf7,0x9c,0xf7,0x9c,0xf7,0x9c,0xf7,0x9c,0xf7,0x9c,0xf7,0x9c,0xf7,0x9c,0xf7,0x9c,0xf7,
    0x9c,0xf7,0x9c,0xf7,0x9c,0xf7,0x9c,0xf7,0x9c,0xf7,0x9c,0xf7,0x9c,0xf7,0x9c,0xf7,0x9c,0xf7,0x9c,0xf7,0x9c,0xf7,0x9c,0xf7,0x9c,0xf7,0x9c,0xf7,0x9c,0xf7,0x9c,0xf7,
    0x9c,0xf7,0x9c,0xf7,0x9c,0xf7,0x9c,0xf7,0x9c,0xf7,0x9c,0xf7,0x9c,0xf7,0x9c,0xf7,0x9c,0xf7,0x9c,0xf7,0x9c,0xf7,0x9c,0xf7,0x9c,0xf7,0x9c,0xf7,0x9c,0xf7,0x9c,0xf7,
    0x9c,0xf7,0x9c,0xf7,0x9c,0xf7,0x9c,0xf7,0x9c,0xf7,0x9c,0xf7,0x9c,0xf7,0x9c,0xf7,0x9c,0xf7,0xa5,0x08,0x88,0x21,0xe9,0x31,0xd6,0xbd,0x7a,0xce,0xd6,0xb5,0x16,0xbe,
    0x9c,0xf7,0x9c,0xf7,0x9c,0xf7,0x9c,0xf7,0x9c,0xf7,0x9c,0xf7,0x9c,0xf7,0x9c,0xf7,0x9c,0xf7,0x9c,0xf7,0x9c,0xf7,0x9c,0xf7,0x9c,0xf7,0x9c,0xf7,0x9c,0xf7,0x9c,0xf7,
    0x9c,0xf7,0x9c,0xf7,0x9c,0xf7,0x9c,0xf7,0x9c,0xf7,0x9c,0xf7,0x9c,0xf7,0x9c,0xf7,0x9c,0xf7,0x9c,0xf7,0x9c,0xf7,0x9c,0xf7,0x9c,0xf7,0x9c,0xf7,0x9c,0xf7,0x9c,0xf7,
    0x9c,0xf7,0x9c,0xf7,0x9c,0xf7,0x9c,0xf7,0x9c,0xf7,0x9c,0xf7,0x9c,0xf7,0x77,0xde,0x36,0xd6,0xd9,0xe6,0x9c,0xf7,0x9c,0xf7,0x9c,0xf7,0x9c,0xf7,0x9c,0xf7,0x9c,0xf7,
    0x77,0xde,0x56,0xd6,0x9c,0xf7,0x9c,0xf7,0x9c,0xf7,0x9c,0xf7,0x9c,0xf7,0x9c,0xf7,0x9c,0xf7,0x9c,0xf7,0x9c,0xf7,0x9c,0xf7,0x9c,0xf7,0x9c,0xf7,0x9c,0xf7,0x9c,0xf7,
    0x9c,0xf7,0x9c,0xf7,0x9c,0xf7,0x9c,0xf7,0x9c,0xf7,0x9c,0xf7,0x9c,0xf7,0x9c,0xf7,0x9c,0xf7,0x9c,0xf7,0x9c,0xf7,0x9c,0xf7,0x9c,0xf7,0x9c,0xf7,0x9c,0xf7,0x9c,0xf7,
    0x9c,0xf7,0x9c,0xf7,0x9c,0xf7,0x9c,0xf7,0x9c,0xf7,0x9c,0xf7,0x9c,0xf7,0x9c,0xf7,0x9c,0xf7,0x9c,0xf7,0x9c,0xf7,0x9c,0xf7,0xd9,0xd6,0xaf,0x84,0x6a,0x53,0x4a,0x53,
    0x49,0x53,0x29,0x53,0x29,0x53,0x29,0x53,0x09,0x53,0x09,0x53,0x29,0x53,0xe9,0x4a,0x88,0x3a,0x88,0x3a,0x27,0x32,0x27,0x32,0x49,0x53,0x4a,0x53,0x4a,0x53,0x6a,0x53,
    0x09,0x4b,0x9c,0xf7,0xa7,0x3a,0x4a,0x53,0x09,0x4b,0x9c,0xf7,0x9c,0xf7,0x9c,0xf7,0x9c,0xf7,0x9c,0xf7,0xfa,0xde,0xfa,0xde,0x29,0x53,0x4a,0x53,0x4a,0x53,0x09,0x4b,
    0x29,0x53,0x09,0x4b,0x09,0x4b,0x09,0x4b,0xe9,0x4a,0xe9,0x4a,0x09,0x53,0x29,0x53,0x4a,0x53,0x4a,0x53,0x6a,0x5b,0x4a,0x53,0x08,0x4b,0x98,0xd6,0x98,0xd6,0xf9,0xde,
    0x9c,0xf7,0x9c,0xf7,0x9c,0xf7,0x9c,0xf7,0x9c,0xf7,0x9c,0xf7,0x9c,0xf7,0x9c,0xf7,0x9c,0xf7,0x9c,0xf7,0x9c,0xf7,0x9c,0xf7,0x9c,0xf7,0x9c,0xf7,0x9c,0xf7,0x9c,0xf7,
    0x9c,0xf7,0x9c,0xf7,0x9c,0xf7,0x9c,0xf7,0x9c,0xf7,0x9c,0xf7,0x9c,0xf7,0x9c,0xf7,0x9c,0xf7,0x9c,0xf7,0x9c,0xf7,0x9c,0xf7,0x9c,0xf7,0x9c,0xf7,0x9c,0xf7,0x9c,0xf7,
    0x9c,0xf7,0x9c,0xf7,0x9c,0xf7,0x9c,0xf7,0x9c,0xf7,0x9c,0xf7,0x9c,0xf7,0x9c,0xf7,0x9c,0xf7,0x9c,0xf7,0x9c,0xf7,0x9c,0xf7,0x9c,0xf7,0x9c,0xf7,0x9c,0xf7,0x9c,0xf7,
    0x9c,0xf7,0x9c,0xf7,0x9c,0xf7,0x9c,0xf7,0x9c,0xf7,0x9c,0xf7,0x9c,0xf7,0x9c,0xf7,0x9c,0xf7,0x9c,0xf7,0x9c,0xf7,0x9c,0xf7,0x9c,0xf7,0x9c,0xf7,0x9c,0xf7,0x9c,0xf7,
    0x9c,0xf7,0x9c,0xf7,0x9c,0xf7,0x9c,0xf7,0x9c,0xf7,0x9c,0xf7,0x9c,0xf7,0x9c,0xf7,0x9c,0xf7,0x9c,0xf7,0x9c,0xf7,0x9c,0xf7,0x9c,0xf7,0x9c,0xf7,0x9c,0xf7,0x06,0x11,
    0x47,0x19,0x47,0x19,0x43,0x00,0x22,0x00,0x23,0x00,0x43,0x00,0x9c,0xf7,0x9c,0xf7,0x9c,0xf7,0x9c,0xf7,0x9c,0xf7,0x9c,0xf7,0x9c,0xf7,0x9c,0xf7,0x9c,0xf7,0x9c,0xf7,
    0x9c,0xf7,0x9c,0xf7,0x9c,0xf7,0x9c,0xf7,0x9c,0xf7,0x9c,0xf7,0x9c,0xf7,0x9c,0xf7,0x9c,0xf7,0x9c,0xf7,0x9c,0xf7,0x9c,0xf7,0x9c,0xf7,0x9c,0xf7,0x9c,0xf7,0x9c,0xf7,
    0x9c,0xf7,0x9c,0xf7,0x9c,0xf7,0x9c,0xf7,0x9c,0xf7,0x9c,0xf7,0x9c,0xf7,0x9c,0xf7,0x9c,0xf7,0x9c,0xf7,0x9c,0xf7,0x9c,0xf7,0x9c,0xf7,0x9c,0xf7,0x9c,0xf7,0x36,0xd6,
    0x56,0xd6,0x9c,0xf7,0x9c,0xf7,0x9c,0xf7,0x9c,0xf7,0x9c,0xf7,0x56,0xd6,0x36,0xd6,0x9c,0xf7,0x9c,0xf7,0x9c,0xf7,0x9c,0xf7,0x9c,0xf7,0x9c,0xf7,0x9c,0xf7,0x9c,0xf7,
    0x9c,0xf7,0x9c,0xf7,0x9c,0xf7,0x9c,0xf7,0x9c,0xf7,0x9c,0xf7,0x9c,0xf7,0x9c,0xf7,0x9c,0xf7,0x9c,0xf7,0x9c,0xf7,0x9c,0xf7,0x9c,0xf7,0x9c,0xf7,0x9c,0xf7,0x9c,0xf7,
    0x9c,0xf7,0x9c,0xf7,0x9c,0xf7,0x9c,0xf7,0x9c,0xf7,0x9c,0xf7,0x9c,0xf7,0x9c,0xf7,0x9c,0xf7,0x9c,0xf7,0x9c,0xf7,0x9c,0xf7,0x9c,0xf7,0x9c,0xf7,0x9c,0xf7,0x9c,0xf7,
    0x9c,0xf7,0x9c,0xf7,0x9c,0xf7,0x6e,0x7c,0x4a,0x53,0x29,0x53,0x29,0x53,0x09,0x53,0x09,0x53,0x09,0x53,0x09,0x53,0x29,0x53,0x09,0x53,0xe9,0x4a,0xa8,0x42,0x87,0x3a,
    0x27,0x32,0x27,0x32,0x49,0x53,0x49,0x53,0x49,0x53,0x49,0x53,0xe8,0x42,0x9c,0xf7,0x66,0x32,0xe9,0x4a,0xc8,0x42,0x9c,0xf7,0x9c,0xf7,0x9c,0xf7,0x9c,0xf7,0x57,0xc6,
    0xe8,0x42,0xe8,0x4a,0x29,0x53,0x09,0x53,0x09,0x53,0x87,0x3a,0xe8,0x4a,0x67,0x3a,0x27,0x32,0x06,0x32,0x06,0x2a,0xe6,0x29,0xe9,0x4a,0xe9,0x4a,0x09,0x4b,0x29,0x53,
    0x29,0x53,0x29,0x53,0x29,0x53,0xc8,0x42,0xa8,0x42,0xd0,0x8c,0x9c,0xf7,0x9c,0xf7,0x9c,0xf7,0x9c,0xf7,0x9c,0xf7,0x9c,0xf7,0x9c,0xf7,0x9c,0xf7,0x9c,0xf7,0x9c,0xf7,
    0x9c,0xf7,0x9c,0xf7,0x9c,0xf7,0x9c,0xf7,0x9c,0xf7,0x9c,0xf7,0x9c,0xf7,0x9c,0xf7,0x9c,0xf7,0x9c,0xf7,0x9c,0xf7,0x9c,0xf7,0x9c,0xf7,0x9c,0xf7,0x9c,0xf7,0x9c,0xf7,
    0x9c,0xf7,0x9c,0xf7,0x9c,0xf7,0x9c,0xf7,0x9c,0xf7,0x9c,0xf7,0x9c,0xf7,0x9c,0xf7,0x9c,0xf7,0x9c,0xf7,0x9c,0xf7,0x9c,0xf7,0x9c,0xf7,0x9c,0xf7,0x9c,0xf7,0x9c,0xf7,
    0x9c,0xf7,0x9c,0xf7,0x9c,0xf7,0x9c,0xf7,0x9c,0xf7,0x9c,0xf7,0x9c,0xf7,0x9c,0xf7,0x9c,0xf7,0x9c,0xf7,0x9c,0xf7,0x9c,0xf7,0x9c,0xf7,0x9c,0xf7,0x9c,0xf7,0x9c,0xf7,
    0x9c,0xf7,0x9c,0xf7,0x9c,0xf7,0x9c,0xf7,0x9c,0xf7,0x9c,0xf7,0x9c,0xf7,0x9c,0xf7,0x9c,0xf7,0x9c,0xf7,0x9c,0xf7,0x9c,0xf7,0x9c,0xf7,0x9c,0xf7,0x9c,0xf7,0x9c,0xf7,
    0x9c,0xf7,0x9c,0xf7,0x9c,0xf7,0x9c,0xf7,0x9c,0xf7,0x46,0x21,0xc8,0x31,0xc9,0x31,0xe9,0x31,0xe9,0x31,0x09,0x32,0x09,0x32,0x9c,0xf7,0x9c,0xf7,0x9c,0xf7,0x9c,0xf7,
    0x9c,0xf7,0x9c,0xf7,0x9c,0xf7,0x9c,0xf7,0x9c,0xf7,0x9c,0xf7,0x9c,0xf7,0x9c,0xf7,0x9c,0xf7,0x9c,0xf7,0x9c,0xf7,0x9c,0xf7,0x9c,0xf7,0x9c,0xf7,0x9c,0xf7,0x9c,0xf7,
    0x9c,0xf7,0x9c,0xf7,0x9c,0xf7,0x9c,0xf7,0x9c,0xf7,0x9c,0xf7,0x9c,0xf7,0x9c,0xf7,0x9c,0xf7,0x9c,0xf7,0x9c,0xf7,0x9c,0xf7,0x9c,0xf7,0x9c,0xf7,0x9c,0xf7,0x9c,0xf7,
    0x9c,0xf7,0x9c,0xf7,0x9c,0xf7,0x9c,0xf7,0x9c,0xf7,0x77,0xd6,0x77,0xd6,0x9c,0xf7,0x9c,0xf7,0x9c,0xf7,0x9c,0xf7,0x9c,0xf7,0x56,0xd6,0x36,0xd6,0x9c,0xf7,0x9c,0xf7,
    0x9c,0xf7,0x9c,0xf7,0x9c,0xf7,0x9c,0xf7,0x9c,0xf7,0x9c,0xf7,0x9c,0xf7,0x9c,0xf7,0x9c,0xf7,0x9c,0xf7,0x9c,0xf7,0x9c,0xf7,0x9c,0xf7,0x9c,0xf7,0x9c,0xf7,0x9c,0xf7,
    0x9c,0xf7,0x9c,0xf7,0x9c,0xf7,0x9c,0xf7,0x9c,0xf7,0x9c,0xf7,0x9c,0xf7,0x9c,0xf7,0x9c,0xf7,0x9c,0xf7,0x9c,0xf7,0x9c,0xf7,0x9c,0xf7,0x9c,0xf7,0x9c,0xf7,0x9c,0xf7,
    0x9c,0xf7,0x9c,0xf7,0x9c,0xf7,0x9c,0xf7,0x9c,0xf7,0x9c,0xf7,0x9c,0xf7,0x9c,0xf7,0x9c,0xf7,0x11,0x9d,0x09,0x4b,0x09,0x4b,0x09,0x4b,0x09,0x53,0x29,0x53,0x29,0x53,
    0x29,0x53,0x29,0x53,0x29,0x53,0x09,0x53,0xe9,0x4a,0xc8,0x42,0x27,0x32,0x27,0x32,0x49,0x53,0x29,0x53,0x29,0x53,0x2e,0x74,0xed,0x73,0x9c,0xf7,0x46,0x32,0xe9,0x4a,
    0xc8,0x42,0x9c,0xf7,0x9c,0xf7,0x9c,0xf7,0x9c,0xf7,0x97,0xce,0x4a,0x53,0x6a,0x5b,0x4a,0x53,0x29,0x53,0x09,0x4b,0x27,0x32,0x47,0x32,0x47,0x32,0x27,0x32,0x27,0x32,
    0x27,0x32,0x27,0x32,0xe9,0x4a,0xa8,0x42,0xa8,0x42,0x29,0x53,0x29,0x53,0x29,0x53,0x29,0x53,0x4a,0x53,0x4a,0x5b,0x72,0xa5,0x9c,0xf7,0x9c,0xf7,0x9c,0xf7,0x9c,0xf7,
    0x9c,0xf7,0x9c,0xf7,0x9c,0xf7,0x9c,0xf7,0x9c,0xf7,0x9c,0xf7,0x9c,0xf7,0x9c,0xf7,0x9c,0xf7,0x9c,0xf7,0x9c,0xf7,0x9c,0xf7,0x9c,0xf7,0x9c,0xf7,0x9c,0xf7,0x9c,0xf7,
    0x9c,0xf7,0x9c,0xf7,0x9c,0xf7,0x9c,0xf7,0x9c,0xf7,0x9c,0xf7,0x9c,0xf7,0x9c,0xf7,0x9c,0xf7,0x9c,0xf7,0x9c,0xf7,0x9c,0xf7,0x9c,0xf7,0x9c,0xf7,0x9c,0xf7,0x9c,0xf7,
    0x9c,0xf7,0x9c,0xf7,0x9c,0xf7,0x9c,0xf7,0x9c,0xf7,0x9c,0xf7,0x9c,0xf7,0x9c,0xf7,0x9c,0xf7,0x9c,0xf7,0x9c,0xf7,0x9c,0xf7,0x9c,0xf7,0x9c,0xf7,0x9c,0xf7,0x9c,0xf7,
    0x9c,0xf7,0x9c,0xf7,0x9c,0xf7,0x9c,0xf7,0x9c,0xf7,0x9c,0xf7,0x9c,0xf7,0x9c,0xf7,0x9c,0xf7,0x9c,0xf7,0x9c,0xf7,0x9c,0xf7,0x9c,0xf7,0x9c,0xf7,0x9c,0xf7,0x9c,0xf7,
    0x9c,0xf7,0x9c,0xf7,0x9c,0xf7,0x9c,0xf7,0x9c,0xf7,0x9c,0xf7,0x9c,0xf7,0x9c,0xf7,0x9c,0xf7,0x9c,0xf7,0x9c,0xf7,0x9c,0xf7,0x9c,0xf7,0x9c,0xf7,0x9c,0xf7,0x9c,0xf7,
    0x9c,0xf7,0x9c,0xf7,0x9c,0xf7,0x9c,0xf7,0x9c,0xf7,0x9c,0xf7,0x9c,0xf7,0x9c,0xf7,0x9c,0xf7,0x9c,0xf7,0x9c,0xf7,0x9c,0xf7,0x9c,0xf7,0x9c,0xf7,0x9c,0xf7,0x9c,0xf7,
    0x9c,0xf7,0x9c,0xf7,0x9c,0xf7,0x9c,0xf7,0x9c,0xf7,0x9c,0xf7,0x9c,0xf7,0x9c,0xf7,0x9c,0xf7,0x9c,0xf7,0x9c,0xf7,0x9c,0xf7,0x9c,0xf7,0x9c,0xf7,0x9c,0xf7,0x9c,0xf7,
    0x9c,0xf7,0x9c,0xf7,0x9c,0xf7,0x9c,0xf7,0x9c,0xf7,0x9c,0xf7,0x9c,0xf7,0x9c,0xf7,0x9c,0xf7,0x9c,0xf7,0x9c,0xf7,0x97,0xde,0x77,0xd6,0x9c,0xf7,0x9c,0xf7,0xd9,0xe6,
    0x77,0xde,0x56,0xd6,0x9c,0xf7,0x9c,0xf7,0x9c,0xf7,0x9c,0xf7,0x9c,0xf7,0x9c,0xf7,0x9c,0xf7,0x9c,0xf7,0x9c,0xf7,0x9c,0xf7,0x9c,0xf7,0x9c,0xf7,0x9c,0xf7,0x9c,0xf7,
    0x9c,0xf7,0x9c,0xf7,0x9c,0xf7,0x9c,0xf7,0x9c,0xf7,0x9c,0xf7,0x9c,0xf7,0x9c,0xf7,0x9c,0xf7,0x9c,0xf7,0x9c,0xf7,0x9c,0xf7,0x9c,0xf7,0x9c,0xf7,0x9c,0xf7,0x9c,0xf7,
    0x9c,0xf7,0x9c,0xf7,0x9c,0xf7,0x9c,0xf7,0x9c,0xf7,0x9c,0xf7,0x9c,0xf7,0x9c,0xf7,0x9c,0xf7,0x9c,0xf7,0x9c,0xf7,0x9c,0xf7,0x9c,0xf7,0x9c,0xf7,0x9c,0xf7,0x9c,0xf7,
    0x09,0x53,0xe8,0x4a,0xe9,0x4a,0x09,0x4b,0x29,0x53,0x29,0x53,0x29,0x53,0x29,0x53,0x29,0x53,0x29,0x53,0x29,0x53,0x49,0x53,0x47,0x32,0x47,0x32,0x49,0x53,0x29,0x53,
    0x29,0x53,0x9c,0xf7,0x9c,0xf7,0x9c,0xf7,0x46,0x3a,0x09,0x4b,0xe9,0x4a,0x9c,0xf7,0x9c,0xf7,0x9c,0xf7,0x9c,0xf7,0x97,0xd6,0x09,0x4b,0xc8,0x42,0x87,0x3a,0x67,0x32,
    0x67,0x3a,0x47,0x32,0x47,0x32,0x88,0x42,0x29,0x53,0x09,0x53,0x4a,0x53,0x2a,0x53,0xc8,0x42,0xa8,0x42,0xc8,0x42,0x29,0x53,0x4a,0x53,0xe8,0x4a,0x4a,0x53,0x6a,0x53,
    0x6a,0x5b,0x4a,0x53,0xa7,0x42,0x9c,0xf7,0x9c,0xf7,0x9c,0xf7,0x9c,0xf7,0x9c,0xf7,0x9c,0xf7,0x9c,0xf7,0x9c,0xf7,0x9c,0xf7,0x9c,0xf7,0x9c,0xf7,0x9c,0xf7,0x9c,0xf7,
    0x9c,0xf7,0x9c,0xf7,0x9c,0xf7,0x9c,0xf7,0x9c,0xf7,0x9c,0xf7,0x9c,0xf7,0x9c,0xf7,0x9c,0xf7,0x9c,0xf7,0x9c,0xf7,0x9c,0xf7,0x9c,0xf7,0x9c,0xf7,0x9c,0xf7,0x9c,0xf7,
    0x9c,0xf7,0x9c,0xf7,0x9c,0xf7,0x9c,0xf7,0x9c,0xf7,0x9c,0xf7,0x9c,0xf7,0x9c,0xf7,0x9c,0xf7,0x9c,0xf7,0x9c,0xf7,0x9c,0xf7,0x9c,0xf7,0x9c,0xf7,0x9c,0xf7,0x9c,0xf7,
    0x9c,0xf7,0x9c,0xf7,0x9c,0xf7,0x9c,0xf7,0x9c,0xf7,0x9c,0xf7,0x9c,0xf7,0x9c,0xf7,0x9c,0xf7,0x9c,0xf7,0x9c,0xf7,0x9c,0xf7,0x9c,0xf7,0x9c,0xf7,0x9c,0xf7,0x9c,0xf7,
    0x9c,0xf7,0x9c,0xf7,0x9c,0xf7,0x9c,0xf7,0x9c,0xf7,0x9c,0xf7,0x9c,0xf7,0x9c,0xf7,0x9c,0xf7,0xa8,0x21,0x87,0x21,0xa8,0x29,0xc8,0x29,0xc8,0x29,0xb9,0xd6,0x9c,0xf7,
    0x9c,0xf7,0x9c,0xf7,0x9c,0xf7,0x9c,0xf7,0x9c,0xf7,0x9c,0xf7,0x9c,0xf7,0x9c,0xf7,0x9c,0xf7,0x9c,0xf7,0x9c,0xf7,0x9c,0xf7,0x9c,0xf7,0x9c,0xf7,0x9c,0xf7,0x9c,0xf7,
    0x9c,0xf7,0x9c,0xf7,0x9c,0xf7,0x9c,0xf7,0x9c,0xf7,0x9c,0xf7,0x9c,0xf7,0x9c,0xf7,0x9c,0xf7,0x9c,0xf7,0x9c,0xf7,0x9c,0xf7,0x9c,0xf7,0x9c,0xf7,0x9c,0xf7,0x9c,0xf7,
    0x9c,0xf7,0x9c,0xf7,0x9c,0xf7,0x9c,0xf7,0x9c,0xf7,0x9c,0xf7,0x9c,0xf7,0x9c,0xf7,0x9c,0xf7,0x9c,0xf7,0x9c,0xf7,0x9c,0xf7,0x9c,0xf7,0x9c,0xf7,0x9c,0xf7,0x9c,0xf7,
    0x9c,0xf7,0x77,0xde,0x77,0xde,0x9c,0xf7,0x9c,0xf7,0xf9,0xe6,0x97,0xde,0x77,0xde,0x9c,0xf7,0x9c,0xf7,0x9c,0xf7,0x9c,0xf7,0x9c,0xf7,0x9c,0xf7,0x9c,0xf7,0x9c,0xf7,
    0x9c,0xf7,0x9c,0xf7,0x9c,0xf7,0x9c,0xf7,0x9c,0xf7,0x9c,0xf7,0x9c,0xf7,0x9c,0xf7,0x9c,0xf7,0x9c,0xf7,0x9c,0xf7,0x9c,0xf7,0x9c,0xf7,0x9c,0xf7,0x9c,0xf7,0x9c,0xf7,
    0x9c,0xf7,0x9c,0xf7,0x9c,0xf7,0x9c,0xf7,0x9c,0xf7,0x9c,0xf7,0x9c,0xf7,0x9c,0xf7,0x9c,0xf7,0x9c,0xf7,0x9c,0xf7,0x9c,0xf7,0x9c,0xf7,0x9c,0xf7,0x9c,0xf7,0x9c,0xf7,
    0x9c,0xf7,0x9c,0xf7,0x9c,0xf7,0x9c,0xf7,0x9c,0xf7,0x9c,0xf7,0x9c,0xf7,0x0d,0x74,0xc8,0x42,0xa8,0x42,0xc8,0x42,0x49,0x53,0x4a,0x53,0x4a,0x53,0x4a,0x53,0x4a,0x53,
    0x6a,0x5b,0x6a,0x53,0x47,0x32,0x47,0x32,0x29,0x53,0xa7,0x42,0x87,0x42,0x9c,0xf7,0x9c,0xf7,0x9c,0xf7,0x87,0x3a,0x29,0x4b,0x09,0x4b,0x9c,0xf7,0x9c,0xf7,0x9c,0xf7,
    0x9c,0xf7,0xd9,0xde,0x88,0x3a,0x67,0x32,0x47,0x32,0x47,0x32,0x67,0x32,0x67,0x32,0x68,0x3a,0xc9,0x42,0x6a,0x5b,0x6a,0x5b,0x8b,0x5b,0x8b,0x5b,0x29,0x53,0x2a,0x53,
    0x4a,0x53,0x4a,0x53,0x4a,0x53,0x49,0x53,0x4a,0x53,0x6a,0x53,0x6a,0x53,0x49,0x53,0xc7,0x42,0x9c,0xf7,0x9c,0xf7,0x9c,0xf7,0x9c,0xf7,0x9c,0xf7,0x9c,0xf7,0x9c,0xf7,
    0x9c,0xf7,0x9c,0xf7,0x9c,0xf7,0x9c,0xf7,0x9c,0xf7,0x9c,0xf7,0x9c,0xf7,0x9c,0xf7,0x9c,0xf7,0x9c,0xf7,0x9c,0xf7,0x9c,0xf7,0x9c,0xf7,0x9c,0xf7,0x9c,0xf7,0x9c,0xf7,
    0x9c,0xf7,0x9c,0xf7,0x9c,0xf7,0x9c,0xf7,0x9c,0xf7,0x9c,0xf7,0x9c,0xf7,0x9c,0xf7,0x9c,0xf7,0x9c,0xf7,0x9c,0xf7,0x9c,0xf7,0x9c,0xf7,0x9c,0xf7,0x9c,0xf7,0x9c,0xf7,
    0x9c,0xf7,0x9c,0xf7,0x9c,0xf7,0x9c,0xf7,0x9c,0xf7,0x9c,0xf7,0x9c,0xf7,0x9c,0xf7,0x9c,0xf7,0x9c,0xf7,0x9c,0xf7,0x9c,0xf7,0x9c,0xf7,0x9c,0xf7,0x9c,0xf7,0x9c,0xf7,
    0x9c,0xf7,0x9c,0xf7,0x9c,0xf7,0x9c,0xf7,0x9c,0xf7,0x9c,0xf7,0x9c,0xf7,0x9c,0xf7,0x9c,0xf7,0x9c,0xf7,0x9c,0xf7,0x9c,0xf7,0x9c,0xf7,0x9c,0xf7,0x9c,0xf7,0x58,0xc6,
    0x18,0xc6,0xe9,0x31,0xc8,0x29,0x4e,0x5b,0x1a,0xe7,0x9c,0xf7,0x9c,0xf7,0x9c,0xf7,0x9c,0xf7,0x9c,0xf7,0x9c,0xf7,0x9c,0xf7,0x9c,0xf7,0x9c,0xf7,0x9c,0xf7,0x9c,0xf7,
    0x9c,0xf7,0x9c,0xf7,0x9c,0xf7,0x9c,0xf7,0x9c,0xf7,0x9c,0xf7,0x9c,0xf7,0x9c,0xf7,0x9c,0xf7,0x9c,0xf7,0x9c,0xf7,0x9c,0xf7,0x9c,0xf7,0x9c,0xf7,0x9c,0xf7,0x9c,0xf7,
    0x9c,0xf7,0x9c,0xf7,0x9c,0xf7,0x9c,0xf7,0x9c,0xf7,0x9c,0xf7,0x9c,0xf7,0x9c,0xf7,0x9c,0xf7,0x9c,0xf7,0x9c,0xf7,0x9c,0xf7,0x9c,0xf7,0x9c,0xf7,0x9c,0xf7,0x9c,0xf7,
    0x9c,0xf7,0x9c,0xf7,0x9c,0xf7,0x9c,0xf7,0x9c,0xf7,0x9c,0xf7,0x9c,0xf7,0x9c,0xf7,0x9c,0xf7,0x9c,0xf7,0x9c,0xf7,0x9c,0xf7,0x9c,0xf7,0x9c,0xf7,0x9c,0xf7,0x9c,0xf7,
    0x9c,0xf7,0x9c,0xf7,0x9c,0xf7,0x9c,0xf7,0x9c,0xf7,0x9c,0xf7,0x9c,0xf7,0x9c,0xf7,0x9c,0xf7,0x9c,0xf7,0x9c,0xf7,0x9c,0xf7,0x9c,0xf7,0x9c,0xf7,0x9c,0xf7,0x9c,0xf7,
    0x9c,0xf7,0x9c,0xf7,0x9c,0xf7,0x9c,0xf7,0x9c,0xf7,0x9c,0xf7,0x9c,0xf7,0x9c,0xf7,0x9c,0xf7,0x9c,0xf7,0x9c,0xf7,0x9c,0xf7,0x9c,0xf7,0x9c,0xf7,0x9c,0xf7,0x9c,0xf7,
    0x9c,0xf7,0x9c,0xf7,0x9c,0xf7,0x9c,0xf7,0x9c,0xf7,0x9c,0xf7,0x9c,0xf7,0x9c,0xf7,0x9c,0xf7,0x9c,0xf7,0x9c,0xf7,0x9c,0xf7,0x9c,0xf7,0x9c,0xf7,0x9c,0xf7,0x9c,0xf7,
    0x9c,0xf7,0x6a,0x53,0x6a,0x53,0x6a,0x53,0x6a,0x53,0x6a,0x5b,0x6a,0x53,0x6a,0x53,0x67,0x32,0x27,0x32,0x67,0x3a,0x9c,0xf7,0x9c,0xf7,0x9c,0xf7,0x9c,0xf7,0x9c,0xf7,
    0x87,0x3a,0x29,0x4b,0x09,0x4b,0x9c,0xf7,0x9c,0xf7,0xee,0x73,0xee,0x73,0xcd,0x6b,0x67,0x32,0x47,0x32,0x67,0x3a,0xa8,0x42,0xc9,0x42,0xe9,0x42,0xe9,0x42,0x4a,0x53,
    0x8a,0x5b,0x6a,0x5b,0x6a,0x5b,0x4a,0x53,0x4a,0x5b,0x4a,0x53,0x4a,0x53,0x4a,0x53,0x4a,0x53,0x4a,0x53,0x4a,0x53,0x4a,0x53,0x4a,0x53,0x49,0x53,0xc8,0x42,0x9c,0xf7,
    0x9c,0xf7,0x9c,0xf7,0x9c,0xf7,0x9c,0xf7,0x9c,0xf7,0x9c,0xf7,0x9c,0xf7,0x9c,0xf7,0x9c,0xf7,0x9c,0xf7,0x9c,0xf7,0x9c,0xf7,0x9c,0xf7,0x9c,0xf7,0x9c,0xf7,0x9c,0xf7,
    0x9c,0xf7,0x9c,0xf7,0x9c,0xf7,0x9c,0xf7,0x9c,0xf7,0x9c,0xf7,0x9c,0xf7,0x9c,0xf7,0x9c,0xf7,0x9c,0xf7,0x9c,0xf7,0x9c,0xf7,0x9c,0xf7,0x9c,0xf7,0x9c,0xf7,0x9c,0xf7,
    0x9c,0xf7,0x9c,0xf7,0x9c,0xf7,0x9c,0xf7,0x9c,0xf7,0x38,0xc6,0xcc,0x4a,0xcc,0x4a,0xb6,0xb5,0x9c,0xf7,0x9c,0xf7,0x9c,0xf7,0x9c,0xf7,0x9c,0xf7,0x9c,0xf7,0x9c,0xf7,
    0x9c,0xf7,0x9c,0xf7,0x9c,0xf7,0x9c,0xf7,0x9c,0xf7,0x9c,0xf7,0x9c,0xf7,0x9c,0xf7,0x9c,0xf7,0x9c,0xf7,0x9c,0xf7,0x9c,0xf7,0x9c,0xf7,0x9c,0xf7,0x9c,0xf7,0x9c,0xf7,
    0x9c,0xf7,0x9c,0xf7,0x9c,0xf7,0x9c,0xf7,0x9c,0xf7,0xff,0xff,0xb6,0xb5,0xe9,0x29,0x47,0x19,0x9c,0xf7,0x9c,0xf7,0x9c,0xf7,0x9c,0xf7,0x9c,0xf7,0x9c,0xf7,0x9c,0xf7,
    0x9c,0xf7,0x9c,0xf7,0x9c,0xf7,0x9c,0xf7,0x9c,0xf7,0x9c,0xf7,0x9c,0xf7,0x9c,0xf7,0x9c,0xf7,0x9c,0xf7,0x9c,0xf7,0x9c,0xf7,0x9c,0xf7,0x9c,0xf7,0x9c,0xf7,0x9c,0xf7,
    0x9c,0xf7,0x9c,0xf7,0x9c,0xf7,0x9c,0xf7,0x9c,0xf7,0x9c,0xf7,0x9c,0xf7,0x9c,0xf7,0x9c,0xf7,0x9c,0xf7,0x9c,0xf7,0x9c,0xf7,0x9c,0xf7,0x9c,0xf7,0x9c,0xf7,0x9c,0xf7,
    0x9c,0xf7,0x9c,0xf7,0x9c,0xf7,0x9c,0xf7,0x9c,0xf7,0x9c,0xf7,0x9c,0xf7,0x9c,0xf7,0x9c,0xf7,0x9c,0xf7,0x9c,0xf7,0x9c,0xf7,0x9c,0xf7,0x9c,0xf7,0x9c,0xf7,0x9c,0xf7,
    0x9c,0xf7,0x9c,0xf7,0x9c,0xf7,0x9c,0xf7,0x9c,0xf7,0x9c,0xf7,0x9c,0xf7,0x9c,0xf7,0x9c,0xf7,0x9c,0xf7,0x9c,0xf7,0x9c,0xf7,0x9c,0xf7,0x9c,0xf7,0x9c,0xf7,0x9c,0xf7,
    0x9c,0xf7,0x9c,0xf7,0x9c,0xf7,0x9c,0xf7,0x9c,0xf7,0x9c,0xf7,0x9c,0xf7,0x9c,0xf7,0x9c,0xf7,0x9c,0xf7,0x9c,0xf7,0x9c,0xf7,0x9c,0xf7,0x9c,0xf7,0x9c,0xf7,0x9c,0xf7,
    0x9c,0xf7,0x9c,0xf7,0x9c,0xf7,0x9c,0xf7,0x9c,0xf7,0x9c,0xf7,0x9c,0xf7,0x9c,0xf7,0x9c,0xf7,0x9c,0xf7,0x9c,0xf7,0x9c,0xf7,0x9c,0xf7,0x9c,0xf7,0x9c,0xf7,0x9c,0xf7,
    0x9c,0xf7,0x9c,0xf7,0x9c,0xf7,0x9c,0xf7,0x9c,0xf7,0x9c,0xf7,0x1a,0xdf,0x6a,0x5b,0x6a,0x5b,0x8a,0x5b,0x8a,0x5b,0x8a,0x5b,0x8a,0x5b,0x6a,0x53,0x68,0x32,0x47,0x32,
    0x67,0x3a,0x9c,0xf7,0x9c,0xf7,0x9c,0xf7,0x9c,0xf7,0x9c,0xf7,0x46,0x32,0x29,0x53,0x2a,0x53,0x9c,0xf7,0x9c,0xf7,0xc5,0x29,0x26,0x32,0x67,0x32,0xa8,0x42,0x67,0x3a,
    0xe9,0x4a,0x29,0x53,0x4a,0x53,0x4a,0x53,0x6a,0x5b,0x8a,0x5b,0x6a,0x5b,0x6a,0x5b,0x6a,0x5b,0x4a,0x53,0x4a,0x53,0x4a,0x53,0x4a,0x53,0x2a,0x53,0x2a,0x53,0x4a,0x5b,
    0x4a,0x5b,0x4a,0x5b,0x4a,0x5b,0x2a,0x53,0xc8,0x4a,0x9c,0xf7,0x9c,0xf7,0x9c,0xf7,0x9c,0xf7,0x9c,0xf7,0x9c,0xf7,0x9c,0xf7,0x9c,0xf7,0x9c,0xf7,0x9c,0xf7,0x9c,0xf7,
    0x9c,0xf7,0x9c,0xf7,0x9c,0xf7,0x9c,0xf7,0x9c,0xf7,0x9c,0xf7,0x9c,0xf7,0x9c,0xf7,0x9c,0xf7,0x9c,0xf7,0x9c,0xf7,0x9c,0xf7,0x9c,0xf7,0x9c,0xf7,0x9c,0xf7,0x9c,0xf7,
    0x9c,0xf7,0x9c,0xf7,0x9c,0xf7,0x9c,0xf7,0x9c,0xf7,0x9c,0xf7,0x9c,0xf7,0x9c,0xf7,0x9c,0xf7,0xff,0xff,0xff,0xff,0x9c,0xf7,0x06,0x11,0x06,0x11,0x79,0xd6,0xff,0xff,
    0xff,0xff,0x9c,0xf7,0x9c,0xf7,0x9c,0xf7,0x9c,0xf7,0x9c,0xf7,0x9c,0xf7,0x9c,0xf7,0x9c,0xf7,0x9c,0xf7,0x9c,0xf7,0x9c,0xf7,0x9c,0xf7,0x9c,0xf7,0x9c,0xf7,0x9c,0xf7,
    0x9c,0xf7,0x9c,0xf7,0x9c,0xf7,0x9c,0xf7,0x9c,0xf7,0x9c,0xf7,0x9c,0xf7,0x9c,0xf7,0x9c,0xf7,0x9c,0xf7,0x9c,0xf7,0x51,0x84,0x6b,0x42,0xd0,0x6b,0x78,0xce,0xff,0xff,
    0x9c,0xf7,0x9c,0xf7,0x9c,0xf7,0x9c,0xf7,0x9c,0xf7,0x9c,0xf7,0x9c,0xf7,0x9c,0xf7,0x9c,0xf7,0x9c,0xf7,0x9c,0xf7,0x9c,0xf7,0x9c,0xf7,0x9c,0xf7,0x9c,0xf7,0x9c,0xf7,
    0x9c,0xf7,0x9c,0xf7,0x9c,0xf7,0x9c,0xf7,0x9c,0xf7,0x9c,0xf7,0x9c,0xf7,0x9c,0xf7,0x9c,0xf7,0x9c,0xf7,0x9c,0xf7,0x9c,0xf7,0x9c,0xf7,0x9c,0xf7,0x9c,0xf7,0x9c,0xf7,
    0x9c,0xf7,0x9c,0xf7,0x9c,0xf7,0x9c,0xf7,0x9c,0xf7,0x9c,0xf7,0x9c,0xf7,0x9c,0xf7,0x9c,0xf7,0x9c,0xf7,0x9c,0xf7,0x9c,0xf7,0x9c,0xf7,0x9c,0xf7,0x9c,0xf7,0x9c,0xf7,
    0x9c,0xf7,0x9c,0xf7,0x9c,0xf7,0x9c,0xf7,0x9c,0xf7,0x9c,0xf7,0x9c,0xf7,0x9c,0xf7,0x9c,0xf7,0x9c,0xf7,0x9c,0xf7,0x9c,0xf7,0x9c,0xf7,0x9c,0xf7,0x9c,0xf7,0x9c,0xf7,
    0x9c,0xf7,0x9c,0xf7,0x9c,0xf7,0x9c,0xf7,0x9c,0xf7,0x9c,0xf7,0x9c,0xf7,0x9c,0xf7,0x9c,0xf7,0x9c,0xf7,0x9c,0xf7,0x9c,0xf7,0x9c,0xf7,0x9c,0xf7,0x9c,0xf7,0x9c,0xf7,
    0x9c,0xf7,0x9c,0xf7,0x9c,0xf7,0x9c,0xf7,0x9c,0xf7,0x9c,0xf7,0x9c,0xf7,0x9c,0xf7,0x9c,0xf7,0x9c,0xf7,0x9c,0xf7,0x9c,0xf7,0x9c,0xf7,0x9c,0xf7,0x9c,0xf7,0x9c,0xf7,
    0x9c,0xf7,0x9c,0xf7,0x9c,0xf7,0x6d,0x7c,0x4c,0x7c,0x4c,0x7c,0x4c,0x7c,0x4c,0x7c,0x2c,0x74,0x0b,0x74,0xca,0x63,0xcb,0x63,0x8a,0x63,0xff,0xff,0xff,0xff,0xfe,0xff,
    0x9c,0xf7,0x9c,0xf7,0x9c,0xf7,0x9c,0xf7,0x9c,0xf7,0x26,0x32,0x68,0x3a,0x88,0x42,0xd8,0xde,0x9c,0xf7,0x9c,0xf7,0x9c,0xf7,0x67,0x3a,0x87,0x3a,0xe4,0x29,0xff,0xff,
    0xff,0xff,0x84,0x19,0x67,0x32,0x47,0x32,0xe9,0x4a,0xe8,0x42,0x2a,0x53,0x2a,0x53,0x4a,0x53,0x4a,0x53,0x6a,0x5b,0x6a,0x5b,0x6a,0x53,0x6a,0x5b,0x8a,0x5b,0x6a,0x5b,
    0x4a,0x53,0x4a,0x53,0x2a,0x53,0x29,0x53,0x29,0x53,0x67,0x3a,0x67,0x3a,0x67,0x3a,0x46,0x32,0x46,0x32,0xc4,0x21,0x9c,0xf7,0x9c,0xf7,0x9c,0xf7,0x9c,0xf7,0x9c,0xf7,
    0x9c,0xf7,0x9c,0xf7,0x9c,0xf7,0x9c,0xf7,0x9c,0xf7,0x9c,0xf7,0x9c,0xf7,0x9c,0xf7,0x9c,0xf7,0x9c,0xf7,0x9c,0xf7,0x9c,0xf7,0x9c,0xf7,0x9c,0xf7,0x9c,0xf7,0x9c,0xf7,
    0x9c,0xf7,0x9c,0xf7,0x9c,0xf7,0x9c,0xf7,0x9c,0xf7,0x9c,0xf7,0x9c,0xf7,0x9c,0xf7,0x9c,0xf7,0x9c,0xf7,0x9c,0xf7,0x9c,0xf7,0x9c,0xf7,0x9c,0xf7,0x9c,0xf7,0x4e,0x63,
    0x8f,0x63,0x4e,0x63,0xc8,0x29,0xc8,0x29,0x4e,0x63,0xaf,0x6b,0xd0,0x73,0x9c,0xf7,0x9c,0xf7,0x9c,0xf7,0x9c,0xf7,0x9c,0xf7,0x9c,0xf7,0x9c,0xf7,0x9c,0xf7,0x9c,0xf7,
    0x9c,0xf7,0x9c,0xf7,0x9c,0xf7,0x9c,0xf7,0x9c,0xf7,0x9c,0xf7,0x9c,0xf7,0x9c,0xf7,0x9c,0xf7,0x9c,0xf7,0x9c,0xf7,0x9c,0xf7,0x9c,0xf7,0x9c,0xf7,0x9c,0xf7,0x9c,0xf7,
    0x9c,0xf7,0xe9,0x31,0xa8,0x21,0xd7,0xbd,0xb9,0xd6,0x95,0xad,0x9c,0xf7,0x9c,0xf7,0x9c,0xf7,0x9c,0xf7,0x9c,0xf7,0x9c,0xf7,0x9c,0xf7,0x9c,0xf7,0x9c,0xf7,0x9c,0xf7,
    0x9c,0xf7,0x9c,0xf7,0x9c,0xf7,0x9c,0xf7,0x9c,0xf7,0x9c,0xf7,0x9c,0xf7,0x9c,0xf7,0x9c,0xf7,0x9c,0xf7,0x9c,0xf7,0x9c,0xf7,0x9c,0xf7,0x9c,0xf7,0x9c,0xf7,0x9c,0xf7,
    0x9c,0xf7,0x9c,0xf7,0x9c,0xf7,0x9c,0xf7,0x9c,0xf7,0x9c,0xf7,0x9c,0xf7,0x9c,0xf7,0x9c,0xf7,0x9c,0xf7,0x9c,0xf7,0x9c,0xf7,0x9c,0xf7,0x9c,0xf7,0x9c,0xf7,0x9c,0xf7,
    0x46,0x19,0xa8,0x29,0xa8,0x29,0xc8,0x29,0xc9,0x31,0xe9,0x31,0xc9,0x31,0xc9,0x31,0xc9,0x29,0xa8,0x29,0xa8,0x29,0x87,0x29,0x87,0x29,0x87,0x29,0x88,0x29,0xa8,0x29,
    0xc8,0x29,0xe9,0x31,0xc9,0x31,0xc8,0x29,0xc8,0x29,0x87,0x29,0x9c,0xf7,0x9c,0xf7,0x9c,0xf7,0x9c,0xf7,0x9c,0xf7,0x9c,0xf7,0x9c,0xf7,0x9c,0xf7,0x9c,0xf7,0x9c,0xf7,
    0x9c,0xf7,0x9c,0xf7,0x9c,0xf7,0x9c,0xf7,0x9c,0xf7,0x9c,0xf7,0x9c,0xf7,0x9c,0xf7,0x9c,0xf7,0x9c,0xf7,0x9c,0xf7,0x9c,0xf7,0x9c,0xf7,0x9c,0xf7,0x9c,0xf7,0x9c,0xf7,
    0x9c,0xf7,0x9c,0xf7,0x9c,0xf7,0x9c,0xf7,0x9c,0xf7,0x9c,0xf7,0x9c,0xf7,0x9c,0xf7,0x19,0xdf,0x8d,0x84,0x8c,0x7c,0x6c,0x7c,0x6c,0x7c,0x6c,0x7c,0x6c,0x7c,0x4c,0x7c,
    0x0b,0x6c,0xcb,0x6b,0xca,0x63,0x9c,0xf7,0x9c,0xf7,0x9c,0xf7,0x9c,0xf7,0x9c,0xf7,0x9c,0xf7,0x9c,0xf7,0x9c,0xf7,0x47,0x3a,0xc9,0x42,0xc8,0x42,0x9c,0xf7,0x9c,0xf7,
    0x9c,0xf7,0x9c,0xf7,0xc8,0x4a,0x4e,0x7c,0x12,0x95,0x53,0x9d,0x33,0x9d,0x88,0x3a,0x26,0x2a,0x87,0x3a,0x6a,0x53,0x4a,0x53,0x6a,0x5b,0x4a,0x53,0x4a,0x53,0x4a,0x53,
    0x4a,0x53,0x4a,0x53,0x4a,0x53,0x6a,0x53,0x8a,0x5b,0x6a,0x5b,0x8b,0x5b,0x6a,0x5b,0x6a,0x5b,0x4a,0x5b,0x4a,0x53,0x32,0x9d,0x32,0x9d,0x32,0x9d,0x32,0x9d,0x32,0xa5,
    0xf1,0x9c,0x9c,0xf7,0x9c,0xf7,0x9c,0xf7,0x9c,0xf7,0x9c,0xf7,0x9c,0xf7,0x9c,0xf7,0x9c,0xf7,0x9c,0xf7,0x9c,0xf7,0x9c,0xf7,0x9c,0xf7,0x9c,0xf7,0x9c,0xf7,0x9c,0xf7,
    0x9c,0xf7,0x9c,0xf7,0x9c,0xf7,0x9c,0xf7,0x9c,0xf7,0x9c,0xf7,0x9c,0xf7,0x9c,0xf7,0x9c,0xf7,0x9c,0xf7,0x9c,0xf7,0x9c,0xf7,0x9c,0xf7,0x9c,0xf7,0x9c,0xf7,0x9c,0xf7,
    0x9c,0xf7,0x9c,0xf7,0x9c,0xf7,0xfe,0xff,0xff,0xff,0x01,0x00,0x63,0x00,0xa4,0x00,0x06,0x01,0x06,0x09,0xa5,0x08,0x84,0x00,0xe6,0x08,0xff,0xff,0x9c,0xf7,0x9c,0xf7,
    0x9c,0xf7,0x9c,0xf7,0x9c,0xf7,0x9c,0xf7,0x9c,0xf7,0x9c,0xf7,0x9c,0xf7,0x9c,0xf7,0x9c,0xf7,0x9c,0xf7,0x9c,0xf7,0x9c,0xf7,0x9c,0xf7,0x9c,0xf7,0x9c,0xf7,0x9c,0xf7,
    0x9c,0xf7,0x9c,0xf7,0x9c,0xf7,0x9c,0xf7,0x9c,0xf7,0x9c,0xf7,0x9c,0xf7,0x85,0x00,0x84,0x00,0x4a,0x3a,0x47,0x19,0xe6,0x08,0x9c,0xf7,0x9c,0xf7,0x9c,0xf7,0x9c,0xf7,
    0x9c,0xf7,0x9c,0xf7,0x9c,0xf7,0x9c,0xf7,0x9c,0xf7,0x9c,0xf7,0x9c,0xf7,0x9c,0xf7,0x9c,0xf7,0x9c,0xf7,0x9c,0xf7,0x9c,0xf7,0x9c,0xf7,0x9c,0xf7,0x9c,0xf7,0x9c,0xf7,
    0x9c,0xf7,0x9c,0xf7,0x9c,0xf7,0x9c,0xf7,0x9c,0xf7,0x9c,0xf7,0x9c,0xf7,0x9c,0xf7,0x9c,0xf7,0x9c,0xf7,0x9c,0xf7,0x9c,0xf7,0x9c,0xf7,0x9c,0xf7,0x9c,0xf7,0x9c,0xf7,
    0x9c,0xf7,0x9c,0xf7,0x9c,0xf7,0x9c,0xf7,0xfa,0xe6,0x95,0xb5,0x46,0x19,0x26,0x19,0x05,0x19,0x26,0x19,0x26,0x19,0x47,0x19,0x47,0x19,0x47,0x19,0x47,0x19,0x26,0x19,
    0x06,0x11,0xe5,0x10,0xe5,0x10,0x05,0x11,0x06,0x19,0x26,0x19,0x46,0x19,0x46,0x19,0x46,0x19,0x46,0x19,0x26,0x19,0x05,0x11,0x9c,0xf7,0x9c,0xf7,0x9c,0xf7,0x9c,0xf7,
    0x9c,0xf7,0x9c,0xf7,0x9c,0xf7,0x9c,0xf7,0x9c,0xf7,0x9c,0xf7,0x9c,0xf7,0x9c,0xf7,0x9c,0xf7,0x9c,0xf7,0x9c,0xf7,0x9c,0xf7,0x9c,0xf7,0x9c,0xf7,0x9c,0xf7,0x9c,0xf7,
    0x9c,0xf7,0x9c,0xf7,0x9c,0xf7,0x9c,0xf7,0x9c,0xf7,0x9c,0xf7,0x9c,0xf7,0x9c,0xf7,0x9c,0xf7,0x9c,0xf7,0x9c,0xf7,0xad,0x84,0x4c,0x7c,0x2b,0x74,0x4c,0x7c,0x6c,0x7c,
    0x6c,0x7c,0x6c,0x7c,0x6c,0x7c,0x4c,0x7c,0x4c,0x7c,0x4b,0x74,0xaa,0x63,0x8a,0x63,0x8a,0x5b,0xe8,0x42,0x9c,0xf7,0x9c,0xf7,0x9c,0xf7,0x9c,0xf7,0x9c,0xf7,0x9c,0xf7,
    0x9c,0xf7,0xb5,0xb5,0xe9,0x4a,0xe9,0x4a,0x87,0x3a,0x9c,0xf7,0x9c,0xf7,0x9c,0xf7,0xe8,0x4a,0x57,0xc6,0xff,0xff,0x05,0x22,0xc5,0x21,0x05,0x2a,0x32,0x9d,0xb0,0x8c,
    0x29,0x4b,0x29,0x4b,0x09,0x4b,0x09,0x4b,0x09,0x4b,0x4a,0x53,0x6a,0x53,0x4a,0x53,0x6a,0x53,0x6a,0x53,0x6a,0x5b,0x8a,0x5b,0xe8,0x42,0xe8,0x42,0xe8,0x42,0xa7,0x42,
    0x87,0x3a,0x9c,0xf7,0x9c,0xf7,0x9c,0xf7,0x9c,0xf7,0x9c,0xf7,0xff,0xff,0x9c,0xf7,0x9c,0xf7,0x9c,0xf7,0x9c,0xf7,0x9c,0xf7,0x9c,0xf7,0x9c,0xf7,0x9c,0xf7,0x9c,0xf7,
    0x9c,0xf7,0x9c,0xf7,0x9c,0xf7,0x9c,0xf7,0x9c,0xf7,0x9c,0xf7,0x9c,0xf7,0x9c,0xf7,0x9c,0xf7,0x9c,0xf7,0x9c,0xf7,0x9c,0xf7,0x9c,0xf7,0x9c,0xf7,0x9c,0xf7,0x9c,0xf7,
    0x9c,0xf7,0x9c,0xf7,0x9c,0xf7,0x9c,0xf7,0x9c,0xf7,0x9c,0xf7,0x9c,0xf7,0x9c,0xf7,0xda,0xde,0x55,0xa5,0x55,0xa5,0x67,0x19,0x06,0x09,0xc6,0x00,0x68,0x5a,0x68,0x5a,
    0x26,0x19,0x26,0x11,0x26,0x11,0x55,0xa5,0x14,0x9d,0xb6,0xb5,0x9c,0xf7,0x9c,0xf7,0x9c,0xf7,0x9c,0xf7,0x9c,0xf7,0x9c,0xf7,0x9c,0xf7,0x9c,0xf7,0x9c,0xf7,0x9c,0xf7,
    0x9c,0xf7,0x9c,0xf7,0x9c,0xf7,0x9c,0xf7,0x9c,0xf7,0x9c,0xf7,0x9c,0xf7,0x9c,0xf7,0x9c,0xf7,0x9c,0xf7,0x9c,0xf7,0x9c,0xf7,0x9c,0xf7,0x6e,0x63,0x6d,0x63,0xec,0x52,
    0x2c,0x63,0x2d,0x5b,0x9c,0xf7,0x9c,0xf7,0x9c,0xf7,0x9c,0xf7,0x9c,0xf7,0x9c,0xf7,0x9c,0xf7,0x9c,0xf7,0x9c,0xf7,0x9c,0xf7,0x9c,0xf7,0x9c,0xf7,0x9c,0xf7,0x9c,0xf7,
    0x9c,0xf7,0x9c,0xf7,0x9c,0xf7,0x9c,0xf7,0x9c,0xf7,0x9c,0xf7,0x9c,0xf7,0x9c,0xf7,0x9c,0xf7,0x9c,0xf7,0x9c,0xf7,0x9c,0xf7,0x9c,0xf7,0x9c,0xf7,0x9c,0xf7,0x9c,0xf7,
    0x9c,0xf7,0x9c,0xf7,0x9c,0xf7,0x9c,0xf7,0x9c,0xf7,0x9c,0xf7,0x9c,0xf7,0x9c,0xf7,0x9c,0xf7,0x9c,0xf7,0x67,0x21,0xc8,0x31,0x05,0x21,0x9c,0xf7,0x9c,0xf7,0x9c,0xf7,
    0x9c,0xf7,0x9c,0xf7,0x9c,0xf7,0x9c,0xf7,0x9c,0xf7,0x9c,0xf7,0x9c,0xf7,0x9c,0xf7,0x9c,0xf7,0x9c,0xf7,0x9c,0xf7,0x9c,0xf7,0x9c,0xf7,0x9c,0xf7,0x9c,0xf7,0x75,0xde,
    0x15,0xde,0xf5,0xd5,0x87,0x21,0x88,0x21,0x9c,0xf7,0x9c,0xf7,0x9c,0xf7,0x9c,0xf7,0x9c,0xf7,0x9c,0xf7,0x9c,0xf7,0x9c,0xf7,0x9c,0xf7,0x9c,0xf7,0x9c,0xf7,0x9c,0xf7,
    0x9c,0xf7,0x9c,0xf7,0x9c,0xf7,0x9c,0xf7,0x9c,0xf7,0x9c,0xf7,0x9c,0xf7,0x9c,0xf7,0x9c,0xf7,0x9c,0xf7,0x9c,0xf7,0x9c,0xf7,0x9c,0xf7,0x9c,0xf7,0x9c,0xf7,0x9c,0xf7,
    0xaf,0x8c,0x0b,0x74,0x2c,0x74,0x2c,0x74,0x4c,0x74,0x4c,0x7c,0x4c,0x7c,0x6c,0x7c,0x4c,0x7c,0x2b,0x74,0x0b,0x74,0x0b,0x74,0x69,0x5b,0x6a,0x5b,0x69,0x53,0xa7,0x42,
    0x9c,0xf7,0x9c,0xf7,0x9c,0xf7,0x9c,0xf7,0x9c,0xf7,0x9c,0xf7,0x9c,0xf7,0x9c,0xf7,0xc9,0x42,0xc9,0x42,0xa8,0x42,0x9c,0xf7,0x9c,0xf7,0x9c,0xf7,0xa8,0x42,0xf1,0x94,
    0x99,0xce,0xc9,0x42,0xa8,0x42,0x4b,0x5b,0xff,0xff,0x9c,0xf7,0x2e,0x74,0x4e,0x7c,0x6f,0x7c,0x8e,0x84,0x2d,0x74,0x8a,0x5b,0x6a,0x5b,0x6a,0x5b,0x6a,0x5b,0x8a,0x5b,
    0x8a,0x5b,0x8b,0x5b,0xaf,0x84,0x8f,0x84,0x8f,0x84,0x6f,0x84,0x2e,0x7c,0x9c,0xf7,0x9c,0xf7,0x9c,0xf7,0x9c,0xf7,0x9c,0xf7,0x9c,0xf7,0x9c,0xf7,0x9c,0xf7,0x9c,0xf7,
    0x9c,0xf7,0x9c,0xf7,0x9c,0xf7,0x9c,0xf7,0x9c,0xf7,0x9c,0xf7,0x9c,0xf7,0x9c,0xf7,0x9c,0xf7,0x9c,0xf7,0x9c,0xf7,0x9c,0xf7,0x9c,0xf7,0x9c,0xf7,0x9c,0xf7,0x9c,0xf7,
    0x9c,0xf7,0x9c,0xf7,0x9c,0xf7,0x9c,0xf7,0x9c,0xf7,0x9c,0xf7,0x9c,0xf7,0x9c,0xf7,0x9c,0xf7,0x9c,0xf7,0x9c,0xf7,0x9c,0xf7,0x9c,0xf7,0x9c,0xf7,0x17,0xc6,0x07,0x09,
    0xa5,0x00,0x68,0x21,0x07,0x52,0xc6,0x49,0xca,0xe4,0xcb,0xe4,0x68,0x5a,0x28,0x52,0x69,0x52,0xa5,0x00,0xc5,0x00,0x2a,0x32,0x9c,0xf7,0x9c,0xf7,0x9c,0xf7,0x9c,0xf7,
    0x9c,0xf7,0x9c,0xf7,0x9c,0xf7,0x9c,0xf7,0x9c,0xf7,0x9c,0xf7,0x9c,0xf7,0x9c,0xf7,0x9c,0xf7,0x9c,0xf7,0x9c,0xf7,0x9c,0xf7,0x9c,0xf7,0x9c,0xf7,0x9c,0xf7,0x9c,0xf7,
    0x9c,0xf7,0x9c,0xf7,0x9c,0xf7,0x9c,0xf7,0x9c,0xf7,0x9c,0xf7,0x9c,0xf7,0x9c,0xf7,0x9c,0xf7,0x9c,0xf7,0x9c,0xf7,0x9c,0xf7,0x9c,0xf7,0x9c,0xf7,0x9c,0xf7,0x9c,0xf7,
    0x9c,0xf7,0x9c,0xf7,0x9c,0xf7,0x9c,0xf7,0x9c,0xf7,0x9c,0xf7,0x9c,0xf7,0x9c,0xf7,0x9c,0xf7,0x9c,0xf7,0x9c,0xf7,0x9c,0xf7,0x9c,0xf7,0x9c,0xf7,0x9c,0xf7,0x9c,0xf7,
    0x9c,0xf7,0x9c,0xf7,0x9c,0xf7,0x9c,0xf7,0x9c,0xf7,0x9c,0xf7,0x9c,0xf7,0x9c,0xf7,0x9c,0xf7,0x9c,0xf7,0x9c,0xf7,0x9c,0xf7,0x9c,0xf7,0x9c,0xf7,0x9c,0xf7,0x37,0xc6,
    0x87,0x21,0xa8,0x29,0x25,0x19,0x9c,0xf7,0xd7,0xee,0xd8,0xee,0xf8,0xee,0xf9,0xee,0xf9,0xee,0xf9,0xee,0xf8,0xee,0xf8,0xee,0xf8,0xee,0xf8,0xee,0xf8,0xee,0xf9,0xee,
    0xf9,0xee,0xf9,0xee,0xd8,0xee,0xd8,0xee,0xd7,0xe6,0x92,0xcd,0x92,0xc5,0x0e,0x8c,0x87,0x21,0x88,0x21,0x9c,0xf7,0x9c,0xf7,0x9c,0xf7,0x9c,0xf7,0x9c,0xf7,0x9c,0xf7,
    0x9c,0xf7,0x9c,0xf7,0x9c,0xf7,0x9c,0xf7,0x9c,0xf7,0x9c,0xf7,0x9c,0xf7,0x9c,0xf7,0x9c,0xf7,0x9c,0xf7,0x9c,0xf7,0x9c,0xf7,0x9c,0xf7,0x9c,0xf7,0x9c,0xf7,0x9c,0xf7,
    0x9c,0xf7,0x9c,0xf7,0x9c,0xf7,0x9c,0xf7,0x9c,0xf7,0x73,0xad,0xce,0x8c,0x2c,0x74,0x2c,0x74,0x2c,0x74,0x2c,0x74,0x2c,0x74,0x2c,0x74,0xeb,0x6b,0x0b,0x74,0x8a,0x63,
    0xa8,0x42,0x87,0x42,0xa8,0x42,0xa8,0x42,0xc8,0x42,0xc8,0x42,0xac,0x6b,0xed,0x73,0xed,0x6b,0x98,0xce,0x9c,0xf7,0x9c,0xf7,0x9c,0xf7,0x9c,0xf7,0xc8,0x42,0xa8,0x42,
    0x88,0x3a,0x9c,0xf7,0x9c,0xf7,0x9c,0xf7,0x88,0x3a,0xac,0x63,0x4a,0x53,0xc9,0x42,0xc8,0x42,0x9c,0xf7,0x9c,0xf7,0x9c,0xf7,0x9c,0xf7,0x9c,0xf7,0x9c,0xf7,0x9c,0xf7,
    0x73,0xa5,0x49,0x53,0x29,0x4b,0x29,0x4b,0x29,0x4b,0x29,0x4b,0x49,0x53,0x6a,0x53,0x9c,0xf7,0xff,0xff,0xff,0xff,0xff,0xff,0xff,0xff,0x9c,0xf7,0x9c,0xf7,0x9c,0xf7,
    0x9c,0xf7,0x9c,0xf7,0x9c,0xf7,0x9c,0xf7,0x9c,0xf7,0x9c,0xf7,0x9c,0xf7,0x9c,0xf7,0x9c,0xf7,0x9c,0xf7,0x9c,0xf7,0x9c,0xf7,0x9c,0xf7,0x9c,0xf7,0x9c,0xf7,0x9c,0xf7,
    0x9c,0xf7,0x9c,0xf7,0x99,0xd6,0x78,0xd6,0x78,0xce,0x58,0xce,0x57,0xce,0x57,0xce,0x57,0xce,0x77,0xce,0x78,0xce,0x78,0xd6,0x99,0xd6,0x78,0xd6,0x78,0xce,0x57,0xce,
    0x57,0xce,0x57,0xce,0x78,0xce,0x78,0xd6,0x34,0xa5,0xea,0x29,0xca,0x29,0xc9,0x31,0x2b,0xfd,0x2c,0xfd,0x4a,0xcc,0x4a,0xcc,0xeb,0xe4,0x2c,0xf5,0xaf,0xf5,0xc9,0x29,
    0xe9,0x29,0xab,0x42,0x9c,0xf7,0x9c,0xf7,0x9c,0xf7,0x9c,0xf7,0x9c,0xf7,0x9c,0xf7,0x9c,0xf7,0x9c,0xf7,0x9c,0xf7,0x9c,0xf7,0x9c,0xf7,0x9c,0xf7,0x9c,0xf7,0x9c,0xf7,
    0x9c,0xf7,0x9c,0xf7,0x9c,0xf7,0x9c,0xf7,0x9c,0xf7,0x9c,0xf7,0x9c,0xf7,0x9c,0xf7,0x9c,0xf7,0x9c,0xf7,0x9c,0xf7,0x9c,0xf7,0x9c,0xf7,0x9c,0xf7,0x9c,0xf7,0x9c,0xf7,
    0x9c,0xf7,0x9c,0xf7,0x9c,0xf7,0x9c,0xf7,0x9c,0xf7,0x9c,0xf7,0x9c,0xf7,0x9c,0xf7,0x9c,0xf7,0x9c,0xf7,0x9c,0xf7,0x9c,0xf7,0x9c,0xf7,0x9c,0xf7,0x9c,0xf7,0x9c,0xf7,
    0x9c,0xf7,0x9c,0xf7,0x9c,0xf7,0x9c,0xf7,0x9c,0xf7,0x9c,0xf7,0x9c,0xf7,0x9c,0xf7,0x9c,0xf7,0x9c,0xf7,0x9c,0xf7,0x9c,0xf7,0x9c,0xf7,0x9c,0xf7,0x9c,0xf7,0x9c,0xf7,
    0x9c,0xf7,0x9c,0xf7,0x9c,0xf7,0x9c,0xf7,0xc8,0x29,0xe9,0x31,0x91,0x94,0xd8,0xde,0xb8,0xde,0xd8,0xee,0xd8,0xee,0xd8,0xee,0xf8,0xee,0xf9,0xee,0xf8,0xee,0xf8,0xee,
    0xf8,0xee,0xf8,0xee,0xf8,0xee,0xf8,0xee,0xf9,0xee,0xf9,0xee,0xf9,0xee,0xf8,0xee,0xd8,0xee,0xd8,0xee,0xd8,0xee,0xf3,0xcd,0xd3,0xcd,0x52,0xb5,0x87,0x21,0xa8,0x21,
    0x09,0x3a,0x09,0x3a,0x09,0x32,0xe9,0x31,0x87,0x29,0x9c,0xf7,0x9c,0xf7,0x9c,0xf7,0x9c,0xf7,0x9c,0xf7,0x9c,0xf7,0x9c,0xf7,0x9c,0xf7,0x9c,0xf7,0x9c,0xf7,0x9c,0xf7,
    0x9c,0xf7,0x9c,0xf7,0x9c,0xf7,0x9c,0xf7,0x9c,0xf7,0x9c,0xf7,0x9c,0xf7,0x9c,0xf7,0x9c,0xf7,0x9c,0xf7,0x9c,0xf7,0x11,0x9d,0xce,0x8c,0x4c,0x7c,0x4c,0x7c,0x2c,0x7c,
    0x2c,0x74,0x2c,0x74,0x2c,0x74,0xeb,0x6b,0xeb,0x6b,0x6a,0x5b,0x87,0x3a,0xa8,0x3a,0xa8,0x42,0xa8,0x42,0xa8,0x42,0xc8,0x42,0xa8,0x42,0xa8,0x42,0xc8,0x42,0x77,0xce,
    0x9c,0xf7,0x9c,0xf7,0x9c,0xf7,0x9c,0xf7,0xc8,0x42,0xc9,0x42,0xa8,0x42,0x9c,0xf7,0x9c,0xf7,0x9c,0xf7,0x47,0x32,0x8b,0x63,0x6a,0x5b,0x87,0x3a,0x67,0x3a,0x9c,0xf7,
    0x9c,0xf7,0x9c,0xf7,0x9c,0xf7,0x9c,0xf7,0x9c,0xf7,0x9c,0xf7,0x4e,0x7c,0xcc,0x63,0xac,0x63,0xcc,0x63,0xcc,0x63,0xcc,0x63,0xed,0x6b,0x0d,0x6c,0x9c,0xf7,0x9c,0xf7,
    0x9c,0xf7,0x9c,0xf7,0x9c,0xf7,0x9c,0xf7,0x9c,0xf7,0x9c,0xf7,0x9c,0xf7,0x9c,0xf7,0x9c,0xf7,0x9c,0xf7,0x9c,0xf7,0x9c,0xf7,0x9c,0xf7,0x9c,0xf7,0x9c,0xf7,0x9c,0xf7,
    0x9c,0xf7,0x9c,0xf7,0x9c,0xf7,0x9c,0xf7,0x9c,0xf7,0x9c,0xf7,0x9c,0xf7,0x9c,0xf7,0x67,0x21,0x46,0x19,0x47,0x19,0x26,0x19,0x06,0x11,0x05,0x11,0x05,0x11,0x26,0x11,
    0x26,0x19,0x67,0x19,0x67,0x21,0x47,0x19,0x46,0x19,0x26,0x19,0x26,0x11,0x26,0x19,0x47,0x19,0x67,0x19,0x67,0x19,0x89,0x21,0xa9,0x21,0xaa,0x5a,0x8a,0xd4,0x6a,0xd4,
    0x69,0xd4,0x69,0xd4,0x4a,0xcc,0x4a,0xcc,0xcb,0xdc,0x47,0x19,0x47,0x19,0xa8,0x21,0x75,0xad,0xb3,0x8c,0x9c,0xf7,0x9c,0xf7,0x9c,0xf7,0x9c,0xf7,0x9c,0xf7,0x9c,0xf7,
    0x9c,0xf7,0x9c,0xf7,0x9c,0xf7,0x9c,0xf7,0x9c,0xf7,0x9c,0xf7,0x9c,0xf7,0x9c,0xf7,0x9c,0xf7,0x9c,0xf7,0x9c,0xf7,0x9c,0xf7,0x9c,0xf7,0x9c,0xf7,0x9c,0xf7,0x9c,0xf7,
    0x9c,0xf7,0x9c,0xf7,0x9c,0xf7,0x9c,0xf7,0x9c,0xf7,0x9c,0xf7,0x9c,0xf7,0x9c,0xf7,0x9c,0xf7,0x9c,0xf7,0x9c,0xf7,0x9c,0xf7,0x9c,0xf7,0x9c,0xf7,0x9c,0xf7,0x9c,0xf7,
    0x9c,0xf7,0x9c,0xf7,0x9c,0xf7,0x9c,0xf7,0x9c,0xf7,0x9c,0xf7,0x9c,0xf7,0x9c,0xf7,0x9c,0xf7,0x9c,0xf7,0x9c,0xf7,0x9c,0xf7,0x9c,0xf7,0x9c,0xf7,0x9c,0xf7,0x9c,0xf7,
    0x9c,0xf7,0x9c,0xf7,0x9c,0xf7,0x9c,0xf7,0x9c,0xf7,0x9c,0xf7,0x9c,0xf7,0x9c,0xf7,0x9c,0xf7,0x9c,0xf7,0xc8,0x31,0xe8,0x31,0x71,0x8c,0xf8,0xee,0x19,0xef,0xf9,0xee,
    0xf9,0xee,0xf9,0xee,0xf9,0xee,0xf9,0xee,0xf8,0xee,0xf8,0xee,0xf8,0xee,0xf8,0xee,0xf9,0xee,0xf8,0xee,0xf9,0xee,0xf9,0xee,0xf8,0xee,0xf8,0xee,0xd8,0xe6,0xf8,0xee,
    0xf8,0xee,0x14,0xd6,0xf4,0xd5,0xd4,0xc5,0xa8,0x29,0xc8,0x29,0xe9,0x31,0xe8,0x31,0xc8,0x31,0xa8,0x29,0x87,0x29,0x9c,0xf7,0x9c,0xf7,0x9c,0xf7,0x9c,0xf7,0x9c,0xf7,
    0x9c,0xf7,0x9c,0xf7,0x9c,0xf7,0x9c,0xf7,0x9c,0xf7,0x9c,0xf7,0x9c,0xf7,0x9c,0xf7,0x9c,0xf7,0x9c,0xf7,0x9c,0xf7,0x9c,0xf7,0x9c,0xf7,0x9c,0xf7,0x9c,0xf7,0x9c,0xf7,
    0x9c,0xf7,0x51,0xa5,0xce,0x8c,0x4c,0x7c,0x4c,0x7c,0x4c,0x7c,0x2c,0x74,0x2c,0x74,0x0b,0x74,0x2c,0x74,0x2c,0x74,0xcb,0x63,0x88,0x3a,0xa8,0x42,0xa8,0x42,0xa8,0x42,
    0xa8,0x3a,0x88,0x3a,0x88,0x3a,0x67,0x3a,0x67,0x3a,0x57,0xc6,0x9c,0xf7,0x9c,0xf7,0x9c,0xf7,0x9c,0xf7,0xa8,0x42,0xe9,0x42,0xc8,0x42,0x9c,0xf7,0x9c,0xf7,0x9c,0xf7,
    0x26,0x2a,0x88,0x3a,0xc8,0x42,0x26,0x32,0x26,0x3a,0x9c,0xf7,0x9c,0xf7,0x9c,0xf7,0x9c,0xf7,0x9c,0xf7,0x9c,0xf7,0x9c,0xf7,0x9c,0xf7,0x9c,0xf7,0x9c,0xf7,0x9c,0xf7,
    0x9c,0xf7,0x9c,0xf7,0x9c,0xf7,0x9c,0xf7,0x9c,0xf7,0x9c,0xf7,0x9c,0xf7,0x9c,0xf7,0x9c,0xf7,0x9c,0xf7,0x9c,0xf7,0x9c,0xf7,0x9c,0xf7,0x9c,0xf7,0x9c,0xf7,0x9c,0xf7,
    0x9c,0xf7,0x9c,0xf7,0x9c,0xf7,0x9c,0xf7,0x9c,0xf7,0x9c,0xf7,0x9c,0xf7,0x9c,0xf7,0x9c,0xf7,0x9c,0xf7,0x9c,0xf7,0x9c,0xf7,0x9c,0xf7,0x9c,0xf7,0xa8,0x21,0x88,0x29,
    0xa8,0x29,0xa8,0x29,0x88,0x21,0x67,0x21,0x67,0x21,0x46,0x19,0x46,0x19,0x47,0x21,0x47,0x19,0x68,0x21,0x88,0x21,0x87,0x21,0x87,0x21,0x87,0x21,0x67,0x21,0x67,0x21,
    0x67,0x21,0x67,0x21,0xa8,0x29,0xeb,0x6a,0xab,0xdc,0x8b,0xdc,0xab,0xdc,0x8a,0xdc,0x6a,0xd4,0x6a,0xd4,0xab,0xe4,0x26,0x19,0x26,0x19,0x67,0x19,0x27,0x19,0x67,0x19,
    0x9c,0xf7,0x9c,0xf7,0x9c,0xf7,0x9c,0xf7,0x9c,0xf7,0x9c,0xf7,0x9c,0xf7,0x9c,0xf7,0x9c,0xf7,0x9c,0xf7,0x9c,0xf7,0x9c,0xf7,0x9c,0xf7,0x9c,0xf7,0x9c,0xf7,0x9c,0xf7,
    0x9c,0xf7,0x9c,0xf7,0x9c,0xf7,0x9c,0xf7,0x9c,0xf7,0x9c,0xf7,0x9c,0xf7,0x9c,0xf7,0x9c,0xf7,0x9c,0xf7,0x9c,0xf7,0x9c,0xf7,0x9c,0xf7,0x9c,0xf7,0x9c,0xf7,0x9c,0xf7,
    0x9c,0xf7,0x9c,0xf7,0x9c,0xf7,0x9c,0xf7,0x9c,0xf7,0x9c,0xf7,0x9c,0xf7,0x9c,0xf7,0x9c,0xf7,0x9c,0xf7,0x9c,0xf7,0x9c,0xf7,0x9c,0xf7,0x9c,0xf7,0x9c,0xf7,0x9c,0xf7,
    0x9c,0xf7,0x9c,0xf7,0x9c,0xf7,0x9c,0xf7,0x9c,0xf7,0x9c,0xf7,0x9c,0xf7,0x9c,0xf7,0x9c,0xf7,0x9c,0xf7,0x9c,0xf7,0x9c,0xf7,0x9c,0xf7,0x9c,0xf7,0x9c,0xf7,0x9c,0xf7,
    0xc8,0x31,0xe9,0x31,0x71,0x8c,0xf9,0xee,0xf9,0xee,0xf9,0xee,0xf9,0xee,0xf9,0xee,0xf8,0xee,0xf8,0xee,0xf8,0xee,0xf8,0xee,0xf8,0xee,0xf8,0xee,0xf9,0xee,0xf9,0xee,
    0xf9,0xee,0xf8,0xee,0xf8,0xee,0xf8,0xee,0xd8,0xee,0xf9,0xee,0x19,0xef,0x35,0xd6,0x35,0xd6,0xf5,0xcd,0xc8,0x29,0xc8,0x29,0x86,0x21,0x66,0x21,0x67,0x21,0x87,0x21,
    0x26,0x19,0x57,0xce,0xd9,0xe6,0x9c,0xf7,0x9c,0xf7,0x9c,0xf7,0x9c,0xf7,0x9c,0xf7,0x9c,0xf7,0x9c,0xf7,0x9c,0xf7,0x9c,0xf7,0x9c,0xf7,0x9c,0xf7,0x9c,0xf7,0x9c,0xf7,
    0x9c,0xf7,0x9c,0xf7,0x9c,0xf7,0x9c,0xf7,0x9c,0xf7,0xd9,0xde,0xb3,0xb5,0x31,0x9d,0xae,0x8c,0x4c,0x7c,0x4c,0x7c,0x4c,0x7c,0x2c,0x74,0x2b,0x74,0x0b,0x74,0x27,0x32,
    0x67,0x3a,0xa8,0x42,0x6a,0x53,0x69,0x5b,0xad,0x84,0xad,0x84,0x8c,0x7c,0x4c,0x7c,0x2c,0x74,0x2b,0x74,0x0b,0x74,0x09,0x4b,0xc9,0x42,0x47,0x32,0x9c,0xf7,0x9c,0xf7,
    0x87,0x3a,0xc9,0x42,0xc8,0x42,0x9c,0xf7,0x9c,0xf7,0x9c,0xf7,0x26,0x2a,0x88,0x3a,0x88,0x3a,0x9c,0xf7,0x9c,0xf7,0x9c,0xf7,0x9c,0xf7,0x9c,0xf7,0x9c,0xf7,0x9c,0xf7,
    0x9c,0xf7,0x9c,0xf7,0x9c,0xf7,0x9c,0xf7,0x9c,0xf7,0x9c,0xf7,0x9c,0xf7,0x9c,0xf7,0x9c,0xf7,0x9c,0xf7,0x9c,0xf7,0x9c,0xf7,0x9c,0xf7,0x9c,0xf7,0x9c,0xf7,0x9c,0xf7,
    0x9c,0xf7,0x9c,0xf7,0x9c,0xf7,0x9c,0xf7,0x9c,0xf7,0x9c,0xf7,0x9c,0xf7,0x9c,0xf7,0x9c,0xf7,0x9c,0xf7,0x9c,0xf7,0x9c,0xf7,0xa8,0x29,0x67,0x21,0x87,0x21,0x87,0x21,
    0x67,0x21,0x68,0x21,0x67,0x21,0x87,0x21,0x67,0x21,0x88,0x21,0x88,0x21,0x88,0x21,0x27,0x11,0x06,0x11,0x06,0x09,0xc5,0x08,0xc5,0x08,0xc5,0x08,0xc5,0x08,0xe6,0x08,
    0xe6,0x08,0x46,0x19,0x88,0x21,0x88,0x21,0x67,0x21,0x67,0x21,0x46,0x19,0x66,0x19,0xe9,0x72,0xab,0x9b,0x8b,0xd4,0x6b,0xd4,0x37,0xee,0x36,0xee,0x2a,0xcc,0x6a,0xd4,
    0x6a,0xd4,0xab,0xdc,0xcb,0xdc,0x47,0x19,0x46,0x19,0xc5,0x08,0x9c,0xf7,0x9c,0xf7,0x9c,0xf7,0x9c,0xf7,0x9c,0xf7,0x9c,0xf7,0x9c,0xf7,0x9c,0xf7,0x9c,0xf7,0x9c,0xf7,
    0x9c,0xf7,0x9c,0xf7,0x9c,0xf7,0x9c,0xf7,0x9c,0xf7,0x9c,0xf7,0x9c,0xf7,0x9c,0xf7,0x9c,0xf7,0x9c,0xf7,0x9c,0xf7,0x9c,0xf7,0x9c,0xf7,0x9c,0xf7,0x9c,0xf7,0x9c,0xf7,
    0x9c,0xf7,0x9c,0xf7,0x9c,0xf7,0x9c,0xf7,0x9c,0xf7,0x9c,0xf7,0x9c,0xf7,0x9c,0xf7,0x9c,0xf7,0x9c,0xf7,0x9c,0xf7,0x9c,0xf7,0x9c,0xf7,0x9c,0xf7,0x9c,0xf7,0x9c,0xf7,
    0x9c,0xf7,0x9c,0xf7,0x9c,0xf7,0x9c,0xf7,0x9c,0xf7,0x9c,0xf7,0x9c,0xf7,0x9c,0xf7,0x9c,0xf7,0x9c,0xf7,0x9c,0xf7,0x9c,0xf7,0x9c,0xf7,0x9c,0xf7,0x9c,0xf7,0x9c,0xf7,
    0x9c,0xf7,0x9c,0xf7,0x9c,0xf7,0x9c,0xf7,0x9c,0xf7,0x9c,0xf7,0xa8,0x29,0xc8,0x31,0x71,0x8c,0xf8,0xee,0x19,0xef,0x19,0xef,0xf9,0xee,0xf8,0xee,0xf8,0xee,0xd8,0xee,
    0xd8,0xee,0xd8,0xee,0xf8,0xee,0xf9,0xee,0xf9,0xee,0x19,0xef,0x19,0xef,0x19,0xef,0xf9,0xee,0xf9,0xee,0xf9,0xee,0xf9,0xee,0x19,0xef,0x56,0xde,0x35,0xd6,0xf5,0xcd,
    0xe8,0x31,0xc8,0x31,0x56,0xde,0x56,0xde,0x76,0xde,0x56,0xde,0xb8,0xee,0xc8,0x29,0xc8,0x29,0xf7,0xbd,0x9c,0xf7,0x9c,0xf7,0x9c,0xf7,0x9c,0xf7,0x9c,0xf7,0x9c,0xf7,
    0x9c,0xf7,0x9c,0xf7,0x9c,0xf7,0x9c,0xf7,0x9c,0xf7,0x9c,0xf7,0x9c,0xf7,0x9c,0xf7,0x9c,0xf7,0x9c,0xf7,0x9c,0xf7,0xf9,0xde,0xb3,0xb5,0x51,0x9d,0xae,0x8c,0x4c,0x7c,
    0x4c,0x7c,0x2c,0x74,0x2c,0x74,0x2b,0x74,0x0b,0x74,0x06,0x2a,0x47,0x32,0x88,0x3a,0x49,0x53,0x69,0x5b,0x8d,0x84,0x8d,0x84,0x8c,0x84,0x6c,0x7c,0x4c,0x7c,0x2c,0x74,
    0x2b,0x74,0x49,0x53,0xa8,0x42,0x06,0x32,0x9c,0xf7,0x9c,0xf7,0x67,0x3a,0x88,0x3a,0x88,0x42,0x9c,0xf7,0x9c,0xf7,0x9c,0xf7,0x27,0x32,0xa8,0x3a,0x88,0x42,0xff,0xff,
    0xff,0xff,0x9c,0xf7,0x9c,0xf7,0x9c,0xf7,0x9c,0xf7,0x9c,0xf7,0x9c,0xf7,0x9c,0xf7,0x9c,0xf7,0x9c,0xf7,0x9c,0xf7,0x9c,0xf7,0x9c,0xf7,0x9c,0xf7,0x9c,0xf7,0x9c,0xf7,
    0x9c,0xf7,0x9c,0xf7,0x9c,0xf7,0x9c,0xf7,0x9c,0xf7,0x9c,0xf7,0x9c,0xf7,0x9c,0xf7,0x9c,0xf7,0x9c,0xf7,0x9c,0xf7,0x9c,0xf7,0x9c,0xf7,0x9c,0xf7,0x9c,0xf7,0x9c,0xf7,
    0x9c,0xf7,0x9c,0xf7,0x26,0x11,0x26,0x11,0x47,0x19,0x46,0x19,0x26,0x19,0x26,0x19,0x06,0x11,0x26,0x19,0x67,0x21,0x67,0x21,0x88,0x21,0x87,0x21,0x0b,0xa4,0x6b,0xbc,
    0x8c,0xbc,0xfa,0xde,0xd9,0xe6,0xd9,0xde,0xd9,0xde,0xf4,0xcd,0xb4,0xcd,0x50,0x94,0x88,0x21,0x67,0x21,0x67,0x21,0x47,0x19,0x26,0x19,0x66,0x21,0x29,0xc4,0x49,0xcc,
    0x6a,0xd4,0x4a,0xd4,0x57,0xf6,0x78,0xf6,0x09,0xcc,0x8b,0xd4,0x8b,0xd4,0xab,0xdc,0xab,0xdc,0x27,0x11,0x46,0x19,0xe6,0x10,0xff,0xff,0x9c,0xf7,0x9c,0xf7,0x9c,0xf7,
    0x9c,0xf7,0x9c,0xf7,0x9c,0xf7,0x9c,0xf7,0x9c,0xf7,0x9c,0xf7,0x9c,0xf7,0x9c,0xf7,0x9c,0xf7,0x9c,0xf7,0x9c,0xf7,0x9c,0xf7,0x9c,0xf7,0x9c,0xf7,0x9c,0xf7,0x9c,0xf7,
    0x9c,0xf7,0x9c,0xf7,0x9c,0xf7,0x9c,0xf7,0x9c,0xf7,0x9c,0xf7,0x9c,0xf7,0x9c,0xf7,0x9c,0xf7,0x9c,0xf7,0x9c,0xf7,0x9c,0xf7,0x9c,0xf7,0x9c,0xf7,0x9c,0xf7,0x9c,0xf7,
    0x9c,0xf7,0x9c,0xf7,0x9c,0xf7,0x9c,0xf7,0x9c,0xf7,0x9c,0xf7,0x9c,0xf7,0x9c,0xf7,0x9c,0xf7,0x9c,0xf7,0x9c,0xf7,0x9c,0xf7,0x9c,0xf7,0x9c,0xf7,0x9c,0xf7,0x9c,0xf7,
    0x9c,0xf7,0x9c,0xf7,0x9c,0xf7,0x9c,0xf7,0x9c,0xf7,0x9c,0xf7,0x9c,0xf7,0x9c,0xf7,0x9c,0xf7,0x9c,0xf7,0x9c,0xf7,0x9c,0xf7,0x87,0x29,0xa7,0x29,0x71,0x94,0xd8,0xe6,
    0xf9,0xee,0xf9,0xee,0xf9,0xee,0x19,0xef,0x96,0xd6,0x97,0xde,0xb7,0xde,0xd8,0xe6,0xd8,0xee,0xf8,0xee,0x19,0xef,0x9c,0xf7,0x19,0xef,0xd8,0xe6,0xd8,0xe6,0xf8,0xe6,
    0x19,0xef,0xf9,0xee,0xf8,0xee,0x15,0xd6,0x14,0xd6,0x93,0xc5,0xa7,0x29,0xa8,0x29,0x72,0xc5,0x51,0xbd,0x56,0xde,0x97,0xe6,0xf9,0xf6,0xc9,0x31,0xc8,0x31,0x17,0xc6,
    0x9c,0xf7,0x9c,0xf7,0x9c,0xf7,0x9c,0xf7,0x9c,0xf7,0x9c,0xf7,0x9c,0xf7,0x9c,0xf7,0x9c,0xf7,0x9c,0xf7,0x9c,0xf7,0x9c,0xf7,0x9c,0xf7,0x9c,0xf7,0x9c,0xf7,0x9c,0xf7,
    0x9c,0xf7,0xf9,0xde,0xb3,0xad,0x30,0x9d,0xce,0x8c,0x4c,0x7c,0x4c,0x7c,0x2c,0x74,0x4c,0x7c,0x67,0x3a,0x67,0x3a,0xcb,0x6b,0xaa,0x63,0xeb,0x6b,0x4c,0x7c,0x6d,0x7c,
    0x4c,0x74,0x2c,0x74,0x2c,0x74,0x6c,0x7c,0x4c,0x7c,0x4c,0x7c,0x4b,0x74,0x8a,0x5b,0xc8,0x42,0x87,0x3a,0x63,0x21,0x9c,0xf7,0xf5,0xb5,0x88,0x42,0x88,0x3a,0x9c,0xf7,
    0x9c,0xf7,0xaf,0x8c,0x67,0x32,0x88,0x3a,0x88,0x3a,0x2f,0x7c,0xb1,0x94,0x0a,0x53,0x6b,0x5b,0x6b,0x63,0x8b,0x63,0xac,0x63,0xac,0x63,0x6a,0x5b,0x9c,0xf7,0x9c,0xf7,
    0x9c,0xf7,0x9c,0xf7,0x9c,0xf7,0x9c,0xf7,0x9c,0xf7,0x9c,0xf7,0x9c,0xf7,0x9c,0xf7,0x9c,0xf7,0x9c,0xf7,0x9c,0xf7,0x9c,0xf7,0x9c,0xf7,0x9c,0xf7,0x9c,0xf7,0x9c,0xf7,
    0x9c,0xf7,0x9c,0xf7,0x2c,0x63,0x08,0x32,0x09,0x32,0x09,0x32,0xe9,0x31,0x09,0x32,0x68,0x21,0x88,0x21,0x88,0x21,0x47,0x19,0xa7,0x31,0xa7,0x31,0xa7,0x31,0xa7,0x39,
    0xc7,0x39,0xe8,0x39,0x28,0x4a,0x28,0x4a,0xac,0xcc,0x0d,0xdd,0x0d,0xdd,0x9c,0xf7,0x9c,0xf7,0x9c,0xf7,0x9c,0xf7,0xb7,0xe6,0x76,0xe6,0x11,0xbd,0xc8,0x31,0xc8,0x31,
    0x46,0x21,0x46,0x19,0x67,0x19,0x67,0x62,0x49,0xd4,0x49,0xd4,0x4a,0xd4,0x8b,0xd4,0x57,0xf6,0x77,0xf6,0x50,0xe5,0x0f,0xdd,0xac,0xd4,0x8b,0xd4,0x6a,0xcc,0x6a,0x93,
    0x48,0x52,0x47,0x19,0x2a,0x32,0x2a,0x3a,0x4a,0x3a,0x2a,0x3a,0x09,0x3a,0x09,0x32,0xe9,0x31,0x09,0x32,0x2a,0x3a,0x2a,0x3a,0x4a,0x3a,0xe9,0x31,0x9c,0xf7,0x9c,0xf7,
    0x9c,0xf7,0x9c,0xf7,0x9c,0xf7,0x9c,0xf7,0x9c,0xf7,0x9c,0xf7,0x9c,0xf7,0x9c,0xf7,0x9c,0xf7,0x9c,0xf7,0x9c,0xf7,0x9c,0xf7,0x9c,0xf7,0x9c,0xf7,0x9c,0xf7,0x9c,0xf7,
    0x9c,0xf7,0x9c,0xf7,0x9c,0xf7,0x9c,0xf7,0x9c,0xf7,0x9c,0xf7,0x9c,0xf7,0x9c,0xf7,0x9c,0xf7,0x9c,0xf7,0x9c,0xf7,0x9c,0xf7,0x9c,0xf7,0x9c,0xf7,0x9c,0xf7,0x9c,0xf7,
    0x9c,0xf7,0x9c,0xf7,0x9c,0xf7,0x9c,0xf7,0x9c,0xf7,0x9c,0xf7,0x9c,0xf7,0x9c,0xf7,0x9c,0xf7,0x9c,0xf7,0x9c,0xf7,0x9c,0xf7,0x9c,0xf7,0x9c,0xf7,0x9c,0xf7,0x9c,0xf7,
    0x9c,0xf7,0x9c,0xf7,0x87,0x29,0xa7,0x29,0x71,0x94,0xd8,0xe6,0xf9,0xee,0x19,0xef,0x19,0xef,0x9c,0xf7,0xca,0x63,0x0b,0x74,0x0b,0x6c,0xf4,0xc5,0xd7,0xe6,0xf8,0xee,
    0xf9,0xee,0x19,0xef,0x72,0xa5,0x4c,0x7c,0x4c,0x74,0xea,0x6b,0xf9,0xee,0xf8,0xee,0xd8,0xee,0x14,0xd6,0xf4,0xd5,0x93,0xc5,0xa7,0x29,0xa8,0x29,0x9c,0xf7,0x9c,0xf7,
    0xd4,0xcd,0x77,0xde,0xf9,0xee,0xe9,0x31,0xc8,0x31,0xf7,0xbd,0x9c,0xf7,0x9c,0xf7,0x9c,0xf7,0x9c,0xf7,0x9c,0xf7,0x9c,0xf7,0x9c,0xf7,0x9c,0xf7,0x9c,0xf7,0x9c,0xf7,
    0x9c,0xf7,0x9c,0xf7,0x9c,0xf7,0x9c,0xf7,0x9c,0xf7,0x9c,0xf7,0x9c,0xf7,0xf9,0xde,0xb3,0xb5,0x51,0x9d,0xef,0x94,0x8c,0x7c,0x6c,0x7c,0x4c,0x7c,0x6c,0x7c,0xc8,0x42,
    0xa8,0x42,0xeb,0x6b,0xca,0x6b,0xeb,0x6b,0x4c,0x7c,0x4c,0x7c,0x2c,0x74,0x2b,0x74,0x4c,0x74,0x6c,0x7c,0x6c,0x7c,0x6c,0x7c,0x6c,0x7c,0xca,0x63,0xe9,0x42,0xc8,0x42,
    0x26,0x32,0x9c,0xf7,0xb7,0xd6,0xa9,0x42,0x68,0x3a,0x9c,0xf7,0x9c,0xf7,0xaa,0x63,0x88,0x32,0x68,0x3a,0x68,0x3a,0x27,0x32,0x68,0x3a,0x46,0x32,0x67,0x3a,0x67,0x3a,
    0x87,0x3a,0xa7,0x3a,0xc8,0x42,0xa7,0x3a,0xff,0xff,0x9c,0xf7,0x9c,0xf7,0x9c,0xf7,0x9c,0xf7,0x9c,0xf7,0x9c,0xf7,0x9c,0xf7,0x9c,0xf7,0x9c,0xf7,0x9c,0xf7,0x9c,0xf7,
    0x9c,0xf7,0x9c,0xf7,0x9c,0xf7,0x9c,0xf7,0x9c,0xf7,0x9c,0xf7,0x9c,0xf7,0xff,0xff,0x6a,0x42,0xc5,0x08,0xc5,0x08,0xc5,0x08,0xe5,0x10,0xe5,0x10,0xa8,0x29,0xa8,0x29,
    0x87,0x29,0x47,0x19,0xc9,0xab,0xc9,0xab,0xca,0xab,0xea,0xab,0xea,0xab,0x0a,0xb4,0x0a,0xb4,0x0a,0xb4,0x8b,0xcc,0xab,0xcc,0xcc,0xcc,0x9c,0xf7,0x9c,0xf7,0x9c,0xf7,
    0x9c,0xf7,0x9c,0xf7,0x9c,0xf7,0xf9,0xe6,0xd5,0xc5,0xd4,0xbd,0x67,0x29,0x46,0x21,0xc8,0x29,0xe9,0xb3,0x29,0xcc,0x4a,0xd4,0x6b,0xd4,0xcc,0xdc,0x57,0xfe,0x77,0xfe,
    0x36,0xf6,0x15,0xf6,0x8c,0xd4,0x6a,0xcc,0x6a,0xcc,0x6a,0xcc,0x09,0x7b,0x88,0x21,0xe5,0x08,0xe6,0x08,0x06,0x11,0xe6,0x10,0xc5,0x08,0xc5,0x08,0xc5,0x08,0xc5,0x08,
    0xe6,0x08,0xe6,0x08,0xc5,0x08,0x43,0x00,0x9c,0xf7,0x9c,0xf7,0x9c,0xf7,0x9c,0xf7,0x9c,0xf7,0x9c,0xf7,0x9c,0xf7,0x9c,0xf7,0x9c,0xf7,0x9c,0xf7,0x9c,0xf7,0x9c,0xf7,
    0x9c,0xf7,0x9c,0xf7,0x9c,0xf7,0xec,0x52,0xec,0x52,0xec,0x52,0xec,0x52,0xec,0x52,0x8e,0x6b,0x9c,0xf7,0x9c,0xf7,0x9c,0xf7,0x9c,0xf7,0x9c,0xf7,0x9c,0xf7,0x9c,0xf7,
    0x9c,0xf7,0x9c,0xf7,0x9c,0xf7,0x9c,0xf7,0x9c,0xf7,0x9c,0xf7,0x9c,0xf7,0x9c,0xf7,0x9c,0xf7,0x9c,0xf7,0x9c,0xf7,0x9c,0xf7,0x9c,0xf7,0x9c,0xf7,0x9c,0xf7,0x9c,0xf7,
    0x9c,0xf7,0x9c,0xf7,0x9c,0xf7,0x9c,0xf7,0x9c,0xf7,0x9c,0xf7,0x9c,0xf7,0x9c,0xf7,0x87,0x29,0xa8,0x31,0x91,0x94,0xd8,0xe6,0xf8,0xee,0xf8,0xee,0xf9,0xee,0x9c,0xf7,
    0x0b,0x74,0x6c,0x7c,0x4c,0x74,0xca,0x6b,0x27,0x4b,0xd8,0xe6,0xf9,0xee,0xeb,0x6b,0x2c,0x74,0x2c,0x74,0x2c,0x74,0xca,0x6b,0xd8,0xe6,0xd8,0xee,0xd8,0xee,0x14,0xd6,
    0x14,0xd6,0x93,0xc5,0xa8,0x29,0xc8,0x29,0x9c,0xf7,0x9c,0xf7,0x15,0xd6,0x77,0xde,0xf9,0xf6,0xe9,0x31,0xc8,0x31,0xb6,0xb5,0x9c,0xf7,0x9c,0xf7,0x9c,0xf7,0x9c,0xf7,
    0x9c,0xf7,0x9c,0xf7,0x9c,0xf7,0x9c,0xf7,0x9c,0xf7,0x9c,0xf7,0x9c,0xf7,0x9c,0xf7,0x9c,0xf7,0x9c,0xf7,0x9c,0xf7,0x9c,0xf7,0x9c,0xf7,0xf9,0xde,0xb3,0xad,0x30,0x9d,
    0xee,0x8c,0x8c,0x84,0x8c,0x84,0x8c,0x7c,0xac,0x84,0xc8,0x42,0xa7,0x42,0x0b,0x74,0xea,0x6b,0x0b,0x74,0x4c,0x7c,0x4c,0x7c,0x0b,0x6c,0x0b,0x74,0x4c,0x74,0x6c,0x7c,
    0x6c,0x7c,0x8c,0x84,0x8c,0x7c,0xcf,0x8c,0x87,0x42,0x67,0x3a,0x06,0x2a,0x0e,0x7c,0x97,0xd6,0x68,0x3a,0x47,0x3a,0x9c,0xf7,0x9c,0xf7,0x0c,0x6c,0x27,0x2a,0x47,0x32,
    0x68,0x32,0xe6,0x29,0xc6,0x21,0x2a,0x53,0x29,0x53,0x29,0x53,0x2a,0x53,0x4a,0x53,0x6a,0x5b,0x6a,0x5b,0xf1,0x9c,0xff,0xff,0xfe,0xff,0x9c,0xf7,0x9c,0xf7,0x9c,0xf7,
    0x9c,0xf7,0x9c,0xf7,0x9c,0xf7,0x9c,0xf7,0x9c,0xf7,0x9c,0xf7,0x9c,0xf7,0x9c,0xf7,0x9c,0xf7,0x9c,0xf7,0xff,0xff,0xff,0xff,0x9c,0xf7,0xd0,0x6b,0x0a,0x32,0xa9,0x29,
    0xc9,0x29,0xc9,0x29,0x27,0x11,0x27,0x09,0x07,0x09,0x07,0x09,0xe6,0x00,0x85,0x00,0xca,0xe4,0xca,0xe4,0xcb,0xe4,0xcb,0xdc,0xcb,0xdc,0xcb,0xdc,0xcb,0xdc,0xcb,0xdc,
    0x8a,0xd4,0x8a,0xd4,0xab,0xd4,0x9c,0xf7,0x9c,0xf7,0x9c,0xf7,0x9c,0xf7,0x9c,0xf7,0x9c,0xf7,0x9c,0xf7,0x9c,0xf7,0x9c,0xf7,0xc8,0x31,0x26,0x11,0x47,0x19,0x6a,0xd4,
    0x6a,0xd4,0x49,0xd4,0x28,0xcc,0x4a,0xcc,0x57,0xfe,0x57,0xfe,0x57,0xfe,0x97,0xfe,0xa7,0xc3,0x4a,0xcc,0x4a,0xcc,0x4a,0xcc,0x09,0x83,0x88,0x21,0xc9,0x29,0xc9,0x29,
    0x28,0x11,0x47,0x11,0x68,0x19,0x88,0x21,0x88,0x21,0xa8,0x29,0xa8,0x29,0x88,0x21,0x67,0x21,0x26,0x19,0x17,0xbe,0x58,0xce,0x99,0xd6,0xda,0xde,0xfa,0xde,0x9c,0xf7,
    0x9c,0xf7,0x9c,0xf7,0x9c,0xf7,0x9c,0xf7,0x9c,0xf7,0x9c,0xf7,0xff,0xff,0xff,0xff,0xff,0xff,0xe5,0x08,0xc5,0x08,0xc5,0x08,0xc5,0x08,0xe5,0x08,0xa8,0x29,0xff,0xff,
    0x9c,0xf7,0x9c,0xf7,0x9c,0xf7,0x9c,0xf7,0x9c,0xf7,0x9c,0xf7,0x9c,0xf7,0x9c,0xf7,0x9c,0xf7,0x9c,0xf7,0x9c,0xf7,0x9c,0xf7,0x9c,0xf7,0x9c,0xf7,0x9c,0xf7,0x9c,0xf7,
    0x9c,0xf7,0x9c,0xf7,0x9c,0xf7,0x9c,0xf7,0x9c,0xf7,0x9c,0xf7,0x9c,0xf7,0x9c,0xf7,0x9c,0xf7,0x9c,0xf7,0x9c,0xf7,0x9c,0xf7,0x9c,0xf7,0x9c,0xf7,0xa7,0x29,0xc8,0x31,
    0xb1,0x94,0xd8,0xe6,0xd8,0xee,0xd8,0xee,0xd8,0xee,0x9c,0xf7,0x0b,0x74,0x6c,0x7c,0x4c,0x7c,0x4c,0x74,0xca,0x63,0xf8,0xe6,0xd9,0xee,0x08,0x4b,0xe8,0x4a,0xaa,0x63,
    0xeb,0x6b,0xaa,0x63,0xd8,0xe6,0xd8,0xee,0xf8,0xee,0x35,0xde,0x36,0xde,0xf5,0xcd,0xc8,0x31,0xe9,0x31,0xff,0xff,0x9c,0xf7,0x16,0xd6,0x77,0xde,0xd8,0xee,0xa8,0x29,
    0xa7,0x29,0x75,0xad,0x9c,0xf7,0x9c,0xf7,0x9c,0xf7,0x9c,0xf7,0x9c,0xf7,0x9c,0xf7,0x9c,0xf7,0x9c,0xf7,0x9c,0xf7,0x9c,0xf7,0x9c,0xf7,0x9c,0xf7,0x9c,0xf7,0x9c,0xf7,
    0x9c,0xf7,0x9c,0xf7,0x9c,0xf7,0xf9,0xde,0xb3,0xad,0x31,0x9d,0xce,0x8c,0x8c,0x7c,0xad,0x84,0x49,0x53,0x29,0x4b,0x8c,0x7c,0x8d,0x84,0x8c,0x7c,0x6c,0x7c,0x4c,0x7c,
    0x4c,0x7c,0x2c,0x7c,0x4c,0x7c,0x4c,0x74,0x4c,0x7c,0x4c,0x7c,0x8d,0x84,0x08,0x4b,0x4a,0x53,0xd4,0xb5,0x9c,0xf7,0xf1,0x94,0x27,0x32,0xc6,0x29,0x97,0xd6,0x68,0x3a,
    0x47,0x3a,0x9c,0xf7,0x9c,0xf7,0x29,0x53,0xc9,0x42,0xe9,0x42,0xe9,0x4a,0x88,0x42,0x88,0x42,0x88,0x3a,0x88,0x42,0xa8,0x42,0x09,0x4b,0x09,0x53,0x4a,0x53,0x6a,0x53,
    0xc7,0x4a,0xb4,0xad,0x98,0xd6,0x9c,0xf7,0x9c,0xf7,0x9c,0xf7,0x9c,0xf7,0x9c,0xf7,0x9c,0xf7,0x9c,0xf7,0x9c,0xf7,0x9c,0xf7,0x9c,0xf7,0x9c,0xf7,0x9c,0xf7,0x9c,0xf7,
    0xf6,0xbd,0xf3,0x94,0xcf,0x73,0xa5,0x00,0x68,0x21,0x88,0x21,0x88,0x21,0x88,0x21,0x09,0x73,0xc9,0x6a,0xe8,0x72,0xe9,0x72,0xe8,0x72,0xa7,0x6a,0x09,0xbc,0x09,0xbc,
    0x29,0xc4,0x8b,0xcc,0x8b,0xcc,0xab,0xcc,0xab,0xcc,0x8b,0xcc,0xab,0xd4,0xab,0xd4,0xab,0xd4,0x9c,0xf7,0x9c,0xf7,0x9c,0xf7,0x9c,0xf7,0x9c,0xf7,0x9c,0xf7,0x9c,0xf7,
    0xb4,0xbd,0xb4,0xc5,0xc8,0x31,0x68,0x52,0x09,0x7b,0x6a,0xd4,0x8a,0xd4,0xcd,0xdc,0x30,0xe5,0x30,0xe5,0x15,0xfe,0x15,0xfe,0xf5,0xf5,0x15,0xf6,0xad,0xdc,0x29,0xcc,
    0x29,0xcc,0x29,0xcc,0x28,0x83,0x87,0x29,0x87,0x29,0x67,0x19,0x2a,0x7b,0xe9,0x7a,0x48,0x52,0xe8,0x31,0xe8,0x39,0xc8,0x29,0xa8,0x29,0x88,0x29,0x46,0x21,0x26,0x19,
    0xab,0x4a,0xec,0x52,0x2e,0x5b,0x6e,0x63,0x4d,0x63,0xff,0xff,0xff,0xff,0x9c,0xf7,0x9c,0xf7,0x9c,0xf7,0x9c,0xf7,0xff,0xff,0x51,0x84,0xb3,0x8c,0xb3,0x94,0x88,0x21,
    0x88,0x21,0x88,0x21,0x88,0x21,0x88,0x21,0x09,0x32,0xb3,0x8c,0xda,0xde,0x9c,0xf7,0x9c,0xf7,0x9c,0xf7,0x9c,0xf7,0x9c,0xf7,0x9c,0xf7,0x9c,0xf7,0x9c,0xf7,0x9c,0xf7,
    0x9c,0xf7,0x9c,0xf7,0x9c,0xf7,0x9c,0xf7,0x9c,0xf7,0x9c,0xf7,0x9c,0xf7,0x9c,0xf7,0x9c,0xf7,0x9c,0xf7,0x9c,0xf7,0x9c,0xf7,0x9c,0xf7,0x9c,0xf7,0x9c,0xf7,0x9c,0xf7,
    0x9c,0xf7,0x9c,0xf7,0x9c,0xf7,0x9c,0xf7,0xa8,0x29,0xc8,0x31,0x91,0x94,0xb7,0xe6,0xd8,0xee,0xd8,0xee,0xd8,0xee,0x9c,0xf7,0x2b,0x74,0x6c,0x7c,0x6c,0x7c,0x6d,0x7c,
    0x6c,0x7c,0x2d,0x7c,0xf0,0x94,0xcb,0x63,0x8a,0x5b,0xcb,0x6b,0x0c,0x74,0xcb,0x63,0xd8,0xe6,0xf9,0xee,0x19,0xef,0x56,0xde,0x56,0xde,0x15,0xce,0xe9,0x31,0xe9,0x31,
    0xff,0xff,0x9c,0xf7,0x15,0xd6,0x36,0xd6,0xb7,0xee,0xa8,0x29,0x87,0x29,0x54,0xad,0x9c,0xf7,0x9c,0xf7,0x9c,0xf7,0x9c,0xf7,0x9c,0xf7,0x9c,0xf7,0x9c,0xf7,0x9c,0xf7,
    0x9c,0xf7,0x9c,0xf7,0x9c,0xf7,0x9c,0xf7,0x9c,0xf7,0x9c,0xf7,0x9c,0xf7,0x9c,0xf7,0x9c,0xf7,0xf9,0xde,0xd3,0xad,0x51,0x9d,0xce,0x8c,0x4c,0x7c,0x8c,0x7c,0x29,0x53,
    0x49,0x53,0x8c,0x84,0x8c,0x7c,0x6c,0x7c,0x6c,0x7c,0x4c,0x7c,0x4c,0x7c,0x4c,0x7c,0x2c,0x74,0x2c,0x74,0x2c,0x74,0x2c,0x74,0x4c,0x7c,0x47,0x3a,0xa8,0x3a,0x16,0xbe,
    0x9c,0xf7,0x90,0x84,0x47,0x32,0x68,0x3a,0x97,0xd6,0x88,0x42,0x67,0x3a,0x9c,0xf7,0x9c,0xf7,0x48,0x3a,0x8a,0x5b,0x6a,0x5b,0x4a,0x5b,0x4a,0x5b,0x49,0x53,0x06,0x2a,
    0x27,0x32,0x47,0x32,0x49,0x53,0x4a,0x53,0x4a,0x53,0x6a,0x53,0xab,0x5b,0x08,0x4b,0xf0,0x94,0x9c,0xf7,0x9c,0xf7,0x9c,0xf7,0x9c,0xf7,0x9c,0xf7,0x9c,0xf7,0x9c,0xf7,
    0x9c,0xf7,0x9c,0xf7,0x9c,0xf7,0x9c,0xf7,0x9c,0xf7,0x9c,0xf7,0x2c,0x63,0xe6,0x08,0x27,0x11,0xa8,0x29,0x67,0x21,0x47,0x19,0x47,0x19,0x46,0x19,0xad,0xfd,0x6c,0xf5,
    0xeb,0xe4,0x0b,0xe5,0x0b,0xed,0xeb,0xec,0x89,0xab,0xa8,0xab,0xe9,0xb3,0xab,0xd4,0xab,0xd4,0xab,0xd4,0xab,0xd4,0xcc,0xd4,0x6a,0xcc,0x28,0xcc,0x48,0xd4,0x9c,0xf7,
    0x9c,0xf7,0x9c,0xf7,0x9c,0xf7,0x9c,0xf7,0x9c,0xf7,0x9c,0xf7,0xcb,0x8b,0xec,0x9b,0xc8,0x31,0xaa,0x9b,0xcb,0xe4,0x8b,0xd4,0x8a,0xd4,0x30,0xe5,0x57,0xfe,0x57,0xfe,
    0x57,0xfe,0x57,0xfe,0x57,0xfe,0x57,0xfe,0x98,0xfe,0x29,0xcc,0x49,0xcc,0x29,0xc4,0x49,0x93,0xe6,0x08,0xe6,0x08,0x86,0x00,0x4c,0xf5,0xcb,0xec,0x09,0x7b,0xe9,0x31,
    0xe9,0x31,0x06,0x11,0xa5,0x00,0x84,0x00,0x26,0x19,0x26,0x19,0xe5,0x10,0xe5,0x10,0x06,0x11,0x27,0x11,0x06,0x11,0x55,0xa5,0x55,0xa5,0x75,0xad,0x74,0xad,0x13,0xa5,
    0x13,0xa5,0x55,0xa5,0x64,0x00,0xc5,0x00,0xc5,0x00,0x09,0x3a,0xe9,0x39,0xe8,0x31,0xe8,0x31,0xe8,0x31,0x87,0x21,0xa5,0x00,0x2d,0x5b,0x9c,0xf7,0x9c,0xf7,0x9c,0xf7,
    0x9c,0xf7,0x9c,0xf7,0x9c,0xf7,0x9c,0xf7,0x9c,0xf7,0x9c,0xf7,0x9c,0xf7,0x9c,0xf7,0x9c,0xf7,0x9c,0xf7,0x9c,0xf7,0x9c,0xf7,0x9c,0xf7,0x9c,0xf7,0x9c,0xf7,0x9c,0xf7,
    0x9c,0xf7,0x9c,0xf7,0x9c,0xf7,0x9c,0xf7,0x9c,0xf7,0x9c,0xf7,0x9c,0xf7,0x9c,0xf7,0x9c,0xf7,0x9c,0xf7,0xa7,0x29,0xc8,0x31,0x91,0x94,0xb7,0xe6,0xd8,0xee,0xd8,0xee,
    0xf8,0xee,0xf8,0xee,0x9c,0xf7,0x92,0xb5,0x8d,0x7c,0x8d,0x7c,0x8d,0x7c,0x69,0x53,0x29,0x53,0x0c,0x74,0x0c,0x6c,0xeb,0x6b,0xf8,0xe6,0x9c,0xf7,0x19,0xef,0x9c,0xf7,
    0x9c,0xf7,0x76,0xde,0x56,0xde,0x15,0xd6,0xc9,0x31,0xe9,0x31,0x9c,0xf7,0x9c,0xf7,0xd4,0xcd,0x15,0xd6,0x96,0xe6,0x87,0x29,0x67,0x21,0x54,0xad,0x9c,0xf7,0x9c,0xf7,
    0x9c,0xf7,0x9c,0xf7,0x9c,0xf7,0x9c,0xf7,0x9c,0xf7,0x9c,0xf7,0x9c,0xf7,0x9c,0xf7,0x9c,0xf7,0x9c,0xf7,0x9c,0xf7,0x9c,0xf7,0x9c,0xf7,0x9c,0xf7,0x9c,0xf7,0xf9,0xde,
    0xb3,0xb5,0x30,0x9d,0xae,0x8c,0x2b,0x74,0x2b,0x74,0xaa,0x63,0xab,0x63,0x6c,0x7c,0x6c,0x7c,0x6c,0x7c,0x4c,0x7c,0x6c,0x7c,0x6c,0x7c,0x4c,0x7c,0x4c,0x7c,0x2c,0x74,
    0x0b,0x74,0xb3,0xb5,0xb4,0xb5,0xe6,0x31,0x47,0x3a,0x47,0x3a,0x57,0xce,0x12,0x9d,0x48,0x32,0x85,0x21,0x9c,0xf7,0xa8,0x3a,0xa8,0x42,0xf0,0x94,0xab,0x6b,0x48,0x3a,
    0x4a,0x53,0x49,0x53,0x29,0x53,0x29,0x53,0x49,0x53,0xa8,0x42,0xc8,0x42,0xc8,0x42,0x29,0x4b,0x09,0x4b,0x4a,0x53,0x4a,0x53,0x6a,0x53,0x8b,0x5b,0x32,0x9d,0x9c,0xf7,
    0x9c,0xf7,0x9c,0xf7,0x9c,0xf7,0x9c,0xf7,0x9c,0xf7,0x9c,0xf7,0x9c,0xf7,0x9c,0xf7,0x9c,0xf7,0x54,0xad,0xf2,0x94,0xd2,0x94,0xab,0x4a,0xc8,0x29,0xa8,0x29,0xc8,0x29,
    0xa8,0x29,0xa7,0x29,0xa7,0x29,0xa7,0x29,0x6b,0xb4,0x4b,0xb4,0xab,0xcc,0x8b,0xcc,0x8b,0xcc,0x8b,0xcc,0x0a,0xbc,0x2a,0xbc,0x4a,0xc4,0xab,0xd4,0xab,0xd4,0xab,0xd4,
    0xcc,0xd4,0xcc,0xd4,0x6f,0xdd,0x6f,0xdd,0x6f,0xdd,0x9c,0xf7,0x9c,0xf7,0x9c,0xf7,0x9c,0xf7,0x9c,0xf7,0x9c,0xf7,0x9c,0xf7,0x6b,0x73,0x8c,0x7b,0xa8,0x29,0x49,0x93,
    0x6b,0xcc,0x8b,0xd4,0x8a,0xd4,0x50,0xed,0x15,0xf6,0x36,0xfe,0xd3,0xed,0xb3,0xed,0xb2,0xed,0xb3,0xed,0x93,0xed,0x6a,0xcc,0x6a,0xcc,0x4a,0xcc,0xca,0xab,0x07,0x4a,
    0x07,0x4a,0xe7,0x41,0x6a,0xd4,0x6a,0xcc,0x4a,0x8b,0xc9,0x62,0xc9,0x62,0x4e,0x63,0x0d,0x53,0xec,0x52,0x87,0x21,0x87,0x29,0xa7,0x29,0xa8,0x29,0x88,0x21,0xa8,0x21,
    0xc9,0x29,0xe5,0x08,0x06,0x11,0x26,0x19,0x47,0x19,0xa5,0x00,0x85,0x00,0xa4,0x00,0xe9,0x29,0x09,0x32,0x09,0x32,0x0b,0x63,0x0b,0x63,0xea,0x62,0xca,0x5a,0xaa,0x5a,
    0xa8,0x29,0x88,0x21,0xa4,0x00,0x9c,0xf7,0x9c,0xf7,0x9c,0xf7,0x9c,0xf7,0x9c,0xf7,0x9c,0xf7,0x9c,0xf7,0x9c,0xf7,0x9c,0xf7,0x9c,0xf7,0x9c,0xf7,0x9c,0xf7,0x9c,0xf7,
    0x9c,0xf7,0x9c,0xf7,0x9c,0xf7,0x9c,0xf7,0x9c,0xf7,0x9c,0xf7,0x9c,0xf7,0x9c,0xf7,0x9c,0xf7,0x9c,0xf7,0x9c,0xf7,0x9c,0xf7,0x9c,0xf7,0x9c,0xf7,0x9c,0xf7,0x9c,0xf7,
    0x87,0x29,0xc8,0x31,0x91,0x94,0xd8,0xe6,0xf8,0xee,0xf8,0xee,0xf8,0xee,0xf8,0xee,0xf9,0xee,0x96,0xd6,0xae,0x8c,0xae,0x8c,0xae,0x8c,0x6a,0x53,0x69,0x53,0xae,0x8c,
    0x8e,0x8c,0xaf,0x94,0xf8,0xee,0xf8,0xee,0xf9,0xee,0xf9,0xee,0xf9,0xee,0x55,0xde,0x35,0xd6,0xf5,0xcd,0xa8,0x29,0xa8,0x29,0x9c,0xf7,0xd9,0xe6,0xf4,0xcd,0x15,0xd6,
    0xb7,0xee,0xa8,0x29,0xa7,0x29,0x75,0xb5,0x9c,0xf7,0x9c,0xf7,0x9c,0xf7,0x9c,0xf7,0x9c,0xf7,0x9c,0xf7,0x9c,0xf7,0x9c,0xf7,0x9c,0xf7,0x9c,0xf7,0x9c,0xf7,0x9c,0xf7,
    0x9c,0xf7,0x9c,0xf7,0x9c,0xf7,0x9c,0xf7,0x9c,0xf7,0x9c,0xf7,0x19,0xe7,0x9c,0xf7,0x6d,0x84,0x2c,0x74,0x2b,0x74,0x2b,0x74,0x2c,0x74,0x4c,0x7c,0x4c,0x7c,0x4c,0x7c,
    0x4c,0x7c,0x4c,0x7c,0x6c,0x7c,0x6c,0x7c,0x6c,0x7c,0x6c,0x7c,0xeb,0x6b,0x9c,0xf7,0x9c,0xf7,0xe6,0x29,0x27,0x32,0x27,0x32,0x2e,0x7c,0x32,0x9d,0x47,0x32,0xe6,0x29,
    0x9c,0xf7,0xa8,0x3a,0xe9,0x42,0x0f,0x8d,0x0c,0x6c,0x27,0x32,0x4a,0x5b,0x4a,0x53,0x4a,0x53,0x49,0x53,0x49,0x53,0x8a,0x5b,0x8a,0x5b,0x6a,0x53,0x68,0x3a,0x67,0x32,
    0x4a,0x53,0x29,0x53,0x4a,0x53,0x4a,0x53,0xf1,0x94,0x9c,0xf7,0x9c,0xf7,0x9c,0xf7,0x9c,0xf7,0x9c,0xf7,0x9c,0xf7,0x9c,0xf7,0x9c,0xf7,0x9c,0xf7,0x9c,0xf7,0x63,0x00,
    0xe5,0x08,0xe5,0x10,0x27,0x19,0x67,0x21,0x47,0x19,0xcb,0x5a,0xca,0x5a,0xaa,0x5a,0xaa,0x52,0xaa,0x5a,0x29,0x42,0x49,0x42,0x2c,0xe5,0xcb,0xdc,0xcb,0xd4,0xab,0xd4,
    0xab,0xd4,0xab,0xd4,0xab,0xd4,0xab,0xd4,0x8b,0xd4,0xab,0xd4,0x8a,0xd4,0x6a,0xd4,0x9c,0xf7,0x9c,0xf7,0x9c,0xf7,0x9c,0xf7,0x9c,0xf7,0x9c,0xf7,0x9c,0xf7,0x9c,0xf7,
    0x9c,0xf7,0x9c,0xf7,0xc6,0x08,0x27,0x09,0x89,0x19,0x49,0x8b,0x8b,0xcc,0x8b,0xd4,0x8b,0xd4,0x15,0xf6,0x57,0xfe,0xb9,0xfe,0x29,0xcc,0x08,0xc4,0x08,0xc4,0x08,0xc4,
    0x09,0xc4,0x8b,0xcc,0x8b,0xcc,0x8b,0xcc,0x8a,0xcc,0xeb,0xec,0x0b,0xed,0x0b,0xed,0x4a,0xcc,0x8b,0xd4,0xab,0xdc,0xeb,0xe4,0xeb,0xf4,0xff,0xff,0xff,0xff,0xff,0xff,
    0x6a,0x4a,0x8a,0x52,0x8a,0x4a,0x69,0x4a,0x87,0x21,0x68,0x21,0x88,0x21,0xc9,0x29,0xc9,0x29,0xa9,0x29,0xa9,0x29,0x88,0x21,0xa8,0x21,0x88,0x21,0xc8,0x29,0xcb,0x52,
    0xab,0x5a,0xaa,0x52,0xaa,0x52,0x8a,0x52,0xaa,0x5a,0xaa,0x52,0xa8,0x29,0x47,0x19,0x05,0x11,0x9c,0xf7,0x9c,0xf7,0x9c,0xf7,0x9c,0xf7,0x9c,0xf7,0x9c,0xf7,0x9c,0xf7,
    0x9c,0xf7,0x9c,0xf7,0x9c,0xf7,0x9c,0xf7,0x9c,0xf7,0x9c,0xf7,0x9c,0xf7,0x9c,0xf7,0x9c,0xf7,0x9c,0xf7,0x9c,0xf7,0x9c,0xf7,0x9c,0xf7,0x9c,0xf7,0x9c,0xf7,0x9c,0xf7,
    0x9c,0xf7,0x9c,0xf7,0x9c,0xf7,0x9c,0xf7,0x9c,0xf7,0x9c,0xf7,0x87,0x29,0xc8,0x31,0xb2,0x94,0xf8,0xee,0x19,0xef,0x19,0xef,0xf9,0xee,0x19,0xef,0x19,0xef,0x19,0xef,
    0x19,0xef,0x19,0xef,0x9c,0xf7,0x8a,0x5b,0x6a,0x5b,0x9c,0xf7,0x19,0xef,0xf9,0xee,0xf8,0xee,0xf8,0xee,0xf8,0xee,0xf8,0xee,0xf8,0xee,0x34,0xd6,0x14,0xd6,0xb3,0xc5,
    0x87,0x29,0x88,0x29,0x56,0xde,0x15,0xd6,0x15,0xd6,0x56,0xde,0xf8,0xf6,0xe9,0x31,0xc8,0x31,0x96,0xb5,0x9c,0xf7,0x9c,0xf7,0x9c,0xf7,0x9c,0xf7,0x9c,0xf7,0x9c,0xf7,
    0x9c,0xf7,0x9c,0xf7,0x9c,0xf7,0x9c,0xf7,0x9c,0xf7,0x9c,0xf7,0x9c,0xf7,0x9c,0xf7,0x9c,0xf7,0x9c,0xf7,0x9c,0xf7,0x9c,0xf7,0x9c,0xf7,0x9c,0xf7,0x8e,0x84,0x4c,0x7c,
    0x4c,0x7c,0x4c,0x74,0x4c,0x74,0x4c,0x7c,0x4c,0x7c,0x4c,0x7c,0x4c,0x7c,0x4c,0x7c,0x6c,0x7c,0x6c,0x7c,0x4b,0x74,0x2b,0x74,0x8a,0x63,0x9c,0xf7,0x9c,0xf7,0x84,0x19,
    0xe6,0x29,0x07,0x32,0x2a,0x53,0x8c,0x63,0x27,0x2a,0x28,0x32,0x9c,0xf7,0xa8,0x3a,0xc9,0x42,0x0f,0x8d,0x0c,0x6c,0x07,0x32,0x6a,0x5b,0x4a,0x53,0x4a,0x53,0x4a,0x53,
    0x4a,0x53,0x4a,0x53,0x6a,0x53,0x6a,0x53,0x88,0x3a,0x88,0x3a,0x29,0x53,0x29,0x53,0x29,0x53,0x29,0x4b,0xb0,0x8c,0x9c,0xf7,0x9c,0xf7,0x9c,0xf7,0x9c,0xf7,0x9c,0xf7,
    0x9c,0xf7,0x9c,0xf7,0x9c,0xf7,0x9c,0xf7,0x9c,0xf7,0xa8,0x21,0x67,0x21,0x67,0x21,0x67,0x21,0x87,0x21,0x88,0x21,0x8a,0x52,0x8a,0x52,0x8a,0x52,0x69,0x52,0x69,0x4a,
    0x89,0x52,0x89,0x5a,0x6b,0xcc,0x4a,0xc4,0x8b,0xcc,0xab,0xd4,0xab,0xd4,0xab,0xd4,0xab,0xd4,0xab,0xd4,0x8a,0xd4,0x8a,0xd4,0xec,0xd4,0xcc,0xdc,0x9c,0xf7,0x9c,0xf7,
    0x9c,0xf7,0x9c,0xf7,0x9c,0xf7,0x9c,0xf7,0x9c,0xf7,0x9c,0xf7,0xd9,0xde,0x78,0xd6,0x88,0x21,0xa9,0x21,0xa8,0x21,0x29,0x83,0x8b,0xd4,0x8b,0xd4,0x8b,0xd4,0xd4,0xed,
    0x36,0xf6,0x77,0xfe,0xac,0xd4,0xac,0xd4,0x8b,0xcc,0x8b,0xcc,0x8b,0xcc,0x8b,0xcc,0x8b,0xcc,0x8b,0xcc,0x8b,0xcc,0x6a,0xcc,0x4a,0xc4,0x4a,0xcc,0x6b,0xcc,0x8b,0xcc,
    0x8b,0xcc,0x8b,0xcc,0x6a,0xcc,0x9c,0xf7,0x9c,0xf7,0x9c,0xf7,0x29,0x42,0x69,0x4a,0x6a,0x4a,0x6a,0x4a,0xe8,0x31,0xa8,0x29,0xa8,0x29,0xa8,0x21,0x88,0x21,0x88,0x21,
    0x88,0x21,0xa8,0x29,0xc8,0x31,0x88,0x21,0xc8,0x29,0x8a,0x52,0x8a,0x52,0xeb,0x6a,0xeb,0x6a,0x2b,0x6b,0xcb,0x5a,0xca,0x5a,0xa8,0x29,0x67,0x21,0x06,0x11,0x9c,0xf7,
    0x9c,0xf7,0x9c,0xf7,0x9c,0xf7,0x9c,0xf7,0x9c,0xf7,0x9c,0xf7,0x9c,0xf7,0x9c,0xf7,0x9c,0xf7,0x9c,0xf7,0x9c,0xf7,0x9c,0xf7,0x9c,0xf7,0x9c,0xf7,0x9c,0xf7,0x9c,0xf7,
    0x9c,0xf7,0x9c,0xf7,0x9c,0xf7,0x9c,0xf7,0x9c,0xf7,0x9c,0xf7,0x9c,0xf7,0x9c,0xf7,0x9c,0xf7,0x9c,0xf7,0x9c,0xf7,0x9c,0xf7,0x87,0x29,0xc8,0x31,0xb2,0x9c,0xf9,0xee,
    0x9c,0xf7,0x19,0xef,0x19,0xef,0x19,0xef,0x19,0xef,0x19,0xef,0xf8,0xee,0xf8,0xee,0x9c,0xf7,0x8a,0x5b,0x6a,0x53,0x19,0xef,0x19,0xef,0xf9,0xee,0xf9,0xee,0xf9,0xee,
    0xf8,0xee,0xf8,0xee,0xf8,0xee,0x14,0xd6,0x14,0xd6,0xd4,0xc5,0xa8,0x29,0xa8,0x29,0x55,0xde,0x14,0xd6,0x96,0xe6,0x76,0xde,0xf8,0xf6,0xa8,0x29,0xe9,0x31,0xb6,0xb5,
    0x9c,0xf7,0x9c,0xf7,0x9c,0xf7,0x9c,0xf7,0x9c,0xf7,0x9c,0xf7,0x9c,0xf7,0x9c,0xf7,0x9c,0xf7,0x9c,0xf7,0x9c,0xf7,0x9c,0xf7,0x9c,0xf7,0x9c,0xf7,0x9c,0xf7,0x9c,0xf7,
    0x9c,0xf7,0x9c,0xf7,0x9c,0xf7,0x9c,0xf7,0xae,0x84,0x6c,0x7c,0x6c,0x7c,0x4c,0x7c,0x4c,0x7c,0x4c,0x7c,0x4c,0x7c,0x2c,0x74,0x2c,0x74,0x2c,0x74,0x2c,0x74,0x0b,0x74,
    0x9c,0xf7,0x9c,0xf7,0x9c,0xf7,0x9c,0xf7,0x9c,0xf7,0x9c,0xf7,0x9c,0xf7,0xad,0x6b,0xc9,0x4a,0xa8,0x42,0xa6,0x29,0xc6,0x29,0x9c,0xf7,0xa8,0x42,0xc9,0x42,0xa9,0x42,
    0x88,0x3a,0xa6,0x29,0x4a,0x53,0x29,0x53,0x6a,0x5b,0x4a,0x53,0x4a,0x53,0x4a,0x53,0x6a,0x5b,0x6a,0x5b,0x6a,0x5b,0x4a,0x53,0xe9,0x4a,0x29,0x53,0x29,0x53,0x09,0x4b,
    0xb0,0x8c,0x9c,0xf7,0x9c,0xf7,0x9c,0xf7,0x9c,0xf7,0x9c,0xf7,0x9c,0xf7,0x9c,0xf7,0x9c,0xf7,0x68,0x19,0x88,0x21,0x88,0x21,0x67,0x21,0x67,0x21,0xe8,0x31,0xaa,0x52,
    0xcb,0x5a,0xaa,0x52,0xaa,0x52,0xaa,0x52,0x8a,0x52,0x8a,0x52,0x69,0x52,0x69,0x52,0x08,0x3a,0x08,0x3a,0x8a,0x8b,0x8a,0xcc,0xab,0xd4,0xab,0xd4,0xab,0xd4,0x8b,0xd4,
    0x8a,0xd4,0x8a,0xcc,0x9c,0xf7,0x9c,0xf7,0x9c,0xf7,0x9c,0xf7,0x9c,0xf7,0x9c,0xf7,0x9c,0xf7,0x9c,0xf7,0x9c,0xf7,0x10,0x74,0xe6,0x08,0xe6,0x10,0x88,0x21,0x88,0x21,
    0xa8,0x21,0x09,0x7b,0x8b,0xd4,0x8b,0xd4,0xab,0xd4,0x8b,0xcc,0x8a,0xcc,0x6a,0xcc,0xab,0xd4,0x8b,0xcc,0x8b,0xcc,0x8b,0xcc,0x8b,0xcc,0x8b,0xcc,0x8b,0xcc,0x8b,0xd4,
    0x8b,0xcc,0x8b,0xcc,0x8b,0xcc,0x8b,0xcc,0x8b,0xcc,0x8b,0xcc,0x8a,0xcc,0x6a,0xcc,0x49,0xcc,0x9c,0xf7,0x9c,0xf7,0x9c,0xf7,0x49,0x4a,0x8a,0x52,0xaa,0x52,0xaa,0x52,
    0xcb,0x5a,0xab,0x52,0xaa,0x52,0x8a,0x52,0x49,0x42,0x88,0x21,0x68,0x21,0xaa,0x52,0xaa,0x52,0xaa,0x52,0x8a,0x52,0x8a,0x52,0x69,0x4a,0x31,0xf5,0x11,0xf5,0x72,0xf5,
    0xaa,0x52,0xca,0x5a,0xc8,0x31,0x88,0x21,0x47,0x19,0x9c,0xf7,0x9c,0xf7,0x9c,0xf7,0x9c,0xf7,0x9c,0xf7,0x9c,0xf7,0x9c,0xf7,0x9c,0xf7,0x9c,0xf7,0x9c,0xf7,0x9c,0xf7,
    0x9c,0xf7,0x9c,0xf7,0x9c,0xf7,0x9c,0xf7,0x9c,0xf7,0x9c,0xf7,0x9c,0xf7,0x9c,0xf7,0x9c,0xf7,0x9c,0xf7,0x9c,0xf7,0x9c,0xf7,0x9c,0xf7,0x9c,0xf7,0x9c,0xf7,0x9c,0xf7,
    0x9c,0xf7,0x9c,0xf7,0xa8,0x29,0xe8,0x31,0xb2,0x94,0xf9,0xee,0x9c,0xf7,0x19,0xef,0x19,0xef,0x19,0xef,0x19,0xef,0xf9,0xee,0xf8,0xee,0xf8,0xee,0xd8,0xee,0x19,0xef,
    0x19,0xf7,0xf8,0xee,0xf8,0xee,0xf9,0xee,0xf9,0xee,0xf9,0xee,0xf9,0xee,0x19,0xef,0xf8,0xee,0x15,0xd6,0x14,0xd6,0xd4,0xcd,0xc8,0x31,0xa8,0x29,0x4f,0x94,0xb1,0xa4,
    0x67,0x21,0x87,0x29,0x87,0x21,0x9c,0xf7,0x9c,0xf7,0x9c,0xf7,0x9c,0xf7,0x9c,0xf7,0x9c,0xf7,0x9c,0xf7,0x9c,0xf7,0x9c,0xf7,0x9c,0xf7,0x9c,0xf7,0x9c,0xf7,0x9c,0xf7,
    0x9c,0xf7,0x9c,0xf7,0x9c,0xf7,0x9c,0xf7,0x9c,0xf7,0x9c,0xf7,0x9c,0xf7,0x9c,0xf7,0x9c,0xf7,0x9c,0xf7,0x8e,0x84,0x6c,0x7c,0x6c,0x7c,0x6c,0x7c,0x6c,0x7c,0x6c,0x7c,
    0x6c,0x7c,0x4b,0x74,0x2b,0x74,0x0b,0x74,0x0b,0x74,0xca,0x6b,0x9c,0xf7,0x9c,0xf7,0x9c,0xf7,0x9c,0xf7,0x9c,0xf7,0x9c,0xf7,0x9c,0xf7,0x0e,0x74,0xe9,0x4a,0xc9,0x42,
    0xc6,0x29,0xc6,0x29,0x9c,0xf7,0xa8,0x42,0x88,0x3a,0x88,0x42,0x48,0x3a,0xa6,0x29,0x2a,0x4b,0x0a,0x53,0x6b,0x5b,0x49,0x53,0x4a,0x53,0x4a,0x53,0x6a,0x53,0x6a,0x5b,
    0x6a,0x5b,0x6a,0x53,0x09,0x4b,0x4a,0x53,0x2a,0x53,0x29,0x53,0x11,0x95,0x9c,0xf7,0x9c,0xf7,0x9c,0xf7,0x9c,0xf7,0x9c,0xf7,0x9c,0xf7,0x9c,0xf7,0x9c,0xf7,0x88,0x21,
    0x88,0x21,0x88,0x21,0x88,0x21,0x67,0x21,0x09,0x3a,0x8a,0x52,0x8a,0x52,0xaa,0x52,0xaa,0x52,0xaa,0x52,0xaa,0x52,0xaa,0x52,0x8a,0x52,0x89,0x52,0x69,0x4a,0x69,0x4a,
    0x49,0x83,0x6a,0xcc,0x8a,0xcc,0x8a,0xcc,0x8a,0xcc,0x8a,0xcc,0x8b,0xd4,0xab,0xd4,0x9c,0xf7,0x9c,0xf7,0x9c,0xf7,0x9c,0xf7,0x9c,0xf7,0x9c,0xf7,0x9c,0xf7,0x9c,0xf7,
    0x9c,0xf7,0x30,0x84,0x67,0x19,0x26,0x19,0x67,0x21,0x87,0x21,0x87,0x21,0xe9,0x6a,0x8b,0xd4,0x8b,0xd4,0x8b,0xcc,0x8b,0xcc,0x8b,0xcc,0x8b,0xcc,0xab,0xd4,0x8b,0xcc,
    0x8b,0xcc,0x8b,0xcc,0x8b,0xcc,0x8b,0xcc,0x8b,0xcc,0x8b,0xcc,0x8b,0xcc,0xab,0xd4,0xab,0xd4,0x8b,0xcc,0x8b,0xcc,0x8b,0xcc,0x6a,0xcc,0x6a,0xcc,0x29,0xcc,0x9c,0xf7,
    0x9c,0xf7,0x9c,0xf7,0x69,0x4a,0xaa,0x52,0xaa,0x52,0xaa,0x52,0xaa,0x52,0xaa,0x52,0x8a,0x52,0x6a,0x52,0x49,0x42,0x67,0x21,0x67,0x21,0x8a,0x52,0xaa,0x52,0xaa,0x5a,
    0xaa,0x5a,0x8a,0x52,0x89,0x52,0xf1,0xf4,0xf0,0xf4,0x32,0xf5,0x69,0x4a,0xaa,0x5a,0xc8,0x31,0x88,0x21,0x67,0x19,0x9c,0xf7,0x9c,0xf7,0x9c,0xf7,0x9c,0xf7,0x9c,0xf7,
    0x9c,0xf7,0x9c,0xf7,0x9c,0xf7,0x9c,0xf7,0x9c,0xf7,0x9c,0xf7,0x9c,0xf7,0x9c,0xf7,0x9c,0xf7,0x9c,0xf7,0x9c,0xf7,0x9c,0xf7,0x9c,0xf7,0x9c,0xf7,0x9c,0xf7,0x9c,0xf7,
    0x9c,0xf7,0x9c,0xf7,0x9c,0xf7,0x9c,0xf7,0x9c,0xf7,0x9c,0xf7,0x9c,0xf7,0x9c,0xf7,0xc8,0x31,0xe8,0x31,0x91,0x94,0xf9,0xee,0x19,0xef,0xf9,0xee,0x19,0xef,0x19,0xef,
    0x19,0xef,0x19,0xef,0x19,0xef,0xf9,0xee,0xf8,0xee,0xf8,0xee,0xf8,0xee,0xf8,0xee,0xf8,0xee,0xf9,0xee,0xf9,0xee,0x19,0xef,0x9c,0xf7,0x9c,0xf7,0x9c,0xf7,0x35,0xd6,
    0x56,0xde,0x36,0xd6,0xe9,0x31,0xe9,0x31,0x09,0x3a,0xe9,0x31,0xa8,0x29,0x88,0x29,0x67,0x21,0x9c,0xf7,0x9c,0xf7,0x9c,0xf7,0x9c,0xf7,0x9c,0xf7,0x9c,0xf7,0x9c,0xf7,
    0x9c,0xf7,0x9c,0xf7,0x9c,0xf7,0x9c,0xf7,0x9c,0xf7,0x9c,0xf7,0x9c,0xf7,0x9c,0xf7,0x9c,0xf7,0x9c,0xf7,0x9c,0xf7,0x9c,0xf7,0x9c,0xf7,0x9c,0xf7,0x9c,0xf7,0x9c,0xf7,
    0x8d,0x84,0x4c,0x7c,0x6c,0x7c,0x6c,0x7c,0x6c,0x7c,0x8c,0x7c,0x8d,0x7c,0x9c,0xf7,0x9c,0xf7,0x9c,0xf7,0x9c,0xf7,0x9c,0xf7,0x9c,0xf7,0x9c,0xf7,0x9c,0xf7,0x9c,0xf7,
    0x9c,0xf7,0x9c,0xf7,0x9c,0xf7,0x0e,0x74,0x2a,0x4b,0x09,0x4b,0xc7,0x29,0xc7,0x31,0x9c,0xf7,0x88,0x42,0x68,0x3a,0x68,0x3a,0x07,0x32,0x87,0x29,0x8b,0x5b,0x8f,0x7c,
    0xcf,0x84,0x49,0x53,0x4a,0x53,0x4a,0x53,0x6a,0x53,0x6a,0x5b,0x6a,0x53,0x6a,0x5b,0x4a,0x53,0x6a,0x53,0x4a,0x53,0x4a,0x53,0x32,0x9d,0x9c,0xf7,0x9c,0xf7,0x9c,0xf7,
    0x9c,0xf7,0x9c,0xf7,0xfa,0xe6,0xfa,0xe6,0x9c,0xf7,0x88,0x21,0xa8,0x21,0x68,0x21,0x67,0x21,0x67,0x21,0x29,0x3a,0x8a,0x52,0x8a,0x52,0xaa,0x52,0xaa,0x52,0xca,0x5a,
    0xaa,0x5a,0xaa,0x52,0xaa,0x52,0x8a,0x52,0x89,0x52,0x69,0x52,0x4a,0x7b,0x8a,0xcc,0x89,0xd4,0x6a,0xcc,0x6a,0xcc,0x8a,0xcc,0x8b,0xd4,0x08,0xc4,0x9c,0xf7,0x9c,0xf7,
    0x9c,0xf7,0x9c,0xf7,0x9c,0xf7,0x9c,0xf7,0x9c,0xf7,0x9c,0xf7,0x9c,0xf7,0x92,0x94,0x46,0x19,0x26,0x19,0xe7,0x39,0x66,0x21,0x06,0x09,0xc8,0x62,0x8b,0xcc,0x8b,0xd4,
    0x8b,0xd4,0x8b,0xd4,0x8b,0xd4,0x8b,0xd4,0xab,0xd4,0x8b,0xd4,0x8b,0xd4,0x8b,0xcc,0x8b,0xcc,0x8b,0xcc,0x8b,0xcc,0x8b,0xcc,0x8b,0xd4,0xab,0xd4,0x8b,0xd4,0x8b,0xd4,
    0x8b,0xcc,0x8b,0xd4,0x8a,0xcc,0x6a,0xcc,0x49,0xcc,0x9c,0xf7,0x9c,0xf7,0x9c,0xf7,0x49,0x4a,0x8a,0x52,0xaa,0x52,0xaa,0x52,0xaa,0x52,0x8a,0x52,0x8a,0x52,0x6a,0x4a,
    0x49,0x4a,0x46,0x19,0x47,0x11,0x8a,0x52,0xaa,0x52,0x69,0x4a,0x49,0x42,0x69,0x42,0x49,0x42,0xf0,0xf4,0xd0,0xf4,0x12,0xf5,0x69,0x4a,0x89,0x52,0xc8,0x29,0x88,0x21,
    0x67,0x19,0x9c,0xf7,0x9c,0xf7,0x9c,0xf7,0x9c,0xf7,0x9c,0xf7,0x9c,0xf7,0x9c,0xf7,0x9c,0xf7,0x9c,0xf7,0x9c,0xf7,0x9c,0xf7,0x9c,0xf7,0x9c,0xf7,0x9c,0xf7,0x9c,0xf7,
    0x9c,0xf7,0x9c,0xf7,0x9c,0xf7,0x9c,0xf7,0x9c,0xf7,0x9c,0xf7,0x9c,0xf7,0x9c,0xf7,0x9c,0xf7,0x9c,0xf7,0x9c,0xf7,0x9c,0xf7,0x9c,0xf7,0x9c,0xf7,0xc8,0x31,0xc8,0x31,
    0x50,0x8c,0xf4,0xd5,0xf4,0xcd,0xf8,0xee,0xf8,0xee,0xf9,0xee,0x19,0xef,0x19,0xef,0x19,0xef,0x19,0xef,0x19,0xef,0xf8,0xee,0xf8,0xee,0xf8,0xee,0xf8,0xee,0xf9,0xee,
    0xf9,0xee,0xf9,0xee,0x35,0xd6,0x56,0xde,0x56,0xd6,0x15,0xd6,0xb4,0xcd,0xd5,0xc5,0x09,0x3a,0x09,0x32,0x8b,0x4a,0x6b,0x4a,0x8b,0x4a,0x6b,0x4a,0xab,0x52,0x9c,0xf7,
    0x9c,0xf7,0x9c,0xf7,0x9c,0xf7,0x9c,0xf7,0x9c,0xf7,0x9c,0xf7,0x9c,0xf7,0x9c,0xf7,0x9c,0xf7,0x9c,0xf7,0x9c,0xf7,0x9c,0xf7,0x9c,0xf7,0x9c,0xf7,0x9c,0xf7,0x9c,0xf7,
    0x9c,0xf7,0x9c,0xf7,0x9c,0xf7,0x9c,0xf7,0x9c,0xf7,0x9c,0xf7,0x4d,0x7c,0x2c,0x74,0x2c,0x74,0x4c,0x7c,0x6c,0x7c,0x8d,0x84,0xad,0x84,0x9c,0xf7,0x9c,0xf7,0x9c,0xf7,
    0x9c,0xf7,0x9c,0xf7,0x9c,0xf7,0x9c,0xf7,0x9c,0xf7,0x9c,0xf7,0x9c,0xf7,0x9c,0xf7,0x9c,0xf7,0x0e,0x74,0x4a,0x53,0x2a,0x53,0xc6,0x29,0xa6,0x29,0x19,0xe7,0x68,0x42,
    0x68,0x3a,0x47,0x3a,0xe6,0x29,0xa7,0x31,0x69,0x42,0xa9,0x4a,0xc9,0x4a,0xc8,0x4a,0xc8,0x4a,0x6a,0x5b,0x6a,0x5b,0x4a,0x53,0x6a,0x53,0x6a,0x53,0x6a,0x53,0x6a,0x53,
    0x6a,0x5b,0xab,0x63,0x94,0xad,0x9c,0xf7,0x9c,0xf7,0x9c,0xf7,0x9c,0xf7,0x9c,0xf7,0x6a,0x42,0x4a,0x42,0x6a,0x42,0x88,0x21,0xa8,0x21,0x4a,0x42,0x8a,0x4a,0x6a,0x4a,
    0x8a,0x52,0x8a,0x52,0x8a,0x52,0x8a,0x52,0xaa,0x52,0x49,0x4a,0x69,0x4a,0x6a,0x4a,0xaa,0x52,0x8a,0x52,0x89,0x52,0x89,0x52,0xa9,0x5a,0xc9,0x62,0x8a,0xcc,0x6a,0xcc,
    0x6a,0xcc,0x8b,0xd4,0xab,0xd4,0xf9,0xee,0x9c,0xf7,0x9c,0xf7,0x9c,0xf7,0x9c,0xf7,0x9c,0xf7,0x9c,0xf7,0x9c,0xf7,0x9c,0xf7,0x9c,0xf7,0xa7,0x21,0x26,0x19,0x26,0x19,
    0x4b,0xbc,0xc9,0xab,0xc9,0xab,0x2a,0xbc,0x8b,0xcc,0x8b,0xd4,0x8b,0xd4,0x8b,0xcc,0x8b,0xcc,0x8b,0xcc,0x8b,0xd4,0x8b,0xcc,0x8b,0xcc,0x8b,0xcc,0x8b,0xd4,0xab,0xd4,
    0xab,0xd4,0x8b,0xd4,0x8b,0xd4,0x8b,0xd4,0x8b,0xd4,0x8b,0xd4,0x8b,0xcc,0x8b,0xcc,0xab,0xd4,0xac,0xcc,0x8b,0xcc,0x9c,0xf7,0x9c,0xf7,0x9c,0xf7,0x49,0x4a,0x8a,0x52,
    0xaa,0x52,0xaa,0x52,0xaa,0x52,0xaa,0x52,0x8a,0x52,0x8a,0x52,0x69,0x4a,0x29,0x42,0x29,0x42,0x69,0x4a,0x6a,0x4a,0xcd,0x9b,0x4f,0xc4,0xb0,0xcc,0xb0,0xd4,0x11,0xf5,
    0xf1,0xf4,0x11,0xf5,0x69,0x4a,0x69,0x52,0xa7,0x29,0x67,0x21,0x47,0x19,0x9c,0xf7,0x9c,0xf7,0x9c,0xf7,0x9c,0xf7,0x9c,0xf7,0x9c,0xf7,0x9c,0xf7,0x9c,0xf7,0x9c,0xf7,
    0x9c,0xf7,0x9c,0xf7,0x9c,0xf7,0x9c,0xf7,0x9c,0xf7,0x9c,0xf7,0x9c,0xf7,0x9c,0xf7,0x9c,0xf7,0x9c,0xf7,0x9c,0xf7,0x9c,0xf7,0x9c,0xf7,0x9c,0xf7,0x9c,0xf7,0x9c,0xf7,
    0x9c,0xf7,0x9c,0xf7,0x9c,0xf7,0x9c,0xf7,0x05,0x19,0x26,0x19,0xae,0x7b,0x35,0xde,0xd3,0xcd,0xf8,0xee,0xf8,0xee,0xf8,0xee,0xf8,0xee,0x19,0xef,0x19,0xef,0x19,0xef,
    0x19,0xef,0x19,0xef,0xf9,0xee,0xf8,0xee,0xf8,0xee,0xf8,0xee,0xd8,0xee,0xd8,0xee,0x15,0xd6,0x35,0xde,0x36,0xd6,0xd4,0xcd,0xd4,0xcd,0xd5,0xcd,0x09,0x3a,0x29,0x3a,
    0x9c,0xf7,0x9c,0xf7,0x9c,0xf7,0x9c,0xf7,0x9c,0xf7,0x9c,0xf7,0x9c,0xf7,0x9c,0xf7,0x9c,0xf7,0x9c,0xf7,0x9c,0xf7,0x9c,0xf7,0x9c,0xf7,0x9c,0xf7,0x9c,0xf7,0x9c,0xf7,
    0x9c,0xf7,0x9c,0xf7,0x9c,0xf7,0x9c,0xf7,0x9c,0xf7,0x9c,0xf7,0x9c,0xf7,0x9c,0xf7,0x9c,0xf7,0x9c,0xf7,0x9c,0xf7,0x9c,0xf7,0xd3,0xb5,0x2b,0x74,0x2c,0x74,0x4c,0x7c,
    0x4c,0x7c,0x9c,0xf7,0x9c,0xf7,0x9c,0xf7,0x9c,0xf7,0x9c,0xf7,0x9c,0xf7,0x9c,0xf7,0x9c,0xf7,0x9c,0xf7,0x9c,0xf7,0x9c,0xf7,0x9c,0xf7,0x9c,0xf7,0x9c,0xf7,0xb0,0x8c,
    0x2a,0x53,0x09,0x4b,0x86,0x29,0x86,0x29,0x0a,0x53,0x88,0x42,0x68,0x3a,0x68,0x3a,0xc6,0x29,0x84,0x08,0xe5,0x10,0xe4,0x10,0x04,0x11,0xa5,0x21,0xc6,0x21,0xc9,0x42,
    0x09,0x4b,0x8a,0x5b,0x4a,0x53,0x4a,0x53,0x6a,0x53,0x6a,0x53,0x8a,0x5b,0xa6,0x3a,0xb4,0xad,0x9c,0xf7,0x9c,0xf7,0x9c,0xf7,0x9c,0xf7,0x9c,0xf7,0x06,0x11,0xe5,0x10,
    0xe5,0x08,0x26,0x11,0x47,0x19,0x8a,0x4a,0xcb,0x5a,0xca,0x5a,0xaa,0x52,0x8a,0x52,0x8a,0x52,0xaa,0x52,0xaa,0x52,0xe8,0x39,0x08,0x42,0x29,0x42,0xaa,0x52,0xaa,0x52,
    0x8a,0x52,0x8a,0x52,0x8a,0x52,0x89,0x4a,0x8b,0xd4,0x8b,0xd4,0x6a,0xcc,0xe7,0xc3,0xa6,0xc3,0x9c,0xf7,0x9c,0xf7,0x9c,0xf7,0x9c,0xf7,0x9c,0xf7,0x9c,0xf7,0x9c,0xf7,
    0x9c,0xf7,0xff,0xff,0xff,0xff,0xe5,0x08,0x26,0x19,0x23,0x00,0xec,0xdc,0xab,0xdc,0xab,0xdc,0x8b,0xd4,0x8b,0xcc,0x8b,0xcc,0xab,0xd4,0xab,0xd4,0xab,0xd4,0x8b,0xd4,
    0x8b,0xcc,0x8b,0xcc,0x8b,0xcc,0x8b,0xcc,0x8b,0xd4,0xab,0xd4,0xab,0xd4,0xab,0xd4,0x8b,0xcc,0x8b,0xd4,0x8b,0xd4,0x8a,0xcc,0x8b,0xcc,0x8b,0xcc,0x49,0xcc,0x08,0xcc,
    0x07,0xcc,0x9c,0xf7,0x9c,0xf7,0x9c,0xf7,0x49,0x4a,0x69,0x4a,0x8a,0x52,0x8a,0x52,0xaa,0x52,0x8a,0x52,0x8a,0x52,0x8a,0x52,0x8a,0x52,0x89,0x52,0x89,0x52,0x29,0x42,
    0x49,0x4a,0xd0,0xd4,0x92,0xfd,0x72,0xf5,0x72,0xf5,0x32,0xed,0x32,0xf5,0xd3,0xfd,0x69,0x4a,0xca,0x5a,0x87,0x21,0x87,0x21,0x67,0x21,0x9c,0xf7,0x9c,0xf7,0x9c,0xf7,
    0x9c,0xf7,0x9c,0xf7,0x9c,0xf7,0x9c,0xf7,0x9c,0xf7,0x9c,0xf7,0x9c,0xf7,0x9c,0xf7,0x9c,0xf7,0x9c,0xf7,0x9c,0xf7,0x9c,0xf7,0x9c,0xf7,0x9c,0xf7,0x9c,0xf7,0x9c,0xf7,
    0x9c,0xf7,0x9c,0xf7,0x9c,0xf7,0x9c,0xf7,0x9c,0xf7,0x9c,0xf7,0x9c,0xf7,0x9c,0xf7,0x9c,0xf7,0x9c,0xf7,0x9c,0xf7,0x9c,0xf7,0xa8,0x29,0xe9,0x29,0xc5,0x10,0x96,0xe6,
    0x15,0xd6,0x14,0xd6,0x35,0xde,0x55,0xde,0x56,0xde,0x76,0xde,0x76,0xde,0x76,0xde,0x56,0xde,0x55,0xde,0x35,0xde,0x34,0xd6,0xf4,0xd5,0xf3,0xcd,0x92,0xc5,0xb3,0xc5,
    0xd3,0xcd,0xe8,0x39,0x87,0x21,0x05,0x11,0xff,0xff,0xff,0xff,0x9c,0xf7,0x9c,0xf7,0x9c,0xf7,0x9c,0xf7,0x9c,0xf7,0x9c,0xf7,0x9c,0xf7,0x9c,0xf7,0x9c,0xf7,0x9c,0xf7,
    0x9c,0xf7,0x9c,0xf7,0x9c,0xf7,0x9c,0xf7,0x9c,0xf7,0x9c,0xf7,0x9c,0xf7,0x9c,0xf7,0x9c,0xf7,0x9c,0xf7,0x9c,0xf7,0x9c,0xf7,0x9c,0xf7,0x9c,0xf7,0x9c,0xf7,0x9c,0xf7,
    0x9c,0xf7,0x9c,0xf7,0xb3,0xad,0x2c,0x74,0x2c,0x7c,0x4c,0x7c,0x4c,0x74,0x9c,0xf7,0x9c,0xf7,0x9c,0xf7,0x9c,0xf7,0x9c,0xf7,0x9c,0xf7,0x9c,0xf7,0x9c,0xf7,0x9c,0xf7,
    0x9c,0xf7,0x9c,0xf7,0x9c,0xf7,0x9c,0xf7,0x9c,0xf7,0x11,0x9d,0x0a,0x53,0x09,0x4b,0xa6,0x29,0xa6,0x29,0x4a,0x53,0xc9,0x42,0x88,0x3a,0xa8,0x3a,0xe7,0x29,0xb0,0xa4,
    0xf1,0xa4,0xf1,0xa4,0xf1,0xa4,0x8f,0x9c,0x8e,0x9c,0x6e,0x9c,0xac,0x73,0x68,0x3a,0x09,0x4b,0x29,0x53,0x4a,0x53,0x6a,0x5b,0x4a,0x53,0x16,0xbe,0x9c,0xf7,0x9c,0xf7,
    0x9c,0xf7,0x9c,0xf7,0x9c,0xf7,0x9c,0xf7,0x47,0x19,0x67,0x21,0x67,0x21,0x49,0x42,0x49,0x42,0x8a,0x52,0xaa,0x52,0xaa,0x52,0x8a,0x52,0x8a,0x52,0x8a,0x52,0x29,0x42,
    0x28,0x42,0x49,0x4a,0x69,0x4a,0x69,0x4a,0x8a,0x52,0x8a,0x52,0x8a,0x52,0xaa,0x52,0xca,0x52,0xca,0x5a,0xcc,0xdc,0xcc,0xd4,0x0e,0xd5,0x76,0xe6,0x55,0xe6,0x9c,0xf7,
    0x9c,0xf7,0x9c,0xf7,0x9c,0xf7,0x9c,0xf7,0x9c,0xf7,0x9c,0xf7,0x9c,0xf7,0x8f,0x6b,0x8e,0x6b,0x67,0x21,0x66,0x21,0x49,0x83,0x8a,0xcc,0x6b,0xcc,0x6b,0xcc,0x8b,0xcc,
    0x8b,0xcc,0x8b,0xcc,0xab,0xd4,0xab,0xd4,0xab,0xd4,0xab,0xd4,0x8b,0xd4,0x8b,0xcc,0x8b,0xcc,0x8b,0xd4,0x8b,0xcc,0x8b,0xd4,0x8b,0xd4,0x8b,0xd4,0x8b,0xcc,0x8b,0xcc,
    0x8b,0xcc,0x6a,0xcc,0x8b,0xcc,0x8b,0xd4,0xf3,0xdd,0x96,0xee,0x96,0xee,0x9c,0xf7,0x9c,0xf7,0x9c,0xf7,0x8a,0x52,0xaa,0x52,0x8a,0x52,0x8a,0x52,0x8a,0x52,0x8a,0x52,
    0x8a,0x52,0x8a,0x52,0x8a,0x52,0x69,0x4a,0x89,0x4a,0x69,0x4a,0x49,0x4a,0x2b,0x73,0xad,0x93,0xf1,0xe4,0xf1,0xe4,0x32,0xed,0x32,0xed,0x4d,0x7b,0xe8,0x31,0xe8,0x31,
    0x67,0x21,0xa4,0x00,0x84,0x00,0x9c,0xf7,0x9c,0xf7,0x9c,0xf7,0x9c,0xf7,0x9c,0xf7,0x9c,0xf7,0x9c,0xf7,0x9c,0xf7,0x9c,0xf7,0x9c,0xf7,0x9c,0xf7,0x9c,0xf7,0x9c,0xf7,
    0x9c,0xf7,0x9c,0xf7,0x9c,0xf7,0x9c,0xf7,0x9c,0xf7,0x9c,0xf7,0x9c,0xf7,0x1a,0xe7,0xc8,0x42,0xc8,0x42,0xc8,0x4a,0xc8,0x4a,0xe9,0x4a,0xe9,0x4a,0xe9,0x4a,0x09,0x4b,
    0x2a,0x4b,0x09,0x4b,0xe8,0x29,0xc8,0x29,0x67,0x21,0xb7,0xe6,0x35,0xd6,0x35,0xde,0x35,0xde,0x35,0xde,0x55,0xde,0x56,0xde,0x56,0xde,0x55,0xde,0x55,0xde,0x55,0xde,
    0x35,0xde,0x15,0xd6,0x14,0xd6,0x14,0xd6,0x93,0xc5,0xb3,0xc5,0xb3,0xcd,0x08,0x3a,0xa7,0x29,0xc7,0x29,0x68,0x3a,0x68,0x3a,0x11,0x95,0xb0,0x84,0x1a,0xe7,0x9c,0xf7,
    0x9c,0xf7,0x9c,0xf7,0x9c,0xf7,0x9c,0xf7,0x9c,0xf7,0x9c,0xf7,0x9c,0xf7,0x9c,0xf7,0x9c,0xf7,0x9c,0xf7,0x9c,0xf7,0x9c,0xf7,0x9c,0xf7,0x9c,0xf7,0x9c,0xf7,0x9c,0xf7,
    0x9c,0xf7,0x9c,0xf7,0x9c,0xf7,0x9c,0xf7,0x9c,0xf7,0x9c,0xf7,0x9c,0xf7,0x9c,0xf7,0xb8,0xd6,0xd4,0xb5,0xd4,0xb5,0xf4,0xbd,0xf4,0xbd,0x9c,0xf7,0x9c,0xf7,0x9c,0xf7,
    0x9c,0xf7,0x9c,0xf7,0x9c,0xf7,0x9c,0xf7,0x9c,0xf7,0x9c,0xf7,0x9c,0xf7,0x9c,0xf7,0x9c,0xf7,0x9c,0xf7,0x9c,0xf7,0x12,0x95,0x2a,0x53,0x4a,0x53,0xc7,0x29,0xc7,0x29,
    0x8a,0x5b,0xe9,0x4a,0xa8,0x42,0xc9,0x42,0xe7,0x31,0x58,0xff,0x58,0xff,0x58,0xff,0x38,0xff,0x55,0xee,0x54,0xee,0x71,0xcd,0x0d,0x8c,0x04,0x11,0x09,0x53,0x09,0x53,
    0xe9,0x4a,0xa7,0x3a,0x46,0x32,0xff,0xff,0x9c,0xf7,0x9c,0xf7,0x9c,0xf7,0x9c,0xf7,0xff,0xff,0xff,0xff,0x06,0x11,0x27,0x11,0x27,0x11,0x2b,0x6b,0xeb,0x62,0xca,0x5a,
    0xaa,0x52,0xaa,0x52,0xaa,0x5a,0xaa,0x5a,0xaa,0x5a,0xe8,0x39,0xe8,0x39,0xaa,0x52,0x8a,0x52,0x8a,0x52,0x89,0x52,0x69,0x4a,0x8a,0x52,0x8a,0x52,0xaa,0x52,0x69,0x4a,
    0x69,0xd4,0x6a,0xd4,0xcb,0xdc,0xff,0xff,0xff,0xff,0x9c,0xf7,0x9c,0xf7,0x9c,0xf7,0x9c,0xf7,0x9c,0xf7,0x9c,0xf7,0x9c,0xf7,0x9c,0xf7,0x63,0x00,0x43,0x00,0x27,0x19,
    0x06,0x11,0x6d,0xed,0x8b,0xcc,0x8b,0xcc,0x8b,0xcc,0x8b,0xcc,0x8b,0xcc,0x8b,0xcc,0xab,0xd4,0xab,0xd4,0xab,0xd4,0xab,0xd4,0xab,0xd4,0xab,0xd4,0x8b,0xcc,0x8b,0xd4,
    0x8b,0xcc,0x8b,0xcc,0x8b,0xcc,0x8b,0xd4,0x8b,0xcc,0x8b,0xcc,0x6a,0xcc,0x6a,0xcc,0x08,0xcc,0x28,0xcc,0xd8,0xee,0xff,0xff,0xff,0xff,0x9c,0xf7,0x9c,0xf7,0x9c,0xf7,
    0xe8,0x39,0x28,0x42,0xaa,0x52,0xaa,0x52,0x8a,0x52,0x8a,0x52,0x8a,0x52,0x8a,0x52,0x8a,0x52,0x8a,0x52,0x8a,0x52,0x69,0x4a,0x6a,0x4a,0x29,0x3a,0xaa,0x62,0x31,0xf5,
    0x31,0xfd,0x11,0xed,0x11,0xed,0xc8,0x31,0x88,0x21,0x67,0x19,0x46,0x19,0x92,0x8c,0x92,0x8c,0x9c,0xf7,0x9c,0xf7,0x9c,0xf7,0x9c,0xf7,0x9c,0xf7,0x9c,0xf7,0x9c,0xf7,
    0x9c,0xf7,0x9c,0xf7,0x9c,0xf7,0x9c,0xf7,0x9c,0xf7,0x9c,0xf7,0x9c,0xf7,0x9c,0xf7,0x9c,0xf7,0x9c,0xf7,0x9c,0xf7,0x9c,0xf7,0x9c,0xf7,0x9c,0xf7,0xa7,0x3a,0xc8,0x42,
    0xc8,0x42,0xa8,0x42,0xa8,0x42,0xc8,0x42,0xc8,0x42,0xc8,0x42,0x09,0x4b,0x09,0x4b,0xc7,0x29,0xc8,0x29,0x46,0x19,0x9c,0xf7,0xf8,0xee,0xf7,0xee,0xd7,0xee,0xb7,0xee,
    0xb7,0xee,0xb7,0xee,0xb6,0xee,0xb6,0xee,0xb6,0xee,0xb7,0xee,0xb7,0xee,0xb7,0xee,0x96,0xe6,0x96,0xe6,0x14,0xd6,0x14,0xde,0x14,0xde,0x29,0x42,0x66,0x21,0x86,0x21,
    0x68,0x3a,0x68,0x3a,0x52,0x9d,0xd0,0x8c,0x9c,0xf7,0x9c,0xf7,0x9c,0xf7,0x9c,0xf7,0x9c,0xf7,0xff,0xff,0x9c,0xf7,0x9c,0xf7,0x9c,0xf7,0x9c,0xf7,0x9c,0xf7,0x9c,0xf7,
    0x9c,0xf7,0x9c,0xf7,0x9c,0xf7,0x9c,0xf7,0x9c,0xf7,0x9c,0xf7,0x9c,0xf7,0x9c,0xf7,0x9c,0xf7,0x9c,0xf7,0x9c,0xf7,0x9c,0xf7,0x9c,0xf7,0x9c,0xf7,0x9c,0xf7,0x9c,0xf7,
    0x9c,0xf7,0x9c,0xf7,0x9c,0xf7,0x9c,0xf7,0x9c,0xf7,0x9c,0xf7,0x9c,0xf7,0x9c,0xf7,0x9c,0xf7,0x9c,0xf7,0x2c,0x6b,0x6a,0x4a,0x6a,0x4a,0x6a,0x4a,0x29,0x42,0x09,0x42,
    0x08,0x42,0x08,0x3a,0x08,0x3a,0x08,0x3a,0xa7,0x31,0xa7,0x31,0x48,0x3a,0x48,0x3a,0x48,0x42,0xc7,0x31,0xc7,0x31,0x14,0xd6,0x35,0xde,0x35,0xde,0x35,0xde,0xd3,0xd5,
    0xd3,0xd5,0x51,0xbd,0xaf,0xac,0x8c,0x73,0x48,0x42,0x68,0x42,0x6c,0x63,0xf1,0x94,0xd0,0x8c,0x9c,0xf7,0x9c,0xf7,0x9c,0xf7,0x9c,0xf7,0x9c,0xf7,0x76,0xa5,0x34,0xa5,
    0x87,0x21,0x69,0x52,0x8a,0x52,0xca,0x5a,0xaa,0x5a,0xaa,0x52,0xaa,0x52,0xaa,0x52,0xaa,0x52,0x8a,0x52,0x8a,0x52,0x8a,0x52,0x69,0x4a,0xaa,0x52,0x8a,0x52,0x8a,0x52,
    0x8a,0x52,0x89,0x52,0x8a,0x52,0x89,0x52,0x69,0x4a,0x6c,0x73,0xf2,0xed,0xf2,0xe5,0xf2,0xed,0x9c,0xf7,0x9c,0xf7,0x9c,0xf7,0x9c,0xf7,0x9c,0xf7,0x9c,0xf7,0x9c,0xf7,
    0x9c,0xf7,0x9c,0xf7,0x9c,0xf7,0x88,0x21,0x87,0x21,0xc8,0x31,0xe9,0x6a,0x8b,0xcc,0xac,0xd4,0xab,0xd4,0xab,0xd4,0x8b,0xd4,0x8b,0xcc,0x8b,0xcc,0x8b,0xd4,0xab,0xd4,
    0xab,0xd4,0xab,0xd4,0xab,0xd4,0xab,0xd4,0xab,0xd4,0x8b,0xcc,0x8b,0xcc,0xab,0xcc,0xab,0xd4,0x8b,0xd4,0x8b,0xcc,0x8a,0xcc,0x6a,0xcc,0x6a,0xcc,0x90,0xdd,0x70,0xdd,
    0xd7,0xee,0x9c,0xf7,0x9c,0xf7,0x9c,0xf7,0x9c,0xf7,0x9c,0xf7,0x91,0x94,0x91,0x94,0xaa,0x52,0xaa,0x52,0xaa,0x52,0xaa,0x52,0xaa,0x52,0x8a,0x52,0x8a,0x52,0x8a,0x52,
    0x8a,0x52,0x69,0x4a,0x8a,0x52,0x8a,0x52,0xca,0x6a,0xcd,0xa3,0xad,0xa3,0xf1,0xec,0x11,0xed,0xe8,0x41,0xa8,0x29,0xa8,0x29,0x26,0x19,0xff,0xff,0xff,0xff,0x9c,0xf7,
    0x9c,0xf7,0x9c,0xf7,0x9c,0xf7,0x9c,0xf7,0x9c,0xf7,0x9c,0xf7,0x9c,0xf7,0x9c,0xf7,0x9c,0xf7,0x9c,0xf7,0x9c,0xf7,0x9c,0xf7,0x9c,0xf7,0x9c,0xf7,0x9c,0xf7,0x2a,0x4b,
    0x4a,0x53,0x6a,0x53,0x6a,0x53,0x6a,0x53,0x0b,0x6c,0xeb,0x6b,0xab,0x63,0x8b,0x63,0x8a,0x63,0x8a,0x63,0x8a,0x63,0xcb,0x63,0x09,0x4b,0x29,0x53,0x29,0x53,0x29,0x53,
    0x0a,0x4b,0x09,0x32,0x09,0x32,0xe9,0x31,0xc8,0x31,0xa7,0x29,0x87,0x29,0x87,0x29,0x87,0x29,0x87,0x29,0xa7,0x29,0xa8,0x29,0xc8,0x31,0xe8,0x31,0xe9,0x31,0xe8,0x31,
    0xe8,0x31,0xe8,0x31,0xe8,0x31,0x48,0x3a,0xc8,0x42,0xc9,0x42,0xe9,0x4a,0x09,0x4b,0x09,0x4b,0xe9,0x4a,0xe9,0x4a,0xe9,0x4a,0xc9,0x42,0xe9,0x4a,0x09,0x4b,0x09,0x4b,
    0x0a,0x4b,0xe9,0x4a,0xe9,0x4a,0xe9,0x4a,0xc9,0x42,0xc9,0x42,0xac,0x6b,0x9c,0xf7,0x9c,0xf7,0x9c,0xf7,0x9c,0xf7,0x9c,0xf7,0x9c,0xf7,0x9c,0xf7,0x9c,0xf7,0x9c,0xf7,
    0x9c,0xf7,0x9c,0xf7,0x9c,0xf7,0x9c,0xf7,0x9c,0xf7,0x9c,0xf7,0x9c,0xf7,0x9c,0xf7,0x9c,0xf7,0x9c,0xf7,0x9c,0xf7,0x9c,0xf7,0x9c,0xf7,0x9c,0xf7,0x9c,0xf7,0x9c,0xf7,
    0x2c,0x6b,0xe8,0x39,0xe8,0x39,0xe8,0x39,0xa7,0x31,0x86,0x31,0x86,0x31,0x86,0x29,0x66,0x29,0x46,0x21,0x25,0x21,0x25,0x21,0xc7,0x31,0xe7,0x31,0x07,0x32,0x45,0x21,
    0x45,0x21,0x55,0xe6,0x55,0xe6,0x55,0xe6,0x55,0xe6,0x55,0xde,0x35,0xde,0xf4,0xd5,0xd3,0xd5,0x55,0xe6,0x67,0x29,0xa7,0x31,0x51,0x8c,0xff,0xff,0x9c,0xf7,0x9c,0xf7,
    0x9c,0xf7,0x9c,0xf7,0x9c,0xf7,0x9c,0xf7,0xa4,0x00,0x84,0x00,0xc7,0x39,0x2c,0xb4,0x2c,0xbc,0xaa,0x5a,0xaa,0x5a,0xaa,0x52,0xaa,0x52,0xaa,0x52,0x6a,0x4a,0x49,0x42,
    0x49,0x42,0xeb,0x5a,0xeb,0x5a,0xaa,0x5a,0xaa,0x5a,0xaa,0x52,0xaa,0x52,0x8a,0x52,0x69,0x52,0x69,0x4a,0x28,0x42,0xcf,0xac,0x9c,0xf7,0x9c,0xf7,0x9c,0xf7,0x9c,0xf7,
    0x9c,0xf7,0x9c,0xf7,0x9c,0xf7,0x9c,0xf7,0x9c,0xf7,0x9c,0xf7,0x9c,0xf7,0x9c,0xf7,0x9c,0xf7,0x47,0x19,0x46,0x19,0xa9,0x62,0x2c,0xed,0xac,0xd4,0xab,0xd4,0xac,0xd4,
    0xab,0xd4,0xab,0xd4,0x8b,0xcc,0x6a,0xcc,0x8a,0xcc,0x8b,0xd4,0x8b,0xd4,0x8b,0xcc,0xab,0xd4,0x8b,0xd4,0xab,0xd4,0x8b,0xcc,0x8b,0xcc,0xab,0xd4,0xab,0xd4,0xab,0xd4,
    0xab,0xd4,0x8a,0xcc,0x8a,0xd4,0x6a,0xcc,0x9c,0xf7,0x9c,0xf7,0x9c,0xf7,0x9c,0xf7,0x9c,0xf7,0x9c,0xf7,0x9c,0xf7,0x9c,0xf7,0xff,0xff,0x9c,0xf7,0x69,0x52,0xcb,0x5a,
    0xaa,0x52,0xaa,0x52,0xaa,0x52,0x8a,0x52,0x8a,0x52,0x69,0x4a,0x89,0x52,0x8a,0x52,0x8a,0x52,0x89,0x52,0x69,0x4a,0x08,0x3a,0xe7,0x31,0x11,0xed,0x11,0xed,0x27,0x11,
    0xa8,0x29,0xa8,0x29,0x26,0x19,0x9c,0xf7,0x9c,0xf7,0x9c,0xf7,0x9c,0xf7,0x9c,0xf7,0x9c,0xf7,0x9c,0xf7,0x9c,0xf7,0x9c,0xf7,0x9c,0xf7,0x9c,0xf7,0x9c,0xf7,0x9c,0xf7,
    0x9c,0xf7,0x9c,0xf7,0x9c,0xf7,0x9c,0xf7,0x12,0x9d,0xa8,0x42,0xc8,0x42,0xe8,0x4a,0xe9,0x4a,0x09,0x4b,0xeb,0x6b,0xeb,0x6b,0xcb,0x63,0xcb,0x63,0xab,0x63,0x8a,0x63,
    0x6a,0x5b,0xab,0x63,0xc8,0x4a,0xe8,0x4a,0xc8,0x42,0xa8,0x42,0xc8,0x4a,0x87,0x21,0x87,0x29,0x87,0x29,0x67,0x21,0x46,0x21,0x46,0x21,0x46,0x21,0x46,0x21,0x46,0x21,
    0x46,0x21,0x46,0x21,0x46,0x21,0x66,0x21,0x67,0x21,0x67,0x21,0x87,0x21,0x87,0x29,0xa7,0x29,0xa9,0x42,0xa8,0x42,0xc8,0x42,0xe8,0x4a,0xe8,0x42,0xe8,0x42,0xc8,0x42,
    0xc8,0x42,0xc8,0x42,0xa8,0x42,0x88,0x42,0xa8,0x42,0xc8,0x42,0xc9,0x4a,0xe9,0x4a,0xe9,0x4a,0x09,0x4b,0x09,0x4b,0x09,0x4b,0xed,0x73,0x9c,0xf7,0x9c,0xf7,0x9c,0xf7,
    0x9c,0xf7,0x9c,0xf7,0x9c,0xf7,0x9c,0xf7,0x9c,0xf7,0x9c,0xf7,0x9c,0xf7,0x9c,0xf7,0x9c,0xf7,0x9c,0xf7,0x9c,0xf7,0x9c,0xf7,0x9c,0xf7,0x9c,0xf7,0x9c,0xf7,0x9c,0xf7,
    0x9c,0xf7,0x9c,0xf7,0x9c,0xf7,0x1a,0xe7,0x86,0x29,0x66,0x29,0x11,0xbd,0x92,0xd5,0x92,0xcd,0xd7,0xee,0xd7,0xf6,0xd7,0xee,0xb6,0xee,0xb6,0xee,0xd6,0xee,0xd6,0xee,
    0xd6,0xee,0xd7,0xf6,0xf7,0xf6,0xf8,0xf6,0xf8,0xf6,0xf8,0xf6,0x18,0xf7,0x55,0xe6,0x55,0xde,0x55,0xe6,0x55,0xe6,0x34,0xde,0x14,0xde,0xb3,0xcd,0x92,0xcd,0xb2,0xcd,
    0xa7,0x31,0xe7,0x39,0x50,0x8c,0x9c,0xf7,0x9c,0xf7,0x9c,0xf7,0x9c,0xf7,0x9c,0xf7,0x9c,0xf7,0x9c,0xf7,0x46,0x21,0x46,0x21,0xe7,0x39,0xca,0xab,0xca,0xab,0x69,0x4a,
    0x6a,0x52,0x89,0x4a,0x8a,0x52,0x8a,0x52,0x69,0x4a,0x49,0x4a,0x49,0x4a,0xcb,0x5a,0xca,0x5a,0xaa,0x5a,0xaa,0x5a,0xaa,0x52,0xaa,0x52,0x8a,0x52,0x8a,0x52,0x48,0x4a,
    0x28,0x4a,0x6f,0x9c,0x9c,0xf7,0x9c,0xf7,0x9c,0xf7,0x9c,0xf7,0x9c,0xf7,0x9c,0xf7,0x9c,0xf7,0x9c,0xf7,0x9c,0xf7,0x9c,0xf7,0x9c,0xf7,0x9c,0xf7,0x9c,0xf7,0x47,0x21,
    0x47,0x21,0xa9,0x62,0x6c,0xcc,0xab,0xd4,0x8b,0xd4,0x8b,0xd4,0xab,0xd4,0xab,0xd4,0x8b,0xcc,0x8b,0xcc,0x8a,0xcc,0x8b,0xcc,0x8b,0xcc,0x8b,0xcc,0x8b,0xcc,0xab,0xd4,
    0xab,0xd4,0xab,0xd4,0xab,0xd4,0xab,0xcc,0x8b,0xcc,0xab,0xd4,0xab,0xcc,0xab,0xcc,0xec,0xd4,0xab,0xd4,0x9c,0xf7,0x9c,0xf7,0x9c,0xf7,0x9c,0xf7,0x9c,0xf7,0x9c,0xf7,
    0x9c,0xf7,0x9c,0xf7,0x9c,0xf7,0x9c,0xf7,0x69,0x4a,0xca,0x5a,0xca,0x5a,0xaa,0x52,0x8a,0x52,0x8a,0x52,0x8a,0x52,0x8a,0x52,0x8a,0x52,0x8a,0x52,0x8a,0x52,0x8a,0x52,
    0x8a,0x52,0xaa,0x52,0x8a,0x52,0x32,0xf5,0x31,0xed,0x67,0x19,0xa8,0x29,0xa8,0x29,0x26,0x19,0xff,0xff,0x9c,0xf7,0x9c,0xf7,0x9c,0xf7,0x9c,0xf7,0x9c,0xf7,0x9c,0xf7,
    0x9c,0xf7,0x9c,0xf7,0x9c,0xf7,0x9c,0xf7,0x9c,0xf7,0x9c,0xf7,0x9c,0xf7,0x9c,0xf7,0x67,0x3a,0x26,0x32,0x06,0x32,0xce,0x8c,0xce,0x8c,0x2f,0x95,0x2f,0x95,0x2f,0x95,
    0x0f,0x95,0x2f,0x95,0x30,0x9d,0xcb,0x6b,0xcb,0x63,0xcb,0x6b,0x6d,0x84,0xce,0x8c,0xee,0x8c,0xee,0x8c,0xee,0x8c,0xee,0x94,0x2f,0x95,0x50,0x9d,0x70,0x9d,0x70,0x9d,
    0x70,0x9d,0x4f,0x9d,0x4f,0x9d,0x4f,0x9d,0x4f,0x9d,0x2f,0x9d,0x2f,0x9d,0x2f,0x9d,0x2f,0x95,0x2e,0x95,0x2f,0x95,0x2f,0x9d,0x2f,0x9d,0x4f,0x9d,0x2f,0x9d,0x0e,0x95,
    0x0f,0x95,0xef,0x94,0x0f,0x95,0x0f,0x95,0x0f,0x95,0x0f,0x95,0xee,0x94,0x4a,0x53,0xa8,0x42,0x10,0xad,0xaf,0xa4,0xae,0xa4,0xcf,0xa4,0xcf,0xac,0x10,0xb5,0x92,0xc5,
    0x27,0x2a,0x47,0x32,0xad,0x6b,0x9c,0xf7,0x9c,0xf7,0x9c,0xf7,0x9c,0xf7,0x9c,0xf7,0x9c,0xf7,0x9c,0xf7,0x9c,0xf7,0x9c,0xf7,0x9c,0xf7,0x9c,0xf7,0x9c,0xf7,0x9c,0xf7,
    0x9c,0xf7,0x9c,0xf7,0x9c,0xf7,0x9c,0xf7,0x9c,0xf7,0x9c,0xf7,0x9c,0xf7,0x9c,0xf7,0x9c,0xf7,0xfa,0xe6,0xe8,0x39,0xe8,0x39,0x31,0xbd,0x71,0xcd,0xb2,0xcd,0xf4,0xd5,
    0xd3,0xcd,0x55,0xde,0x76,0xe6,0x55,0xe6,0x55,0xe6,0x34,0xde,0x34,0xde,0x55,0xde,0x34,0xde,0x55,0xde,0x55,0xe6,0x55,0xe6,0x75,0xe6,0x55,0xe6,0x55,0xe6,0x55,0xe6,
    0x55,0xe6,0x14,0xde,0x14,0xde,0xd3,0xd5,0xd3,0xd5,0x34,0xde,0xc8,0x31,0x08,0x3a,0x71,0x8c,0x9c,0xf7,0x9c,0xf7,0x9c,0xf7,0x9c,0xf7,0x9c,0xf7,0x9c,0xf7,0x9c,0xf7,
    0x25,0x19,0x05,0x19,0x88,0x5a,0xea,0xb3,0x0a,0xbc,0xe9,0x6a,0xe9,0x6a,0x89,0x52,0x69,0x4a,0x89,0x52,0x69,0x4a,0x69,0x4a,0x69,0x4a,0xcb,0x5a,0xcb,0x5a,0xca,0x5a,
    0xca,0x5a,0xca,0x5a,0xaa,0x5a,0xca,0x5a,0xaa,0x52,0x2c,0x6b,0xee,0x83,0x93,0xc5,0x9c,0xf7,0x9c,0xf7,0x9c,0xf7,0x9c,0xf7,0x9c,0xf7,0x9c,0xf7,0x9c,0xf7,0x9c,0xf7,
    0x9c,0xf7,0x9c,0xf7,0x9c,0xf7,0x9c,0xf7,0x9c,0xf7,0x68,0x21,0x47,0x21,0x0f,0x94,0xb1,0xdd,0x4f,0xdd,0x2e,0xdd,0x2e,0xd5,0xcc,0xd4,0xab,0xd4,0x8b,0xcc,0x8b,0xcc,
    0x8b,0xcc,0x8a,0xcc,0x8a,0xcc,0x8b,0xcc,0x8b,0xcc,0x8b,0xcc,0xab,0xd4,0xac,0xd4,0xcc,0xd4,0x91,0xdd,0x91,0xdd,0x70,0xdd,0x50,0xd5,0x91,0xdd,0x34,0xe6,0x34,0xe6,
    0x9c,0xf7,0x9c,0xf7,0x9c,0xf7,0x9c,0xf7,0x9c,0xf7,0x9c,0xf7,0x9c,0xf7,0x9c,0xf7,0x9c,0xf7,0x9c,0xf7,0x49,0x4a,0xaa,0x5a,0x8a,0x52,0xaa,0x52,0x8a,0x52,0x8a,0x52,
    0x8a,0x52,0x69,0x4a,0x89,0x4a,0x8a,0x52,0x8a,0x52,0x8a,0x52,0x8a,0x52,0xaa,0x52,0xaa,0x52,0x90,0xc4,0x6f,0xcc,0x67,0x19,0xa8,0x29,0xa8,0x29,0x26,0x19,0xff,0xff,
    0x9c,0xf7,0x9c,0xf7,0x9c,0xf7,0x9c,0xf7,0x9c,0xf7,0x9c,0xf7,0x9c,0xf7,0x9c,0xf7,0x9c,0xf7,0x9c,0xf7,0x9c,0xf7,0x9c,0xf7,0x9c,0xf7,0x9c,0xf7,0xa8,0x42,0xa8,0x42,
    0x67,0x3a,0x6d,0x84,0x6d,0x7c,0xad,0x84,0xce,0x8c,0xee,0x8c,0xee,0x8c,0xee,0x94,0x0f,0x8d,0x0c,0x74,0x0b,0x6c,0x2c,0x74,0xee,0x8c,0xce,0x8c,0xad,0x84,0xad,0x84,
    0xad,0x84,0xad,0x84,0xad,0x84,0xce,0x8c,0xce,0x8c,0xce,0x8c,0xce,0x8c,0xee,0x8c,0xee,0x8c,0xee,0x8c,0xce,0x8c,0xee,0x8c,0xce,0x8c,0xcd,0x8c,0xcd,0x8c,0xad,0x8c,
    0xcd,0x8c,0xcd,0x8c,0xcd,0x8c,0xcd,0x8c,0xcd,0x8c,0xcd,0x84,0xad,0x84,0xad,0x84,0xce,0x8c,0xce,0x8c,0xce,0x8c,0xce,0x8c,0x29,0x4b,0xe8,0x4a,0xc8,0x42,0x91,0xc5,
    0x30,0xbd,0x30,0xbd,0x30,0xbd,0x50,0xbd,0x51,0xbd,0xd3,0xcd,0x67,0x32,0x88,0x3a,0xf2,0x94,0x9c,0xf7,0x9c,0xf7,0x9c,0xf7,0x9c,0xf7,0x9c,0xf7,0x9c,0xf7,0x9c,0xf7,
    0x9c,0xf7,0x9c,0xf7,0x9c,0xf7,0x9c,0xf7,0x9c,0xf7,0x9c,0xf7,0x9c,0xf7,0x9c,0xf7,0x9c,0xf7,0x9c,0xf7,0x9c,0xf7,0x9c,0xf7,0x9c,0xf7,0x9c,0xf7,0x9c,0xf7,0xfa,0xe6,
    0xe8,0x39,0xe8,0x39,0x72,0xc5,0x92,0xcd,0xb3,0xcd,0xb3,0xcd,0xd3,0xd5,0x55,0xde,0x76,0xe6,0x75,0xe6,0x55,0xe6,0x55,0xe6,0x55,0xe6,0x55,0xe6,0x55,0xe6,0x55,0xe6,
    0x55,0xe6,0x55,0xde,0x55,0xe6,0x34,0xde,0x34,0xe6,0x34,0xde,0x34,0xde,0x14,0xde,0x14,0xde,0x14,0xde,0x14,0xde,0x55,0xe6,0xc8,0x39,0x08,0x42,0x71,0x8c,0x9c,0xf7,
    0x9c,0xf7,0x9c,0xf7,0x9c,0xf7,0x9c,0xf7,0x9c,0xf7,0x9c,0xf7,0x26,0x19,0x05,0x19,0x49,0x83,0x6a,0xcc,0x6a,0xd4,0x8a,0xd4,0x8a,0xd4,0x09,0x7b,0x49,0x4a,0x69,0x4a,
    0x89,0x52,0xaa,0x5a,0xcb,0x5a,0xeb,0x5a,0xeb,0x5a,0xcb,0x5a,0xca,0x5a,0xca,0x5a,0xca,0x5a,0xcb,0x5a,0xaa,0x5a,0x9c,0xf7,0x9c,0xf7,0x9c,0xf7,0x9c,0xf7,0x9c,0xf7,
    0x9c,0xf7,0x9c,0xf7,0x9c,0xf7,0x9c,0xf7,0x9c,0xf7,0x9c,0xf7,0x9c,0xf7,0x9c,0xf7,0x9c,0xf7,0xd3,0xcd,0x52,0xbd,0x88,0x21,0x46,0x19,0x9c,0xf7,0x9c,0xf7,0x9c,0xf7,
    0x9c,0xf7,0x9c,0xf7,0x8b,0xcc,0x8b,0xcc,0x8b,0xcc,0x6a,0xcc,0x6a,0xcc,0x6a,0xcc,0x6a,0xcc,0x6a,0xcc,0x8a,0xcc,0x8b,0xd4,0xcc,0xd4,0xec,0xd4,0xed,0xd4,0xff,0xff,
    0x9c,0xf7,0x9c,0xf7,0x9c,0xf7,0x9c,0xf7,0x9c,0xf7,0x9c,0xf7,0x9c,0xf7,0x9c,0xf7,0x9c,0xf7,0x9c,0xf7,0x9c,0xf7,0x9c,0xf7,0x9c,0xf7,0x9c,0xf7,0x9c,0xf7,0x9c,0xf7,
    0x28,0x4a,0x8a,0x52,0x8a,0x52,0x8a,0x52,0x8a,0x52,0x8a,0x52,0x8a,0x52,0x8a,0x52,0x8a,0x52,0x8a,0x52,0x8a,0x52,0x8a,0x52,0x8a,0x52,0x8a,0x52,0x8a,0x52,0x29,0x42,
    0x29,0x42,0x67,0x21,0x87,0x21,0x67,0x21,0x06,0x11,0xff,0xff,0x9c,0xf7,0x9c,0xf7,0x9c,0xf7,0x9c,0xf7,0x9c,0xf7,0x9c,0xf7,0x9c,0xf7,0x9c,0xf7,0x9c,0xf7,0x9c,0xf7,
    0x9c,0xf7,0x9c,0xf7,0x9c,0xf7,0x9c,0xf7,0xc8,0x42,0xc8,0x42,0x87,0x3a,0x6c,0x7c,0x4c,0x7c,0x4c,0x7c,0x4c,0x7c,0x4c,0x7c,0x8d,0x84,0x8d,0x84,0x6a,0x5b,0x49,0x53,
    0x49,0x53,0xcd,0x84,0x8d,0x84,0x6c,0x7c,0x6c,0x7c,0x4c,0x7c,0x4c,0x7c,0x4c,0x7c,0x4c,0x7c,0x6c,0x7c,0x6c,0x7c,0x6c,0x7c,0x6c,0x7c,0x8d,0x7c,0x8c,0x7c,0x6c,0x7c,
    0x8c,0x7c,0x8d,0x7c,0x8d,0x7c,0x6c,0x7c,0x6c,0x7c,0x6c,0x7c,0x6c,0x7c,0x6c,0x7c,0x4c,0x7c,0x4c,0x7c,0x6c,0x7c,0x4d,0x7c,0x4c,0x7c,0x4c,0x7c,0x4c,0x7c,0x6d,0x7c,
    0x0c,0x74,0x2c,0x74,0x09,0x4b,0x09,0x4b,0x29,0x53,0x14,0xd6,0x14,0xd6,0x14,0xd6,0x14,0xd6,0xf4,0xd5,0x14,0xd6,0x55,0xde,0xc9,0x42,0x9c,0xf7,0x9c,0xf7,0x9c,0xf7,
    0x9c,0xf7,0x9c,0xf7,0x9c,0xf7,0x9c,0xf7,0x9c,0xf7,0x9c,0xf7,0x9c,0xf7,0x9c,0xf7,0x9c,0xf7,0x9c,0xf7,0x9c,0xf7,0x9c,0xf7,0x9c,0xf7,0x9c,0xf7,0x9c,0xf7,0x9c,0xf7,
    0x9c,0xf7,0x9c,0xf7,0x9c,0xf7,0x9c,0xf7,0x9c,0xf7,0xfa,0xe6,0x08,0x3a,0x08,0x3a,0x72,0xc5,0x92,0xcd,0x92,0xcd,0xb2,0xcd,0xb2,0xcd,0x35,0xde,0x75,0xe6,0x55,0xe6,
    0x55,0xe6,0x55,0xe6,0x55,0xe6,0x55,0xe6,0x55,0xe6,0x55,0xe6,0x55,0xe6,0x55,0xe6,0x55,0xe6,0xb3,0xcd,0x52,0xbd,0x34,0xde,0x55,0xe6,0x14,0xde,0x14,0xde,0x14,0xde,
    0xf4,0xdd,0x55,0xe6,0xc8,0x31,0x08,0x42,0x51,0x8c,0x9c,0xf7,0x9c,0xf7,0x9c,0xf7,0x9c,0xf7,0xef,0x7b,0xa8,0x21,0x88,0x21,0x26,0x11,0xe5,0x08,0x8a,0x8b,0x8a,0xcc,
    0x8b,0xcc,0x8b,0xd4,0x8b,0xcc,0x49,0x8b,0x49,0x4a,0x6a,0x4a,0x8a,0x52,0xcb,0x5a,0xeb,0x5a,0xeb,0x5a,0xeb,0x5a,0xeb,0x5a,0x0b,0x63,0x0c,0x63,0x0c,0x63,0x0b,0x63,
    0xca,0x5a,0x1a,0xe7,0x9c,0xf7,0x9c,0xf7,0x9c,0xf7,0x9c,0xf7,0x9c,0xf7,0x9c,0xf7,0x9c,0xf7,0x9c,0xf7,0x9c,0xf7,0x9c,0xf7,0x9c,0xf7,0x9c,0xf7,0x92,0x8c,0x8a,0x4a,
    0xce,0x7b,0x88,0x21,0x47,0x19,0x9c,0xf7,0x9c,0xf7,0x9c,0xf7,0x9c,0xf7,0x9c,0xf7,0x6b,0xc4,0x8b,0xcc,0x8a,0xcc,0x6a,0xcc,0x6a,0xcc,0x49,0xcc,0x08,0xcc,0x49,0xcc,
    0x0d,0xd5,0x4f,0xd5,0x70,0xdd,0xb1,0xdd,0xd2,0xe5,0x9c,0xf7,0x9c,0xf7,0x9c,0xf7,0x9c,0xf7,0x9c,0xf7,0x9c,0xf7,0x9c,0xf7,0x9c,0xf7,0x9c,0xf7,0x9c,0xf7,0x9c,0xf7,
    0x9c,0xf7,0x9c,0xf7,0x9c,0xf7,0x9c,0xf7,0x9c,0xf7,0x9c,0xf7,0x8a,0x5a,0x69,0x52,0xaa,0x52,0xaa,0x52,0xaa,0x52,0xaa,0x52,0xaa,0x52,0x8a,0x52,0x8a,0x52,0x8a,0x52,
    0x8a,0x52,0x8a,0x52,0x8a,0x52,0x8a,0x52,0x89,0x52,0x09,0x3a,0x47,0x19,0x46,0x19,0x46,0x19,0x05,0x11,0x42,0x00,0x9c,0xf7,0x9c,0xf7,0x9c,0xf7,0x9c,0xf7,0x9c,0xf7,
    0x9c,0xf7,0x9c,0xf7,0x9c,0xf7,0x9c,0xf7,0x9c,0xf7,0x9c,0xf7,0x9c,0xf7,0x9c,0xf7,0x9c,0xf7,0x9c,0xf7,0xe8,0x42,0xe9,0x42,0xc8,0x42,0x8d,0x7c,0x6d,0x7c,0x4c,0x7c,
    0x4c,0x7c,0x4c,0x7c,0x6d,0x84,0x6d,0x7c,0x6a,0x5b,0x49,0x53,0x49,0x53,0xad,0x84,0x8d,0x7c,0x8c,0x7c,0x6c,0x7c,0x6c,0x7c,0x4c,0x7c,0x4c,0x7c,0x4c,0x7c,0x6c,0x7c,
    0x6c,0x7c,0x6c,0x7c,0x6c,0x7c,0x6c,0x7c,0x6c,0x7c,0x6c,0x7c,0x6c,0x7c,0x6c,0x7c,0x6c,0x7c,0x6c,0x7c,0x6c,0x7c,0x6c,0x7c,0x6c,0x7c,0x6c,0x7c,0x6c,0x7c,0x6c,0x7c,
    0x6c,0x7c,0x4c,0x7c,0x4c,0x7c,0x4c,0x7c,0x4c,0x7c,0x4c,0x7c,0x2c,0x74,0x2c,0x74,0x09,0x4b,0x09,0x53,0x6a,0x63,0x55,0xde,0x35,0xd6,0x76,0xe6,0x76,0xe6,0x76,0xde,
    0x76,0xe6,0xb7,0xe6,0xe9,0x4a,0x9c,0xf7,0x9c,0xf7,0x9c,0xf7,0x9c,0xf7,0x9c,0xf7,0x9c,0xf7,0x9c,0xf7,0x9c,0xf7,0x9c,0xf7,0x9c,0xf7,0x9c,0xf7,0x9c,0xf7,0x9c,0xf7,
    0x9c,0xf7,0x9c,0xf7,0x9c,0xf7,0x9c,0xf7,0x9c,0xf7,0x9c,0xf7,0x9c,0xf7,0x9c,0xf7,0x9c,0xf7,0x9c,0xf7,0x9c,0xf7,0x1a,0xe7,0x08,0x3a,0xe8,0x39,0x51,0xc5,0x71,0xcd,
    0x92,0xcd,0x92,0xcd,0x92,0xcd,0xf3,0xdd,0x55,0xde,0x55,0xe6,0x55,0xe6,0x75,0xe6,0x75,0xe6,0x75,0xe6,0x75,0xe6,0x55,0xe6,0x55,0xe6,0x55,0xe6,0x55,0xe6,0xca,0x62,
    0x69,0x52,0x34,0xde,0x55,0xe6,0x14,0xde,0x14,0xde,0xf3,0xdd,0xf3,0xdd,0x54,0xe6,0xc8,0x31,0x08,0x3a,0x51,0x8c,0x9c,0xf7,0x9c,0xf7,0x9c,0xf7,0x9c,0xf7,0x8f,0x6b,
    0x47,0x19,0x27,0x11,0xa7,0x31,0x6a,0xcc,0x8a,0xcc,0x8a,0xd4,0x8b,0xd4,0x8b,0xd4,0x8b,0xd4,0x6a,0xcc,0x6a,0xc4,0x8b,0xc4,0x8b,0xc4,0xac,0xcc,0xed,0xd4,0x4c,0xb4,
    0x2b,0xb4,0x9c,0xf7,0x9c,0xf7,0x9c,0xf7,0x9c,0xf7,0x9c,0xf7,0x9c,0xf7,0x9c,0xf7,0x9c,0xf7,0x9c,0xf7,0x9c,0xf7,0x9c,0xf7,0x9c,0xf7,0x9c,0xf7,0x9c,0xf7,0x9c,0xf7,
    0x9c,0xf7,0x9c,0xf7,0x9c,0xf7,0x9c,0xf7,0x8f,0x6b,0xc9,0x29,0xe9,0x31,0x88,0x21,0x68,0x19,0xf6,0xc5,0xff,0xff,0x9c,0xf7,0x9c,0xf7,0x9c,0xf7,0x9c,0xf7,0x9c,0xf7,
    0x9c,0xf7,0x9c,0xf7,0x9c,0xf7,0x9c,0xf7,0xb9,0xde,0xf9,0xe6,0x9c,0xf7,0x9c,0xf7,0x9c,0xf7,0x9c,0xf7,0x9c,0xf7,0x9c,0xf7,0x9c,0xf7,0x9c,0xf7,0x9c,0xf7,0x9c,0xf7,
    0x9c,0xf7,0x9c,0xf7,0x9c,0xf7,0x9c,0xf7,0x9c,0xf7,0x9c,0xf7,0x9c,0xf7,0x9c,0xf7,0x9c,0xf7,0x9c,0xf7,0x9c,0xf7,0x9c,0xf7,0x9c,0xf7,0x9c,0xf7,0x8a,0x52,0xcb,0x5a,
    0xaa,0x52,0xaa,0x52,0x8a,0x52,0x8a,0x52,0x8a,0x52,0xaa,0x52,0x8a,0x52,0x8a,0x52,0x8a,0x52,0x8a,0x52,0x8a,0x52,0x49,0x4a,0x47,0x19,0x46,0x19,0x46,0x19,0x54,0xad,
    0xda,0xde,0x9c,0xf7,0x9c,0xf7,0x9c,0xf7,0x9c,0xf7,0x9c,0xf7,0x9c,0xf7,0x9c,0xf7,0x9c,0xf7,0x9c,0xf7,0x9c,0xf7,0x9c,0xf7,0x9c,0xf7,0x9c,0xf7,0x9c,0xf7,0x9c,0xf7,
    0xe8,0x42,0x09,0x4b,0xe8,0x42,0x8d,0x84,0x8d,0x84,0x6c,0x7c,0x4c,0x7c,0x4c,0x7c,0x6d,0x7c,0x4c,0x7c,0x49,0x53,0x29,0x53,0x09,0x4b,0x8d,0x7c,0x6c,0x7c,0x6c,0x7c,
    0x6c,0x7c,0x6c,0x7c,0x4c,0x7c,0x4c,0x7c,0x4c,0x7c,0x4c,0x7c,0x6c,0x7c,0x6c,0x7c,0x6c,0x7c,0x6c,0x7c,0x6c,0x7c,0x6c,0x7c,0x6c,0x7c,0x4c,0x7c,0x6c,0x7c,0x4c,0x7c,
    0x6c,0x7c,0x6c,0x7c,0x6c,0x7c,0x6c,0x7c,0x6c,0x7c,0x6c,0x7c,0x6d,0x7c,0x6d,0x7c,0x4c,0x7c,0x4c,0x7c,0x4c,0x7c,0x4d,0x7c,0x0c,0x6c,0x0b,0x6c,0xe8,0x4a,0xe9,0x4a,
    0x6a,0x63,0x35,0xd6,0x35,0xd6,0x97,0xe6,0x97,0xe6,0x56,0xde,0x35,0xde,0x35,0xd6,0x09,0x4b,0x9c,0xf7,0x9c,0xf7,0x9c,0xf7,0x9c,0xf7,0x9c,0xf7,0x9c,0xf7,0x9c,0xf7,
    0x9c,0xf7,0x9c,0xf7,0x9c,0xf7,0x9c,0xf7,0x9c,0xf7,0x9c,0xf7,0x9c,0xf7,0x9c,0xf7,0x9c,0xf7,0x9c,0xf7,0x9c,0xf7,0x9c,0xf7,0x9c,0xf7,0x9c,0xf7,0x9c,0xf7,0x9c,0xf7,
    0x9c,0xf7,0x9c,0xf7,0x08,0x3a,0xe8,0x39,0x71,0xc5,0x72,0xcd,0x92,0xcd,0x92,0xcd,0x91,0xcd,0xf3,0xdd,0x34,0xde,0x55,0xde,0x75,0xe6,0x76,0xe6,0x96,0xe6,0x76,0xe6,
    0x76,0xe6,0x76,0xe6,0x76,0xe6,0x55,0xe6,0x55,0xe6,0xe7,0x41,0x86,0x31,0x55,0xde,0x55,0xe6,0x34,0xde,0x14,0xde,0x14,0xde,0xf3,0xdd,0x14,0xe6,0xa7,0x31,0xe8,0x39,
    0x30,0x84,0x9c,0xf7,0x9c,0xf7,0x9c,0xf7,0x9c,0xf7,0xf0,0x7b,0x88,0x21,0x88,0x21,0xe8,0x41,0xeb,0xe4,0xab,0xd4,0x8b,0xd4,0xab,0xd4,0x8b,0xd4,0xab,0xd4,0xab,0xd4,
    0xab,0xd4,0xcb,0xd4,0xcb,0xd4,0xcb,0xd4,0x0c,0xd5,0xe9,0xb3,0xe9,0xbb,0xff,0xff,0x9c,0xf7,0x9c,0xf7,0x9c,0xf7,0x9c,0xf7,0x9c,0xf7,0x9c,0xf7,0x9c,0xf7,0x9c,0xf7,
    0x9c,0xf7,0x9c,0xf7,0x9c,0xf7,0x9c,0xf7,0x9c,0xf7,0x9c,0xf7,0x9c,0xf7,0x9c,0xf7,0x9c,0xf7,0x9c,0xf7,0x6f,0x5b,0x06,0x11,0xe6,0x08,0x67,0x21,0xc5,0x08,0x67,0x19,
    0xcc,0x4a,0x4a,0x3a,0xff,0xff,0x9c,0xf7,0x9c,0xf7,0x9c,0xf7,0x9c,0xf7,0x9c,0xf7,0x9c,0xf7,0x9c,0xf7,0xac,0x42,0x29,0x32,0xff,0xff,0x9c,0xf7,0x9c,0xf7,0x9c,0xf7,
    0x9c,0xf7,0x9c,0xf7,0x9c,0xf7,0x9c,0xf7,0x9c,0xf7,0x9c,0xf7,0x9c,0xf7,0x9c,0xf7,0x9c,0xf7,0x9c,0xf7,0x9c,0xf7,0x9c,0xf7,0x9c,0xf7,0x9c,0xf7,0x9c,0xf7,0x9c,0xf7,
    0x9c,0xf7,0x9c,0xf7,0x9c,0xf7,0x9c,0xf7,0xc7,0x39,0x49,0x4a,0xaa,0x52,0x8a,0x52,0x8a,0x52,0x8a,0x52,0x8a,0x52,0xaa,0x52,0x8a,0x52,0x8a,0x52,0x8a,0x52,0x8a,0x52,
    0xaa,0x52,0x6a,0x42,0x47,0x19,0x46,0x19,0x67,0x19,0xd9,0xe6,0xff,0xff,0x9c,0xf7,0x9c,0xf7,0x9c,0xf7,0x9c,0xf7,0x9c,0xf7,0x9c,0xf7,0x9c,0xf7,0x9c,0xf7,0x9c,0xf7,
    0x9c,0xf7,0x9c,0xf7,0x9c,0xf7,0x9c,0xf7,0x9c,0xf7,0x9c,0xf7,0xc8,0x42,0xe8,0x42,0xc8,0x42,0x8d,0x84,0x8d,0x7c,0x6c,0x7c,0x6c,0x7c,0x6c,0x7c,0x4c,0x7c,0x4c,0x7c,
    0x29,0x53,0x09,0x4b,0xe8,0x4a,0x4c,0x7c,0x2c,0x7c,0x4c,0x7c,0x6c,0x7c,0x6c,0x7c,0x6c,0x7c,0x6c,0x7c,0x4c,0x7c,0x4c,0x7c,0x4c,0x7c,0x4c,0x7c,0x4c,0x7c,0x4c,0x7c,
    0x4c,0x7c,0x4c,0x7c,0x4c,0x7c,0x4c,0x7c,0x4c,0x7c,0x4c,0x7c,0x4c,0x7c,0x6c,0x7c,0x6c,0x7c,0x6c,0x7c,0x6d,0x7c,0x6d,0x7c,0x6d,0x7c,0x6d,0x7c,0x4c,0x7c,0x4c,0x7c,
    0x4c,0x7c,0x4c,0x7c,0xeb,0x6b,0xcb,0x6b,0xa8,0x42,0xa8,0x42,0x09,0x5b,0x97,0xe6,0xb7,0xe6,0xb8,0xe6,0xb8,0xee,0xb7,0xe6,0xb7,0xe6,0xb6,0xe6,0xc8,0x42,0x9c,0xf7,
    0x9c,0xf7,0x9c,0xf7,0x9c,0xf7,0x9c,0xf7,0x9c,0xf7,0x9c,0xf7,0x9c,0xf7,0x9c,0xf7,0x9c,0xf7,0x9c,0xf7,0x9c,0xf7,0x9c,0xf7,0x9c,0xf7,0x9c,0xf7,0x9c,0xf7,0x9c,0xf7,
    0x9c,0xf7,0x9c,0xf7,0x9c,0xf7,0x9c,0xf7,0x9c,0xf7,0x9c,0xf7,0x9c,0xf7,0x9c,0xf7,0xe8,0x39,0xe8,0x39,0x71,0xcd,0x92,0xcd,0x92,0xcd,0x92,0xcd,0x92,0xcd,0x14,0xde,
    0x55,0xde,0x55,0xe6,0x76,0xe6,0x55,0xde,0x93,0xc5,0x52,0xbd,0x96,0xe6,0x96,0xe6,0x76,0xe6,0x75,0xe6,0x35,0xde,0x72,0xc5,0x52,0xbd,0x75,0xe6,0x76,0xe6,0x34,0xde,
    0x34,0xde,0x14,0xd6,0xf3,0xd5,0x13,0xde,0xa7,0x31,0xe7,0x39,0x10,0x84,0x9c,0xf7,0x9c,0xf7,0x9c,0xf7,0x9c,0xf7,0x30,0x7c,0xa9,0x21,0xa8,0x21,0x48,0x52,0xcc,0xd4,
    0xcb,0xd4,0xab,0xd4,0xab,0xd4,0xab,0xd4,0xab,0xd4,0xab,0xd4,0x8b,0xcc,0x8b,0xcc,0x8b,0xcc,0x8b,0xcc,0x6a,0xcc,0xd8,0xe6,0xd9,0xee,0x9c,0xf7,0x9c,0xf7,0x9c,0xf7,
    0x9c,0xf7,0x9c,0xf7,0x9c,0xf7,0x9c,0xf7,0x9c,0xf7,0x9c,0xf7,0x9c,0xf7,0x9c,0xf7,0x9c,0xf7,0x9c,0xf7,0x9c,0xf7,0x9c,0xf7,0x9c,0xf7,0x9c,0xf7,0x9c,0xf7,0x9c,0xf7,
    0xb9,0xd6,0x16,0xc6,0x94,0xb5,0x06,0x19,0xb6,0xb5,0xb7,0xad,0x02,0x00,0x23,0x00,0x2e,0x5b,0x0d,0x53,0x9c,0xf7,0x9c,0xf7,0x9c,0xf7,0x9c,0xf7,0x9c,0xf7,0x9c,0xf7,
    0x27,0x11,0x06,0x11,0xcf,0x73,0x9c,0xf7,0x9c,0xf7,0x9c,0xf7,0x9c,0xf7,0x9c,0xf7,0x9c,0xf7,0x9c,0xf7,0x9c,0xf7,0x9c,0xf7,0x9c,0xf7,0x9c,0xf7,0x9c,0xf7,0x9c,0xf7,
    0x9c,0xf7,0x9c,0xf7,0x9c,0xf7,0x9c,0xf7,0x9c,0xf7,0x9c,0xf7,0x9c,0xf7,0x9c,0xf7,0x9c,0xf7,0x9c,0xf7,0x58,0xce,0x78,0xce,0x28,0x42,0x69,0x4a,0x69,0x4a,0x69,0x4a,
    0x69,0x4a,0x8a,0x52,0x8a,0x52,0x8a,0x52,0x8a,0x52,0x8a,0x52,0xaa,0x52,0x8a,0x52,0x6a,0x4a,0xa8,0x29,0x67,0x21,0x6a,0x42,0x4a,0x42,0x9c,0xf7,0x9c,0xf7,0x9c,0xf7,
    0x9c,0xf7,0x9c,0xf7,0x9c,0xf7,0x9c,0xf7,0x9c,0xf7,0x9c,0xf7,0x9c,0xf7,0x9c,0xf7,0x9c,0xf7,0x9c,0xf7,0x9c,0xf7,0x9c,0xf7,0x87,0x3a,0xa8,0x42,0x87,0x3a,0x6c,0x7c,
    0x6c,0x7c,0x6c,0x7c,0x6c,0x7c,0x6c,0x7c,0x6c,0x7c,0x6c,0x7c,0x6a,0x5b,0x29,0x4b,0x09,0x4b,0x4c,0x7c,0x2c,0x74,0x2c,0x74,0x4c,0x7c,0x6c,0x7c,0x6c,0x7c,0x6c,0x7c,
    0x4c,0x7c,0x4c,0x7c,0x4c,0x7c,0x4c,0x7c,0x4c,0x74,0x4c,0x7c,0x4c,0x7c,0x4c,0x7c,0x4c,0x7c,0x4c,0x7c,0x4c,0x7c,0x4c,0x7c,0x4c,0x7c,0x4c,0x7c,0x6c,0x7c,0x6c,0x7c,
    0x6d,0x7c,0x8d,0x7c,0x8d,0x84,0x8d,0x7c,0x6d,0x7c,0x4c,0x7c,0x4c,0x7c,0x4c,0x7c,0xeb,0x6b,0xcb,0x6b,0xa8,0x42,0xc8,0x42,0x2a,0x5b,0xd8,0xee,0xd8,0xee,0xd7,0xee,
    0xb7,0xee,0x96,0xe6,0x76,0xe6,0x95,0xe6,0x88,0x3a,0x9c,0xf7,0x9c,0xf7,0x9c,0xf7,0x9c,0xf7,0x9c,0xf7,0x9c,0xf7,0x9c,0xf7,0x9c,0xf7,0x9c,0xf7,0x9c,0xf7,0x9c,0xf7,
    0x9c,0xf7,0x9c,0xf7,0x9c,0xf7,0x9c,0xf7,0x9c,0xf7,0x9c,0xf7,0x9c,0xf7,0x9c,0xf7,0x9c,0xf7,0x9c,0xf7,0x9c,0xf7,0x9c,0xf7,0x9c,0xf7,0x1a,0xe7,0xe8,0x39,0xe8,0x39,
    0x71,0xcd,0x92,0xcd,0xb2,0xcd,0xb2,0xcd,0xb2,0xcd,0x14,0xd6,0x55,0xe6,0x55,0xe6,0x76,0xe6,0x93,0xc5,0x89,0x5a,0x28,0x4a,0x75,0xe6,0x76,0xe6,0x76,0xe6,0x75,0xe6,
    0xee,0x83,0x17,0xff,0xd7,0xf6,0x76,0xe6,0x76,0xe6,0x35,0xde,0x34,0xde,0x14,0xde,0xf4,0xd5,0x13,0xde,0xa7,0x31,0xe7,0x39,0x10,0x84,0x9c,0xf7,0x9c,0xf7,0x9c,0xf7,
    0x9c,0xf7,0x31,0x84,0xa8,0x21,0xa8,0x21,0x69,0x5a,0xec,0xdc,0xcc,0xd4,0xcb,0xd4,0xcb,0xd4,0xcb,0xd4,0xcb,0xd4,0xab,0xd4,0xab,0xd4,0x8b,0xd4,0x8b,0xd4,0x8b,0xcc,
    0x6a,0xcc,0x9c,0xf7,0x9c,0xf7,0x9c,0xf7,0x9c,0xf7,0x9c,0xf7,0x9c,0xf7,0x9c,0xf7,0x9c,0xf7,0x9c,0xf7,0x9c,0xf7,0x9c,0xf7,0x9c,0xf7,0x9c,0xf7,0x9c,0xf7,0x9c,0xf7,
    0x9c,0xf7,0x9c,0xf7,0x9c,0xf7,0x9c,0xf7,0x9c,0xf7,0x9c,0xf7,0x9c,0xf7,0x9c,0xf7,0x9c,0xf7,0xe5,0x10,0x9c,0xf7,0x9c,0xf7,0x51,0x8c,0x8e,0x73,0x67,0x21,0x63,0x00,
    0x9c,0xf7,0x9c,0xf7,0x9c,0xf7,0x9c,0xf7,0x9c,0xf7,0x9c,0xf7,0xea,0x29,0xe9,0x29,0x87,0x21,0xff,0xff,0x9c,0xf7,0x9c,0xf7,0x9c,0xf7,0x9c,0xf7,0xff,0xff,0xff,0xff,
    0x9c,0xf7,0x9c,0xf7,0x9c,0xf7,0x9c,0xf7,0x9c,0xf7,0x9c,0xf7,0x9c,0xf7,0x9c,0xf7,0x9c,0xf7,0x9c,0xf7,0x9c,0xf7,0x9c,0xf7,0x9c,0xf7,0x9c,0xf7,0x9c,0xf7,0x9c,0xf7,
    0x9c,0xf7,0x9c,0xf7,0x08,0x42,0x6a,0x4a,0x8a,0x52,0x69,0x4a,0x69,0x4a,0x69,0x4a,0x8a,0x52,0x8a,0x52,0x8a,0x52,0x8a,0x52,0x8a,0x52,0x8a,0x52,0xca,0x5a,0xa8,0x31,
    0x47,0x19,0xc5,0x08,0x03,0x00,0x9c,0xf7,0x9c,0xf7,0x9c,0xf7,0x9c,0xf7,0x9c,0xf7,0x9c,0xf7,0x9c,0xf7,0x9c,0xf7,0x9c,0xf7,0x9c,0xf7,0x9c,0xf7,0x9c,0xf7,0x9c,0xf7,
    0x9c,0xf7,0x9c,0xf7,0x87,0x3a,0x88,0x3a,0x67,0x3a,0x49,0x53,0x49,0x53,0xaa,0x63,0xca,0x63,0xcb,0x63,0xeb,0x6b,0xeb,0x6b,0xaa,0x5b,0x29,0x4b,0x29,0x4b,0x8a,0x5b,
    0xcb,0x63,0xaa,0x63,0xca,0x63,0xcb,0x6b,0xca,0x63,0xaa,0x63,0xaa,0x63,0xaa,0x63,0xaa,0x63,0xaa,0x63,0xaa,0x63,0xaa,0x63,0xaa,0x63,0xaa,0x63,0xaa,0x63,0xaa,0x63,
    0xaa,0x63,0xaa,0x63,0xaa,0x63,0xaa,0x63,0xaa,0x63,0xaa,0x63,0xca,0x63,0xca,0x63,0xcb,0x63,0xcb,0x63,0xca,0x63,0xca,0x63,0xaa,0x63,0xaa,0x63,0xaa,0x63,0xca,0x63,
    0xc8,0x42,0xe8,0x4a,0x09,0x53,0x92,0xc5,0x92,0xc5,0x71,0xc5,0x51,0xbd,0x30,0xbd,0x10,0xbd,0x71,0xc5,0xa5,0x21,0xe6,0x29,0x89,0x42,0x9c,0xf7,0x9c,0xf7,0x9c,0xf7,
    0x9c,0xf7,0x9c,0xf7,0x9c,0xf7,0x9c,0xf7,0x9c,0xf7,0x9c,0xf7,0x9c,0xf7,0x9c,0xf7,0x9c,0xf7,0x9c,0xf7,0x9c,0xf7,0x9c,0xf7,0x9c,0xf7,0x9c,0xf7,0x9c,0xf7,0x9c,0xf7,
    0x9c,0xf7,0x9c,0xf7,0x9c,0xf7,0xfa,0xe6,0xe8,0x39,0xe8,0x39,0x72,0xcd,0xb2,0xcd,0xb2,0xcd,0xb2,0xcd,0xb2,0xcd,0x35,0xde,0x76,0xe6,0x76,0xe6,0x55,0xde,0x72,0xc5,
    0x69,0x52,0x08,0x42,0x34,0xde,0x34,0xde,0x34,0xde,0x55,0xde,0x4f,0x94,0x8c,0x83,0x34,0xde,0x55,0xe6,0x55,0xe6,0x35,0xde,0x35,0xde,0x14,0xde,0xf4,0xd5,0x13,0xde,
    0xa7,0x31,0xe8,0x39,0x0f,0x84,0x9c,0xf7,0x9c,0xf7,0x9c,0xf7,0x9c,0xf7,0x10,0x7c,0x88,0x21,0x88,0x21,0x69,0x52,0xcc,0xdc,0xcc,0xd4,0xcb,0xd4,0xcb,0xd4,0xcb,0xd4,
    0xcb,0xd4,0xab,0xd4,0xab,0xd4,0xab,0xd4,0x69,0xcc,0x27,0xcc,0x06,0xcc,0x9c,0xf7,0x9c,0xf7,0x9c,0xf7,0x9c,0xf7,0x9c,0xf7,0x9c,0xf7,0x9c,0xf7,0x9c,0xf7,0x9c,0xf7,
    0x9c,0xf7,0x9c,0xf7,0x9c,0xf7,0x9c,0xf7,0x9c,0xf7,0x9c,0xf7,0x9c,0xf7,0x9c,0xf7,0x9c,0xf7,0x9c,0xf7,0x9c,0xf7,0x9c,0xf7,0x9c,0xf7,0x9c,0xf7,0x36,0xce,0xe5,0x10,
    0x9c,0xf7,0x9c,0xf7,0xfe,0xff,0x9c,0xf7,0x37,0xce,0x13,0xa5,0x9c,0xf7,0x9c,0xf7,0x9c,0xf7,0x9c,0xf7,0x9c,0xf7,0xff,0xff,0x06,0x11,0xa8,0x21,0xc8,0x29,0x72,0x8c,
    0x9c,0xf7,0x9c,0xf7,0x9c,0xf7,0x9c,0xf7,0xd3,0x94,0x92,0x8c,0x9c,0xf7,0x9c,0xf7,0x9c,0xf7,0x9c,0xf7,0x9c,0xf7,0x9c,0xf7,0x9c,0xf7,0x9c,0xf7,0x9c,0xf7,0x9c,0xf7,
    0x9c,0xf7,0x9c,0xf7,0x9c,0xf7,0x9c,0xf7,0x9c,0xf7,0x9c,0xf7,0x9c,0xf7,0x9c,0xf7,0xc7,0x39,0x28,0x42,0x28,0x42,0x8a,0x52,0x8a,0x52,0x8a,0x52,0x8a,0x52,0x8a,0x52,
    0x89,0x52,0x8a,0x52,0x8a,0x52,0x69,0x52,0x89,0x52,0x87,0x29,0x67,0x19,0x88,0x21,0x06,0x11,0x9c,0xf7,0x9c,0xf7,0x9c,0xf7,0x9c,0xf7,0x9c,0xf7,0x9c,0xf7,0x9c,0xf7,
    0x9c,0xf7,0x9c,0xf7,0x9c,0xf7,0x9c,0xf7,0x9c,0xf7,0x9c,0xf7,0x9c,0xf7,0x9c,0xf7,0xf9,0xde,0x27,0x3a,0x47,0x3a,0x29,0x53,0x29,0x53,0xaa,0x63,0xaa,0x63,0xca,0x63,
    0xcb,0x63,0xea,0x63,0xeb,0x63,0x29,0x53,0x29,0x4b,0x09,0x4b,0xeb,0x6b,0xeb,0x6b,0xeb,0x6b,0xcb,0x6b,0xca,0x63,0xaa,0x63,0xaa,0x63,0xaa,0x63,0xaa,0x63,0xaa,0x63,
    0xaa,0x63,0xaa,0x63,0xaa,0x63,0xaa,0x63,0xaa,0x63,0xaa,0x63,0xaa,0x63,0xaa,0x63,0xaa,0x63,0xaa,0x63,0xaa,0x63,0xaa,0x63,0xaa,0x63,0xaa,0x63,0xaa,0x63,0xaa,0x63,
    0xaa,0x63,0xaa,0x63,0xaa,0x63,0xaa,0x63,0xaa,0x63,0xaa,0x63,0x09,0x4b,0xe9,0x4a,0xc8,0x4a,0x31,0xad,0xb2,0xc5,0x92,0xc5,0x71,0xc5,0x50,0xbd,0x30,0xbd,0x92,0xcd,
    0x86,0x21,0x07,0x32,0xaa,0x4a,0x9c,0xf7,0x9c,0xf7,0x9c,0xf7,0x9c,0xf7,0x9c,0xf7,0x9c,0xf7,0x9c,0xf7,0x9c,0xf7,0x9c,0xf7,0x9c,0xf7,0x9c,0xf7,0x9c,0xf7,0x9c,0xf7,
    0x9c,0xf7,0x9c,0xf7,0x9c,0xf7,0x9c,0xf7,0x9c,0xf7,0x9c,0xf7,0x9c,0xf7,0x9c,0xf7,0x9c,0xf7,0xfa,0xe6,0xc8,0x39,0xe8,0x39,0x92,0xcd,0xb2,0xcd,0xb2,0xcd,0xb2,0xcd,
    0xd3,0xd5,0x55,0xde,0x76,0xe6,0x76,0xe6,0x55,0xe6,0x55,0xe6,0x96,0xee,0xf7,0xf6,0xe7,0x41,0x07,0x4a,0x28,0x4a,0x28,0x4a,0xb3,0xcd,0x8c,0x83,0x55,0xe6,0x55,0xe6,
    0x55,0xe6,0x35,0xde,0x34,0xde,0x14,0xd6,0xf4,0xd5,0x13,0xde,0xa7,0x31,0xe8,0x39,0x0f,0x84,0x9c,0xf7,0x9c,0xf7,0x9c,0xf7,0x9c,0xf7,0xcf,0x73,0x67,0x19,0x47,0x21,
    0x48,0x52,0xab,0xd4,0xcc,0xd4,0xcc,0xd4,0xcb,0xd4,0xcb,0xd4,0xcb,0xd4,0xcc,0xd4,0xcc,0xd4,0xcb,0xd4,0x2e,0xdd,0xb0,0xe5,0xb0,0xe5,0x9c,0xf7,0x9c,0xf7,0x9c,0xf7,
    0x9c,0xf7,0x9c,0xf7,0x9c,0xf7,0x9c,0xf7,0x9c,0xf7,0x9c,0xf7,0x9c,0xf7,0x9c,0xf7,0x9c,0xf7,0x9c,0xf7,0x9c,0xf7,0xb8,0xe6,0xf9,0xe6,0x9c,0xf7,0x9c,0xf7,0x9c,0xf7,
    0x9c,0xf7,0x9c,0xf7,0x9c,0xf7,0x71,0x8c,0xcf,0x73,0x05,0x11,0x75,0xad,0x54,0xa5,0x33,0xa5,0xb4,0xb5,0xf9,0xe6,0x9c,0xf7,0x9c,0xf7,0x9c,0xf7,0x9c,0xf7,0x9c,0xf7,
    0x9c,0xf7,0x9c,0xf7,0x10,0x7c,0x4a,0x42,0x67,0x21,0x84,0x00,0xf0,0x73,0x52,0x84,0x72,0x8c,0x31,0x7c,0x44,0x00,0x00,0x00,0x9c,0xf7,0x9c,0xf7,0x9c,0xf7,0x9c,0xf7,
    0x9c,0xf7,0x9c,0xf7,0x9c,0xf7,0x9c,0xf7,0x9c,0xf7,0x9c,0xf7,0x9c,0xf7,0x9c,0xf7,0x9c,0xf7,0x9c,0xf7,0x9c,0xf7,0x9c,0xf7,0x9c,0xf7,0x9c,0xf7,0xb2,0x94,0xd2,0x9c,
    0xf3,0xa4,0xaa,0x52,0xaa,0x52,0xaa,0x52,0x8a,0x52,0x89,0x52,0x8a,0x52,0x8a,0x52,0xaa,0x52,0x8a,0x52,0xaa,0x52,0xa7,0x29,0x67,0x21,0x67,0x21,0xe6,0x10,0xff,0xff,
    0x9c,0xf7,0x9c,0xf7,0x9c,0xf7,0x9c,0xf7,0x9c,0xf7,0x9c,0xf7,0x9c,0xf7,0x9c,0xf7,0x9c,0xf7,0x9c,0xf7,0x9c,0xf7,0xd2,0x9c,0x08,0x3a,0xc7,0x31,0xa7,0x39,0xa7,0x39,
    0x08,0x42,0x05,0x11,0xe5,0x10,0x46,0x19,0x46,0x19,0x66,0x19,0x66,0x19,0x87,0x19,0xa7,0x21,0xc7,0x21,0xc7,0x21,0xa7,0x21,0xa7,0x21,0xa7,0x21,0xc7,0x21,0xc7,0x21,
    0xc7,0x21,0xa7,0x21,0xa7,0x21,0x87,0x19,0x86,0x19,0x86,0x19,0x86,0x19,0x86,0x19,0x86,0x19,0x86,0x19,0xa7,0x21,0xa7,0x21,0xa7,0x21,0xa7,0x21,0x87,0x21,0x87,0x21,
    0x87,0x21,0xa7,0x21,0xa7,0x21,0xa7,0x21,0x87,0x21,0x87,0x21,0x87,0x21,0x86,0x21,0x86,0x21,0x86,0x21,0x86,0x21,0x86,0x21,0x08,0x32,0x28,0x32,0xc7,0x29,0x87,0x21,
    0x87,0x21,0x87,0x19,0x67,0x19,0x66,0x19,0x46,0x19,0x25,0x19,0xa7,0x29,0x08,0x32,0x8a,0x4a,0x9c,0xf7,0x9c,0xf7,0x9c,0xf7,0x9c,0xf7,0x9c,0xf7,0x9c,0xf7,0x9c,0xf7,
    0x9c,0xf7,0x9c,0xf7,0x9c,0xf7,0x9c,0xf7,0x9c,0xf7,0x9c,0xf7,0x9c,0xf7,0x9c,0xf7,0x9c,0xf7,0x9c,0xf7,0x9c,0xf7,0x9c,0xf7,0x9c,0xf7,0x9c,0xf7,0x9c,0xf7,0xfa,0xe6,
    0xe8,0x39,0xe8,0x39,0x72,0xc5,0xb2,0xcd,0xb2,0xcd,0xb2,0xcd,0xd3,0xd5,0x55,0xde,0x76,0xe6,0x75,0xe6,0x55,0xe6,0x35,0xde,0x35,0xde,0x76,0xee,0x48,0x52,0x69,0x52,
    0x89,0x5a,0x89,0x5a,0x52,0xbd,0xd7,0xf6,0x55,0xe6,0x55,0xe6,0x75,0xe6,0x55,0xde,0x35,0xde,0x13,0xd6,0xf3,0xd5,0xf3,0xdd,0xa7,0x31,0xe7,0x39,0x0f,0x84,0x9c,0xf7,
    0x9c,0xf7,0x9c,0xf7,0x9c,0xf7,0x8e,0x6b,0x46,0x19,0x26,0x19,0x07,0x4a,0x29,0xcc,0x69,0xd4,0x8a,0xd4,0x8a,0xd4,0xab,0xd4,0xab,0xd4,0x8a,0xd4,0x8a,0xd4,0x8a,0xd4,
    0x34,0xee,0x9c,0xf7,0x9c,0xf7,0x9c,0xf7,0x9c,0xf7,0x9c,0xf7,0x9c,0xf7,0x9c,0xf7,0x9c,0xf7,0x9c,0xf7,0x9c,0xf7,0x9c,0xf7,0x9c,0xf7,0x9c,0xf7,0x9c,0xf7,0x9c,0xf7,
    0x9c,0xf7,0x76,0xde,0x76,0xe6,0xb7,0xe6,0x9c,0xf7,0x9c,0xf7,0x9c,0xf7,0x9c,0xf7,0x9c,0xf7,0x02,0x00,0x63,0x00,0x47,0x19,0xa8,0x29,0x84,0x00,0x84,0x00,0x05,0x11,
    0x6b,0x42,0x9c,0xf7,0x9c,0xf7,0xd9,0xfe,0x57,0xf6,0xd5,0xf5,0xd4,0xfd,0x15,0xfe,0xfe,0xff,0x33,0xad,0xa5,0x08,0xe5,0x10,0x64,0x00,0x85,0x00,0xa5,0x00,0xa5,0x00,
    0xcd,0x4a,0xab,0x4a,0x9c,0xf7,0x9c,0xf7,0x9c,0xf7,0x9c,0xf7,0x9c,0xf7,0x9c,0xf7,0x9c,0xf7,0x9c,0xf7,0x9c,0xf7,0x9c,0xf7,0x9c,0xf7,0x9c,0xf7,0x9c,0xf7,0x9c,0xf7,
    0x9c,0xf7,0x9c,0xf7,0x9c,0xf7,0x9c,0xf7,0xff,0xff,0xff,0xff,0xff,0xff,0x29,0x42,0x28,0x42,0x28,0x42,0x8a,0x52,0xaa,0x52,0xaa,0x52,0xaa,0x52,0xaa,0x52,0xaa,0x52,
    0xca,0x5a,0xa8,0x31,0x87,0x21,0x87,0x21,0x06,0x11,0xff,0xff,0x9c,0xf7,0x9c,0xf7,0x9c,0xf7,0x9c,0xf7,0x9c,0xf7,0x9c,0xf7,0x9c,0xf7,0x9c,0xf7,0x9c,0xf7,0x9c,0xf7,
    0x9c,0xf7,0x0f,0x84,0x49,0x4a,0x29,0x4a,0x29,0x4a,0x08,0x42,0x08,0x42,0x25,0x19,0x25,0x19,0x87,0x29,0x86,0x21,0x86,0x21,0x86,0x21,0x87,0x21,0xc7,0x29,0xc8,0x29,
    0xc8,0x29,0xc8,0x29,0xc8,0x29,0xc7,0x29,0xc8,0x29,0xe8,0x29,0xe8,0x29,0xe8,0x29,0xc7,0x29,0xc7,0x29,0xc7,0x29,0xa7,0x21,0xa7,0x21,0xa7,0x21,0xa7,0x21,0xa7,0x29,
    0xc7,0x29,0xc7,0x29,0xc7,0x29,0xc7,0x29,0xc7,0x29,0xc7,0x29,0xa7,0x29,0xa7,0x21,0xa7,0x21,0xa7,0x29,0x86,0x21,0x86,0x21,0x86,0x21,0x86,0x21,0xa6,0x21,0xa7,0x21,
    0xa7,0x21,0xa7,0x21,0x08,0x32,0x08,0x32,0x86,0x21,0xc7,0x29,0xc8,0x29,0xc8,0x29,0xc8,0x29,0xc7,0x29,0xa7,0x29,0xa7,0x29,0xc7,0x29,0xe8,0x31,0x6a,0x42,0x9c,0xf7,
    0x9c,0xf7,0x9c,0xf7,0x9c,0xf7,0x9c,0xf7,0x9c,0xf7,0x9c,0xf7,0x9c,0xf7,0x9c,0xf7,0x9c,0xf7,0x9c,0xf7,0x9c,0xf7,0x9c,0xf7,0x9c,0xf7,0x9c,0xf7,0x9c,0xf7,0x9c,0xf7,
    0x9c,0xf7,0x9c,0xf7,0x9c,0xf7,0x9c,0xf7,0x9c,0xf7,0xfa,0xe6,0xe8,0x39,0x08,0x3a,0x72,0xcd,0x92,0xcd,0xb2,0xcd,0xb2,0xcd,0xd3,0xd5,0x55,0xde,0x76,0xe6,0x75,0xe6,
    0x55,0xe6,0x55,0xe6,0x35,0xde,0x92,0xcd,0x48,0x52,0xa9,0x62,0xc9,0x6a,0xca,0x62,0xc9,0x62,0x55,0xde,0x75,0xe6,0x55,0xe6,0x76,0xe6,0x35,0xde,0x35,0xde,0xf4,0xd5,
    0xf3,0xd5,0x14,0xde,0xc8,0x31,0x08,0x3a,0x10,0x84,0x9c,0xf7,0x9c,0xf7,0x9c,0xf7,0x9c,0xf7,0x2d,0x5b,0x46,0x19,0x46,0x19,0x07,0x4a,0x0d,0xd5,0x2d,0xdd,0x2d,0xdd,
    0x2e,0xdd,0x2e,0xdd,0x2e,0xdd,0x4f,0xdd,0x6f,0xdd,0x70,0xdd,0x75,0xee,0x9c,0xf7,0x9c,0xf7,0x9c,0xf7,0x9c,0xf7,0x9c,0xf7,0x9c,0xf7,0x9c,0xf7,0x9c,0xf7,0x9c,0xf7,
    0x9c,0xf7,0x9c,0xf7,0x9c,0xf7,0x9c,0xf7,0x37,0xce,0x78,0xce,0x78,0xd6,0x32,0xb5,0x33,0xb5,0x74,0xb5,0x37,0xc6,0xf6,0xc5,0x9c,0xf7,0x9c,0xf7,0x9c,0xf7,0x6a,0x42,
    0xab,0x4a,0x67,0x19,0x68,0x19,0xed,0x52,0xed,0x52,0xec,0x52,0xab,0x4a,0x9c,0xf7,0x9c,0xf7,0x37,0xf6,0x36,0xfe,0x15,0xf6,0xf5,0xf5,0xf5,0xfd,0x9c,0xf7,0x9c,0xf7,
    0x4a,0x42,0x6b,0x42,0xac,0x4a,0xcc,0x52,0xed,0x52,0xed,0x52,0xda,0xd6,0x9c,0xf7,0x9c,0xf7,0x9c,0xf7,0x9c,0xf7,0x9c,0xf7,0x9c,0xf7,0x9c,0xf7,0x9c,0xf7,0x9c,0xf7,
    0x9c,0xf7,0x9c,0xf7,0x9c,0xf7,0x9c,0xf7,0x9c,0xf7,0x9c,0xf7,0x37,0xc6,0x98,0xd6,0x9c,0xf7,0x9c,0xf7,0x9c,0xf7,0x9c,0xf7,0x9c,0xf7,0x8e,0x73,0xae,0x73,0xae,0x73,
    0x8a,0x52,0xaa,0x52,0xaa,0x52,0xaa,0x52,0xaa,0x52,0xaa,0x52,0xaa,0x5a,0xc8,0x31,0x88,0x21,0x88,0x21,0x06,0x11,0xff,0xff,0x9c,0xf7,0x9c,0xf7,0x9c,0xf7,0x9c,0xf7,
    0x9c,0xf7,0x9c,0xf7,0x9c,0xf7,0x9c,0xf7,0x9c,0xf7,0x78,0xd6,0xd9,0xde,0xeb,0x5a,0x29,0x4a,0x69,0x52,0x69,0x5a,0x48,0x5a,0x28,0x52,0x66,0x29,0x66,0x29,0x87,0x39,
    0x87,0x39,0x87,0x31,0xa7,0x31,0xa7,0x39,0xa7,0x39,0xc7,0x39,0xc7,0x39,0xc7,0x39,0xa7,0x39,0x87,0x31,0xa7,0x39,0xa7,0x39,0xa7,0x39,0xc7,0x39,0xc8,0x39,0xc7,0x31,
    0xa7,0x31,0xa7,0x31,0x87,0x31,0x86,0x31,0x87,0x31,0xa7,0x31,0xa7,0x31,0xc7,0x39,0xe8,0x41,0xe8,0x41,0xe8,0x39,0xc7,0x31,0xa7,0x31,0xa7,0x31,0x87,0x31,0x87,0x31,
    0x87,0x31,0xa7,0x31,0xa7,0x31,0xa7,0x31,0xc7,0x39,0xe8,0x41,0xc7,0x39,0xc7,0x39,0x08,0x42,0x08,0x42,0xc7,0x31,0xa7,0x31,0xa7,0x31,0xc8,0x31,0xc8,0x39,0xe8,0x39,
    0xe8,0x39,0xe8,0x39,0x08,0x42,0x08,0x4a,0x08,0x4a,0xab,0x52,0x8e,0x6b,0xb2,0x94,0x9c,0xf7,0x9c,0xf7,0x9c,0xf7,0x9c,0xf7,0x9c,0xf7,0x9c,0xf7,0x9c,0xf7,0x9c,0xf7,
    0x9c,0xf7,0x9c,0xf7,0x9c,0xf7,0x9c,0xf7,0x9c,0xf7,0x9c,0xf7,0x9c,0xf7,0x9c,0xf7,0x9c,0xf7,0x9c,0xf7,0x9c,0xf7,0x1a,0xe7,0x08,0x42,0x08,0x42,0x72,0xc5,0xb2,0xcd,
    0xb2,0xcd,0xb2,0xcd,0xb2,0xcd,0x14,0xde,0x55,0xe6,0x55,0xe6,0x75,0xe6,0x55,0xe6,0x55,0xe6,0x55,0xe6,0x75,0xe6,0x75,0xe6,0x75,0xe6,0x55,0xe6,0x55,0xe6,0x76,0xe6,
    0x76,0xe6,0x76,0xe6,0x76,0xe6,0xf3,0xd5,0xf3,0xd5,0x14,0xde,0x34,0xde,0x75,0xe6,0xc8,0x31,0x08,0x3a,0x10,0x84,0x9c,0xf7,0x9c,0xf7,0x9c,0xf7,0x9c,0xf7,0x6a,0x42,
    0x47,0x19,0x47,0x19,0x6a,0x4a,0x9c,0xf7,0x9c,0xf7,0x9c,0xf7,0x9c,0xf7,0xb5,0xf6,0x95,0xf6,0x9c,0xf7,0xff,0xff,0xff,0xff,0x9c,0xf7,0x9c,0xf7,0x9c,0xf7,0x9c,0xf7,
    0x9c,0xf7,0x9c,0xf7,0x9c,0xf7,0x9c,0xf7,0x9c,0xf7,0x9c,0xf7,0x9c,0xf7,0x9c,0xf7,0x9c,0xf7,0x9c,0xf7,0x02,0x00,0xa5,0x00,0xa5,0x00,0xe6,0x08,0xa5,0x08,0xc5,0x08,
    0x64,0x00,0x02,0x00,0x1a,0xe7,0x9c,0xf7,0x9c,0xf7,0x9c,0xf7,0xff,0xff,0x88,0x21,0x26,0x11,0x9c,0xf7,0x9c,0xf7,0x9c,0xf7,0x9c,0xf7,0x9c,0xf7,0x9c,0xf7,0x9c,0xf7,
    0x9c,0xf7,0x15,0xf6,0xd4,0xf5,0x15,0xf6,0x9c,0xf7,0x9c,0xf7,0x9c,0xf7,0x9c,0xf7,0x9c,0xf7,0x9c,0xf7,0x9c,0xf7,0x9c,0xf7,0x9c,0xf7,0x9c,0xf7,0x9c,0xf7,0x9c,0xf7,
    0x9c,0xf7,0x9c,0xf7,0x9c,0xf7,0x9c,0xf7,0x9c,0xf7,0x9c,0xf7,0x9c,0xf7,0x9c,0xf7,0x9c,0xf7,0x9c,0xf7,0x9c,0xf7,0xf3,0xa4,0x84,0x00,0x2d,0x63,0x9c,0xf7,0x9c,0xf7,
    0x9c,0xf7,0x9c,0xf7,0x9c,0xf7,0xff,0xff,0xff,0xff,0xff,0xff,0x08,0x42,0x8a,0x52,0x8a,0x52,0x89,0x52,0x89,0x52,0x89,0x52,0xaa,0x52,0xa8,0x29,0x88,0x21,0x88,0x21,
    0x26,0x11,0xfe,0xff,0x9c,0xf7,0x9c,0xf7,0x9c,0xf7,0x9c,0xf7,0x9c,0xf7,0x9c,0xf7,0x9c,0xf7,0x9c,0xf7,0x1a,0xe7,0xc8,0x31,0xe8,0x39,0x6b,0x9b,0xcb,0xbb,0xcb,0xbb,
    0xcb,0xbb,0xcb,0xbb,0xcb,0xbb,0xcb,0xbb,0xeb,0xc3,0xeb,0xc3,0xeb,0xc3,0xeb,0xc3,0xcb,0xc3,0xcb,0xc3,0xeb,0xc3,0xeb,0xc3,0xeb,0xc3,0xcb,0xc3,0xaa,0xc3,0xaa,0xc3,
    0x8a,0xbb,0x8a,0xc3,0xaa,0xc3,0xcb,0xc3,0xcb,0xc3,0xeb,0xc3,0xcb,0xc3,0xaa,0xc3,0x8a,0xc3,0x69,0xc3,0x69,0xc3,0x6a,0xbb,0x8a,0xc3,0xcb,0xc3,0xcb,0xc3,0xcb,0xc3,
    0xcb,0xc3,0xcb,0xc3,0xaa,0xc3,0xaa,0xbb,0x8a,0xbb,0x8a,0xbb,0x8a,0xbb,0x8a,0xbb,0xaa,0xbb,0x49,0xb3,0x8a,0xb3,0x8a,0xb3,0x29,0x9b,0x47,0x7a,0xe9,0xaa,0xe8,0xa2,
    0xc8,0xa2,0xa8,0x9a,0xa7,0x9a,0xa7,0x9a,0xa7,0x9a,0xc8,0xa2,0xe8,0xaa,0x08,0xab,0x09,0xab,0x09,0xab,0x2a,0xa3,0xcb,0x62,0x8e,0x73,0x54,0xad,0x9c,0xf7,0x9c,0xf7,
    0x9c,0xf7,0x9c,0xf7,0x9c,0xf7,0x9c,0xf7,0x9c,0xf7,0x9c,0xf7,0x9c,0xf7,0x9c,0xf7,0x9c,0xf7,0x9c,0xf7,0x9c,0xf7,0x9c,0xf7,0x9c,0xf7,0x9c,0xf7,0x9c,0xf7,0x9c,0xf7,
    0x9c,0xf7,0x9c,0xf7,0x29,0x42,0x28,0x42,0x72,0xc5,0xb2,0xcd,0xb2,0xcd,0x92,0xcd,0x91,0xcd,0xf3,0xd5,0x54,0xe6,0x54,0xde,0x55,0xe6,0x55,0xe6,0x75,0xe6,0x75,0xe6,
    0x75,0xe6,0x75,0xe6,0x75,0xe6,0x55,0xe6,0x55,0xe6,0x76,0xe6,0x75,0xe6,0x55,0xe6,0x55,0xe6,0xf3,0xd5,0xf3,0xd5,0xd3,0xd5,0xd3,0xd5,0x34,0xde,0x29,0x42,0x6a,0x4a,
    0x71,0x8c,0x9c,0xf7,0x9c,0xf7,0x9c,0xf7,0x9c,0xf7,0x2d,0x5b,0x88,0x21,0x68,0x21,0x69,0x4a,0x9c,0xf7,0x9c,0xf7,0x9c,0xf7,0x9c,0xf7,0x95,0xee,0x95,0xee,0x9c,0xf7,
    0x9c,0xf7,0x9c,0xf7,0x9c,0xf7,0x9c,0xf7,0x9c,0xf7,0x9c,0xf7,0x9c,0xf7,0x9c,0xf7,0x9c,0xf7,0x9c,0xf7,0x9c,0xf7,0x9c,0xf7,0x9c,0xf7,0x9c,0xf7,0x9c,0xf7,0x9c,0xf7,
    0x27,0x11,0xa8,0x29,0xa8,0x29,0xa8,0x29,0x87,0x29,0xa8,0x29,0x87,0x21,0x47,0x19,0x98,0xde,0xf9,0xee,0x19,0xef,0xd9,0xe6,0x9c,0xf7,0x88,0x21,0x47,0x19,0x9c,0xf7,
    0x9c,0xf7,0x9c,0xf7,0x9c,0xf7,0x9c,0xf7,0x9c,0xf7,0x9c,0xf7,0x9c,0xf7,0x98,0xfe,0x15,0xf6,0x77,0xfe,0x9c,0xf7,0x9c,0xf7,0x9c,0xf7,0x9c,0xf7,0x9c,0xf7,0x9c,0xf7,
    0x9c,0xf7,0x9c,0xf7,0x9c,0xf7,0x9c,0xf7,0x9c,0xf7,0x9c,0xf7,0x9c,0xf7,0x9c,0xf7,0x9c,0xf7,0x9c,0xf7,0x9c,0xf7,0x9c,0xf7,0x9c,0xf7,0x9c,0xf7,0x9c,0xf7,0x9c,0xf7,
    0x9c,0xf7,0x8b,0x4a,0x88,0x29,0x51,0x8c,0x9c,0xf7,0x9c,0xf7,0x9c,0xf7,0x9c,0xf7,0x9c,0xf7,0x9c,0xf7,0x9c,0xf7,0x9c,0xf7,0x49,0x4a,0xeb,0x5a,0xcb,0x5a,0xcb,0x5a,
    0xcb,0x5a,0x69,0x4a,0x69,0x4a,0x88,0x29,0x88,0x21,0x88,0x21,0x06,0x11,0x9c,0xf7,0x9c,0xf7,0x9c,0xf7,0x9c,0xf7,0x9c,0xf7,0x9c,0xf7,0x9c,0xf7,0x9c,0xf7,0x9c,0xf7,
    0xfa,0xe6,0xa7,0x31,0xc7,0x31,0x2a,0x9b,0xaa,0xbb,0xaa,0xbb,0xcb,0xbb,0xca,0xbb,0xaa,0xbb,0xcb,0xbb,0xec,0xc3,0xec,0xc3,0x0c,0xc4,0x0b,0xcc,0xeb,0xc3,0xeb,0xc3,
    0xcb,0xc3,0xcb,0xc3,0xcb,0xc3,0xcb,0xc3,0xab,0xc3,0x8a,0xc3,0x8a,0xc3,0x69,0xbb,0x8a,0xc3,0x8a,0xc3,0xcb,0xc3,0xeb,0xcb,0xcb,0xc3,0xaa,0xc3,0x8a,0xc3,0x69,0xc3,
    0x6a,0xbb,0x8a,0xbb,0xaa,0xc3,0xcb,0xc3,0xcb,0xc3,0xcb,0xc3,0xeb,0xc3,0xcb,0xc3,0xaa,0xc3,0xaa,0xbb,0x8a,0xbb,0x8a,0xbb,0xaa,0xbb,0xaa,0xbb,0x8a,0xb3,0x6a,0xb3,
    0xaa,0xb3,0x8a,0xb3,0x27,0x72,0x47,0x7a,0x29,0xab,0xe8,0xa2,0xc8,0xa2,0xa8,0x9a,0xa8,0x9a,0xa7,0x9a,0xa7,0x9a,0xc8,0xa2,0xe8,0xaa,0x29,0xab,0x29,0xab,0x29,0xab,
    0x29,0xab,0xcb,0x5a,0x8d,0x73,0x33,0xa5,0x9c,0xf7,0x9c,0xf7,0x9c,0xf7,0x9c,0xf7,0x9c,0xf7,0x9c,0xf7,0x9c,0xf7,0x9c,0xf7,0x9c,0xf7,0x9c,0xf7,0x9c,0xf7,0x9c,0xf7,
    0x9c,0xf7,0x9c,0xf7,0x9c,0xf7,0x9c,0xf7,0x9c,0xf7,0x9c,0xf7,0x9c,0xf7,0x9c,0xf7,0x29,0x42,0x28,0x42,0xaf,0xac,0x51,0xc5,0x30,0xbd,0x91,0xcd,0x71,0xcd,0xd3,0xd5,
    0x34,0xde,0x34,0xde,0x34,0xde,0x55,0xe6,0x75,0xe6,0x75,0xe6,0x75,0xe6,0x75,0xe6,0x75,0xe6,0x75,0xe6,0x76,0xe6,0x14,0xde,0xf3,0xd5,0xf3,0xd5,0xd3,0xd5,0xd2,0xd5,
    0xd2,0xd5,0x8a,0x52,0x08,0x3a,0xc7,0x39,0xd9,0xde,0xda,0xde,0x9c,0xf7,0x9c,0xf7,0xd6,0xbd,0x68,0x19,0x68,0x11,0xa8,0x21,0xc8,0x29,0xc8,0x29,0x09,0x3a,0xf8,0xee,
    0x9c,0xf7,0x9c,0xf7,0x9c,0xf7,0x9c,0xf7,0x9c,0xf7,0x9c,0xf7,0x9c,0xf7,0x9c,0xf7,0x9c,0xf7,0x9c,0xf7,0x9c,0xf7,0x9c,0xf7,0x9c,0xf7,0x9c,0xf7,0x9c,0xf7,0x9c,0xf7,
    0x9c,0xf7,0x9c,0xf7,0x9c,0xf7,0x9c,0xf7,0x9c,0xf7,0x9c,0xf7,0xfa,0xe6,0xfa,0xde,0xd9,0xde,0x77,0xd6,0x57,0xd6,0xb5,0xbd,0x47,0x19,0x67,0x19,0x67,0x19,0x68,0x21,
    0x88,0x21,0x88,0x21,0xa7,0x21,0x88,0x21,0x88,0x21,0x26,0x11,0x26,0x11,0x8b,0x42,0x9c,0xf7,0x9c,0xf7,0x9c,0xf7,0x9c,0xf7,0x9c,0xf7,0x9c,0xf7,0x9c,0xf7,0x9c,0xf7,
    0x9c,0xf7,0x9c,0xf7,0x9c,0xf7,0x9c,0xf7,0x9c,0xf7,0x9c,0xf7,0x9c,0xf7,0x9c,0xf7,0x9c,0xf7,0x9c,0xf7,0x9c,0xf7,0x71,0x84,0x9c,0xf7,0x9c,0xf7,0xe4,0x20,0xc7,0x39,
    0x86,0x31,0x88,0x62,0x9c,0xf7,0x9c,0xf7,0x9c,0xf7,0x9c,0xf7,0x9c,0xf7,0x0c,0x5b,0x87,0x21,0x47,0x19,0xa7,0x29,0x9c,0xf7,0xff,0xff,0xff,0xff,0x9c,0xf7,0xe9,0x31,
    0xa7,0x31,0x9c,0xf7,0x9c,0xf7,0x9c,0xf7,0x9c,0xf7,0x9c,0xf7,0x9c,0xf7,0xc7,0x39,0xc7,0x39,0x67,0x21,0x67,0x21,0x88,0x21,0x06,0x11,0x9c,0xf7,0x9c,0xf7,0x9c,0xf7,
    0x9c,0xf7,0x9c,0xf7,0x9c,0xf7,0x9c,0xf7,0x9c,0xf7,0x9c,0xf7,0xda,0xde,0xa7,0x31,0xa7,0x31,0x29,0x9b,0x49,0xb3,0x6a,0xb3,0x6a,0xb3,0x8a,0xb3,0x8a,0xbb,0x8a,0xb3,
    0xb6,0xf6,0x96,0xf6,0x96,0xee,0x95,0xee,0x92,0xe5,0x4a,0xbb,0x6a,0xbb,0xcf,0xd4,0x13,0xee,0x34,0xee,0x30,0xdd,0x49,0xb3,0x29,0xb3,0x09,0xab,0x54,0xee,0x14,0xee,
    0x55,0xee,0x95,0xf6,0x6a,0xb3,0x4d,0xc4,0x54,0xe6,0x49,0xb3,0x6a,0xbb,0x30,0xd5,0x33,0xe6,0x29,0xb3,0x69,0xb3,0xcf,0xcc,0x54,0xee,0x34,0xee,0x33,0xee,0xce,0xcc,
    0x6a,0xb3,0x6a,0xb3,0x8a,0xbb,0x8a,0xbb,0x8a,0xb3,0x8a,0xb3,0xaa,0xbb,0x29,0xab,0x87,0x92,0x47,0x8a,0x13,0xde,0x13,0xde,0xf3,0xdd,0xd2,0xdd,0xd2,0xd5,0xd2,0xdd,
    0xd3,0xdd,0xf3,0xdd,0x13,0xde,0x14,0xde,0x14,0xde,0xf3,0xdd,0xb2,0xd5,0x8b,0x52,0x6e,0x6b,0x54,0xad,0x9c,0xf7,0x9c,0xf7,0x9c,0xf7,0x9c,0xf7,0x9c,0xf7,0x9c,0xf7,
    0x9c,0xf7,0x9c,0xf7,0x9c,0xf7,0x9c,0xf7,0x9c,0xf7,0x9c,0xf7,0x9c,0xf7,0x9c,0xf7,0x9c,0xf7,0x9c,0xf7,0x9c,0xf7,0x9c,0xf7,0x9c,0xf7,0x9c,0xf7,0x29,0x4a,0x08,0x42,
    0xcf,0xb4,0x10,0xbd,0x10,0xbd,0x71,0xcd,0x71,0xcd,0xd3,0xd5,0x34,0xde,0x34,0xde,0x34,0xde,0x55,0xe6,0x75,0xe6,0x75,0xe6,0x75,0xe6,0x76,0xe6,0x76,0xe6,0x76,0xe6,
    0x76,0xe6,0xf3,0xdd,0xf3,0xd5,0xf3,0xd5,0xd3,0xd5,0xd2,0xd5,0xd2,0xd5,0x69,0x52,0xc7,0x31,0x66,0x29,0x9c,0xf7,0x9c,0xf7,0x9c,0xf7,0x9c,0xf7,0xf7,0xc5,0x89,0x19,
    0x68,0x19,0x88,0x21,0x09,0x3a,0xe8,0x39,0x28,0x3a,0xb7,0xe6,0x9c,0xf7,0x9c,0xf7,0x9c,0xf7,0x9c,0xf7,0x9c,0xf7,0x9c,0xf7,0x9c,0xf7,0x9c,0xf7,0x9c,0xf7,0x9c,0xf7,
    0x9c,0xf7,0x9c,0xf7,0x9c,0xf7,0x9c,0xf7,0x9c,0xf7,0x9c,0xf7,0x9c,0xf7,0x9c,0xf7,0x9c,0xf7,0x9c,0xf7,0x9c,0xf7,0x9c,0xf7,0x9c,0xf7,0x9c,0xf7,0x9c,0xf7,0x9c,0xf7,
    0xf9,0xee,0x56,0xd6,0x88,0x21,0xa8,0x29,0x88,0x19,0x88,0x21,0x88,0x21,0xa8,0x21,0xa8,0x21,0xa8,0x29,0xa8,0x21,0x26,0x11,0x05,0x11,0xa7,0x29,0x9c,0xf7,0x9c,0xf7,
    0x9c,0xf7,0x9c,0xf7,0x9c,0xf7,0x9c,0xf7,0x9c,0xf7,0x9c,0xf7,0x9c,0xf7,0x9c,0xf7,0x9c,0xf7,0x9c,0xf7,0x9c,0xf7,0x9c,0xf7,0x9c,0xf7,0x9c,0xf7,0x9c,0xf7,0x9c,0xf7,
    0x9c,0xf7,0x88,0x21,0x33,0xa5,0x9c,0xf7,0xe8,0x41,0x66,0x29,0x46,0x29,0x65,0x49,0x9c,0xf7,0x9c,0xf7,0x9c,0xf7,0x9c,0xf7,0x9c,0xf7,0x1a,0xe7,0x47,0x21,0x87,0x21,
    0x47,0x19,0xe9,0x29,0xe9,0x31,0xe9,0x31,0x09,0x32,0xc9,0x29,0x46,0x19,0x9c,0xf7,0x9c,0xf7,0x9c,0xf7,0x9c,0xf7,0x9c,0xf7,0x9c,0xf7,0x9c,0xf7,0x1a,0xe7,0xa7,0x31,
    0x68,0x21,0x88,0x21,0x06,0x11,0x9c,0xf7,0x9c,0xf7,0x9c,0xf7,0x9c,0xf7,0x9c,0xf7,0x9c,0xf7,0x9c,0xf7,0x9c,0xf7,0x9c,0xf7,0xda,0xde,0xc7,0x31,0xc7,0x39,0x49,0xa3,
    0x6a,0xb3,0x6a,0xb3,0x8a,0xb3,0x8a,0xbb,0x8a,0xbb,0x8a,0xbb,0x96,0xf6,0xec,0xbb,0x6a,0xb3,0x69,0xab,0x49,0xab,0x29,0xb3,0x13,0xe6,0x32,0xee,0xaa,0xb3,0xcb,0xbb,
    0x13,0xe6,0xb1,0xe5,0x08,0xb3,0x33,0xe6,0x0f,0xcd,0x6a,0xb3,0xab,0xb3,0x34,0xe6,0x30,0xd5,0x2d,0xc4,0x34,0xe6,0x8a,0xb3,0x8a,0xbb,0x10,0xcd,0xd2,0xdd,0x08,0xab,
    0x0c,0xc4,0xd2,0xe5,0x49,0xb3,0xaa,0xbb,0xaa,0xb3,0x8a,0xb3,0x8a,0xbb,0x8a,0xbb,0x8a,0xb3,0x8a,0xbb,0x8a,0xbb,0x8a,0xb3,0x8a,0xbb,0x69,0xb3,0x67,0x8a,0x26,0x82,
    0x91,0xd5,0xb2,0xd5,0xb2,0xd5,0xb2,0xd5,0xb1,0xd5,0xb2,0xd5,0xb2,0xd5,0xb2,0xd5,0xb2,0xd5,0xd2,0xd5,0xb2,0xd5,0xb2,0xd5,0x92,0xcd,0x8b,0x4a,0x6e,0x6b,0x75,0xad,
    0x9c,0xf7,0x9c,0xf7,0x9c,0xf7,0x9c,0xf7,0x9c,0xf7,0x9c,0xf7,0x9c,0xf7,0x9c,0xf7,0x9c,0xf7,0x9c,0xf7,0x9c,0xf7,0x9c,0xf7,0x9c,0xf7,0x9c,0xf7,0x9c,0xf7,0x9c,0xf7,
    0x9c,0xf7,0x9c,0xf7,0x9c,0xf7,0x9c,0xf7,0xb9,0xde,0x78,0xd6,0xab,0x5a,0x87,0x29,0x26,0x21,0xb1,0xd5,0x71,0xcd,0x71,0xc5,0x71,0xcd,0x71,0xcd,0x14,0xde,0x14,0xde,
    0x14,0xde,0x14,0xde,0x14,0xde,0x14,0xde,0x14,0xde,0x14,0xde,0x14,0xde,0xf3,0xdd,0xf3,0xd5,0xf3,0xdd,0xd3,0xd5,0xd2,0xd5,0xd2,0xdd,0x89,0x52,0xe8,0x39,0x86,0x29,
    0x9c,0xf7,0x9c,0xf7,0x9c,0xf7,0x9c,0xf7,0x37,0xce,0xc9,0x21,0xa9,0x21,0xa8,0x29,0x08,0x3a,0xe8,0x39,0xe8,0x31,0x11,0xa5,0x9c,0xf7,0x9c,0xf7,0x9c,0xf7,0x9c,0xf7,
    0x9c,0xf7,0x9c,0xf7,0x9c,0xf7,0x9c,0xf7,0x9c,0xf7,0x9c,0xf7,0x9c,0xf7,0x9c,0xf7,0x9c,0xf7,0x9c,0xf7,0x9c,0xf7,0x9c,0xf7,0x9c,0xf7,0x9c,0xf7,0x9c,0xf7,0x9c,0xf7,
    0x9c,0xf7,0x9c,0xf7,0x9c,0xf7,0x9c,0xf7,0x9c,0xf7,0xf8,0xe6,0x19,0xef,0x36,0xd6,0x44,0x00,0x84,0x00,0xa5,0x00,0xc5,0x00,0xc5,0x00,0xa5,0x00,0x84,0x00,0x64,0x00,
    0x43,0x00,0xe5,0x10,0x26,0x19,0xe8,0x31,0x37,0xce,0x16,0xc6,0x57,0xce,0x9c,0xf7,0x9c,0xf7,0x9c,0xf7,0x9c,0xf7,0x9c,0xf7,0x9c,0xf7,0x9c,0xf7,0x9c,0xf7,0x9c,0xf7,
    0x9c,0xf7,0x9c,0xf7,0x9c,0xf7,0x9c,0xf7,0x9c,0xf7,0x9c,0xf7,0x9c,0xf7,0x23,0x00,0xc8,0x29,0xcf,0x73,0x0a,0x3a,0xe9,0x31,0x87,0x29,0x19,0xef,0x9c,0xf7,0x9c,0xf7,
    0x9c,0xf7,0x9c,0xf7,0x9c,0xf7,0x9c,0xf7,0x46,0x21,0xe5,0x18,0xa8,0x29,0x47,0x19,0x47,0x19,0x48,0x19,0x88,0x21,0xc6,0x08,0x63,0x00,0x9c,0xf7,0x9c,0xf7,0x9c,0xf7,
    0x9c,0xf7,0x9c,0xf7,0x9c,0xf7,0x9c,0xf7,0x9c,0xf7,0xa8,0x29,0x67,0x21,0x68,0x21,0x06,0x11,0x9c,0xf7,0x9c,0xf7,0x9c,0xf7,0x9c,0xf7,0x9c,0xf7,0x9c,0xf7,0x9c,0xf7,
    0x9c,0xf7,0x9c,0xf7,0xfa,0xe6,0xe8,0x39,0xe8,0x39,0x69,0xab,0x8a,0xbb,0x8a,0xbb,0x8a,0xbb,0x8a,0xbb,0x8a,0xbb,0x49,0xb3,0x74,0xee,0x8e,0xcc,0x4d,0xc4,0x6d,0xc4,
    0x29,0xab,0x29,0xab,0x13,0xe6,0x32,0xe6,0x29,0xab,0x29,0xab,0x33,0xee,0xb1,0xe5,0x29,0xb3,0x75,0xee,0x30,0xd5,0x8b,0xbb,0xab,0xbb,0xab,0xbb,0x8a,0xbb,0x0c,0xbc,
    0x54,0xe6,0x6a,0xb3,0x8a,0xbb,0x0f,0xcd,0xd2,0xdd,0xe8,0xaa,0x6d,0xc4,0xf2,0xe5,0x8d,0xcc,0xce,0xcc,0xca,0xbb,0xaa,0xbb,0xaa,0xbb,0x8a,0xbb,0x8a,0xbb,0x8a,0xbb,
    0x6a,0xb3,0x6a,0xb3,0x69,0xb3,0x29,0xab,0x47,0x82,0x06,0x82,0x34,0xe6,0x54,0xe6,0x55,0xe6,0x75,0xe6,0x75,0xe6,0x75,0xe6,0x75,0xe6,0x55,0xe6,0x55,0xe6,0x54,0xe6,
    0x54,0xe6,0x34,0xe6,0xf4,0xdd,0xab,0x4a,0x8e,0x6b,0x75,0xad,0x9c,0xf7,0x9c,0xf7,0x9c,0xf7,0x9c,0xf7,0x9c,0xf7,0x9c,0xf7,0x9c,0xf7,0x9c,0xf7,0x9c,0xf7,0x9c,0xf7,
    0x9c,0xf7,0x9c,0xf7,0x9c,0xf7,0x9c,0xf7,0x9c,0xf7,0x9c,0xf7,0x9c,0xf7,0x9c,0xf7,0x9c,0xf7,0x9c,0xf7,0x9c,0xf7,0x9c,0xf7,0x09,0x3a,0xc8,0x31,0x66,0x29,0xd2,0xd5,
    0x91,0xcd,0x91,0xcd,0x92,0xcd,0x92,0xcd,0x14,0xde,0x14,0xde,0x14,0xde,0x14,0xde,0x14,0xde,0x14,0xde,0x14,0xde,0x14,0xde,0x14,0xde,0x92,0xcd,0x92,0xcd,0x92,0xcd,
    0x92,0xcd,0x51,0xc5,0x51,0xc5,0x49,0x4a,0xe8,0x39,0xa7,0x31,0x9c,0xf7,0x9c,0xf7,0x9c,0xf7,0x9c,0xf7,0x37,0xc6,0xa9,0x21,0x88,0x21,0xa8,0x29,0x6a,0x4a,0x6a,0x4a,
    0xa8,0x31,0x49,0x42,0x98,0xd6,0x9c,0xf7,0x9c,0xf7,0x9c,0xf7,0x9c,0xf7,0x9c,0xf7,0x9c,0xf7,0x9c,0xf7,0x9c,0xf7,0x9c,0xf7,0x9c,0xf7,0x9c,0xf7,0x9c,0xf7,0x9c,0xf7,
    0x9c,0xf7,0x9c,0xf7,0x9c,0xf7,0x9c,0xf7,0x9c,0xf7,0x9c,0xf7,0x9c,0xf7,0x9c,0xf7,0x9c,0xf7,0x9c,0xf7,0x9c,0xf7,0x9c,0xf7,0x9c,0xf7,0x9c,0xf7,0x96,0xb5,0xb6,0xb5,
    0xb7,0xb5,0xb7,0xb5,0xb7,0xb5,0xb6,0xb5,0x95,0xb5,0x95,0xb5,0x75,0xad,0xaa,0x4a,0x67,0x21,0x88,0x21,0x6a,0x42,0x6a,0x42,0x6a,0x42,0x10,0x84,0x9c,0xf7,0x9c,0xf7,
    0x9c,0xf7,0x9c,0xf7,0x9c,0xf7,0x9c,0xf7,0x9c,0xf7,0x9c,0xf7,0x9c,0xf7,0x9c,0xf7,0x9c,0xf7,0x9c,0xf7,0x9c,0xf7,0x9c,0xf7,0x9c,0xf7,0xb5,0xb5,0x8b,0x4a,0x88,0x21,
    0x88,0x29,0xe9,0x31,0xc8,0x29,0x12,0x9d,0xe8,0x39,0x9c,0xf7,0x9c,0xf7,0x9c,0xf7,0x9c,0xf7,0x9c,0xf7,0xf6,0xc5,0xd5,0xbd,0xc5,0x00,0x67,0x19,0x68,0x19,0x88,0x19,
    0xe6,0x08,0xb7,0xb5,0xb6,0xbd,0x9c,0xf7,0x9c,0xf7,0x9c,0xf7,0x9c,0xf7,0x9c,0xf7,0x9c,0xf7,0x9c,0xf7,0x1a,0xef,0x87,0x21,0x47,0x19,0x47,0x19,0xe5,0x08,0x9c,0xf7,
    0x9c,0xf7,0x9c,0xf7,0x9c,0xf7,0x9c,0xf7,0x9c,0xf7,0x9c,0xf7,0x9c,0xf7,0x9c,0xf7,0x9c,0xf7,0xe8,0x39,0x08,0x42,0x69,0xab,0x8a,0xbb,0x8a,0xbb,0x8a,0xbb,0x6a,0xb3,
    0x69,0xb3,0x08,0xb3,0x54,0xee,0xf2,0xe5,0xf2,0xe5,0xf2,0xe5,0x49,0xab,0x29,0xb3,0x33,0xee,0x32,0xee,0x49,0xab,0x29,0xb3,0x54,0xee,0xd2,0xe5,0x29,0xb3,0x75,0xee,
    0x50,0xd5,0x8b,0xbb,0x8b,0xbb,0x8a,0xb3,0x8a,0xbb,0x0c,0xbc,0x34,0xe6,0x49,0xab,0x69,0xb3,0x0f,0xd5,0xd2,0xdd,0xe8,0xaa,0x49,0xab,0x50,0xd5,0xd2,0xe5,0x12,0xe6,
    0xf3,0xe5,0xcf,0xcc,0x8a,0xbb,0x8a,0xbb,0x8a,0xbb,0x8a,0xbb,0x8a,0xb3,0x69,0xb3,0x69,0xb3,0x29,0xa3,0x47,0x82,0x06,0x82,0x34,0xe6,0x55,0xe6,0x75,0xe6,0x76,0xe6,
    0x76,0xe6,0x76,0xe6,0x75,0xe6,0x55,0xe6,0x55,0xe6,0x54,0xe6,0x34,0xe6,0x34,0xe6,0xf4,0xdd,0xab,0x4a,0x8e,0x6b,0x75,0xad,0x9c,0xf7,0x9c,0xf7,0x9c,0xf7,0x9c,0xf7,
    0x9c,0xf7,0x9c,0xf7,0x9c,0xf7,0x9c,0xf7,0x9c,0xf7,0x9c,0xf7,0x9c,0xf7,0x9c,0xf7,0x9c,0xf7,0x9c,0xf7,0x9c,0xf7,0x9c,0xf7,0x9c,0xf7,0x9c,0xf7,0x9c,0xf7,0x9c,0xf7,
    0x9c,0xf7,0x9c,0xf7,0xe8,0x39,0xc8,0x31,0x87,0x29,0x13,0xe6,0x92,0xcd,0x92,0xcd,0x92,0xcd,0x92,0xcd,0x34,0xde,0x34,0xde,0x14,0xde,0x14,0xde,0x14,0xde,0x14,0xde,
    0x13,0xde,0xf3,0xdd,0xf3,0xdd,0xf3,0xdd,0xf3,0xdd,0x13,0xde,0x33,0xe6,0xd2,0xd5,0xb2,0xd5,0x48,0x4a,0xe8,0x39,0x86,0x29,0xff,0xff,0xfe,0xff,0x9c,0xf7,0x9c,0xf7,
    0x1a,0xe7,0x88,0x21,0x67,0x21,0xa8,0x29,0x8a,0x52,0xaa,0x52,0x87,0x29,0x67,0x21,0x9c,0xf7,0x9c,0xf7,0x9c,0xf7,0x9c,0xf7,0x9c,0xf7,0x9c,0xf7,0x9c,0xf7,0x9c,0xf7,
    0x9c,0xf7,0x9c,0xf7,0x9c,0xf7,0x9c,0xf7,0x9c,0xf7,0x9c,0xf7,0x9c,0xf7,0x9c,0xf7,0x9c,0xf7,0x9c,0xf7,0x9c,0xf7,0x9c,0xf7,0x9c,0xf7,0x9c,0xf7,0x9c,0xf7,0x9c,0xf7,
    0x9c,0xf7,0x9c,0xf7,0x9c,0xf7,0x9c,0xf7,0xff,0xff,0xff,0xff,0xff,0xff,0xff,0xff,0xff,0xff,0xff,0xff,0x9c,0xf7,0x9c,0xf7,0x9c,0xf7,0xaa,0x52,0xa4,0x00,0x63,0x00,
    0x23,0x00,0x22,0x00,0xe5,0x08,0x8b,0x4a,0x9c,0xf7,0xff,0xff,0x9c,0xf7,0x9c,0xf7,0x9c,0xf7,0x9c,0xf7,0x9c,0xf7,0x9c,0xf7,0x9c,0xf7,0x9c,0xf7,0x9c,0xf7,0x9c,0xf7,
    0x9c,0xf7,0x9c,0xf7,0x9c,0xf7,0xfe,0xff,0x37,0xce,0xaf,0x6b,0xd6,0xbd,0x87,0x29,0xe5,0x10,0x63,0x00,0x91,0x8c,0x9c,0xf7,0x9c,0xf7,0x9c,0xf7,0x9c,0xf7,0x9c,0xf7,
    0x9c,0xf7,0x9c,0xf7,0x31,0x7c,0x10,0x7c,0x10,0x84,0x10,0x84,0x6e,0x6b,0xff,0xff,0xff,0xff,0x9c,0xf7,0x9c,0xf7,0x9c,0xf7,0x9c,0xf7,0xff,0xff,0xff,0xff,0xff,0xff,
    0x9c,0xf7,0x06,0x11,0x46,0x19,0x26,0x19,0xc5,0x08,0xff,0xff,0x9c,0xf7,0x9c,0xf7,0x9c,0xf7,0xfe,0xff,0x9c,0xf7,0x9c,0xf7,0x9c,0xf7,0x9c,0xf7,0x9c,0xf7,0x09,0x3a,
    0x09,0x42,0x69,0xb3,0xaa,0xbb,0x8a,0xbb,0x6a,0xbb,0x49,0xb3,0x49,0xb3,0xe8,0xaa,0x74,0xee,0x8a,0xb3,0x09,0xab,0x29,0xab,0x49,0xb3,0x6a,0xb3,0x54,0xee,0x33,0xee,
    0x6a,0xb3,0x6a,0xbb,0x75,0xee,0x13,0xee,0x49,0xb3,0x75,0xee,0x30,0xdd,0x8b,0xbb,0xab,0xbb,0x6a,0xb3,0x8a,0xb3,0xeb,0xbb,0x34,0xe6,0x29,0xab,0x69,0xb3,0x0f,0xd5,
    0xd2,0xdd,0x29,0xab,0x49,0xb3,0x29,0xab,0x08,0xab,0x89,0xb3,0x33,0xe6,0x13,0xe6,0x8a,0xbb,0x8a,0xbb,0x8a,0xbb,0x8a,0xbb,0x69,0xb3,0x69,0xb3,0x69,0xb3,0x29,0xa3,
    0x47,0x82,0x06,0x7a,0x13,0xde,0x34,0xde,0x34,0xe6,0x55,0xe6,0x55,0xe6,0x55,0xe6,0x55,0xe6,0x34,0xde,0x13,0xde,0xf3,0xdd,0xd2,0xd5,0xb2,0xd5,0x10,0xbd,0x8a,0x4a,
    0x6e,0x6b,0x75,0xad,0x9c,0xf7,0x9c,0xf7,0x9c,0xf7,0x9c,0xf7,0x9c,0xf7,0x9c,0xf7,0x9c,0xf7,0x9c,0xf7,0x9c,0xf7,0x9c,0xf7,0x9c,0xf7,0x9c,0xf7,0x9c,0xf7,0x9c,0xf7,
    0x9c,0xf7,0x9c,0xf7,0x9c,0xf7,0x9c,0xf7,0x9c,0xf7,0x9c,0xf7,0x19,0xef,0x9c,0xf7,0xa7,0x31,0x87,0x31,0x87,0x29,0xae,0xb4,0xcf,0xb4,0x30,0xbd,0x72,0xcd,0x92,0xcd,
    0x72,0xcd,0xd3,0xd5,0xd3,0xd5,0xd3,0xd5,0xd3,0xd5,0xb3,0xd5,0xb3,0xd5,0xb2,0xd5,0xb2,0xcd,0xad,0x83,0xcd,0x83,0xed,0x8b,0x0e,0x8c,0xad,0x7b,0x8d,0x7b,0xe8,0x39,
    0x69,0x42,0x48,0x42,0x74,0xa5,0x32,0xa5,0x32,0x9d,0x52,0xa5,0x70,0x8c,0x47,0x19,0x47,0x19,0x87,0x21,0x6a,0x4a,0x8a,0x4a,0x29,0x42,0x49,0x4a,0x51,0x8c,0x91,0x94,
    0x92,0x94,0x9c,0xf7,0x9c,0xf7,0x9c,0xf7,0x9c,0xf7,0x9c,0xf7,0x9c,0xf7,0x9c,0xf7,0x9c,0xf7,0x9c,0xf7,0x9c,0xf7,0x9c,0xf7,0x9c,0xf7,0x9c,0xf7,0x9c,0xf7,0x9c,0xf7,
    0x9c,0xf7,0x9c,0xf7,0x9c,0xf7,0x9c,0xf7,0x9c,0xf7,0x9c,0xf7,0x9c,0xf7,0x9c,0xf7,0x9c,0xf7,0x9c,0xf7,0x9c,0xf7,0x9c,0xf7,0x9c,0xf7,0x9c,0xf7,0x9c,0xf7,0x9c,0xf7,
    0x9c,0xf7,0x9c,0xf7,0x9c,0xf7,0x54,0xad,0xb2,0x8c,0x92,0x8c,0xb2,0x94,0xb2,0x8c,0x87,0x29,0xe9,0x31,0x51,0x84,0x10,0x7c,0x9c,0xf7,0x9c,0xf7,0x9c,0xf7,0x9c,0xf7,
    0x9c,0xf7,0x9c,0xf7,0x9c,0xf7,0x9c,0xf7,0x9c,0xf7,0x9c,0xf7,0x9c,0xf7,0x9c,0xf7,0x9c,0xf7,0x9c,0xf7,0x9c,0xf7,0xb9,0xde,0xff,0xff,0x33,0xa5,0xd2,0x94,0x71,0x8c,
    0xff,0xff,0x9c,0xf7,0x9c,0xf7,0x9c,0xf7,0x9c,0xf7,0x9c,0xf7,0x9c,0xf7,0x9c,0xf7,0x9c,0xf7,0x9c,0xf7,0x9c,0xf7,0xd9,0xee,0x16,0xe6,0x98,0xf6,0x98,0xf6,0xd9,0xf6,
    0x9c,0xf7,0x9c,0xf7,0x79,0xce,0xb2,0x94,0xb2,0x94,0x71,0x8c,0x31,0x84,0x06,0x11,0x26,0x19,0x46,0x19,0xe5,0x10,0x35,0xbe,0xd3,0xb5,0xd3,0xb5,0xd4,0xb5,0xb3,0xb5,
    0x98,0xd6,0x9c,0xf7,0x9c,0xf7,0x9c,0xf7,0x9c,0xf7,0x09,0x3a,0x09,0x42,0x09,0xa3,0x29,0xb3,0x09,0xab,0x09,0xab,0x09,0xa3,0xe9,0xa2,0xc7,0xa2,0x74,0xee,0x8a,0xb3,
    0x29,0xab,0x49,0xb3,0x6a,0xb3,0x8a,0xb3,0x30,0xd5,0x54,0xee,0x75,0xee,0x75,0xf6,0x55,0xee,0x30,0xdd,0x8a,0xbb,0x75,0xf6,0x75,0xee,0x55,0xee,0x54,0xee,0x91,0xd5,
    0x0f,0xd5,0xaa,0xb3,0x75,0xee,0x96,0xf6,0x95,0xf6,0x54,0xee,0x13,0xe6,0x49,0xab,0x4d,0xc4,0xf3,0xed,0xf2,0xe5,0x13,0xe6,0x13,0xe6,0x50,0xdd,0x49,0xbb,0x49,0xb3,
    0x49,0xb3,0x49,0xb3,0x69,0xb3,0x49,0xb3,0x49,0xb3,0x09,0xa3,0x47,0x82,0x27,0x7a,0xf3,0xdd,0x13,0xde,0x14,0xde,0x76,0xe6,0x76,0xe6,0x76,0xe6,0x76,0xe6,0x55,0xe6,
    0x35,0xde,0x14,0xde,0xf3,0xdd,0xf3,0xdd,0x92,0xcd,0x6a,0x4a,0x6e,0x6b,0x75,0xad,0x9c,0xf7,0x9c,0xf7,0x9c,0xf7,0x9c,0xf7,0x9c,0xf7,0x9c,0xf7,0x9c,0xf7,0x9c,0xf7,
    0x9c,0xf7,0x9c,0xf7,0x9c,0xf7,0x9c,0xf7,0x9c,0xf7,0x9c,0xf7,0x9c,0xf7,0x9c,0xf7,0x9c,0xf7,0x9c,0xf7,0x9c,0xf7,0x9c,0xf7,0x19,0xef,0x19,0xef,0xc7,0x39,0x86,0x31,
    0x86,0x29,0xae,0xb4,0xcf,0xb4,0x31,0xbd,0x72,0xcd,0x72,0xcd,0x71,0xc5,0xd3,0xd5,0xb2,0xd5,0xb2,0xcd,0xb2,0xcd,0xb2,0xcd,0x92,0xcd,0x92,0xcd,0x92,0xcd,0x87,0x29,
    0xa7,0x29,0xc8,0x31,0xe8,0x31,0x87,0x29,0x87,0x29,0xa7,0x29,0xea,0x4a,0x0a,0x4b,0x66,0x32,0x67,0x32,0x67,0x32,0x67,0x3a,0xc6,0x29,0x46,0x19,0x46,0x19,0x87,0x21,
    0x8a,0x4a,0x8a,0x52,0xcb,0x5a,0xcb,0x5a,0x46,0x21,0x05,0x19,0x05,0x19,0xff,0xff,0x9c,0xf7,0x9c,0xf7,0x9c,0xf7,0x9c,0xf7,0x9c,0xf7,0x9c,0xf7,0x9c,0xf7,0x9c,0xf7,
    0x9c,0xf7,0x9c,0xf7,0x9c,0xf7,0x9c,0xf7,0x9c,0xf7,0x9c,0xf7,0x9c,0xf7,0x9c,0xf7,0x9c,0xf7,0x9c,0xf7,0x9c,0xf7,0x9c,0xf7,0x9c,0xf7,0x9c,0xf7,0x9c,0xf7,0x9c,0xf7,
    0x9c,0xf7,0x9c,0xf7,0x9c,0xf7,0x9c,0xf7,0x9c,0xf7,0x9c,0xf7,0x9c,0xf7,0x9c,0xf7,0x9c,0xf7,0x9c,0xf7,0xff,0xff,0xff,0xff,0xff,0xff,0xff,0xff,0xa8,0x29,0x27,0x19,
    0xa5,0x00,0x02,0x00,0x9c,0xf7,0x9c,0xf7,0x9c,0xf7,0x9c,0xf7,0x9c,0xf7,0x9c,0xf7,0x9c,0xf7,0x9c,0xf7,0x9c,0xf7,0x9c,0xf7,0x9c,0xf7,0x9c,0xf7,0x9c,0xf7,0x9c,0xf7,
    0x9c,0xf7,0x9c,0xf7,0x9c,0xf7,0x9c,0xf7,0xff,0xff,0xff,0xff,0x9c,0xf7,0x9c,0xf7,0x9c,0xf7,0x9c,0xf7,0x9c,0xf7,0x9c,0xf7,0x9c,0xf7,0x9c,0xf7,0x9c,0xf7,0x9c,0xf7,
    0x9c,0xf7,0xb7,0xfe,0xd4,0xfd,0x53,0xf5,0x73,0xf5,0x93,0xf5,0xd8,0xf6,0x9c,0xf7,0x54,0xa5,0x64,0x00,0x23,0x00,0x64,0x00,0x64,0x00,0x47,0x19,0x27,0x19,0x47,0x19,
    0x26,0x19,0x4c,0x74,0x0b,0x6c,0xeb,0x6b,0xea,0x6b,0xa9,0x63,0x12,0xa5,0x9c,0xf7,0x9c,0xf7,0x9c,0xf7,0x9c,0xf7,0x09,0x3a,0x09,0x42,0x09,0x9b,0x29,0xb3,0x08,0xab,
    0xe8,0xaa,0xe8,0xa2,0x09,0xa3,0xc7,0xa2,0xb5,0xee,0x8a,0xb3,0x29,0xb3,0x4a,0xb3,0x6a,0xb3,0x6a,0xb3,0x6a,0xb3,0xf7,0xfe,0x96,0xf6,0x96,0xf6,0x92,0xdd,0x8b,0xbb,
    0x8a,0xb3,0x49,0xb3,0xd6,0xf6,0x55,0xee,0x74,0xee,0x95,0xee,0xe8,0xaa,0x49,0xb3,0x08,0xab,0x95,0xee,0xb6,0xf6,0x95,0xf6,0x4a,0xa3,0x6a,0xab,0x69,0xab,0x54,0xee,
    0x54,0xee,0x74,0xee,0x0f,0xd5,0x49,0xb3,0x49,0xb3,0x29,0xb3,0x29,0xb3,0x49,0xb3,0x49,0xb3,0x49,0xb3,0x69,0xb3,0x29,0xab,0x67,0x8a,0x47,0x82,0x75,0xee,0x96,0xee,
    0x96,0xee,0x96,0xee,0x96,0xee,0x96,0xee,0x96,0xee,0x96,0xe6,0x96,0xe6,0x75,0xe6,0x55,0xe6,0x34,0xde,0xf3,0xe5,0x8a,0x4a,0x6e,0x6b,0x75,0xb5,0x9c,0xf7,0x9c,0xf7,
    0x9c,0xf7,0x9c,0xf7,0x9c,0xf7,0x9c,0xf7,0x9c,0xf7,0x9c,0xf7,0x9c,0xf7,0x9c,0xf7,0x93,0xbd,0x32,0xb5,0x32,0xb5,0x12,0xb5,0xf1,0xac,0xf1,0xac,0xf1,0xac,0xf1,0xac,
    0xf1,0xac,0xf1,0xac,0xf1,0xac,0xf1,0xac,0x32,0xb5,0x73,0xbd,0xf4,0xcd,0x67,0x21,0x87,0x29,0xc8,0x31,0x29,0x42,0x29,0x42,0x08,0x42,0xe8,0x39,0xe7,0x39,0xc7,0x31,
    0xc7,0x31,0xc7,0x39,0xc7,0x39,0xc7,0x39,0xc8,0x39,0x89,0x52,0xaa,0x52,0xca,0x5a,0xca,0x5a,0x69,0x4a,0x49,0x4a,0xc7,0x31,0xe9,0x52,0xc8,0x4a,0x2a,0x53,0x4a,0x53,
    0x4a,0x53,0x4a,0x5b,0xc9,0x4a,0x26,0x19,0x47,0x19,0x87,0x21,0x8a,0x52,0xaa,0x52,0xaa,0x52,0xaa,0x52,0x08,0x3a,0x09,0x3a,0x09,0x3a,0xfa,0xe6,0xb9,0xde,0x9c,0xf7,
    0x9c,0xf7,0x9c,0xf7,0x9c,0xf7,0x9c,0xf7,0x9c,0xf7,0x9c,0xf7,0x9c,0xf7,0x9c,0xf7,0x9c,0xf7,0x9c,0xf7,0x9c,0xf7,0x9c,0xf7,0x9c,0xf7,0x9c,0xf7,0x9c,0xf7,0x9c,0xf7,
    0x9c,0xf7,0x9c,0xf7,0x9c,0xf7,0x9c,0xf7,0x9c,0xf7,0x9c,0xf7,0x9c,0xf7,0x9c,0xf7,0x9c,0xf7,0x9c,0xf7,0x9c,0xf7,0x9c,0xf7,0x9c,0xf7,0x9c,0xf7,0x9c,0xf7,0x9c,0xf7,
    0x9c,0xf7,0x9c,0xf7,0x9c,0xf7,0x9c,0xf7,0x6a,0x42,0x0a,0x32,0xe9,0x29,0x88,0x21,0x78,0xce,0xfa,0xde,0x9c,0xf7,0x9c,0xf7,0x9c,0xf7,0x9c,0xf7,0x9c,0xf7,0x9c,0xf7,
    0x9c,0xf7,0x9c,0xf7,0x9c,0xf7,0x9c,0xf7,0x9c,0xf7,0x9c,0xf7,0x9c,0xf7,0x9c,0xf7,0x9c,0xf7,0x9c,0xf7,0x9c,0xf7,0x9c,0xf7,0x9c,0xf7,0x9c,0xf7,0x9c,0xf7,0x9c,0xf7,
    0x9c,0xf7,0x9c,0xf7,0x9c,0xf7,0x9c,0xf7,0x9c,0xf7,0x9c,0xf7,0x9c,0xf7,0x97,0xf6,0xd4,0xf5,0x93,0xf5,0x93,0xf5,0xb3,0xf5,0x52,0xed,0x9c,0xf7,0x98,0xde,0xcf,0x73,
    0x8e,0x6b,0x67,0x21,0x87,0x21,0x47,0x19,0x67,0x21,0x88,0x21,0x67,0x21,0xef,0x8c,0xce,0x8c,0xad,0x84,0xad,0x84,0x8d,0x84,0x52,0xad,0x53,0xb5,0x12,0xad,0xf2,0xac,
    0x2e,0x8c,0xc7,0x31,0xc8,0x31,0xe8,0x39,0xc8,0x31,0xa8,0x29,0xe8,0xa2,0xa8,0x9a,0xc8,0x9a,0xe8,0xa2,0x09,0xab,0x09,0xab,0x29,0xb3,0x4a,0xb3,0x49,0xb3,0x49,0xb3,
    0x49,0xb3,0x4a,0xb3,0x49,0xb3,0x29,0xab,0x09,0xab,0x29,0xab,0x29,0xab,0x29,0xab,0x29,0xab,0x29,0xab,0x09,0xa3,0xe9,0xa2,0xe9,0xa2,0x09,0xab,0x29,0xab,0x49,0xb3,
    0x4a,0xb3,0x49,0xb3,0x49,0xb3,0x6a,0xb3,0x4a,0xb3,0x4a,0xb3,0x4a,0xb3,0x29,0xb3,0x09,0xab,0xe8,0xa2,0xc8,0x9a,0xc8,0x9a,0xa8,0x9a,0xa8,0x9a,0xa8,0x9a,0xa8,0x9a,
    0xe8,0xa2,0x09,0xab,0x27,0x82,0x67,0x8a,0xe9,0xa2,0x09,0xab,0x09,0xa3,0xe9,0x9a,0xc8,0x9a,0xc9,0x9a,0xe9,0x9a,0x09,0xa3,0x09,0xa3,0x09,0xab,0x09,0xab,0xe8,0xa2,
    0xa8,0xa2,0x0b,0x7b,0x4d,0x73,0x13,0xa5,0xd9,0xe6,0x9c,0xf7,0x9c,0xf7,0x9c,0xf7,0x9c,0xf7,0x9c,0xf7,0x9c,0xf7,0x9c,0xf7,0x9c,0xf7,0x9c,0xf7,0x73,0xbd,0x32,0xb5,
    0x32,0xb5,0x32,0xb5,0x12,0xb5,0x11,0xb5,0x11,0xb5,0x11,0xb5,0x11,0xb5,0x11,0xb5,0x12,0xb5,0x32,0xb5,0x32,0xb5,0x33,0xb5,0x94,0xc5,0xa7,0x29,0xc7,0x31,0x09,0x3a,
    0x49,0x4a,0x49,0x4a,0x29,0x42,0x28,0x42,0x08,0x42,0x08,0x42,0x08,0x42,0x08,0x42,0x08,0x42,0x08,0x42,0x28,0x42,0x0f,0x8c,0x2f,0x94,0x70,0x94,0x50,0x94,0x30,0x8c,
    0x0f,0x8c,0x50,0x8c,0x32,0xa5,0xaf,0x94,0xaa,0x63,0xab,0x63,0x8a,0x63,0x6a,0x5b,0x2a,0x53,0x27,0x19,0x67,0x21,0x88,0x21,0x4a,0x42,0x6a,0x4a,0xcb,0x5a,0xab,0x52,
    0x09,0x42,0x29,0x42,0x29,0x42,0xad,0x73,0x8e,0x6b,0xb4,0xb5,0x9c,0xf7,0x9c,0xf7,0x9c,0xf7,0x9c,0xf7,0x9c,0xf7,0x9c,0xf7,0x9c,0xf7,0x75,0xee,0x76,0xee,0x75,0xee,
    0x34,0xe6,0x54,0xe6,0x54,0xe6,0x54,0xe6,0x54,0xe6,0x75,0xe6,0x75,0xe6,0x75,0xee,0xb7,0xee,0x9c,0xf7,0x9c,0xf7,0x9c,0xf7,0x9c,0xf7,0x9c,0xf7,0x9c,0xf7,0x9c,0xf7,
    0x9c,0xf7,0x9c,0xf7,0x9c,0xf7,0x9c,0xf7,0x9c,0xf7,0x9c,0xf7,0x9c,0xf7,0x9c,0xf7,0x9c,0xf7,0x9c,0xf7,0x14,0xa5,0xd3,0x94,0x89,0x21,0x88,0x19,0x4a,0x3a,0x50,0x84,
    0xf9,0xee,0x19,0xef,0x9c,0xf7,0x9c,0xf7,0x9c,0xf7,0x9c,0xf7,0x9c,0xf7,0x92,0x8c,0xd3,0x94,0x92,0x8c,0x71,0x8c,0x71,0x84,0x51,0x84,0xf3,0x9c,0x9c,0xf7,0x9c,0xf7,
    0x9c,0xf7,0x9c,0xf7,0x9c,0xf7,0x9c,0xf7,0x9c,0xf7,0x9c,0xf7,0x9c,0xf7,0x9c,0xf7,0x9c,0xf7,0x9c,0xf7,0x9c,0xf7,0x9c,0xf7,0x9c,0xf7,0x9c,0xf7,0xb8,0xf6,0x15,0xf6,
    0xf4,0xf5,0xf5,0xf5,0xf5,0xf5,0x9c,0xf7,0x9c,0xf7,0x9c,0xf7,0x9c,0xf7,0x47,0x19,0x46,0x19,0xc8,0x29,0xea,0x52,0x0b,0x53,0xca,0x4a,0xce,0x8c,0xae,0x8c,0xad,0x84,
    0x8d,0x84,0x8d,0x84,0x10,0x9d,0x32,0xad,0x11,0xad,0xd1,0xa4,0xb0,0xa4,0xc7,0x31,0xe7,0x31,0xe8,0x39,0xe8,0x39,0xc8,0x31,0xc8,0x92,0xc8,0x9a,0xe8,0xa2,0x09,0xa3,
    0x09,0xa3,0xe8,0xa2,0xe8,0xa2,0xe9,0xa2,0xe8,0xa2,0xe8,0xa2,0xc8,0x9a,0xe8,0x9a,0xc8,0x9a,0xc8,0x9a,0xa8,0x8a,0xa8,0x8a,0xa8,0x8a,0xc8,0x92,0xe8,0x9a,0xc8,0x9a,
    0xc8,0x8a,0xa8,0x82,0xa8,0x8a,0xa8,0x82,0xc9,0x8a,0xe9,0x92,0xe9,0x92,0xe9,0x8a,0xc9,0x8a,0xc9,0x8a,0xe9,0x92,0xc9,0x92,0xc9,0x9a,0xc8,0x92,0xa8,0x8a,0x88,0x8a,
    0x67,0x82,0x67,0x7a,0x27,0x7a,0xa8,0x9a,0xa8,0x9a,0xc8,0x9a,0xe8,0xa2,0xe8,0xa2,0x47,0x82,0xe7,0x61,0xe8,0x49,0xe8,0xaa,0xc8,0xa2,0xc8,0x9a,0xc8,0x92,0xa8,0x92,
    0xc8,0x92,0xc8,0x9a,0xc8,0x9a,0xe8,0xa2,0xe8,0xa2,0xe8,0xa2,0xe8,0xaa,0x89,0x5a,0x6d,0x73,0x13,0xa5,0xd9,0xe6,0x9c,0xf7,0x9c,0xf7,0x9c,0xf7,0x9c,0xf7,0x9c,0xf7,
    0x9c,0xf7,0x9c,0xf7,0x9c,0xf7,0x9c,0xf7,0xf5,0xc5,0xb4,0xc5,0xb4,0xc5,0xd4,0xc5,0xd5,0xc5,0xf5,0xcd,0xf5,0xcd,0xd4,0xcd,0xd4,0xcd,0xd4,0xc5,0x93,0xc5,0xb4,0xc5,
    0xb4,0xc5,0xd4,0xc5,0xf4,0xcd,0x4c,0x6b,0x6d,0x6b,0x6d,0x73,0x6c,0x73,0x4c,0x73,0x2c,0x6b,0x2c,0x6b,0x2c,0x6b,0x2c,0x6b,0x0b,0x63,0x2c,0x6b,0x2b,0x6b,0x2c,0x6b,
    0x4c,0x6b,0x96,0xe6,0x96,0xe6,0xb7,0xe6,0x97,0xe6,0x9c,0xf7,0x9c,0xf7,0x9c,0xf7,0x9c,0xf7,0x9c,0xf7,0x4c,0x74,0x4c,0x7c,0xab,0x63,0x8a,0x63,0xcb,0x6b,0x06,0x11,
    0x67,0x21,0x88,0x21,0xe8,0x31,0xc8,0x31,0xcb,0x5a,0xab,0x5a,0x8a,0x52,0x69,0x4a,0x49,0x4a,0x49,0x42,0x49,0x42,0x70,0x94,0x9c,0xf7,0x9c,0xf7,0x9c,0xf7,0x9c,0xf7,
    0x9c,0xf7,0x9c,0xf7,0x9c,0xf7,0x28,0xcc,0x6a,0xcc,0x8a,0xd4,0xab,0xd4,0xab,0xd4,0xab,0xd4,0xab,0xd4,0xab,0xd4,0xab,0xd4,0xab,0xd4,0xab,0xd4,0xac,0xd4,0x9c,0xf7,
    0x9c,0xf7,0x9c,0xf7,0x9c,0xf7,0x9c,0xf7,0x9c,0xf7,0x9c,0xf7,0x9c,0xf7,0x9c,0xf7,0x9c,0xf7,0x9c,0xf7,0x9c,0xf7,0x9c,0xf7,0x9c,0xf7,0x9c,0xf7,0x9c,0xf7,0x9c,0xf7,
    0x9c,0xf7,0xff,0xff,0x88,0x21,0x88,0x21,0x88,0x21,0x8e,0x6b,0x56,0xde,0x76,0xde,0x9c,0xf7,0x9c,0xf7,0x9c,0xf7,0x9c,0xf7,0xb9,0xd6,0x48,0x11,0x08,0x11,0x88,0x21,
    0x68,0x21,0xe6,0x10,0xc5,0x08,0xe5,0x08,0x9c,0xf7,0x9c,0xf7,0x9c,0xf7,0x9c,0xf7,0x9c,0xf7,0x9c,0xf7,0x9c,0xf7,0x9c,0xf7,0x9c,0xf7,0x9c,0xf7,0x9c,0xf7,0x9c,0xf7,
    0x9c,0xf7,0x9c,0xf7,0x9c,0xf7,0x9c,0xf7,0x9c,0xf7,0x9c,0xf7,0x9c,0xf7,0x9c,0xf7,0x9c,0xf7,0x9c,0xf7,0xf9,0xe6,0x98,0xde,0x9c,0xf7,0x67,0x21,0x67,0x19,0xc9,0x42,
    0x0f,0x95,0x2f,0x9d,0x2f,0x9d,0xef,0x94,0xee,0x8c,0xce,0x8c,0xce,0x8c,0xae,0x84,0x8d,0x84,0xef,0x9c,0x11,0xa5,0x52,0xb5,0x31,0xad,0x2e,0x8c,0xee,0x83,0x2b,0x6b,
    0xca,0x5a,0xeb,0x62,0xea,0x62,0x2b,0x6b,0x4c,0x6b,0x6a,0x42,0x6a,0x42,0x6a,0x4a,0x49,0x42,0x49,0x42,0x29,0x42,0x29,0x42,0x08,0x3a,0x09,0x3a,0x09,0x42,0x09,0x3a,
    0xe8,0x39,0xe8,0x39,0xe8,0x39,0xe9,0x39,0xe9,0x39,0xe9,0x31,0xe8,0x31,0xa8,0x31,0xc7,0x31,0xc8,0x29,0xc8,0x31,0xe9,0x31,0x09,0x3a,0x09,0x32,0x09,0x32,0x09,0x32,
    0x09,0x32,0x09,0x3a,0x09,0x3a,0x09,0x3a,0xe9,0x31,0xe8,0x31,0xc8,0x31,0xa8,0x29,0xc8,0x31,0xe7,0x39,0xe7,0x41,0xe7,0x41,0x08,0x42,0x29,0x42,0x29,0x42,0xe8,0x39,
    0xe9,0x39,0x29,0x4a,0x08,0x4a,0xe7,0x39,0xc7,0x39,0xc7,0x39,0xc7,0x39,0xe7,0x41,0xe8,0x41,0x08,0x4a,0x28,0x4a,0x28,0x52,0x27,0x5a,0xee,0x83,0x70,0x94,0xd5,0xc5,
    0xf9,0xe6,0x9c,0xf7,0x9c,0xf7,0x9c,0xf7,0x9c,0xf7,0x9c,0xf7,0x9c,0xf7,0x9c,0xf7,0x9c,0xf7,0x9c,0xf7,0x9c,0xf7,0x9c,0xf7,0x9c,0xf7,0x9c,0xf7,0x9c,0xf7,0x9c,0xf7,
    0x9c,0xf7,0x9c,0xf7,0x9c,0xf7,0x19,0xef,0x97,0xde,0x97,0xe6,0x97,0xe6,0x97,0xe6,0x97,0xe6,0x97,0xe6,0x76,0xde,0x56,0xde,0x55,0xde,0x55,0xde,0x55,0xde,0x55,0xde,
    0x55,0xde,0x56,0xde,0x76,0xde,0x76,0xde,0x76,0xde,0x56,0xde,0x56,0xde,0x77,0xde,0x97,0xde,0x96,0xde,0x76,0xde,0x9c,0xf7,0x9c,0xf7,0x4d,0x7c,0x4c,0x7c,0x0b,0x74,
    0x2c,0x7c,0x4c,0x7c,0xaa,0x63,0x8a,0x63,0xcb,0x6b,0x06,0x11,0x67,0x21,0x88,0x21,0xc8,0x31,0xc8,0x29,0xcb,0x5a,0xaa,0x52,0x69,0x4a,0x69,0x4a,0x49,0x4a,0x49,0x42,
    0x49,0x42,0xcf,0x7b,0x9c,0xf7,0x9c,0xf7,0x9c,0xf7,0x9c,0xf7,0x9c,0xf7,0x9c,0xf7,0x9c,0xf7,0x6a,0xcc,0xab,0xd4,0xab,0xd4,0xab,0xd4,0xab,0xd4,0xab,0xd4,0xab,0xd4,
    0xcc,0xd4,0xcc,0xd4,0xac,0xd4,0xac,0xd4,0x8b,0xd4,0x9c,0xf7,0x9c,0xf7,0x9c,0xf7,0x9c,0xf7,0x9c,0xf7,0x9c,0xf7,0x9c,0xf7,0x9c,0xf7,0x9c,0xf7,0x9c,0xf7,0x9c,0xf7,
    0x9c,0xf7,0x9c,0xf7,0x9c,0xf7,0x9c,0xf7,0x9c,0xf7,0x9c,0xf7,0x9c,0xf7,0x9c,0xf7,0x68,0x21,0x47,0x19,0x67,0x19,0xae,0x73,0x97,0xe6,0xb7,0xe6,0x9c,0xf7,0x9c,0xf7,
    0x26,0x19,0x68,0x19,0x88,0x19,0x68,0x21,0x27,0x19,0x55,0xad,0x54,0xb5,0x2a,0x42,0x67,0x21,0x26,0x19,0x47,0x19,0x10,0x7c,0x9c,0xf7,0x9c,0xf7,0x9c,0xf7,0x9c,0xf7,
    0x9c,0xf7,0x9c,0xf7,0x9c,0xf7,0x9c,0xf7,0x9c,0xf7,0x9c,0xf7,0x9c,0xf7,0x9c,0xf7,0x9c,0xf7,0x9c,0xf7,0x9c,0xf7,0x9c,0xf7,0x9c,0xf7,0x9c,0xf7,0x9c,0xf7,0x9c,0xf7,
    0x8b,0x4a,0xa8,0x29,0xf2,0x9c,0x88,0x21,0x88,0x21,0xa9,0x42,0x0e,0x95,0xef,0x94,0xee,0x94,0xee,0x94,0xce,0x8c,0xcd,0x8c,0xad,0x84,0xad,0x84,0x8d,0x84,0x8d,0x84,
    0x6c,0x7c,0xae,0x8c,0xf4,0xb5,0x9c,0xf7,0x9c,0xf7,0x97,0xde,0x77,0xde,0x77,0xde,0x56,0xde,0x77,0xde,0xd8,0xee,0x8a,0x4a,0x69,0x4a,0x49,0x42,0x49,0x4a,0x49,0x42,
    0x29,0x42,0x29,0x42,0x29,0x4a,0x29,0x42,0x29,0x42,0x29,0x42,0x29,0x42,0x29,0x42,0x49,0x42,0x49,0x4a,0x4a,0x42,0x49,0x42,0x29,0x42,0x09,0x42,0x08,0x3a,0x08,0x42,
    0x29,0x42,0x4a,0x4a,0x6a,0x4a,0x69,0x4a,0x49,0x4a,0x49,0x4a,0x49,0x4a,0x49,0x4a,0x49,0x4a,0x29,0x42,0x08,0x42,0x08,0x42,0x08,0x3a,0x08,0x3a,0x08,0x3a,0x08,0x42,
    0x29,0x42,0x49,0x42,0x6a,0x4a,0x6a,0x4a,0x8a,0x4a,0x6a,0x4a,0x6a,0x4a,0x6a,0x4a,0x49,0x4a,0x28,0x42,0x08,0x42,0xe8,0x39,0x08,0x3a,0xe8,0x39,0xe8,0x39,0x09,0x3a,
    0x6d,0x6b,0xb1,0x9c,0x53,0xb5,0x97,0xde,0xb8,0xe6,0x19,0xef,0x9c,0xf7,0x9c,0xf7,0x9c,0xf7,0x9c,0xf7,0x9c,0xf7,0x9c,0xf7,0x9c,0xf7,0x9c,0xf7,0x9c,0xf7,0x9c,0xf7,
    0x9c,0xf7,0x9c,0xf7,0x9c,0xf7,0x9c,0xf7,0x9c,0xf7,0x9c,0xf7,0x9c,0xf7,0x9c,0xf7,0x9c,0xf7,0xb7,0xe6,0x77,0xde,0x77,0xde,0x77,0xde,0x76,0xde,0x56,0xde,0x55,0xde,
    0x35,0xde,0x35,0xde,0x55,0xde,0x55,0xde,0x56,0xde,0x56,0xde,0x55,0xde,0x55,0xde,0x55,0xde,0x56,0xde,0x76,0xde,0x76,0xde,0x76,0xde,0x9c,0xf7,0x9c,0xf7,0x9c,0xf7,
    0x9c,0xf7,0x4c,0x7c,0x2c,0x7c,0xce,0x8c,0xad,0x84,0xad,0x84,0xad,0x84,0x8d,0x84,0x8d,0x84,0x8d,0x84,0xce,0x8c,0x6a,0x5b,0xeb,0x6b,0x68,0x3a,0x88,0x21,0x88,0x21,
    0x88,0x21,0x67,0x21,0x29,0x42,0x29,0x42,0x29,0x42,0x49,0x42,0x49,0x42,0x6a,0x42,0xab,0x52,0xcb,0x52,0x0f,0x84,0xd3,0xd5,0x50,0xd5,0x0e,0xdd,0xed,0xd4,0xcc,0xd4,
    0xab,0xd4,0xab,0xd4,0xab,0xd4,0xab,0xd4,0xab,0xd4,0xab,0xd4,0xab,0xd4,0xab,0xd4,0xab,0xd4,0x8b,0xd4,0x8a,0xd4,0x8b,0xd4,0x8b,0xd4,0x91,0xe5,0x9c,0xf7,0x9c,0xf7,
    0x9c,0xf7,0x9c,0xf7,0x9c,0xf7,0x9c,0xf7,0x9c,0xf7,0x9c,0xf7,0x9c,0xf7,0x9c,0xf7,0x9c,0xf7,0x9c,0xf7,0x9c,0xf7,0x9c,0xf7,0x0e,0x9c,0x4c,0x73,0x68,0x19,0x67,0x19,
    0x47,0x19,0x67,0x21,0x88,0x21,0xa7,0x21,0xa8,0x29,0xa8,0x29,0x68,0x19,0x88,0x21,0x88,0x21,0x9c,0xf7,0x9c,0xf7,0x9c,0xf7,0x9c,0xf7,0x9c,0xf7,0x9c,0xf7,0x02,0x00,
    0x27,0x19,0x88,0x19,0xa8,0x29,0xc9,0x29,0xe9,0x29,0xea,0x31,0x0a,0x32,0xea,0x29,0xa8,0x29,0x06,0x11,0x9c,0xf7,0x9c,0xf7,0x9c,0xf7,0x9c,0xf7,0x9c,0xf7,0x9c,0xf7,
    0x9c,0xf7,0x9c,0xf7,0x37,0xce,0xc9,0x29,0xc9,0x29,0xc9,0x29,0x88,0x21,0x88,0x21,0xc8,0x29,0xa8,0x21,0xc8,0x21,0x89,0x3a,0x2c,0x74,0x0c,0x74,0xcb,0x63,0xcb,0x63,
    0x8a,0x5b,0x6d,0x84,0x8d,0x84,0x8d,0x84,0xad,0x84,0x8d,0x84,0xcb,0x6b,0xca,0x6b,0x69,0x63,0x9c,0xf7,0x9c,0xf7,0xd9,0xee,0xb8,0xe6,0xb8,0xe6,0x56,0xd6,0x36,0xd6,
    0x36,0xd6,0x15,0xd6,0x15,0xce,0x15,0xd6,0x15,0xce,0xf5,0xcd,0xf4,0xcd,0xf4,0xd5,0xf4,0xd5,0x14,0xd6,0x15,0xd6,0x15,0xd6,0x35,0xd6,0x36,0xd6,0x56,0xde,0x77,0xde,
    0x56,0xde,0x36,0xd6,0x15,0xd6,0x15,0xd6,0x15,0xd6,0x15,0xd6,0x35,0xd6,0x36,0xd6,0x56,0xd6,0x56,0xd6,0x36,0xd6,0x36,0xd6,0x36,0xd6,0x36,0xd6,0x35,0xd6,0x35,0xd6,
    0x15,0xd6,0xf4,0xcd,0xd4,0xcd,0xd4,0xcd,0xf4,0xcd,0x15,0xd6,0x15,0xd6,0x15,0xd6,0x15,0xd6,0x15,0xd6,0x15,0xd6,0x15,0xd6,0x15,0xd6,0x15,0xd6,0x15,0xd6,0xf4,0xcd,
    0xd3,0xcd,0xb3,0xcd,0xb3,0xcd,0xd3,0xcd,0xd3,0xcd,0xf4,0xcd,0x15,0xd6,0x36,0xd6,0x56,0xde,0x97,0xde,0x98,0xde,0xf9,0xee,0x9c,0xf7,0x9c,0xf7,0x9c,0xf7,0x9c,0xf7,
    0x9c,0xf7,0x9c,0xf7,0x9c,0xf7,0x9c,0xf7,0x9c,0xf7,0x9c,0xf7,0x9c,0xf7,0x9c,0xf7,0x9c,0xf7,0x9c,0xf7,0x9c,0xf7,0x9c,0xf7,0x9c,0xf7,0x9c,0xf7,0x9c,0xf7,0x9c,0xf7,
    0x9c,0xf7,0x9c,0xf7,0x9c,0xf7,0x9c,0xf7,0x9c,0xf7,0x9c,0xf7,0x9c,0xf7,0x9c,0xf7,0x9c,0xf7,0x9c,0xf7,0x9c,0xf7,0x9c,0xf7,0x9c,0xf7,0x9c,0xf7,0x9c,0xf7,0x9c,0xf7,
    0x9c,0xf7,0x9c,0xf7,0x9c,0xf7,0x9c,0xf7,0x9c,0xf7,0x9c,0xf7,0x9c,0xf7,0x0b,0x74,0x2b,0x74,0xee,0x94,0xce,0x8c,0xce,0x8c,0xad,0x8c,0xad,0x84,0xad,0x8c,0xad,0x84,
    0xee,0x8c,0x8a,0x63,0xeb,0x6b,0x88,0x42,0x88,0x21,0x68,0x21,0x47,0x21,0x47,0x19,0x29,0x42,0x29,0x42,0x29,0x42,0x49,0x4a,0x69,0x4a,0x6a,0x4a,0x6a,0x4a,0x8a,0x4a,
    0x8d,0x73,0xf3,0xdd,0x4f,0xdd,0x0d,0xe5,0xec,0xe4,0xcc,0xd4,0xab,0xd4,0xab,0xd4,0xab,0xd4,0xab,0xd4,0xab,0xd4,0xab,0xd4,0xab,0xd4,0xab,0xd4,0xab,0xd4,0x8b,0xd4,
    0x6a,0xd4,0x49,0xd4,0x6a,0xd4,0xd1,0xe5,0x9c,0xf7,0x9c,0xf7,0x9c,0xf7,0x9c,0xf7,0x9c,0xf7,0x9c,0xf7,0x9c,0xf7,0x9c,0xf7,0x9c,0xf7,0x9c,0xf7,0x9c,0xf7,0x9c,0xf7,
    0x9c,0xf7,0xff,0xff,0x2d,0xac,0x0a,0x73,0x67,0x19,0x67,0x19,0x67,0x19,0x47,0x19,0x26,0x19,0x26,0x19,0x26,0x19,0x47,0x19,0x88,0x21,0xa8,0x21,0x4b,0x3a,0x9c,0xf7,
    0x9c,0xf7,0x9c,0xf7,0x9c,0xf7,0x9c,0xf7,0x9c,0xf7,0x9c,0xf7,0xe6,0x08,0x47,0x19,0x26,0x11,0x27,0x19,0x68,0x19,0x68,0x19,0x68,0x19,0x68,0x19,0x47,0x19,0x83,0x00,
    0x9c,0xf7,0x9c,0xf7,0x9c,0xf7,0x9c,0xf7,0x9c,0xf7,0x9c,0xf7,0x9c,0xf7,0x9c,0xf7,0x77,0xd6,0x26,0x19,0x47,0x19,0x47,0x19,0x88,0x21,0x88,0x21,0x88,0x21,0xa9,0x21,
    0xa8,0x21,0x68,0x32,0x2c,0x6c,0x0c,0x6c,0xab,0x63,0x8a,0x5b,0x4a,0x5b,0x6d,0x84,0xad,0x84,0xad,0x84,0x8d,0x84,0x8d,0x84,0x8d,0x84,0x8d,0x84,0xad,0x84,0x4c,0x74,
    0x6c,0x7c,0x8c,0x7c,0x8d,0x84,0x2b,0x74,0x9c,0xf7,0x9c,0xf7,0x9c,0xf7,0x9c,0xf7,0x9c,0xf7,0x9c,0xf7,0x9c,0xf7,0x9c,0xf7,0x9c,0xf7,0x9c,0xf7,0x9c,0xf7,0x9c,0xf7,
    0x9c,0xf7,0x9c,0xf7,0x9c,0xf7,0x9c,0xf7,0xf9,0xee,0xf9,0xee,0xd9,0xe6,0xf9,0xee,0xf8,0xee,0xd8,0xee,0xf8,0xee,0x9c,0xf7,0x9c,0xf7,0x9c,0xf7,0x9c,0xf7,0x9c,0xf7,
    0x9c,0xf7,0x9c,0xf7,0x9c,0xf7,0x9c,0xf7,0x9c,0xf7,0x9c,0xf7,0x9c,0xf7,0x9c,0xf7,0x9c,0xf7,0x9c,0xf7,0x9c,0xf7,0x9c,0xf7,0x9c,0xf7,0x9c,0xf7,0x9c,0xf7,0x9c,0xf7,
    0x9c,0xf7,0x9c,0xf7,0x9c,0xf7,0x9c,0xf7,0x9c,0xf7,0x9c,0xf7,0x9c,0xf7,0x9c,0xf7,0x9c,0xf7,0x9c,0xf7,0x9c,0xf7,0x9c,0xf7,0x9c,0xf7,0x9c,0xf7,0x9c,0xf7,0x9c,0xf7,
    0x9c,0xf7,0x9c,0xf7,0x9c,0xf7,0x9c,0xf7,0x9c,0xf7,0x9c,0xf7,0x9c,0xf7,0x9c,0xf7,0x9c,0xf7,0x9c,0xf7,0x9c,0xf7,0x9c,0xf7,0x9c,0xf7,0x9c,0xf7,0x9c,0xf7,0x9c,0xf7,
    0x9c,0xf7,0x9c,0xf7,0x9c,0xf7,0x9c,0xf7,0x9c,0xf7,0x9c,0xf7,0x9c,0xf7,0x9c,0xf7,0x9c,0xf7,0x9c,0xf7,0x9c,0xf7,0x9c,0xf7,0x9c,0xf7,0x9c,0xf7,0x9c,0xf7,0x9c,0xf7,
    0x9c,0xf7,0x9c,0xf7,0x9c,0xf7,0x9c,0xf7,0x9c,0xf7,0x9c,0xf7,0x9c,0xf7,0x9c,0xf7,0x9c,0xf7,0x71,0xa5,0x10,0x95,0x10,0x95,0x30,0x9d,0xee,0x8c,0xee,0x94,0xef,0x94,
    0xce,0x8c,0xae,0x8c,0x2c,0x74,0x2c,0x74,0xeb,0x6b,0x0b,0x6c,0x0b,0x74,0xeb,0x6b,0x0b,0x6c,0x2a,0x53,0x08,0x2a,0x08,0x2a,0x46,0x19,0x26,0x19,0x66,0x21,0x67,0x21,
    0x67,0x21,0x87,0x21,0xa8,0x29,0xa8,0x29,0xa8,0x29,0xc8,0x31,0xe9,0x31,0x08,0x3a,0xc8,0x39,0xc7,0x41,0xa6,0x39,0x6b,0xcc,0x2a,0xc4,0x2a,0xc4,0x4a,0xc4,0x4a,0xc4,
    0x4a,0xcc,0x4a,0xcc,0x4a,0xcc,0x4a,0xc4,0x2a,0xc4,0x2a,0xc4,0x09,0xc4,0xe9,0xc3,0xe9,0xc3,0xac,0xcc,0x9c,0xf7,0x9c,0xf7,0x9c,0xf7,0x9c,0xf7,0x9c,0xf7,0x9c,0xf7,
    0x9c,0xf7,0x9c,0xf7,0x9c,0xf7,0x9c,0xf7,0x8b,0x4a,0x8b,0x42,0xab,0x42,0x8b,0x42,0xe8,0x39,0xa7,0x29,0x47,0x19,0x47,0x19,0x47,0x19,0xe8,0x31,0x08,0x32,0x08,0x32,
    0x08,0x32,0x08,0x32,0x88,0x21,0x88,0x21,0xc9,0x31,0x2d,0x63,0x0d,0x5b,0xcc,0x52,0xcc,0x52,0xcb,0x52,0xec,0x52,0xef,0x73,0x07,0x11,0x47,0x19,0x08,0x32,0x69,0x42,
    0xca,0x4a,0x0b,0x5b,0x0b,0x5b,0x0a,0x53,0x67,0x21,0x46,0x19,0x4a,0x3a,0x4a,0x3a,0x4a,0x3a,0x4a,0x3a,0x2a,0x3a,0x2a,0x3a,0x0a,0x3a,0x09,0x3a,0x09,0x32,0x67,0x21,
    0x67,0x21,0x67,0x21,0x66,0x19,0xc7,0x29,0xc8,0x29,0x4a,0x53,0x4a,0x53,0x4a,0x53,0x8a,0x5b,0x6a,0x5b,0x49,0x53,0x2c,0x74,0xcb,0x6b,0x8a,0x63,0xaa,0x63,0xcb,0x63,
    0x4c,0x7c,0x8d,0x84,0x8d,0x84,0x8d,0x84,0xad,0x84,0x2c,0x74,0x4c,0x74,0x8c,0x7c,0x8c,0x7c,0x0b,0x74,0x9c,0xf7,0x9c,0xf7,0x9c,0xf7,0x9c,0xf7,0x9c,0xf7,0x9c,0xf7,
    0x9c,0xf7,0x9c,0xf7,0x9c,0xf7,0x9c,0xf7,0x9c,0xf7,0x9c,0xf7,0x9c,0xf7,0x9c,0xf7,0x9c,0xf7,0x9c,0xf7,0xd8,0xe6,0xd8,0xee,0xd8,0xe6,0xd8,0xee,0xd8,0xe6,0xd8,0xe6,
    0xf9,0xee,0x19,0xef,0x9c,0xf7,0x9c,0xf7,0x9c,0xf7,0x9c,0xf7,0x9c,0xf7,0x9c,0xf7,0x9c,0xf7,0x9c,0xf7,0x9c,0xf7,0x9c,0xf7,0x9c,0xf7,0x9c,0xf7,0x9c,0xf7,0x9c,0xf7,
    0x9c,0xf7,0x9c,0xf7,0x9c,0xf7,0x9c,0xf7,0x9c,0xf7,0x9c,0xf7,0x9c,0xf7,0x9c,0xf7,0x9c,0xf7,0x9c,0xf7,0x9c,0xf7,0x9c,0xf7,0x9c,0xf7,0x9c,0xf7,0x9c,0xf7,0x9c,0xf7,
    0x9c,0xf7,0x9c,0xf7,0x9c,0xf7,0x9c,0xf7,0x9c,0xf7,0x9c,0xf7,0x9c,0xf7,0x9c,0xf7,0x9c,0xf7,0x9c,0xf7,0x9c,0xf7,0x9c,0xf7,0x9c,0xf7,0x9c,0xf7,0x9c,0xf7,0x9c,0xf7,
    0x9c,0xf7,0x9c,0xf7,0x9c,0xf7,0x9c,0xf7,0x9c,0xf7,0x9c,0xf7,0x9c,0xf7,0x9c,0xf7,0x9c,0xf7,0x9c,0xf7,0x9c,0xf7,0x9c,0xf7,0x9c,0xf7,0x9c,0xf7,0x9c,0xf7,0x9c,0xf7,
    0x9c,0xf7,0xd8,0xe6,0xf8,0xee,0x56,0xde,0x76,0xde,0x56,0xde,0x9c,0xf7,0x9c,0xf7,0x9c,0xf7,0x9c,0xf7,0x9c,0xf7,0x9c,0xf7,0x9c,0xf7,0x93,0xad,0xcf,0x8c,0x8d,0x84,
    0x6c,0x7c,0x4c,0x7c,0x6c,0x7c,0xee,0x94,0xee,0x94,0xee,0x8c,0xee,0x94,0xee,0x8c,0x2c,0x74,0x4c,0x74,0x0b,0x6c,0xeb,0x6b,0x0b,0x6c,0x2b,0x74,0x0b,0x6c,0xab,0x63,
    0x0a,0x4b,0x09,0x4b,0x67,0x21,0x66,0x21,0x66,0x19,0x66,0x19,0x67,0x19,0x67,0x21,0x87,0x21,0x67,0x21,0x67,0x21,0x67,0x21,0x47,0x19,0x06,0x11,0x06,0x11,0x06,0x11,
    0xe5,0x08,0x2c,0xed,0xeb,0xe4,0xea,0xe4,0xca,0xe4,0xca,0xe4,0xca,0xe4,0xca,0xec,0xca,0xe4,0xa9,0xe4,0x89,0xe4,0x89,0xe4,0x69,0xe4,0x69,0xe4,0x89,0xe4,0x2d,0xed,
    0xff,0xff,0xff,0xff,0xff,0xff,0xff,0xff,0xff,0xff,0xff,0xff,0xff,0xff,0xff,0xff,0xff,0xff,0xff,0xff,0xa5,0x00,0x06,0x09,0x06,0x11,0x06,0x09,0x46,0x11,0x46,0x19,
    0x67,0x19,0x67,0x19,0x46,0x19,0x09,0x4b,0x2a,0x53,0x4a,0x53,0x6a,0x5b,0x4a,0x53,0x87,0x21,0xa8,0x21,0x88,0x21,0x67,0x19,0x46,0x19,0x06,0x11,0x06,0x11,0x06,0x11,
    0x26,0x11,0x26,0x11,0x67,0x19,0x87,0x21,0x2a,0x53,0xcc,0x6b,0x0c,0x74,0x2d,0x7c,0x2c,0x7c,0x2d,0x7c,0xea,0x4a,0xca,0x4a,0xe5,0x08,0xe5,0x08,0x05,0x09,0x06,0x11,
    0x26,0x11,0x06,0x11,0x06,0x11,0x06,0x11,0x26,0x11,0x87,0x21,0x87,0x21,0x67,0x21,0x07,0x32,0xa9,0x42,0xc9,0x4a,0xeb,0x6b,0xeb,0x6b,0xcb,0x63,0x8a,0x5b,0x69,0x5b,
    0x69,0x5b,0x8d,0x84,0x6d,0x84,0x8a,0x63,0x8a,0x5b,0xaa,0x63,0x6c,0x7c,0x4c,0x7c,0x8d,0x84,0xad,0x84,0xce,0x8c,0xee,0x8c,0xee,0x8c,0xee,0x8c,0xee,0x8c,0xce,0x8c,
    0x8e,0x84,0x8e,0x8c,0x6d,0x7c,0x9c,0xf7,0x9c,0xf7,0x9c,0xf7,0x9c,0xf7,0x9c,0xf7,0x9c,0xf7,0x9c,0xf7,0x9c,0xf7,0x9c,0xf7,0x9c,0xf7,0x9c,0xf7,0x9c,0xf7,0x9c,0xf7,
    0x9c,0xf7,0x9c,0xf7,0x9c,0xf7,0x9c,0xf7,0x9c,0xf7,0x9c,0xf7,0x9c,0xf7,0x9c,0xf7,0x9c,0xf7,0x9c,0xf7,0x9c,0xf7,0x9c,0xf7,0x9c,0xf7,0x9c,0xf7,0x9c,0xf7,0x9c,0xf7,
    0x9c,0xf7,0x9c,0xf7,0x9c,0xf7,0x9c,0xf7,0x9c,0xf7,0x9c,0xf7,0x9c,0xf7,0x9c,0xf7,0x9c,0xf7,0x9c,0xf7,0x9c,0xf7,0x9c,0xf7,0x9c,0xf7,0x9c,0xf7,0x9c,0xf7,0x9c,0xf7,
    0x9c,0xf7,0x9c,0xf7,0x9c,0xf7,0x9c,0xf7,0x9c,0xf7,0x9c,0xf7,0xd9,0xe6,0x97,0xde,0x76,0xde,0x56,0xde,0x56,0xde,0x97,0xde,0xd8,0xe6,0x9c,0xf7,0x9c,0xf7,0x9c,0xf7,
    0x9c,0xf7,0x9c,0xf7,0x9c,0xf7,0x9c,0xf7,0x9c,0xf7,0x9c,0xf7,0x9c,0xf7,0x9c,0xf7,0x9c,0xf7,0x9c,0xf7,0x9c,0xf7,0x9c,0xf7,0x9c,0xf7,0x9c,0xf7,0x9c,0xf7,0x9c,0xf7,
    0x9c,0xf7,0x9c,0xf7,0x9c,0xf7,0x9c,0xf7,0x9c,0xf7,0x9c,0xf7,0x9c,0xf7,0x76,0xde,0xb7,0xe6,0x35,0xd6,0x56,0xde,0x56,0xde,0x9c,0xf7,0x9c,0xf7,0x9c,0xf7,0x9c,0xf7,
    0x9c,0xf7,0x9c,0xf7,0x9c,0xf7,0x30,0x95,0xce,0x8c,0xce,0x8c,0xce,0x8c,0xae,0x84,0x8d,0x84,0xce,0x8c,0xce,0x8c,0xce,0x8c,0xce,0x8c,0xce,0x8c,0x4c,0x7c,0x6c,0x7c,
    0x2b,0x74,0xeb,0x63,0xeb,0x6b,0xeb,0x63,0xcb,0x63,0x6a,0x5b,0x09,0x4b,0xe8,0x4a,0xa5,0x08,0xa5,0x08,0xc5,0x08,0xc5,0x10,0xe6,0x10,0x06,0x11,0x26,0x11,0x27,0x19,
    0x47,0x19,0x47,0x19,0x67,0x21,0x88,0x21,0x88,0x21,0x88,0x21,0x87,0x21,0xc9,0x62,0xa8,0x5a,0x88,0x5a,0x68,0x5a,0x68,0x5a,0x68,0x5a,0x67,0x5a,0x47,0x5a,0x47,0x5a,
    0x27,0x52,0x27,0x52,0x27,0x5a,0x47,0x5a,0x47,0x5a,0x89,0x5a,0x8f,0x63,0xaf,0x6b,0xd0,0x6b,0xd0,0x6b,0xb0,0x6b,0xaf,0x6b,0x8f,0x63,0x6e,0x63,0x8f,0x63,0x8f,0x6b,
    0x88,0x19,0xc9,0x21,0xc9,0x21,0xc8,0x29,0x27,0x19,0x06,0x11,0xe5,0x08,0xe5,0x10,0xe5,0x08,0x09,0x4b,0x4a,0x53,0x4a,0x53,0xab,0x5b,0xcb,0x5b,0xe5,0x08,0x06,0x11,
    0xe6,0x08,0xc6,0x08,0xc5,0x08,0xc5,0x08,0xe5,0x08,0xc5,0x08,0xc5,0x08,0xc5,0x08,0xa5,0x00,0xc5,0x08,0xab,0x63,0x4d,0x7c,0x4c,0x7c,0x2c,0x74,0x4c,0x74,0x4d,0x7c,
    0xcb,0x6b,0xab,0x63,0x06,0x11,0x06,0x11,0x06,0x11,0x26,0x11,0x27,0x19,0x47,0x19,0x27,0x19,0x27,0x11,0x06,0x11,0xe6,0x08,0xe6,0x08,0xc5,0x08,0xe6,0x29,0xc8,0x42,
    0xc8,0x42,0x69,0x5b,0x69,0x5b,0x6a,0x5b,0x69,0x5b,0x49,0x5b,0x6a,0x5b,0x8d,0x84,0xad,0x8c,0x6a,0x5b,0x8a,0x5b,0x8a,0x5b,0x8c,0x7c,0x6c,0x7c,0xcd,0x8c,0xce,0x8c,
    0xad,0x8c,0xce,0x8c,0xee,0x8c,0xce,0x8c,0xce,0x8c,0xee,0x8c,0x6c,0x7c,0x4c,0x7c,0x0b,0x74,0x9c,0xf7,0x9c,0xf7,0x9c,0xf7,0x9c,0xf7,0x9c,0xf7,0x9c,0xf7,0x9c,0xf7,
    0x9c,0xf7,0x9c,0xf7,0x9c,0xf7,0x9c,0xf7,0x9c,0xf7,0x9c,0xf7,0x9c,0xf7,0x9c,0xf7,0x9c,0xf7,0x9c,0xf7,0x9c,0xf7,0x9c,0xf7,0x9c,0xf7,0x9c,0xf7,0x9c,0xf7,0x9c,0xf7,
    0x9c,0xf7,0x9c,0xf7,0x9c,0xf7,0x9c,0xf7,0x9c,0xf7,0x9c,0xf7,0x9c,0xf7,0x9c,0xf7,0x9c,0xf7,0x9c,0xf7,0x9c,0xf7,0x9c,0xf7,0x9c,0xf7,0x9c,0xf7,0x9c,0xf7,0x9c,0xf7,
    0x9c,0xf7,0x9c,0xf7,0x9c,0xf7,0x9c,0xf7,0x9c,0xf7,0x9c,0xf7,0x9c,0xf7,0x9c,0xf7,0x9c,0xf7,0x9c,0xf7,0x9c,0xf7,0x9c,0xf7,0xb8,0xe6,0x76,0xde,0x56,0xde,0x35,0xd6,
    0x35,0xde,0x76,0xde,0xb8,0xe6,0x9c,0xf7,0x9c,0xf7,0x9c,0xf7,0x9c,0xf7,0x9c,0xf7,0x9c,0xf7,0x9c,0xf7,0x9c,0xf7,0x9c,0xf7,0x9c,0xf7,0x9c,0xf7,0x9c,0xf7,0x9c,0xf7,
    0x9c,0xf7,0x9c,0xf7,0x9c,0xf7,0x9c,0xf7,0x9c,0xf7,0x9c,0xf7,0x9c,0xf7,0x9c,0xf7,0x9c,0xf7,0x9c,0xf7,0x9c,0xf7,0x9c,0xf7,0x9c,0xf7,0x56,0xde,0xb7,0xe6,0x36,0xd6,
    0x56,0xde,0x56,0xd6,0x9c,0xf7,0x9c,0xf7,0x9c,0xf7,0x9c,0xf7,0x9c,0xf7,0x9c,0xf7,0xd4,0xb5,0xee,0x8c,0xce,0x8c,0xce,0x8c,0x8d,0x84,0xad,0x84,0x8d,0x84,0xce,0x8c,
    0xce,0x8c,0xce,0x8c,0xce,0x8c,0xce,0x8c,0xad,0x84,0xcd,0x8c,0xad,0x84,0x8d,0x84,0x8d,0x7c,0x6d,0x7c,0x6c,0x7c,0x2c,0x74,0xeb,0x6b,0xcb,0x6b,0xc9,0x4a,0xc9,0x4a,
    0xa9,0x42,0xa9,0x42,0xca,0x4a,0xca,0x4a,0xca,0x42,0x48,0x3a,0xe7,0x29,0xe7,0x29,0x87,0x21,0x27,0x19,0x27,0x19,0x27,0x19,0x27,0x11,0xa6,0x00,0xa6,0x00,0xa6,0x00,
    0x86,0x00,0x86,0x00,0x86,0x00,0x85,0x00,0x85,0x00,0x86,0x00,0x86,0x00,0xa6,0x00,0xa6,0x00,0xa6,0x00,0xa6,0x00,0x85,0x00,0x23,0x00,0x44,0x00,0x44,0x00,0x44,0x00,
    0x44,0x00,0x24,0x00,0x24,0x00,0x03,0x00,0x03,0x00,0x23,0x00,0x47,0x19,0x47,0x19,0x68,0x19,0x48,0x19,0xe8,0x29,0x68,0x3a,0x48,0x3a,0x48,0x3a,0x48,0x3a,0x6a,0x5b,
    0xcb,0x63,0xeb,0x6b,0xab,0x63,0xcb,0x63,0xa9,0x42,0xa9,0x42,0x89,0x42,0x89,0x42,0x89,0x42,0x48,0x3a,0x28,0x3a,0x48,0x3a,0x68,0x3a,0x68,0x3a,0xc9,0x4a,0xa9,0x42,
    0x8a,0x63,0xab,0x63,0xab,0x63,0x0c,0x74,0x0c,0x74,0x0c,0x74,0xeb,0x6b,0xcb,0x6b,0x88,0x42,0x68,0x3a,0xa9,0x42,0xa9,0x42,0x0a,0x53,0x0a,0x53,0x0a,0x53,0x0b,0x53,
    0x0b,0x53,0x0a,0x53,0xea,0x4a,0xc9,0x4a,0x4a,0x5b,0xeb,0x6b,0xcb,0x6b,0x0c,0x74,0x2c,0x74,0x2c,0x74,0x2c,0x74,0x2c,0x74,0x2c,0x74,0xae,0x8c,0xce,0x8c,0x4c,0x7c,
    0x4c,0x7c,0x4c,0x7c,0xce,0x8c,0x8d,0x7c,0xcd,0x84,0xce,0x8c,0xad,0x84,0xce,0x8c,0xce,0x8c,0xce,0x8c,0xce,0x8c,0xce,0x8c,0x4c,0x7c,0x2c,0x74,0x2b,0x74,0x93,0xad,
    0x32,0xa5,0x9c,0xf7,0x9c,0xf7,0x9c,0xf7,0x9c,0xf7,0x9c,0xf7,0x9c,0xf7,0x9c,0xf7,0x9c,0xf7,0x9c,0xf7,0x9c,0xf7,0x9c,0xf7,0x9c,0xf7,0x9c,0xf7,0x9c,0xf7,0x9c,0xf7,
    0x9c,0xf7,0x9c,0xf7,0x9c,0xf7,0x9c,0xf7,0x9c,0xf7,0x9c,0xf7,0x9c,0xf7,0x9c,0xf7,0x9c,0xf7,0x9c,0xf7,0x9c,0xf7,0x9c,0xf7,0x9c,0xf7,0x9c,0xf7,0x9c,0xf7,0x9c,0xf7,
    0x9c,0xf7,0x9c,0xf7,0x9c,0xf7,0x9c,0xf7,0x9c,0xf7,0x9c,0xf7,0x9c,0xf7,0x9c,0xf7,0x9c,0xf7,0x9c,0xf7,0x9c,0xf7,0x9c,0xf7,0x9c,0xf7,0x9c,0xf7,0x9c,0xf7,0x9c,0xf7,
    0x9c,0xf7,0x9c,0xf7,0xb8,0xe6,0x76,0xde,0x35,0xde,0x35,0xd6,0x35,0xd6,0x76,0xde,0x97,0xe6,0xf9,0xe6,0x9c,0xf7,0x9c,0xf7,0x9c,0xf7,0x9c,0xf7,0x9c,0xf7,0x9c,0xf7,
    0x9c,0xf7,0x9c,0xf7,0x9c,0xf7,0x9c,0xf7,0x76,0xde,0x56,0xde,0x56,0xde,0x56,0xde,0x35,0xd6,0x9c,0xf7,0x9c,0xf7,0x9c,0xf7,0x9c,0xf7,0x9c,0xf7,0x9c,0xf7,0x9c,0xf7,
    0x9c,0xf7,0x9c,0xf7,0x9c,0xf7,0x9c,0xf7,0x9c,0xf7,0x9c,0xf7,0x9c,0xf7,0x9c,0xf7,0x9c,0xf7,0x9c,0xf7,0x9c,0xf7,0x9c,0xf7,0x98,0xd6,0x09,0x43,0x09,0x4b,0xeb,0x6b,
    0xad,0x84,0x6c,0x7c,0xad,0x84,0xad,0x84,0xad,0x84,0xce,0x8c,0xce,0x8c,0xce,0x8c,0xce,0x8c,0x0f,0x95,0x0f,0x95,0x2f,0x9d,0x2f,0x95,0x2f,0x95,0x0f,0x95,0x0e,0x95,
    0x0e,0x95,0x0e,0x95,0xee,0x94,0xee,0x94,0x2e,0x95,0x2f,0x9d,0xad,0x84,0xad,0x84,0xad,0x84,0x8d,0x7c,0x4c,0x74,0xcb,0x63,0x8a,0x5b,0x69,0x53,0xa9,0x42,0x08,0x2a,
    0xe8,0x29,0xe8,0x29,0xe8,0x29,0x28,0x32,0x28,0x32,0x08,0x32,0x08,0x32,0xe8,0x31,0xc7,0x29,0xc7,0x29,0xc7,0x29,0xc8,0x29,0xc8,0x29,0xe8,0x29,0xe8,0x29,0xe8,0x31,
    0xe8,0x31,0xe8,0x31,0x08,0x32,0x09,0x32,0x49,0x3a,0x6a,0x3a,0x6a,0x3a,0x4a,0x3a,0x49,0x3a,0x29,0x3a,0x28,0x3a,0x08,0x32,0xe8,0x29,0x08,0x32,0x49,0x3a,0x6a,0x3a,
    0x6a,0x5b,0x0b,0x6c,0xeb,0x63,0xcb,0x63,0xab,0x63,0x4c,0x7c,0x8d,0x84,0xcd,0x8c,0xcb,0x63,0xeb,0x63,0x4c,0x74,0x6c,0x74,0x6c,0x74,0xcd,0x8c,0xad,0x84,0xeb,0x6b,
    0xab,0x63,0xcb,0x6b,0xeb,0x6b,0xeb,0x6b,0x2e,0x95,0xee,0x94,0x6a,0x5b,0x09,0x53,0x29,0x53,0xcb,0x6b,0xeb,0x6b,0xeb,0x6b,0xcb,0x6b,0xcb,0x6b,0x2b,0x74,0x2b,0x74,
    0xad,0x84,0x8c,0x7c,0x2f,0x95,0x2f,0x95,0x2f,0x9d,0x4f,0x9d,0x6f,0x9d,0x4f,0x9d,0xce,0x8c,0xad,0x84,0xee,0x8c,0x2f,0x9d,0x2e,0x95,0x0e,0x95,0xee,0x94,0xee,0x94,
    0x0e,0x95,0x0e,0x95,0xee,0x94,0xee,0x8c,0xee,0x94,0x2f,0x9d,0x2f,0x9d,0x2f,0x9d,0x0f,0x95,0xee,0x94,0xee,0x8c,0xce,0x8c,0xce,0x8c,0xce,0x8c,0xce,0x8c,0xce,0x8c,
    0xce,0x8c,0xcd,0x8c,0x2c,0x7c,0x2c,0x74,0x4c,0x74,0x88,0x3a,0xc8,0x42,0x9c,0xf7,0x9c,0xf7,0x9c,0xf7,0x9c,0xf7,0x9c,0xf7,0x9c,0xf7,0x9c,0xf7,0x9c,0xf7,0x9c,0xf7,
    0x9c,0xf7,0x9c,0xf7,0x9c,0xf7,0x9c,0xf7,0x9c,0xf7,0x9c,0xf7,0x9c,0xf7,0x9c,0xf7,0x9c,0xf7,0x9c,0xf7,0x9c,0xf7,0x9c,0xf7,0x9c,0xf7,0x9c,0xf7,0x9c,0xf7,0x9c,0xf7,
    0x9c,0xf7,0x9c,0xf7,0x9c,0xf7,0xb8,0xe6,0x36,0xd6,0x35,0xd6,0x76,0xde,0x76,0xde,0x9c,0xf7,0x9c,0xf7,0x9c,0xf7,0x9c,0xf7,0x9c,0xf7,0x9c,0xf7,0x9c,0xf7,0x9c,0xf7,
    0x9c,0xf7,0x9c,0xf7,0x9c,0xf7,0x9c,0xf7,0x9c,0xf7,0x9c,0xf7,0x9c,0xf7,0x9c,0xf7,0x9c,0xf7,0x9c,0xf7,0x9c,0xf7,0x9c,0xf7,0x9c,0xf7,0x9c,0xf7,0x9c,0xf7,0x9c,0xf7,
    0x9c,0xf7,0x9c,0xf7,0x9c,0xf7,0x9c,0xf7,0x9c,0xf7,0x9c,0xf7,0x9c,0xf7,0x9c,0xf7,0x9c,0xf7,0x9c,0xf7,0x76,0xde,0x35,0xd6,0x35,0xd6,0x35,0xd6,0x35,0xd6,0x9c,0xf7,
    0x9c,0xf7,0x9c,0xf7,0x9c,0xf7,0x9c,0xf7,0x9c,0xf7,0x9c,0xf7,0x9c,0xf7,0x9c,0xf7,0x9c,0xf7,0x9c,0xf7,0x9c,0xf7,0x9c,0xf7,0x9c,0xf7,0x9c,0xf7,0x9c,0xf7,0x9c,0xf7,
    0x9c,0xf7,0x9c,0xf7,0xb8,0xd6,0xc8,0x42,0xc8,0x42,0x8a,0x63,0xeb,0x73,0x69,0x63,0x4c,0x7c,0x6d,0x7c,0x6c,0x7c,0x8d,0x84,0x8d,0x84,0xce,0x8c,0xce,0x8c,0xee,0x8c,
    0xce,0x8c,0xce,0x8c,0xee,0x8c,0xee,0x8c,0xce,0x8c,0xad,0x84,0xad,0x84,0xad,0x84,0xad,0x84,0xad,0x8c,0xae,0x8c,0xce,0x8c,0x6d,0x7c,0x6c,0x7c,0x6d,0x7c,0x6c,0x7c,
    0x2c,0x74,0x4c,0x74,0xad,0x84,0x8d,0x84,0x4c,0x74,0xcb,0x6b,0xeb,0x6b,0xeb,0x6b,0x0c,0x6c,0x0c,0x74,0x0c,0x74,0x0c,0x6c,0xcc,0x6b,0xac,0x6b,0x4b,0x5b,0x4b,0x5b,
    0x6b,0x5b,0x6b,0x5b,0x6b,0x5b,0x6b,0x5b,0x8b,0x63,0x8b,0x63,0x4b,0x5b,0x4b,0x5b,0x4a,0x5b,0x4a,0x5b,0x6a,0x5b,0xab,0x63,0xcb,0x63,0xcb,0x63,0xcb,0x63,0xab,0x63,
    0x8b,0x63,0xab,0x63,0xab,0x63,0xcb,0x6b,0x0c,0x6c,0x4d,0x74,0x4c,0x74,0x6c,0x7c,0x2c,0x74,0x0b,0x6c,0x0b,0x6c,0x4c,0x7c,0x6d,0x7c,0x8d,0x84,0x0b,0x6c,0x2c,0x74,
    0x4c,0x74,0x4c,0x74,0x4c,0x74,0xce,0x8c,0x8d,0x84,0x0c,0x74,0xab,0x63,0xcb,0x6b,0xcb,0x6b,0xcb,0x6b,0xad,0x84,0x8d,0x84,0xeb,0x6b,0xaa,0x63,0xaa,0x63,0x0b,0x74,
    0x2c,0x74,0x2c,0x74,0x2c,0x74,0x4c,0x74,0x2c,0x74,0x2c,0x74,0x6c,0x7c,0x2c,0x74,0xad,0x84,0xad,0x84,0xae,0x84,0xae,0x8c,0xce,0x8c,0xce,0x8c,0x6d,0x84,0x8d,0x7c,
    0xad,0x84,0xee,0x94,0xee,0x8c,0xce,0x8c,0xce,0x8c,0xcd,0x8c,0xcd,0x8c,0xce,0x8c,0xce,0x8c,0xce,0x8c,0xee,0x94,0xce,0x8c,0xce,0x8c,0xce,0x8c,0xee,0x8c,0xee,0x94,
    0xee,0x8c,0xce,0x8c,0xcd,0x8c,0xad,0x8c,0xad,0x8c,0xad,0x84,0xad,0x84,0xad,0x84,0x2c,0x7c,0x2c,0x7c,0x4c,0x7c,0x88,0x3a,0xa8,0x42,0x9c,0xf7,0x9c,0xf7,0x9c,0xf7,
    0x9c,0xf7,0x9c,0xf7,0x9c,0xf7,0x9c,0xf7,0x9c,0xf7,0x9c,0xf7,0x9c,0xf7,0x9c,0xf7,0x9c,0xf7,0x9c,0xf7,0x9c,0xf7,0x9c,0xf7,0x9c,0xf7,0x9c,0xf7,0x9c,0xf7,0x9c,0xf7,
    0x9c,0xf7,0x9c,0xf7,0x9c,0xf7,0x9c,0xf7,0x9c,0xf7,0x9c,0xf7,0x9c,0xf7,0x9c,0xf7,0x9c,0xf7,0xb8,0xe6,0x15,0xd6,0x15,0xd6,0x56,0xde,0x56,0xde,0x9c,0xf7,0x9c,0xf7,
    0x9c,0xf7,0x9c,0xf7,0x9c,0xf7,0x9c,0xf7,0x9c,0xf7,0x9c,0xf7,0x9c,0xf7,0x9c,0xf7,0x9c,0xf7,0x9c,0xf7,0x9c,0xf7,0x9c,0xf7,0x9c,0xf7,0x9c,0xf7,0x9c,0xf7,0x9c,0xf7,
    0x9c,0xf7,0x9c,0xf7,0x9c,0xf7,0x9c,0xf7,0x9c,0xf7,0x9c,0xf7,0x9c,0xf7,0x9c,0xf7,0x9c,0xf7,0x9c,0xf7,0x9c,0xf7,0x9c,0xf7,0x9c,0xf7,0x9c,0xf7,0x9c,0xf7,0x9c,0xf7,
    0x9c,0xf7,0xf9,0xee,0x97,0xde,0x19,0xef,0x9c,0xf7,0x9c,0xf7,0x9c,0xf7,0x9c,0xf7,0x9c,0xf7,0x9c,0xf7,0x9c,0xf7,0x9c,0xf7,0x9c,0xf7,0x9c,0xf7,0x9c,0xf7,0x9c,0xf7,
    0x9c,0xf7,0x9c,0xf7,0x9c,0xf7,0x9c,0xf7,0x9c,0xf7,0x9c,0xf7,0x9c,0xf7,0x9c,0xf7,0xb8,0xd6,0x87,0x3a,0x87,0x3a,0xc8,0x42,0x29,0x53,0xc8,0x42,0x6a,0x5b,0xcb,0x6b,
    0xcb,0x6b,0xcb,0x63,0xcb,0x6b,0x8d,0x84,0x8d,0x84,0x8d,0x84,0x6d,0x7c,0x4c,0x7c,0xad,0x84,0xee,0x8c,0xce,0x8c,0x2c,0x74,0x2c,0x74,0x4c,0x7c,0xad,0x8c,0xce,0x8c,
    0xee,0x8c,0xee,0x8c,0xce,0x8c,0xee,0x8c,0xee,0x8c,0xee,0x8c,0x0e,0x95,0xee,0x8c,0xee,0x8c,0xce,0x8c,0xce,0x8c,0xce,0x8c,0xce,0x8c,0xee,0x94,0xee,0x94,0x0f,0x95,
    0x0e,0x95,0xee,0x94,0xad,0x8c,0xad,0x8c,0xad,0x84,0xad,0x8c,0xad,0x84,0xad,0x8c,0xce,0x8c,0xce,0x8c,0xce,0x8c,0xce,0x8c,0xad,0x84,0x8d,0x84,0x6d,0x84,0x6d,0x84,
    0xcb,0x6b,0xeb,0x6b,0x0b,0x74,0x6c,0x7c,0x4c,0x7c,0x6c,0x7c,0x4c,0x7c,0x4c,0x7c,0x6c,0x7c,0x6d,0x7c,0x8d,0x84,0xad,0x84,0xce,0x8c,0xee,0x8c,0xee,0x94,0xee,0x8c,
    0xee,0x8c,0xad,0x8c,0x8d,0x84,0x8d,0x84,0xce,0x8c,0xce,0x8c,0xee,0x94,0x0e,0x95,0xee,0x94,0xce,0x8c,0xce,0x8c,0xae,0x8c,0x8d,0x84,0x8d,0x84,0x8d,0x84,0xad,0x84,
    0x8d,0x84,0x8d,0x84,0xad,0x84,0xad,0x8c,0xad,0x84,0xad,0x8c,0xce,0x8c,0xce,0x8c,0xee,0x8c,0xee,0x94,0x0e,0x95,0xee,0x94,0xce,0x8c,0xce,0x8c,0xce,0x8c,0xce,0x8c,
    0xce,0x8c,0xce,0x8c,0xee,0x8c,0xee,0x94,0xef,0x94,0xee,0x94,0xef,0x94,0xee,0x94,0xee,0x94,0xce,0x8c,0xce,0x8c,0xad,0x84,0x6d,0x7c,0x8d,0x84,0xad,0x84,0xce,0x8c,
    0xee,0x94,0x8d,0x84,0x6c,0x7c,0x6c,0x7c,0x8d,0x84,0xad,0x84,0x8d,0x84,0x6d,0x84,0x4c,0x7c,0x2c,0x74,0x6d,0x84,0xcb,0x6b,0xaa,0x63,0xeb,0x6b,0xe8,0x4a,0xe8,0x4a,
    0x09,0x4b,0xa8,0x42,0xe9,0x42,0x9c,0xf7,0x9c,0xf7,0x9c,0xf7,0x9c,0xf7,0x9c,0xf7,0x9c,0xf7,0x9c,0xf7,0x9c,0xf7,0x9c,0xf7,0x9c,0xf7,0x9c,0xf7,0x9c,0xf7,0x9c,0xf7,
    0x9c,0xf7,0x9c,0xf7,0x9c,0xf7,0x9c,0xf7,0x9c,0xf7,0x9c,0xf7,0x9c,0xf7,0x9c,0xf7,0x9c,0xf7,0x9c,0xf7,0x9c,0xf7,0x9c,0xf7,0x9c,0xf7,0x9c,0xf7,0x9c,0xf7,0x9c,0xf7,
    0xf9,0xe6,0xd8,0xe6,0x9c,0xf7,0x9c,0xf7,0x9c,0xf7,0x9c,0xf7,0x9c,0xf7,0x9c,0xf7,0x9c,0xf7,0x9c,0xf7,0x9c,0xf7,0x9c,0xf7,0x9c,0xf7,0x9c,0xf7,0x9c,0xf7,0x9c,0xf7,
    0x9c,0xf7,0x9c,0xf7,0x9c,0xf7,0x9c,0xf7,0x9c,0xf7,0x9c,0xf7,0x9c,0xf7,0x9c,0xf7,0x9c,0xf7,0x9c,0xf7,0x9c,0xf7,0x9c,0xf7,0x9c,0xf7,0x9c,0xf7,0x9c,0xf7,0x9c,0xf7,
    0x9c,0xf7,0x9c,0xf7,0x9c,0xf7,0x9c,0xf7,0x9c,0xf7,0x9c,0xf7,0x9c,0xf7,0x9c,0xf7,0x9c,0xf7,0x9c,0xf7,0x9c,0xf7,0x9c,0xf7,0x9c,0xf7,0x9c,0xf7,0x9c,0xf7,0x9c,0xf7,
    0x9c,0xf7,0x9c,0xf7,0x9c,0xf7,0x9c,0xf7,0x9c,0xf7,0x9c,0xf7,0x9c,0xf7,0x9c,0xf7,0x9c,0xf7,0x9c,0xf7,0x9c,0xf7,0x9c,0xf7,0x9c,0xf7,0x9c,0xf7,0xf9,0xe6,0x56,0xde,
    0x36,0xd6,0x05,0x2a,0x67,0x3a,0xa8,0x3a,0x49,0x53,0x69,0x5b,0x69,0x5b,0x6a,0x5b,0x69,0x5b,0x8d,0x84,0x8d,0x84,0x8d,0x7c,0x4c,0x74,0x2c,0x74,0x8d,0x84,0xad,0x8c,
    0xad,0x8c,0xcb,0x6b,0xcb,0x63,0x0b,0x74,0xce,0x8c,0xee,0x8c,0xee,0x94,0xee,0x94,0xee,0x94,0xef,0x94,0xee,0x94,0xee,0x8c,0xce,0x8c,0xce,0x8c,0xce,0x8c,0xce,0x8c,
    0xce,0x8c,0xce,0x8c,0xce,0x8c,0xce,0x8c,0xce,0x8c,0xce,0x8c,0xce,0x8c,0xee,0x8c,0xcd,0x8c,0xcd,0x8c,0xee,0x8c,0xee,0x94,0xce,0x8c,0xce,0x8c,0xce,0x8c,0xce,0x8c,
    0xce,0x8c,0xce,0x8c,0xce,0x8c,0xce,0x8c,0xcd,0x8c,0xcd,0x8c,0x0b,0x74,0x0b,0x6c,0x0b,0x6c,0x8d,0x84,0x6c,0x7c,0xad,0x84,0xad,0x84,0xad,0x84,0xad,0x84,0xad,0x84,
    0xad,0x84,0xad,0x84,0xae,0x8c,0xce,0x8c,0xce,0x8c,0xce,0x8c,0xce,0x8c,0xad,0x8c,0xad,0x84,0xad,0x84,0xad,0x84,0xad,0x8c,0xce,0x8c,0xce,0x8c,0xad,0x8c,0xad,0x8c,
    0xad,0x84,0xad,0x84,0xad,0x84,0xad,0x84,0xad,0x84,0xad,0x84,0xad,0x8c,0xad,0x8c,0xad,0x84,0xad,0x8c,0xad,0x8c,0xce,0x8c,0xcd,0x8c,0xce,0x8c,0xce,0x8c,0xce,0x8c,
    0xce,0x8c,0xce,0x8c,0xcd,0x8c,0xcd,0x8c,0xad,0x8c,0xad,0x8c,0xae,0x8c,0xce,0x8c,0xee,0x8c,0xee,0x94,0xef,0x94,0xee,0x94,0xee,0x94,0xee,0x94,0xee,0x94,0xce,0x8c,
    0xce,0x8c,0x8d,0x84,0x4c,0x7c,0x4c,0x7c,0x8d,0x84,0xce,0x8c,0xee,0x94,0x6c,0x7c,0x4c,0x74,0x4c,0x74,0x6c,0x7c,0x6c,0x7c,0x6c,0x7c,0x6c,0x7c,0x4c,0x74,0x49,0x53,
    0x49,0x53,0x29,0x53,0x09,0x53,0x29,0x53,0xc8,0x42,0xe8,0x4a,0xc8,0x42,0x76,0xd6,0x77,0xe6,0x9c,0xf7,0x9c,0xf7,0x9c,0xf7,0x9c,0xf7,0x9c,0xf7,0x9c,0xf7,0x9c,0xf7,
    0x9c,0xf7,0x9c,0xf7,0x9c,0xf7,0x9c,0xf7,0x9c,0xf7,0x9c,0xf7,0x9c,0xf7,0x9c,0xf7,0x9c,0xf7,0x9c,0xf7,0x9c,0xf7,0x9c,0xf7,0x9c,0xf7,0x9c,0xf7,0x9c,0xf7,0x9c,0xf7,
    0x9c,0xf7,0x9c,0xf7,0x9c,0xf7,0x9c,0xf7,0x9c,0xf7,0x9c,0xf7,0x9c,0xf7,0x9c,0xf7,0x9c,0xf7,0x9c,0xf7,0x9c,0xf7,0x9c,0xf7,0x9c,0xf7,0x9c,0xf7,0x9c,0xf7,0x9c,0xf7,
    0x9c,0xf7,0x9c,0xf7,0x9c,0xf7,0x9c,0xf7,0x9c,0xf7,0x9c,0xf7,0x9c,0xf7,0x9c,0xf7,0x9c,0xf7,0x9c,0xf7,0x9c,0xf7,0x9c,0xf7,0x9c,0xf7,0x9c,0xf7,0x9c,0xf7,0x9c,0xf7,
    0x9c,0xf7,0x9c,0xf7,0x9c,0xf7,0x9c,0xf7,0x9c,0xf7,0x9c,0xf7,0x9c,0xf7,0x9c,0xf7,0x9c,0xf7,0x9c,0xf7,0x9c,0xf7,0x9c,0xf7,0x9c,0xf7,0x9c,0xf7,0x9c,0xf7,0x9c,0xf7,
    0x9c,0xf7,0x9c,0xf7,0x9c,0xf7,0x9c,0xf7,0x9c,0xf7,0x9c,0xff,0xbd,0xff,0xbd,0xff,0xbd,0xff,0xbd,0xff,0xbc,0xff,0x9c,0xff,0x7c,0xf7,0x7c,0xf7,0x9c,0xf7,0x9c,0xf7,
    0x9c,0xf7,0x9c,0xf7,0x9c,0xf7,0x9c,0xf7,0xf9,0xe6,0x36,0xd6,0x35,0xde,0x42,0x19,0x26,0x32,0x67,0x3a,0x6a,0x53,0x8a,0x5b,0x8a,0x5b,0x8a,0x5b,0x8a,0x5b,0xad,0x8c,
    0xad,0x84,0x6d,0x84,0x2c,0x7c,0x0c,0x74,0x6d,0x84,0xad,0x8c,0xce,0x8c,0xeb,0x6b,0xeb,0x6b,0x2c,0x74,0x0f,0x95,0x2f,0x9d,0x2f,0x9d,0x2f,0x9d,0x2f,0x95,0x2f,0x95,
    0x0f,0x95,0xee,0x94,0xee,0x94,0xce,0x8c,0xad,0x8c,0xcd,0x8c,0xce,0x8c,0xad,0x8c,0xce,0x8c,0xce,0x8c,0xce,0x8c,0xee,0x8c,0xee,0x8c,0xee,0x94,0xce,0x8c,0xce,0x8c,
    0xee,0x94,0xee,0x94,0xce,0x8c,0xce,0x8c,0xce,0x8c,0xce,0x8c,0xce,0x8c,0xce,0x8c,0xce,0x8c,0xce,0x8c,0xce,0x8c,0xee,0x8c,0x4c,0x74,0xeb,0x6b,0x0b,0x74,0x4c,0x7c,
    0x2c,0x74,0xad,0x84,0xad,0x8c,0xad,0x84,0xcd,0x8c,0xce,0x8c,0xce,0x8c,0xcd,0x8c,0xce,0x8c,0xce,0x8c,0xee,0x8c,0xee,0x94,0xee,0x8c,0xce,0x8c,0xad,0x8c,0xad,0x8c,
    0xad,0x8c,0xcd,0x8c,0xcd,0x8c,0xad,0x8c,0xad,0x8c,0xad,0x84,0xad,0x84,0xad,0x84,0xad,0x8c,0xad,0x8c,0xce,0x8c,0xce,0x8c,0xce,0x8c,0xee,0x8c,0xee,0x8c,0xee,0x94,
    0xee,0x8c,0xee,0x94,0xee,0x8c,0xee,0x8c,0xce,0x8c,0xce,0x8c,0xae,0x8c,0xad,0x84,0xad,0x8c,0xad,0x8c,0xad,0x84,0xad,0x84,0xad,0x8c,0xce,0x8c,0xee,0x94,0x0f,0x95,
    0x2f,0x95,0x0f,0x95,0x2f,0x9d,0x2f,0x95,0x0f,0x95,0xee,0x94,0xce,0x8c,0xad,0x8c,0x8d,0x84,0x8d,0x84,0xad,0x8c,0xee,0x94,0x0e,0x95,0x4c,0x7c,0x4c,0x7c,0x6c,0x7c,
    0x6d,0x7c,0x8d,0x84,0xad,0x84,0xad,0x84,0xad,0x84,0x49,0x53,0x6a,0x53,0x49,0x53,0x29,0x53,0x29,0x53,0xa7,0x42,0xa8,0x42,0x26,0x32,0x35,0xd6,0x35,0xd6,0xbd,0xf7,
    0x9c,0xf7,0x9c,0xf7,0x9c,0xf7,0x9c,0xf7,0x9c,0xf7,0x9c,0xf7,0x9c,0xf7,0x9c,0xf7,0x9c,0xf7,0x9c,0xf7,0x9c,0xf7,0x9c,0xf7,0x9c,0xf7,0x9c,0xf7,0x9c,0xf7,0x9c,0xf7,
    0x9c,0xf7,0x9c,0xf7,0x9c,0xf7,0x9c,0xf7,0x9c,0xf7,0x9c,0xf7,0x9c,0xf7,0x9c,0xf7,0x9c,0xf7,0x9c,0xf7,0x9c,0xf7,0x9c,0xf7,0x9c,0xf7,0x9c,0xf7,0x9c,0xf7,0x9c,0xf7,
    0x9c,0xf7,0x9c,0xf7,0x9c,0xf7,0x9c,0xf7,0x9c,0xf7,0xbd,0xff,0xbc,0xff,0x9c,0xf7,0x9c,0xff,0x9c,0xf7,0x9c,0xf7,0x9c,0xf7,0x9c,0xf7,0x9c,0xf7,0x9c,0xf7,0x9c,0xf7,
    0x9c,0xf7,0x9c,0xf7,0x9c,0xf7,0x9c,0xf7,0x9c,0xf7,0x9c,0xf7,0x9c,0xf7,0x9c,0xf7,0x9c,0xf7,0x9c,0xf7,0x9c,0xf7,0x9c,0xf7,0x9c,0xf7,0x9c,0xf7,0x9c,0xf7,0x9c,0xf7,
    0x9c,0xf7,0x9c,0xf7,0x9c,0xf7,0x9c,0xf7,0x9c,0xf7,0x9c,0xf7,0x9c,0xf7,0x9c,0xf7,0x9c,0xf7,0x9c,0xf7,0x9c,0xf7,0xf9,0xee,0x56,0xde,0x56,0xde,0x56,0xde,0x56,0xde,
    0x55,0xde,0x55,0xde,0x7b,0xf7,0x7b,0xf7,0x9c,0xf7,0x9c,0xf7,0x9c,0xf7,0x9c,0xf7,0x9c,0xf7,0x9c,0xf7,0x9c,0xf7,0x9b,0xf7,0x7b,0xf7,0x56,0xde,0x77,0xde,0xf8,0xee,
    0xc6,0x21,0x27,0x2a,0x27,0x2a,0x27,0x32,0x27,0x32,0x09,0x43,0x09,0x43,0xe8,0x42,0xc8,0x42,0xa8,0x42,0xa8,0x42,0x88,0x3a,0x88,0x3a,0xa8,0x3a,0xa8,0x3a,0xa8,0x3a,
    0xa8,0x3a,0xc8,0x3a,0xa8,0x3a,0xa8,0x3a,0xa8,0x3a,0xa8,0x3a,0xa8,0x3a,0x87,0x3a,0x67,0x3a,0xa8,0x42,0x49,0x53,0x4a,0x5b,0xcb,0x63,0xcb,0x6b,0xcb,0x6b,0xce,0x8c,
    0xce,0x8c,0xce,0x8c,0xee,0x94,0xee,0x94,0xad,0x84,0x8d,0x84,0xee,0x94,0xee,0x94,0xee,0x94,0xee,0x94,0xcd,0x8c,0xce,0x8c,0xce,0x8c,0xce,0x8c,0xce,0x8c,0xce,0x8c,
    0xce,0x8c,0xce,0x8c,0xce,0x8c,0xcd,0x8c,0x8d,0x84,0xcb,0x6b,0xcb,0x6b,0xeb,0x6b,0xeb,0x6b,0xeb,0x6b,0xeb,0x6b,0xeb,0x6b,0xeb,0x6b,0xeb,0x6b,0xeb,0x6b,0xeb,0x6b,
    0x0b,0x6c,0x0b,0x6c,0x0b,0x6c,0x4c,0x7c,0x8d,0x84,0xad,0x84,0xeb,0x6b,0xeb,0x6b,0xeb,0x6b,0xeb,0x6b,0xcb,0x6b,0xcb,0x6b,0xcb,0x6b,0xcb,0x6b,0xcb,0x6b,0xeb,0x6b,
    0xeb,0x6b,0xeb,0x6b,0xeb,0x6b,0x0b,0x6c,0x0b,0x6c,0x0b,0x6c,0x0b,0x74,0x4c,0x7c,0x4c,0x7c,0x4c,0x7c,0xeb,0x6b,0xeb,0x6b,0xce,0x8c,0xad,0x84,0xeb,0x6b,0xeb,0x6b,
    0xad,0x84,0x8d,0x84,0x6d,0x7c,0xeb,0x6b,0x0c,0x74,0xeb,0x6b,0xeb,0x6b,0xeb,0x63,0x09,0x4b,0xa8,0x3a,0x87,0x3a,0x87,0x3a,0x87,0x3a,0xa8,0x3a,0xc8,0x42,0xc8,0x42,
    0xc8,0x42,0xa8,0x42,0xa8,0x3a,0xa7,0x3a,0xa8,0x3a,0xa8,0x3a,0xa8,0x42,0xa8,0x42,0xc8,0x42,0xe8,0x42,0xe9,0x42,0x47,0x3a,0x68,0x3a,0x68,0x3a,0x68,0x3a,0x27,0x32,
    0x76,0xde,0x56,0xde,0x55,0xde,0x7c,0xf7,0x9c,0xf7,0x9c,0xf7,0x9c,0xf7,0x9c,0xf7,0x9c,0xf7,0x9c,0xf7,0x9c,0xf7,0x9c,0xf7,0x9c,0xf7,0x9c,0xf7,0x9c,0xf7,0x9c,0xf7,
    0x9c,0xf7,0x9c,0xf7,0x9c,0xf7,0x9c,0xf7,0x9c,0xf7,0x9c,0xf7,0x9c,0xf7,0x9c,0xf7,0x9c,0xf7,0x9c,0xf7,0x9c,0xf7,0x9c,0xf7,0x9c,0xf7,0x9c,0xf7,0x9c,0xf7,0x9c,0xf7,
    0x9c,0xf7,0x9c,0xf7,0x9c,0xf7,0x9c,0xf7,0x9c,0xf7,0x9c,0xf7,0x9c,0xf7,0x9c,0xf7,0x9c,0xf7,0x9c,0xf7,0xbd,0xff,0x35,0xde,0x76,0xde,0x56,0xde,0x56,0xde,0x56,0xde,
    0x55,0xde,0x7c,0xf7,0x9c,0xf7,0x9c,0xf7,0x9c,0xf7,0x9c,0xf7,0x9c,0xf7,0x9c,0xf7,0x9c,0xf7,0x9c,0xf7,0x9c,0xf7,0x9c,0xf7,0x9c,0xf7,0x9c,0xf7,0x9c,0xf7,0x9c,0xf7,
    0x9c,0xf7,0x9c,0xf7,0x9c,0xf7,0x9c,0xf7,0x9c,0xf7,0x9c,0xf7,0x9c,0xf7,0x9c,0xf7,0x9c,0xf7,0x9c,0xf7,0x9c,0xf7,0x9c,0xf7,0x9c,0xf7,0x9c,0xf7,0x9c,0xf7,0x9c,0xf7,
    0x9c,0xf7,0xd8,0xe6,0x56,0xde,0x56,0xde,0x56,0xde,0x56,0xde,0x55,0xde,0x35,0xde,0x7b,0xf7,0x9c,0xf7,0x9c,0xf7,0x9c,0xf7,0x9c,0xf7,0x9c,0xf7,0x9c,0xf7,0x9c,0xf7,
    0x9c,0xf7,0x9c,0xf7,0x9c,0xf7,0x76,0xde,0x97,0xe6,0xb8,0xe6,0x56,0xd6,0x56,0xde,0x55,0xde,0x35,0xde,0x35,0xde,0x87,0x3a,0xe9,0x42,0xe8,0x42,0xc8,0x42,0xa8,0x42,
    0xa8,0x42,0x87,0x3a,0x87,0x3a,0xa7,0x3a,0xa8,0x42,0xc8,0x42,0xc8,0x42,0xc8,0x3a,0xa8,0x3a,0x87,0x3a,0xa8,0x42,0xa8,0x3a,0xa7,0x3a,0x87,0x3a,0x67,0x3a,0xc8,0x42,
    0x49,0x53,0x49,0x5b,0xcb,0x63,0xcb,0x6b,0xcb,0x6b,0xce,0x8c,0xce,0x8c,0xce,0x8c,0xee,0x8c,0xee,0x94,0x8d,0x84,0x8d,0x84,0xef,0x94,0xee,0x94,0xee,0x94,0xee,0x94,
    0xce,0x8c,0xce,0x8c,0xce,0x8c,0xce,0x8c,0xcd,0x8c,0xcd,0x8c,0xcd,0x8c,0xad,0x8c,0xad,0x8c,0xad,0x84,0x8d,0x84,0xcb,0x63,0xeb,0x6b,0xeb,0x6b,0xeb,0x6b,0xeb,0x6b,
    0x0b,0x6c,0x0b,0x6c,0x0b,0x6c,0x0b,0x6c,0x0b,0x6c,0x0b,0x6c,0xeb,0x6b,0xeb,0x6b,0xcb,0x63,0x2c,0x74,0x6d,0x7c,0x8d,0x84,0xcb,0x63,0xca,0x63,0xca,0x6b,0xeb,0x6b,
    0xeb,0x6b,0xeb,0x6b,0xeb,0x6b,0xeb,0x6b,0xeb,0x6b,0xeb,0x6b,0xeb,0x6b,0xeb,0x6b,0xeb,0x6b,0xeb,0x6b,0x0b,0x6c,0x0b,0x6c,0x2b,0x74,0x4c,0x74,0x4c,0x74,0x4c,0x74,
    0xeb,0x6b,0xca,0x63,0xcd,0x8c,0xad,0x84,0xeb,0x6b,0xeb,0x6b,0xad,0x8c,0xad,0x8c,0x6d,0x84,0xeb,0x6b,0x0b,0x6c,0xcb,0x6b,0xaa,0x63,0xaa,0x63,0xe8,0x4a,0x87,0x3a,
    0x87,0x3a,0x87,0x3a,0x87,0x3a,0xc8,0x42,0xc8,0x42,0xc8,0x42,0xc8,0x42,0xa8,0x42,0xa8,0x42,0xa7,0x3a,0xa7,0x3a,0xa7,0x3a,0x87,0x3a,0xa7,0x3a,0xa8,0x42,0xc8,0x42,
    0x67,0x3a,0xb7,0xe6,0x56,0xde,0x76,0xde,0x56,0xde,0x56,0xde,0x97,0xe6,0x76,0xde,0x76,0xde,0x7b,0xf7,0x9c,0xf7,0x9c,0xf7,0x9c,0xf7,0x9c,0xf7,0x9c,0xf7,0x9c,0xf7,
    0x9c,0xf7,0x9c,0xf7,0x9c,0xf7,0x9c,0xf7,0x9c,0xf7,0x9c,0xf7,0x9c,0xf7,0x9c,0xf7,0x9c,0xf7,0x9c,0xf7,0x9c,0xf7,0x9c,0xf7,0x9c,0xf7,0x9c,0xf7,0x9c,0xf7,0x9c,0xf7,
    0x9c,0xf7,0x9c,0xf7,0x9c,0xf7,0x9c,0xf7,0x9c,0xf7,0x9c,0xf7,0x9c,0xf7,0x9c,0xf7,0x9c,0xf7,0x9c,0xf7,0x9c,0xf7,0x9c,0xf7,0x9c,0xf7,0x9c,0xf7,0x9c,0xf7,0x9c,0xf7,
    0xbd,0xff,0x35,0xd6,0x76,0xde,0x76,0xde,0x76,0xde,0x76,0xde,0x56,0xde,0x9c,0xf7,0x9c,0xf7,0x9c,0xf7,0x9c,0xf7,0x9c,0xf7,0x9c,0xf7,0x9c,0xf7,0x9c,0xf7,0x9c,0xf7,
    0x9c,0xf7,0x9c,0xf7,0x9c,0xf7,0x9c,0xf7,0x9c,0xf7,0x9c,0xf7,0x9c,0xf7,0x9c,0xf7,0x9c,0xf7,0x9c,0xf7,0x9c,0xf7,0x9c,0xf7,0x9c,0xf7,0x9c,0xf7,0x9c,0xf7,0x9c,0xf7,
    0x9c,0xf7,0x9c,0xf7,0x9c,0xf7,0x9c,0xf7,0x9c,0xf7,0x9c,0xf7,0x9c,0xf7,0x9c,0xf7,0x7b,0xf7,0x7c,0xf7,0x9c,0xf7,0x9c,0xf7,0x7c,0xf7,0x9c,0xff,0x9c,0xf7,0x9c,0xf7,
    0x9c,0xf7,0x9c,0xf7,0x9c,0xf7,0x9c,0xf7,0x9c,0xf7,0x9c,0xf7,0x9c,0xf7,0x9c,0xf7,0x9c,0xf7,0x9c,0xf7,0x9c,0xf7,0x7c,0xf7,0x1a,0xef,0xf9,0xe6,0xf9,0xe6,0xd9,0xe6,
    0xd8,0xe6,0x92,0xb5,0xb3,0xbd,0xb3,0xbd,0xd4,0xbd,0xd4,0xc5,0xd4,0xc5,0xd3,0xbd,0xb3,0xbd,0xb4,0xbd,0xd4,0xc5,0xf4,0xbd,0xd4,0xbd,0xd4,0xc5,0xd4,0xbd,0xd4,0xbd,
    0xb3,0xbd,0x93,0xbd,0x93,0xbd,0x93,0xb5,0x73,0xb5,0x2e,0x84,0xe9,0x4a,0xe8,0x4a,0x09,0x4b,0x29,0x53,0x29,0x53,0x4a,0x5b,0x4a,0x5b,0xc8,0x42,0xc8,0x42,0xc8,0x42,
    0xe8,0x4a,0xe9,0x4a,0x09,0x4b,0x09,0x4b,0x09,0x53,0x09,0x53,0x09,0x4b,0xe9,0x4a,0xe9,0x4a,0xe9,0x4a,0xe8,0x4a,0xe9,0x4a,0xe8,0x4a,0xc8,0x4a,0xc8,0x4a,0xc8,0x42,
    0xc8,0x42,0xe8,0x42,0xe9,0x4a,0x09,0x4b,0x09,0x4b,0x09,0x4b,0x09,0x4b,0x29,0x4b,0x29,0x4b,0x29,0x4b,0x29,0x4b,0x09,0x4b,0xe9,0x4a,0xc8,0x42,0xa8,0x42,0xa8,0x42,
    0xa8,0x42,0xa8,0x42,0xc8,0x42,0xc8,0x42,0xe8,0x42,0xe8,0x4a,0xe8,0x4a,0xe8,0x4a,0xe9,0x4a,0x09,0x4b,0x09,0x4b,0xe9,0x4a,0xe9,0x4a,0xe9,0x4a,0xe9,0x4a,0xe9,0x4a,
    0xe9,0x4a,0xe9,0x4a,0xe9,0x4a,0xe9,0x4a,0xe8,0x4a,0xc8,0x42,0xc8,0x42,0xc8,0x42,0xc8,0x4a,0xc8,0x4a,0xc8,0x42,0xe9,0x4a,0x09,0x4b,0x09,0x4b,0xe9,0x4a,0xc8,0x42,
    0xc8,0x42,0xa8,0x42,0xa8,0x42,0xc8,0x42,0x2d,0x84,0x72,0xb5,0x72,0xb5,0xb3,0xbd,0xd4,0xc5,0xf4,0xc5,0xf5,0xc5,0xf4,0xc5,0xd4,0xc5,0xd4,0xbd,0xd4,0xbd,0xb3,0xbd,
    0xb3,0xbd,0xb3,0xbd,0xb3,0xbd,0xd3,0xbd,0xd4,0xbd,0xd4,0xc5,0xd4,0xbd,0x76,0xde,0x76,0xde,0xb8,0xde,0xd8,0xe6,0xf9,0xee,0x3a,0xef,0x3a,0xef,0x5b,0xf7,0x9c,0xf7,
    0x9c,0xf7,0x9c,0xf7,0x9c,0xf7,0x9c,0xf7,0x9c,0xf7,0x9c,0xf7,0x9c,0xf7,0x9c,0xf7,0x9c,0xf7,0x9c,0xf7,0x9c,0xf7,0x9c,0xf7,0x9c,0xf7,0x9c,0xf7,0x9c,0xf7,0x9c,0xf7,
    0x9c,0xf7,0x9c,0xf7,0x9c,0xf7,0x9c,0xf7,0x9c,0xf7,0x9c,0xf7,0x9c,0xf7,0x9c,0xf7,0x9c,0xf7,0x9c,0xf7,0x9c,0xf7,0x9c,0xf7,0x9c,0xf7,0x9c,0xf7,0x9c,0xf7,0x9c,0xf7,
    0x9c,0xf7,0x9c,0xf7,0x9c,0xf7,0x9c,0xf7,0x9c,0xf7,0x9c,0xf7,0x9c,0xf7,0x7c,0xf7,0x9c,0xf7,0x9c,0xf7,0xbc,0xff,0x9c,0xff,0xbc,0xff,0x9c,0xf7,0x9c,0xf7,0x9c,0xf7,
    0x9c,0xf7,0x9c,0xf7,0x9c,0xf7,0x9c,0xf7,0x9c,0xf7,0x9c,0xf7,0x9c,0xf7,0x9c,0xf7,0x9c,0xf7,0x9c,0xf7,0x9c,0xf7,0x9c,0xf7,0x9c,0xf7,0x9c,0xf7,0x9c,0xf7,0x9c,0xf7,
    0x9c,0xf7,0x9c,0xf7,0x9c,0xf7,0x9c,0xf7,0x9c,0xf7,0x9c,0xf7,0x9c,0xf7,0x9c,0xf7,0x9c,0xf7,0x9c,0xf7,0x9c,0xf7,0x9c,0xf7,0x9c,0xf7,0x9c,0xf7,0x9c,0xf7,0x9c,0xf7,
    0x9c,0xf7,0x9c,0xf7,0x9c,0xf7,0x9c,0xf7,0x9c,0xf7,0x9c,0xf7,0x9c,0xf7,0x9c,0xf7,0x9c,0xf7,0x9c,0xf7,0x9c,0xf7,0x9c,0xf7,0x9c,0xf7,0x9c,0xf7,0x9c,0xf7,0x9c,0xf7,
    0x9c,0xf7,0x9d,0xf7,0x9d,0xf7,0x9c,0xf7,0x9c,0xf7,0x9c,0xf7,0x7b,0xf7,0x35,0xd6,0x56,0xde,0x76,0xde,0x77,0xde,0x77,0xde,0x76,0xde,0x56,0xde,0x76,0xde,0x77,0xde,
    0x97,0xe6,0x97,0xde,0x77,0xde,0x76,0xde,0x56,0xde,0x56,0xde,0x56,0xde,0x55,0xde,0x55,0xde,0x56,0xde,0x56,0xde,0xb0,0x94,0x09,0x4b,0x09,0x4b,0x29,0x4b,0x29,0x53,
    0x29,0x53,0x29,0x53,0x09,0x4b,0xa8,0x3a,0xa8,0x42,0xa8,0x42,0xa8,0x42,0xa8,0x42,0xa8,0x42,0xc8,0x42,0xc8,0x42,0xc9,0x42,0xc8,0x42,0xc8,0x42,0xc8,0x42,0xa8,0x42,
    0xa8,0x42,0xa8,0x42,0xa8,0x42,0xa8,0x42,0xa8,0x42,0xa8,0x42,0xa8,0x42,0xc8,0x42,0xe9,0x42,0xe9,0x4a,0xe9,0x4a,0xe9,0x4a,0xe9,0x4a,0xe9,0x4a,0xe9,0x4a,0xe9,0x4a,
    0xe9,0x4a,0xc9,0x42,0xc8,0x42,0xc8,0x42,0xa8,0x42,0xa8,0x42,0xa8,0x42,0xa8,0x42,0xa8,0x42,0xc8,0x42,0xc8,0x42,0xc8,0x42,0xc8,0x42,0xe8,0x42,0xe8,0x42,0xe8,0x42,
    0xe8,0x42,0xc8,0x42,0xc8,0x42,0xc8,0x42,0xc8,0x42,0xc8,0x42,0xc8,0x42,0xc8,0x42,0xc8,0x42,0xc8,0x42,0xc8,0x42,0xc8,0x42,0xc8,0x42,0xa8,0x42,0xc8,0x42,0xc8,0x42,
    0xe9,0x42,0xe9,0x4a,0x09,0x4b,0x09,0x4b,0x09,0x4b,0xe9,0x4a,0xe8,0x42,0xa8,0x42,0xa8,0x42,0x88,0x42,0xb0,0x94,0x35,0xd6,0x35,0xde,0x56,0xde,0x56,0xde,0x76,0xde,
    0x76,0xde,0x76,0xde,0x76,0xde,0x76,0xde,0x76,0xde,0x76,0xde,0x56,0xde,0x56,0xde,0x76,0xde,0x76,0xde,0x76,0xde,0x76,0xde,0x55,0xde,0x9c,0xf7,0x7c,0xf7,0x9c,0xf7,
    0x9c,0xf7,0x9c,0xf7,0x9c,0xf7,0x9c,0xff,0x9c,0xf7,0x9c,0xf7,0x9c,0xf7,0x9c,0xf7,0x9c,0xf7,0x9c,0xf7,0x9c,0xf7,0x9c,0xf7,0x9c,0xf7,0x9c,0xf7,0x9c,0xf7,0x9c,0xf7,
    0x9c,0xf7,0x9c,0xf7,0x9c,0xf7,0x9c,0xf7,0x9c,0xf7,0x9c,0xf7,0x9c,0xf7,0x9c,0xf7,0x9c,0xf7,0x9c,0xf7,0x9c,0xf7,0x9c,0xf7,0x9c,0xf7,0x9c,0xf7,0x9c,0xf7,0x9c,0xf7,
    0x9c,0xf7,0x9c,0xf7,0x9c,0xf7,0x9c,0xf7,0x9c,0xf7,0x9c,0xf7,0x9c,0xf7,0x9c,0xf7,0x9c,0xf7,0x9c,0xf7,0x9c,0xf7,0x9c,0xf7,0x9c,0xf7,0x9c,0xf7,0x9c,0xf7,0x9c,0xf7,
    0x9c,0xf7,0x9c,0xf7,0x9c,0xf7,0x9c,0xf7,0x9c,0xf7,0x9c,0xf7,0x9c,0xf7,0x9c,0xf7,0x9c,0xf7,0x9c,0xf7,0x9c,0xf7,0x9c,0xf7,0x9c,0xf7,0x9c,0xf7,0x9c,0xf7,0x9c,0xf7,
    0x9c,0xf7,0x9c,0xf7,0x9c,0xf7,0x9c,0xf7,0x9c,0xf7,0x9c,0xf7,0x9c,0xf7,0x9c,0xf7,0x9c,0xf7,0x9c,0xf7,0x9c,0xf7,0x9c,0xf7,0x9c,0xf7,0x9c,0xf7,0x9c,0xf7,0x9c,0xf7,
    0x9c,0xf7,0x9c,0xf7,0x9c,0xf7,0x9c,0xf7,0x9c,0xf7,0x9c,0xf7,0x9c,0xf7,0x9c,0xf7,0x9c,0xf7,0x9c,0xf7,0x9c,0xf7,0x9c,0xf7,0x9c,0xf7,0x9c,0xf7,0x9c,0xf7,0x9c,0xf7,
    0x9c,0xf7,0x9c,0xf7,0x9c,0xf7,0x9c,0xf7,0x9c,0xf7,0x9c,0xf7,0x9c,0xf7,0x9c,0xf7,0x9c,0xf7,0x9c,0xf7,0x9c,0xf7,0x9c,0xf7,0x7c,0xf7,0x35,0xd6,0x56,0xde,0x76,0xde,
    0x77,0xde,0x77,0xde,0x76,0xde,0x76,0xde,0x77,0xde,0x77,0xde,0x77,0xde,0x77,0xde,0x76,0xde,0x76,0xde,0x56,0xde,0x56,0xde,0x55,0xde,0x35,0xde,0x35,0xde,0x35,0xde,
    0x56,0xde,0x90,0x94,0xc9,0x42,0xc9,0x42,0xe9,0x4a,0xe9,0x4a,0xe9,0x4a,0xe9,0x42,0xe9,0x42,0x67,0x32,0x67,0x3a,0x67,0x3a,0x68,0x3a,0x88,0x3a,0x88,0x3a,0x88,0x3a,
    0x88,0x3a,0x88,0x3a,0x88,0x3a,0x88,0x3a,0x88,0x3a,0x88,0x3a,0x67,0x3a,0x67,0x3a,0x67,0x3a,0x67,0x3a,0x67,0x3a,0x88,0x3a,0x88,0x3a,0xa8,0x3a,0xa8,0x3a,0xa8,0x42,
    0xa8,0x42,0xa8,0x42,0xa8,0x42,0xa8,0x42,0xa8,0x42,0xa8,0x42,0xa8,0x42,0xa8,0x3a,0x88,0x3a,0x88,0x3a,0x67,0x3a,0x67,0x3a,0x87,0x3a,0x88,0x3a,0x88,0x3a,0x88,0x3a,
    0xa8,0x3a,0xa8,0x42,0xa8,0x42,0xa8,0x42,0xa8,0x42,0xa8,0x3a,0xa8,0x3a,0xa8,0x3a,0x88,0x3a,0x88,0x3a,0x88,0x3a,0x88,0x3a,0x88,0x3a,0x88,0x3a,0x88,0x3a,0x88,0x3a,
    0x88,0x3a,0x88,0x3a,0x87,0x3a,0x87,0x3a,0x88,0x3a,0x88,0x3a,0xa8,0x3a,0xa8,0x42,0xc8,0x42,0xc8,0x42,0xc8,0x42,0xc8,0x42,0xa8,0x3a,0x88,0x3a,0x87,0x3a,0x67,0x3a,
    0xd0,0x94,0x35,0xd6,0x55,0xde,0x56,0xde,0x56,0xde,0x76,0xde,0x56,0xde,0x76,0xde,0x76,0xde,0x56,0xde,0x56,0xde,0x56,0xde,0x56,0xde,0x56,0xde,0x76,0xde,0x76,0xde,
    0x76,0xde,0x76,0xde,0x35,0xde,0x9c,0xf7,0x7b,0xf7,0x9c,0xf7,0x9c,0xf7,0x9c,0xf7,0x9c,0xf7,0x9c,0xf7,0x9c,0xf7,0x9c,0xf7,0x9c,0xf7,0x9c,0xf7,0x9c,0xf7,0x9c,0xf7,
    0x9c,0xf7,0x9c,0xf7,0x9c,0xf7,0x9c,0xf7,0x9c,0xf7,0x9c,0xf7,0x9c,0xf7,0x9c,0xf7,0x9c,0xf7,0x9c,0xf7,0x9c,0xf7,0x9c,0xf7,0x9c,0xf7,0x9c,0xf7,0x9c,0xf7,0x9c,0xf7,
    0x9c,0xf7,0x9c,0xf7,0x9c,0xf7,0x9c,0xf7,0x9c,0xf7,0x9c,0xf7,0x9c,0xf7,0x9c,0xf7,0x9c,0xf7,0x9c,0xf7,0x9c,0xf7,0x9c,0xf7,0x9c,0xf7,0x9c,0xf7,0x9c,0xf7,0x9c,0xf7,
    0x9c,0xf7,0x9c,0xf7,0x9c,0xf7,0x9c,0xf7,0x9c,0xf7,0x9c,0xf7,0x9c,0xf7,0x9c,0xf7,0x9c,0xf7,0x9c,0xf7,0x9c,0xf7,0x9c,0xf7,0x9c,0xf7,0x9c,0xf7,0x9c,0xf7,0x9c,0xf7,
    0x9c,0xf7,0x9c,0xf7,0x9c,0xf7,0x9c,0xf7,0x9c,0xf7,0x9c,0xf7,0x9c,0xf7,0x9c,0xf7,0x9c,0xf7,0x9c,0xf7,0x9c,0xf7,0x9c,0xf7,0x9c,0xf7,0x9c,0xf7,0x9c,0xf7,0x9c,0xf7,
    0x9c,0xf7,0x9c,0xf7,0x9c,0xf7,0x9c,0xf7,0x9c,0xf7,0x9c,0xf7,0x9c,0xf7,0x9c,0xf7,0x9c,0xf7,0x9c,0xf7,0x9c,0xf7,0x9c,0xf7,0x9c,0xf7,0x9c,0xf7,0x9c,0xf7,0x9c,0xf7,
    0x9c,0xf7,0x9c,0xf7,0x9c,0xf7,0x9c,0xf7,0x9c,0xf7,0x9c,0xf7,0x9c,0xf7,0x9c,0xf7,0x9c,0xf7,0x9c,0xf7,0x9c,0xf7,0x9c,0xf7,0x9c,0xf7,0x9c,0xf7,0x9c,0xf7,0x9c,0xf7,
    0x9c,0xf7,0x9c,0xf7,0x9c,0xf7,0x9c,0xf7,0x9c,0xf7,0x9c,0xf7,0x9c,0xf7,0x9c,0xf7,0x9c,0xf7,0x9c,0xf7,0x9c,0xf7,0x9c,0xf7,0x9c,0xf7,0x9c,0xf7,0x9c,0xf7,0x9c,0xf7,
    0x9c,0xf7,0x9c,0xf7,0x9c,0xf7,0x9c,0xf7,0x9c,0xf7,0x9c,0xf7,0x9c,0xf7,0x1a,0xef,0x97,0xde,0x97,0xde,0xb7,0xe6,0xb8,0xe6,0xb8,0xe6,0xd8,0xe6,0xd8,0xe6,0xd8,0xe6,
    0xd8,0xe6,0xd8,0xe6,0xb8,0xe6,0xb8,0xe6,0xb8,0xe6,0xb8,0xe6,0xb8,0xe6,0xb8,0xe6,0xb8,0xe6,0xb8,0xe6,0xb8,0xe6,0xb8,0xe6,0xb8,0xe6,0xb8,0xe6,0xb8,0xe6,0xb8,0xe6,
    0xb8,0xe6,0xd8,0xe6,0xb8,0xe6,0xb8,0xe6,0xb8,0xe6,0xb8,0xe6,0xb8,0xe6,0xb8,0xe6,0xb8,0xe6,0xb8,0xe6,0xb7,0xe6,0xb7,0xe6,0xb7,0xe6,0xb7,0xe6,0xb7,0xe6,0xb7,0xe6,
    0xb7,0xe6,0xb7,0xe6,0xb7,0xe6,0xb7,0xe6,0xb7,0xe6,0xb8,0xe6,0xb8,0xe6,0xb8,0xe6,0xb8,0xe6,0xb7,0xe6,0xb7,0xe6,0xb7,0xe6,0xb8,0xe6,0xb7,0xe6,0xb7,0xe6,0xb8,0xe6,
    0xb7,0xe6,0xb8,0xe6,0xb8,0xe6,0xb8,0xe6,0xb7,0xe6,0xb8,0xe6,0xb8,0xe6,0xb7,0xe6,0xb7,0xe6,0xb7,0xe6,0xb7,0xe6,0xb7,0xe6,0xb8,0xe6,0xb8,0xe6,0xd8,0xe6,0xd8,0xe6,
    0xd8,0xe6,0xb8,0xe6,0xb7,0xe6,0x97,0xe6,0x97,0xe6,0xb7,0xe6,0x5b,0xf7,0x9c,0xf7,0x9c,0xf7,0x9c,0xf7,0x9c,0xf7,0x9c,0xf7,0x9c,0xf7,0x9c,0xf7,0x9c,0xf7,0x9c,0xf7,
    0x9c,0xf7,0x9c,0xf7,0x9c,0xf7,0x9c,0xf7,0x9c,0xf7,0x9c,0xf7,0x9c,0xf7,0x9c,0xf7,0x9c,0xf7,0x9c,0xf7,0x9c,0xf7,0x9c,0xf7,0x9c,0xf7,0x9c,0xf7,0x9c,0xf7,0x9c,0xf7,
    0x9c,0xf7,0x9c,0xf7,0x9c,0xf7,0x9c,0xf7,0x9c,0xf7,0x9c,0xf7,0x9c,0xf7,0x9c,0xf7,0x9c,0xf7,0x9c,0xf7,0x9c,0xf7,0x9c,0xf7,0x9c,0xf7,0x9c,0xf7,0x9c,0xf7,0x9c,0xf7,
    0x9c,0xf7,0x9c,0xf7,0x9c,0xf7,0x9c,0xf7,0x9c,0xf7,0x9c,0xf7,0x9c,0xf7,0x9c,0xf7,0x9c,0xf7,0x9c,0xf7,0x9c,0xf7,0x9c,0xf7,0x9c,0xf7,0x9c,0xf7,0x9c,0xf7,0x9c,0xf7,
    0x9c,0xf7,0x9c,0xf7,0x9c,0xf7,0x9c,0xf7,0x9c,0xf7,0x9c,0xf7,0x9c,0xf7,0x9c,0xf7,0x9c,0xf7,0x9c,0xf7,0x9c,0xf7,0x9c,0xf7,0x9c,0xf7,0x9c,0xf7,0x9c,0xf7,0x9c,0xf7,
    0x9c,0xf7,0x9c,0xf7,0x9c,0xf7,0x9c,0xf7,0x9c,0xf7,0x9c,0xf7,0x9c,0xf7,0x9c,0xf7,0x9c,0xf7,0x9c,0xf7,0x9c,0xf7,0x9c,0xf7,0x9c,0xf7,0x9c,0xf7,0x9c,0xf7,0x9c,0xf7,
    0x9c,0xf7,0x9c,0xf7,0x9c,0xf7,0x9c,0xf7,0x9c,0xf7,0x9c,0xf7,0x9c,0xf7,0x9c,0xf7,0x9c,0xf7,0x9c,0xf7,0x9c,0xf7,0x9c,0xf7,0x9c,0xf7,0x9c,0xf7,0x9c,0xf7,0x9c,0xf7,
    0x9c,0xf7,0x9c,0xf7,0x9c,0xf7,0x9c,0xf7,0x9c,0xf7,0x9c,0xf7,0x9c,0xf7,0x9c,0xf7,0x9c,0xf7,0x9c,0xf7,0x9c,0xf7,0x9c,0xf7,0x9c,0xf7,0x9c,0xf7,0x9c,0xf7,0x9c,0xf7,
    0x9c,0xf7,0x9c,0xf7,0x9c,0xf7,0x9c,0xf7,0x9c,0xf7,0x9c,0xf7,0x9c,0xf7,0x9c,0xf7,0x9c,0xf7,0x9c,0xf7,0x9c,0xf7,0x9c,0xf7,0x9c,0xf7,0x9c,0xf7,0x9c,0xf7,0x9c,0xf7,
    0x9c,0xf7,0x9c,0xf7,0x9c,0xf7,0x9c,0xf7,0x9c,0xf7,0x9c,0xf7,0x9c,0xf7,0x9c,0xf7,0x9c,0xf7,0x9c,0xf7,0x9c,0xf7,0x9c,0xf7,0x9c,0xf7,0x5b,0xf7,0xf9,0xee,0xf9,0xee,
    0xf9,0xee,0x19,0xef,0x19,0xef,0x19,0xef,0x19,0xef,0x19,0xef,0x19,0xef,0x19,0xef,0x19,0xef,0x19,0xef,0x19,0xef,0x19,0xef,0x19,0xef,0x19,0xef,0xf9,0xee,0xf9,0xee,
    0x19,0xef,0x19,0xef,0x19,0xef,0x19,0xef,0x19,0xef,0x19,0xef,0x19,0xef,0x19,0xef,0x19,0xef,0x19,0xef,0x19,0xef,0x19,0xef,0x19,0xef,0xf9,0xee,0xf9,0xee,0xf9,0xee,
    0xf9,0xee,0xf9,0xee,0xf9,0xee,0xf9,0xee,0xf9,0xee,0xf9,0xee,0xf9,0xee,0xf9,0xee,0x19,0xef,0x19,0xef,0x19,0xef,0x19,0xef,0x19,0xef,0xf9,0xee,0xf9,0xee,0xf9,0xee,
    0xf9,0xee,0xf9,0xee,0xf9,0xee,0x19,0xef,0x19,0xef,0x19,0xef,0xf9,0xee,0xf9,0xee,0xf9,0xee,0x19,0xef,0x19,0xef,0x19,0xef,0x19,0xef,0xf9,0xee,0xf9,0xee,0xf9,0xee,
    0xf9,0xee,0xf9,0xee,0xf9,0xee,0xf9,0xee,0xf9,0xee,0x19,0xef,0x19,0xef,0xf9,0xee,0xf9,0xee,0xf9,0xee,0xf9,0xee,0x19,0xef,0x7c,0xf7,0x9c,0xf7,0x9c,0xf7,0x9c,0xf7,
    0x9c,0xf7,0x9c,0xf7,0x9c,0xf7,0x9c,0xf7,0x9c,0xf7,0x9c,0xf7,0x9c,0xf7,0x9c,0xf7,0x9c,0xf7,0x9c,0xf7,0x9c,0xf7,0x9c,0xf7,0x9c,0xf7,0x9c,0xf7,0x9c,0xf7,0x9c,0xf7,
    0x9c,0xf7,0x9c,0xf7,0x9c,0xf7,0x9c,0xf7,0x9c,0xf7,0x9c,0xf7,0x9c,0xf7,0x9c,0xf7,0x9c,0xf7,0x9c,0xf7,0x9c,0xf7,0x9c,0xf7,0x9c,0xf7,0x9c,0xf7,0x9c,0xf7,0x9c,0xf7,
    0x9c,0xf7,0x9c,0xf7,0x9c,0xf7,0x9c,0xf7,0x9c,0xf7,0x9c,0xf7,0x9c,0xf7,0x9c,0xf7,0x9c,0xf7,0x9c,0xf7,0x9c,0xf7,0x9c,0xf7,0x9c,0xf7,0x9c,0xf7,0x9c,0xf7,0x9c,0xf7,
    0x9c,0xf7,0x9c,0xf7,0x9c,0xf7,0x9c,0xf7,0x9c,0xf7,0x9c,0xf7,0x9c,0xf7,0x9c,0xf7,0x9c,0xf7,0x9c,0xf7,0x9c,0xf7,0x9c,0xf7,0x9c,0xf7,0x9c,0xf7,0x9c,0xf7,0x9c,0xf7,
    0x9c,0xf7,0x9c,0xf7,0x9c,0xf7,0x9c,0xf7,0x9c,0xf7,0x9c,0xf7,0x9c,0xf7,0x9c,0xf7,0x9c,0xf7,0x9c,0xf7,0x9c,0xf7,0x9c,0xf7,0x9c,0xf7,0x9c,0xf7,0x9c,0xf7,0x9c,0xf7,
    0x9c,0xf7,0x9c,0xf7,0x9c,0xf7,0x9c,0xf7,0x9c,0xf7,0x9c,0xf7,0x9c,0xf7,0x9c,0xf7,0x9c,0xf7,0x9c,0xf7,0x9c,0xf7,0x9c,0xf7,0x9c,0xf7,0x9c,0xf7,0x9c,0xf7,0x9c,0xf7,
    0x9c,0xf7,0x9c,0xf7,0x9c,0xf7,0x9c,0xf7,0x9c,0xf7,0x9c,0xf7,0x9c,0xf7,0x9c,0xf7,0x9c,0xf7,0x9c,0xf7,0x9c,0xf7,0x9c,0xf7,0x9c,0xf7,0x9c,0xf7,0x9c,0xf7,0x9c,0xf7,
    0x9c,0xf7,0x9c,0xf7,0x9c,0xf7,0x9c,0xf7,0x9c,0xf7,0x9c,0xf7,0x9c,0xf7,0x9c,0xf7,0x9c,0xf7,0x9c,0xf7,0x9c,0xf7,0x9c,0xf7,0x9c,0xf7,0x9c,0xf7,0x9c,0xf7,0x9c,0xf7,
    0x9c,0xf7,0x9c,0xf7,0x9c,0xf7,0x9c,0xf7,0x9c,0xf7,0x9c,0xf7,0x9c,0xf7,0x9c,0xf7,0x9c,0xf7,0x9c,0xf7,0x9c,0xf7,0x9c,0xf7,0x9c,0xf7,0x9c,0xf7,0x9c,0xf7,0x9c,0xf7,
    0x9c,0xf7,0x9c,0xf7,0x9c,0xf7,0x9c,0xf7,0x5b,0xf7,0x5b,0xf7,0x7b,0xf7,0x7b,0xf7,0x7b,0xf7,0x7b,0xf7,0x7b,0xf7,0x7b,0xf7,0x7b,0xf7,0x7b,0xf7,0x7b,0xf7,0x7b,0xf7,
    0x7b,0xf7,0x7b,0xf7,0x7b,0xf7,0x7b,0xf7,0x7b,0xf7,0x7b,0xf7,0x7b,0xf7,0x7b,0xf7,0x7b,0xf7,0x7b,0xf7,0x7b,0xf7,0x7b,0xf7,0x7b,0xf7,0x7b,0xf7,0x7b,0xf7,0x7b,0xf7,
    0x7b,0xf7,0x7b,0xf7,0x7b,0xf7,0x5b,0xf7,0x5b,0xf7,0x7b,0xf7,0x7b,0xf7,0x7b,0xf7,0x7b,0xf7,0x7b,0xf7,0x5b,0xf7,0x7b,0xf7,0x7b,0xf7,0x7b,0xf7,0x7b,0xf7,0x7b,0xf7,
    0x7b,0xf7,0x5b,0xf7,0x7b,0xf7,0x7b,0xf7,0x7b,0xf7,0x7b,0xf7,0x7b,0xf7,0x5b,0xf7,0x5b,0xf7,0x7b,0xf7,0x7b,0xf7,0x7b,0xf7,0x7b,0xf7,0x7b,0xf7,0x5b,0xf7,0x7b,0xf7,
    0x7b,0xf7,0x7b,0xf7,0x7b,0xf7,0x7b,0xf7,0x7b,0xf7,0x7b,0xf7,0x7b,0xf7,0x7b,0xf7,0x7b,0xf7,0x7b,0xf7,0x7b,0xf7,0x7b,0xf7,0x7b,0xf7,0x7b,0xf7,0x7b,0xf7,0x7b,0xf7,
    0x7b,0xf7,0x7b,0xf7,0x9c,0xf7,0x9c,0xf7,0x9c,0xf7,0x9c,0xf7,0x9c,0xf7,0x9c,0xf7,0x9c,0xf7,0x9c,0xf7,0x9c,0xf7,0x9c,0xf7,0x9c,0xf7,0x9c,0xf7,0x9c,0xf7,0x9c,0xf7,
    0x9c,0xf7,0x9c,0xf7,0x9c,0xf7,0x9c,0xf7,0x9c,0xf7,0x9c,0xf7,0x9c,0xf7,0x9c,0xf7,0x9c,0xf7,0x9c,0xf7,0x9c,0xf7,0x9c,0xf7,0x9c,0xf7,0x9c,0xf7,0x9c,0xf7,0x9c,0xf7,
    0x9c,0xf7,0x9c,0xf7,0x9c,0xf7,0x9c,0xf7,0x9c,0xf7,0x9c,0xf7,0x9c,0xf7,0x9c,0xf7,0x9c,0xf7,0x9c,0xf7,0x9c,0xf7,0x9c,0xf7,0x9c,0xf7,0x9c,0xf7,0x9c,0xf7,0x9c,0xf7,
    0x9c,0xf7,0x9c,0xf7,0x9c,0xf7,0x9c,0xf7,0x9c,0xf7,0x9c,0xf7,0x9c,0xf7,0x9c,0xf7,0x9c,0xf7,0x9c,0xf7,0x9c,0xf7,0x9c,0xf7,0x9c,0xf7,0x9c,0xf7,0x9c,0xf7,0x9c,0xf7,
    0x9c,0xf7,0x9c,0xf7,0x9c,0xf7,0x9c,0xf7,0x9c,0xf7,0x9c,0xf7,0x9c,0xf7,0x9c,0xf7,0x9c,0xf7,0x9c,0xf7,0x9c,0xf7,0x9c,0xf7,0x9c,0xf7,0x9c,0xf7,0x9c,0xf7,0x9c,0xf7,
    0x9c,0xf7,0x9c,0xf7,0x9c,0xf7,0x9c,0xf7,0x9c,0xf7,0x9c,0xf7,0x9c,0xf7,0x9c,0xf7,0x9c,0xf7,0x9c,0xf7,0x9c,0xf7,0x9c,0xf7,0x9c,0xf7,0x9c,0xf7,0x9c,0xf7,0x9c,0xf7,
    0x9c,0xf7,0x9c,0xf7,0x9c,0xf7,0x9c,0xf7,0x9c,0xf7,0x9c,0xf7,0x9c,0xf7,0x9c,0xf7,0x9c,0xf7,0x9c,0xf7,0x9c,0xf7,0x9c,0xf7,0x9c,0xf7,0x9c,0xf7,0x9c,0xf7,0x9c,0xf7,
    0x9c,0xf7,0x9c,0xf7,0x9c,0xf7,0x9c,0xf7,0x9c,0xf7,0x9c,0xf7,0x9c,0xf7,0x9c,0xf7,0x9c,0xf7,0x9c,0xf7,0x9c,0xf7,0x9c,0xf7,0x9c,0xf7,0x9c,0xf7,0x9c,0xf7,0x9c,0xf7,
    0x9c,0xf7,0x9c,0xf7,0x9c,0xf7,0x9c,0xf7,0x9c,0xf7,0x9c,0xf7,0x9c,0xf7,0x9c,0xf7,0x9c,0xf7,0x9c,0xf7,0x9c,0xf7,0x9c,0xf7,0x9c,0xf7,0x9c,0xf7,0x9c,0xf7,0x9c,0xf7,
    0x9c,0xf7,0x9c,0xf7,0x9c,0xf7,0x9c,0xf7,0x9c,0xf7,0x9c,0xf7,0x9c,0xf7,0x9c,0xf7,0x9c,0xf7,0x9c,0xf7,0x9c,0xf7,0x9c,0xf7,0x9c,0xf7,0x9c,0xf7,0x9c,0xf7,0x9c,0xf7,
    0x9c,0xf7,0x9c,0xf7,0x9c,0xf7,0x9c,0xf7,0x9c,0xf7,0x9c,0xf7,0x9c,0xf7,0x9c,0xf7,0x9c,0xf7,0x9c,0xf7,0x9c,0xf7,0x9c,0xf7,0x9c,0xf7,0x9c,0xf7,0x9c,0xf7,0x9c,0xf7,
    0x9c,0xf7,0x9c,0xf7,0x9c,0xf7,0x9c,0xf7,0x9c,0xf7,0x9c,0xf7,0x9c,0xf7,0x9c,0xf7,0x9c,0xf7,0x9c,0xf7,0x9c,0xf7,0x9c,0xf7,0x9c,0xf7,0x9c,0xf7,0x9c,0xf7,0x9c,0xf7,
    0x9c,0xf7,0x9c,0xf7,0x9c,0xf7,0x9c,0xf7,0x9c,0xf7,0x9c,0xf7,0x9c,0xf7,0x9c,0xf7,0x9c,0xf7,0x9c,0xf7,0x9c,0xf7,0x9c,0xf7,0x9c,0xf7,0x9c,0xf7,0x9c,0xf7,0x9c,0xf7,
    0x9c,0xf7,0x9c,0xf7,0x9c,0xf7,0x9c,0xf7,0x9c,0xf7,0x9c,0xf7,0x9c,0xf7,0x9c,0xf7,0x9c,0xf7,0x9c,0xf7,0x9c,0xf7,0x9c,0xf7,0x9c,0xf7,0x9c,0xf7,0x9c,0xf7,0x9c,0xf7,
    0x9c,0xf7,0x9c,0xf7,0x9c,0xf7,0x9c,0xf7,0x9c,0xf7,0x9c,0xf7,0x9c,0xf7,0x9c,0xf7,0x9c,0xf7,0x9c,0xf7,0x9c,0xf7,0x9c,0xf7,0x9c,0xf7,0x9c,0xf7,0x9c,0xf7,0x9c,0xf7,
    0x9c,0xf7,0x9c,0xf7,0x9c,0xf7,0x9c,0xf7,0x9c,0xf7,0x9c,0xf7,0x9c,0xf7,0x9c,0xf7,0x9c,0xf7,0x9c,0xf7,0x9c,0xf7,0x9c,0xf7,0x9c,0xf7,0x9c,0xf7,0x9c,0xf7,0x9c,0xf7,
    0x9c,0xf7,0x9c,0xf7,0x9c,0xf7,0x9c,0xf7,0x9c,0xf7,0x9c,0xf7,0x9c,0xf7,0x9c,0xf7,0x9c,0xf7,0x9c,0xf7,0x9c,0xf7,0x9c,0xf7,0x9c,0xf7,0x9c,0xf7,0x9c,0xf7,0x9c,0xf7,
    0x9c,0xf7,0x9c,0xf7,0x9c,0xf7,0x9c,0xf7,0x9c,0xf7,0x9c,0xf7,0x9c,0xf7,0x9c,0xf7,0x9c,0xf7,0x9c,0xf7,0x9c,0xf7,0x9c,0xf7,0x9c,0xf7,0x9c,0xf7,0x9c,0xf7,0x9c,0xf7,
    0x9c,0xf7,0x9c,0xf7,0x9c,0xf7,0x9c,0xf7,0x9c,0xf7,0x9c,0xf7,0x9c,0xf7,0x9c,0xf7,0x9c,0xf7,0x9c,0xf7,0x9c,0xf7,0x9c,0xf7,0x9c,0xf7,0x9c,0xf7,0x9c,0xf7,0x9c,0xf7,
    0x9c,0xf7,0x9c,0xf7,0x9c,0xf7,0x9c,0xf7,0x9c,0xf7,0x9c,0xf7,0x9c,0xf7,0x9c,0xf7,0x9c,0xf7,0x9c,0xf7,0x9c,0xf7,0x9c,0xf7,0x9c,0xf7,0x9c,0xf7,0x9c,0xf7,0x9c,0xf7,
    0x9c,0xf7,0x9c,0xf7,
};

const lv_image_dsc_t folotoy_pomodoro_scene = {
  .header = {
    .magic = LV_IMAGE_HEADER_MAGIC,
    .cf = LV_COLOR_FORMAT_RGB565,
    .flags = 0,
    .w = 230,
    .h = 107,
    .stride = 460,
    .reserved_2 = 0,
  },
  .data_size = sizeof(folotoy_pomodoro_scene_map),
  .data = folotoy_pomodoro_scene_map,
  .reserved = NULL,
};
