
#if defined(LV_LVGL_H_INCLUDE_SIMPLE)
#include "lvgl.h"
#elif defined(LV_LVGL_H_INCLUDE_SYSTEM)
#include <lvgl.h>
#elif defined(LV_BUILD_TEST)
#include "../lvgl.h"
#else
#include "lvgl.h"
#endif

#ifndef LV_ATTRIBUTE_MEM_ALIGN
#define LV_ATTRIBUTE_MEM_ALIGN
#endif

#ifndef LV_ATTRIBUTE_FOLOTOY_POMODORO_SCENE_FOREST
#define LV_ATTRIBUTE_FOLOTOY_POMODORO_SCENE_FOREST
#endif

static const
LV_ATTRIBUTE_MEM_ALIGN LV_ATTRIBUTE_LARGE_CONST LV_ATTRIBUTE_FOLOTOY_POMODORO_SCENE_FOREST
uint8_t folotoy_pomodoro_scene_forest_map[] = {
    0x54,0xde,0x54,0xde,0x54,0xde,0x54,0xde,0x54,0xde,0x54,0xde,0x54,0xde,0x54,0xde,0x54,0xde,0x54,0xde,0x54,0xde,0x54,0xde,0x54,0xde,0x54,0xde,0x54,0xde,0x54,0xde,
    0x54,0xde,0x54,0xde,0x54,0xde,0x54,0xde,0x54,0xde,0x54,0xde,0x54,0xde,0x54,0xde,0x54,0xde,0x54,0xde,0x54,0xde,0x54,0xde,0x54,0xde,0x54,0xde,0x54,0xde,0x54,0xde,
    0x54,0xde,0x54,0xde,0x54,0xde,0x54,0xde,0x54,0xde,0x54,0xde,0x54,0xde,0x54,0xde,0x54,0xde,0x54,0xde,0x54,0xde,0x54,0xde,0x54,0xde,0x54,0xde,0x54,0xde,0x54,0xde,
    0x54,0xde,0x54,0xde,0x54,0xde,0x54,0xde,0x54,0xde,0x54,0xde,0x54,0xde,0x54,0xde,0x54,0xde,0x54,0xde,0x54,0xde,0x54,0xde,0x54,0xde,0x54,0xde,0x54,0xde,0x54,0xde,
    0x54,0xde,0x54,0xde,0x54,0xde,0x54,0xde,0x54,0xde,0x54,0xde,0x54,0xde,0x54,0xde,0x54,0xde,0x54,0xde,0x54,0xde,0x54,0xde,0x54,0xde,0x54,0xde,0x54,0xde,0x54,0xde,
    0x54,0xde,0x54,0xde,0x54,0xde,0x54,0xde,0x54,0xde,0x54,0xde,0x54,0xde,0x54,0xde,0x54,0xde,0x54,0xde,0x54,0xde,0x54,0xde,0x54,0xde,0x54,0xde,0x54,0xde,0x54,0xde,
    0x54,0xde,0x54,0xde,0x54,0xde,0x54,0xde,0x54,0xde,0x54,0xde,0x54,0xde,0x54,0xde,0x54,0xde,0x54,0xde,0x54,0xde,0x54,0xde,0x54,0xde,0x54,0xde,0x54,0xde,0x54,0xde,
    0x54,0xde,0x54,0xde,0x54,0xde,0x54,0xde,0x54,0xde,0x54,0xde,0x54,0xde,0x54,0xde,0x54,0xde,0x54,0xde,0x54,0xde,0x54,0xde,0x54,0xde,0x54,0xde,0x54,0xde,0x54,0xde,
    0x54,0xde,0x54,0xde,0x54,0xde,0x54,0xde,0x54,0xde,0x54,0xde,0x54,0xde,0x54,0xde,0x54,0xde,0x54,0xde,0x54,0xde,0x54,0xde,0x54,0xde,0x54,0xde,0x54,0xde,0x54,0xde,
    0x54,0xde,0x54,0xde,0x54,0xde,0x54,0xde,0x54,0xde,0x54,0xde,0x54,0xde,0x54,0xde,0x54,0xde,0x54,0xde,0x54,0xde,0x54,0xde,0x54,0xde,0x54,0xde,0x54,0xde,0x54,0xde,
    0x54,0xde,0x54,0xde,0x54,0xde,0x54,0xde,0x54,0xde,0x54,0xde,0x54,0xde,0x54,0xde,0x54,0xde,0x54,0xde,0x54,0xde,0x54,0xde,0x54,0xde,0x54,0xde,0x54,0xde,0x54,0xde,
    0x54,0xde,0x54,0xde,0x54,0xde,0x54,0xde,0x54,0xde,0x54,0xde,0x54,0xde,0x54,0xde,0x54,0xde,0x54,0xde,0x54,0xde,0x54,0xde,0x54,0xde,0x54,0xde,0x54,0xde,0x54,0xde,
    0x54,0xde,0x54,0xde,0x54,0xde,0x54,0xde,0x54,0xde,0x54,0xde,0x54,0xde,0x54,0xde,0x54,0xde,0x54,0xde,0x54,0xde,0x54,0xde,0x54,0xde,0x54,0xde,0x54,0xde,0x54,0xde,
    0x54,0xde,0x54,0xde,0x54,0xde,0x54,0xde,0x54,0xde,0x54,0xde,0x54,0xde,0x54,0xde,0x54,0xde,0x54,0xde,0x54,0xde,0x54,0xde,0x54,0xde,0x54,0xde,0x54,0xde,0x54,0xde,
    0x54,0xde,0x54,0xde,0x54,0xde,0x54,0xde,0x54,0xde,0x54,0xde,0x54,0xde,0x54,0xde,0x54,0xde,0x54,0xde,0x54,0xde,0x54,0xde,0x54,0xde,0x54,0xde,0x54,0xde,0x54,0xde,
    0x54,0xde,0x54,0xde,0x54,0xde,0x54,0xde,0x54,0xde,0x54,0xde,0x54,0xde,0x54,0xde,0x54,0xde,0x54,0xde,0x54,0xde,0x54,0xde,0x54,0xde,0x54,0xde,0x54,0xde,0x54,0xde,
    0x54,0xde,0x54,0xde,0x54,0xde,0x54,0xde,0x54,0xde,0x54,0xde,0x54,0xde,0x54,0xde,0x54,0xde,0x54,0xde,0x54,0xde,0x54,0xde,0x54,0xde,0x54,0xde,0x54,0xde,0x54,0xde,
    0x54,0xde,0x54,0xde,0x54,0xde,0x54,0xde,0x54,0xde,0x54,0xde,0x54,0xde,0x54,0xde,0x54,0xde,0x54,0xde,0x54,0xde,0x54,0xde,0x54,0xde,0x54,0xde,0x54,0xde,0x54,0xde,
    0x54,0xde,0x54,0xde,0x54,0xde,0x54,0xde,0x54,0xde,0x54,0xde,0x54,0xde,0x54,0xde,0x54,0xde,0x54,0xde,0x54,0xde,0x54,0xde,0x54,0xd6,0x54,0xd6,0x54,0xd6,0x54,0xd6,
    0x54,0xd6,0x54,0xd6,0x54,0xd6,0x54,0xd6,0x54,0xd6,0x54,0xd6,0x54,0xd6,0x54,0xd6,0x54,0xd6,0x54,0xd6,0x54,0xd6,0x54,0xd6,0x54,0xd6,0x54,0xd6,0x54,0xd6,0x54,0xd6,
    0x54,0xd6,0x54,0xd6,0x54,0xd6,0x54,0xd6,0x54,0xde,0x54,0xd6,0x54,0xd6,0x54,0xd6,0x54,0xd6,0x54,0xd6,0x54,0xd6,0x54,0xd6,0x54,0xd6,0x54,0xd6,0x54,0xd6,0x54,0xd6,
    0x54,0xd6,0x54,0xd6,0x54,0xd6,0x54,0xd6,0x54,0xd6,0x54,0xd6,0x54,0xd6,0x54,0xd6,0x54,0xd6,0x54,0xd6,0x54,0xd6,0x54,0xd6,0x54,0xd6,0x54,0xd6,0x54,0xd6,0x54,0xd6,
    0x54,0xd6,0x54,0xd6,0x54,0xd6,0x54,0xd6,0x54,0xd6,0x54,0xd6,0x54,0xd6,0x54,0xd6,0x54,0xd6,0x54,0xd6,0x54,0xd6,0x54,0xd6,0x54,0xd6,0x54,0xd6,0x54,0xd6,0x54,0xd6,
    0x54,0xd6,0x54,0xd6,0x54,0xd6,0x54,0xd6,0x54,0xd6,0x54,0xd6,0x54,0xd6,0x54,0xd6,0x54,0xd6,0x54,0xd6,0x54,0xd6,0x54,0xd6,0x54,0xd6,0x54,0xd6,0x54,0xd6,0x54,0xd6,
    0x54,0xd6,0x54,0xd6,0x54,0xde,0x54,0xde,0x54,0xde,0x54,0xde,0x54,0xde,0x54,0xde,0x54,0xde,0x54,0xde,0x54,0xde,0x54,0xde,0x54,0xde,0x54,0xde,0x54,0xde,0x54,0xde,
    0x54,0xde,0x54,0xde,0x54,0xde,0x54,0xde,0x54,0xde,0x54,0xde,0x54,0xde,0x54,0xde,0x54,0xde,0x54,0xde,0x54,0xde,0x54,0xde,0x54,0xde,0x54,0xde,0x54,0xde,0x54,0xde,
    0x54,0xde,0x54,0xde,0x54,0xde,0x54,0xde,0x54,0xde,0x54,0xde,0x54,0xde,0x54,0xde,0x54,0xde,0x54,0xde,0x54,0xde,0x54,0xde,0x54,0xde,0x54,0xde,0x54,0xde,0x54,0xde,
    0x54,0xde,0x54,0xde,0x54,0xde,0x54,0xde,0x54,0xde,0x54,0xde,0x54,0xde,0x54,0xde,0x54,0xde,0x54,0xde,0x54,0xde,0x54,0xde,0x54,0xde,0x54,0xde,0x54,0xde,0x54,0xde,
    0x54,0xde,0x54,0xde,0x54,0xde,0x54,0xde,0x54,0xde,0x54,0xde,0x54,0xde,0x54,0xde,0x54,0xde,0x54,0xde,0x54,0xde,0x54,0xde,0x54,0xde,0x54,0xde,0x54,0xde,0x54,0xde,
    0x54,0xde,0x54,0xde,0x54,0xde,0x54,0xde,0x54,0xde,0x54,0xde,0x54,0xde,0x54,0xde,0x54,0xde,0x54,0xde,0x54,0xde,0x54,0xde,0x54,0xde,0x54,0xde,0x54,0xde,0x54,0xde,
    0x54,0xde,0x54,0xde,0x54,0xde,0x54,0xde,0x54,0xde,0x54,0xde,0x54,0xde,0x54,0xde,0x54,0xde,0x54,0xde,0x54,0xde,0x54,0xde,0x54,0xde,0x54,0xde,0x54,0xde,0x54,0xde,
    0x54,0xde,0x54,0xde,0x54,0xde,0x54,0xde,0x54,0xde,0x54,0xde,0x54,0xde,0x54,0xde,0x54,0xde,0x54,0xde,0x54,0xde,0x54,0xde,0x54,0xde,0x54,0xde,0x54,0xde,0x54,0xde,
    0x54,0xde,0x54,0xde,0x54,0xde,0x54,0xde,0x54,0xde,0x54,0xde,0x54,0xde,0x54,0xde,0x54,0xde,0x54,0xde,0x54,0xde,0x54,0xde,0x54,0xde,0x54,0xde,0x54,0xde,0x54,0xde,
    0x54,0xde,0x54,0xde,0x54,0xd6,0x54,0xde,0x54,0xd6,0x54,0xd6,0x54,0xde,0x54,0xd6,0x54,0xd6,0x54,0xd6,0x54,0xd6,0x54,0xd6,0x54,0xd6,0x54,0xd6,0x54,0xd6,0x54,0xd6,
    0x54,0xd6,0x54,0xd6,0x54,0xd6,0x54,0xd6,0x54,0xd6,0x34,0xd6,0x34,0xd6,0x34,0xd6,0x54,0xd6,0x54,0xd6,0x54,0xd6,0x54,0xd6,0x54,0xd6,0x54,0xd6,0x54,0xd6,0x54,0xd6,
    0x54,0xd6,0x54,0xd6,0x54,0xd6,0x54,0xd6,0x54,0xd6,0x54,0xd6,0x54,0xd6,0x54,0xd6,0x54,0xd6,0x54,0xd6,0x54,0xd6,0x54,0xd6,0x54,0xd6,0x54,0xd6,0x54,0xd6,0x54,0xd6,
    0x54,0xd6,0x54,0xd6,0x54,0xd6,0x54,0xd6,0x54,0xd6,0x54,0xd6,0x54,0xd6,0x54,0xd6,0x54,0xd6,0x54,0xd6,0x54,0xd6,0x54,0xd6,0x54,0xd6,0x54,0xd6,0x54,0xd6,0x54,0xd6,
    0x54,0xd6,0x54,0xd6,0x34,0xd6,0x34,0xd6,0x54,0xd6,0x54,0xd6,0x54,0xd6,0x54,0xd6,0x54,0xd6,0x54,0xd6,0x34,0xd6,0x34,0xd6,0x54,0xd6,0x54,0xd6,0x54,0xd6,0x54,0xd6,
    0x54,0xd6,0x54,0xd6,0x54,0xd6,0x54,0xd6,0x54,0xd6,0x54,0xd6,0x54,0xd6,0x54,0xd6,0x54,0xde,0x54,0xde,0x54,0xde,0x54,0xde,0x54,0xde,0x54,0xde,0x54,0xde,0x54,0xde,
    0x54,0xde,0x54,0xde,0x54,0xde,0x54,0xde,0x54,0xde,0x54,0xde,0x54,0xde,0x54,0xde,0x54,0xde,0x54,0xde,0x54,0xde,0x54,0xde,0x54,0xde,0x54,0xde,0x54,0xde,0x54,0xde,
    0x54,0xde,0x54,0xde,0x54,0xde,0x54,0xde,0x54,0xde,0x54,0xde,0x54,0xde,0x54,0xde,0x54,0xde,0x54,0xde,0x54,0xde,0x54,0xde,0x54,0xde,0x54,0xde,0x54,0xde,0x54,0xde,
    0x54,0xde,0x54,0xde,0x54,0xde,0x54,0xde,0x54,0xde,0x54,0xde,0x54,0xde,0x54,0xde,0x54,0xde,0x54,0xde,0x54,0xde,0x54,0xde,0x54,0xde,0x54,0xde,0x54,0xde,0x54,0xde,
    0x54,0xde,0x54,0xde,0x54,0xde,0x54,0xde,0x54,0xde,0x54,0xde,0x54,0xde,0x54,0xde,0x54,0xde,0x54,0xde,0x54,0xde,0x54,0xde,0x54,0xde,0x54,0xde,0x54,0xde,0x54,0xde,
    0x54,0xde,0x54,0xde,0x54,0xde,0x54,0xde,0x54,0xde,0x54,0xde,0x54,0xde,0x54,0xde,0x54,0xde,0x54,0xde,0x54,0xde,0x54,0xde,0x54,0xde,0x54,0xde,0x54,0xde,0x54,0xde,
    0x54,0xde,0x54,0xde,0x54,0xde,0x54,0xde,0x54,0xde,0x54,0xde,0x54,0xde,0x54,0xde,0x54,0xde,0x54,0xde,0x54,0xde,0x54,0xde,0x54,0xde,0x54,0xde,0x54,0xde,0x54,0xde,
    0x54,0xde,0x54,0xde,0x54,0xde,0x54,0xde,0x54,0xde,0x54,0xde,0x54,0xde,0x54,0xde,0x54,0xde,0x54,0xde,0x54,0xde,0x54,0xde,0x54,0xde,0x54,0xde,0x54,0xde,0x54,0xde,
    0x54,0xde,0x54,0xde,0x54,0xde,0x54,0xde,0x54,0xde,0x54,0xde,0x54,0xde,0x54,0xde,0x54,0xde,0x54,0xde,0x54,0xde,0x54,0xde,0x54,0xde,0x54,0xde,0x54,0xde,0x54,0xde,
    0x54,0xde,0x54,0xde,0x54,0xde,0x54,0xde,0x54,0xde,0x54,0xde,0x54,0xde,0x54,0xde,0x54,0xd6,0x54,0xd6,0x54,0xd6,0x54,0xd6,0x54,0xd6,0x54,0xd6,0x54,0xd6,0x54,0xd6,
    0x54,0xd6,0x54,0xd6,0x54,0xd6,0x54,0xd6,0x54,0xd6,0x54,0xd6,0x34,0xd6,0x54,0xd6,0x54,0xd6,0x54,0xd6,0x34,0xd6,0x34,0xd6,0x34,0xd6,0x34,0xd6,0x34,0xd6,0x34,0xd6,
    0x54,0xd6,0x54,0xd6,0x54,0xd6,0x54,0xd6,0x54,0xd6,0x54,0xd6,0x54,0xd6,0x34,0xd6,0x34,0xd6,0x34,0xd6,0x34,0xd6,0x54,0xd6,0x34,0xd6,0x34,0xd6,0x54,0xd6,0x54,0xd6,
    0x34,0xd6,0x34,0xd6,0x34,0xd6,0x54,0xd6,0x54,0xd6,0x54,0xd6,0x54,0xd6,0x34,0xd6,0x34,0xd6,0x54,0xd6,0x54,0xd6,0x54,0xd6,0x54,0xd6,0x54,0xd6,0x54,0xd6,0x34,0xd6,
    0x34,0xd6,0x54,0xd6,0x54,0xd6,0x54,0xd6,0x34,0xd6,0x34,0xd6,0x34,0xd6,0x34,0xd6,0x34,0xd6,0x34,0xd6,0x54,0xd6,0x54,0xd6,0x54,0xd6,0x54,0xd6,0x34,0xd6,0x34,0xd6,
    0x34,0xd6,0x34,0xd6,0x34,0xd6,0x54,0xd6,0x54,0xd6,0x54,0xd6,0x54,0xd6,0x54,0xd6,0x54,0xd6,0x54,0xd6,0x54,0xd6,0x54,0xd6,0x54,0xd6,0x54,0xd6,0x54,0xde,0x54,0xde,
    0x54,0xde,0x54,0xde,0x54,0xde,0x54,0xde,0x54,0xde,0x54,0xde,0x54,0xde,0x54,0xde,0x54,0xde,0x54,0xde,0x54,0xde,0x54,0xde,0x54,0xde,0x54,0xde,0x54,0xde,0x54,0xde,
    0x54,0xde,0x54,0xde,0x54,0xde,0x54,0xde,0x54,0xde,0x54,0xde,0x54,0xde,0x54,0xde,0x54,0xde,0x54,0xde,0x54,0xde,0x54,0xde,0x54,0xde,0x54,0xde,0x54,0xde,0x54,0xde,
    0x54,0xde,0x54,0xde,0x54,0xde,0x54,0xde,0x54,0xde,0x54,0xde,0x54,0xde,0x54,0xde,0x54,0xde,0x54,0xde,0x54,0xde,0x54,0xde,0x54,0xde,0x54,0xde,0x54,0xde,0x54,0xde,
    0x54,0xde,0x54,0xde,0x54,0xde,0x54,0xde,0x54,0xde,0x54,0xde,0x54,0xde,0x54,0xde,0x54,0xde,0x54,0xde,0x54,0xde,0x54,0xde,0x54,0xde,0x54,0xde,0x54,0xde,0x54,0xde,
    0x54,0xde,0x54,0xde,0x54,0xde,0x54,0xde,0x54,0xde,0x54,0xde,0x54,0xde,0x54,0xde,0x54,0xde,0x54,0xde,0x54,0xde,0x54,0xde,0x54,0xde,0x54,0xde,0x54,0xde,0x54,0xde,
    0x54,0xde,0x54,0xde,0x54,0xde,0x54,0xde,0x54,0xde,0x54,0xde,0x54,0xde,0x54,0xde,0x54,0xde,0x54,0xde,0x54,0xde,0x54,0xde,0x54,0xde,0x54,0xde,0x54,0xde,0x54,0xde,
    0x54,0xde,0x54,0xde,0x54,0xde,0x54,0xde,0x54,0xde,0x54,0xde,0x54,0xde,0x54,0xde,0x54,0xde,0x54,0xde,0x54,0xde,0x54,0xde,0x54,0xde,0x54,0xde,0x54,0xde,0x54,0xde,
    0x54,0xde,0x54,0xde,0x54,0xde,0x54,0xde,0x54,0xde,0x54,0xde,0x54,0xde,0x54,0xde,0x54,0xde,0x54,0xde,0x54,0xde,0x54,0xde,0x54,0xde,0x54,0xde,0x54,0xde,0x54,0xde,
    0x54,0xde,0x54,0xde,0x54,0xde,0x54,0xde,0x54,0xde,0x54,0xde,0x54,0xde,0x54,0xde,0x54,0xde,0x54,0xde,0x54,0xde,0x54,0xde,0x54,0xde,0x54,0xde,0x33,0xd6,0x54,0xd6,
    0x54,0xd6,0x54,0xd6,0x54,0xd6,0x54,0xd6,0x54,0xd6,0x54,0xd6,0x54,0xd6,0x54,0xd6,0x34,0xd6,0x54,0xd6,0x54,0xd6,0x54,0xd6,0x34,0xd6,0x54,0xd6,0x54,0xd6,0x54,0xd6,
    0x54,0xd6,0x54,0xd6,0x54,0xd6,0x54,0xd6,0x54,0xd6,0x54,0xd6,0x54,0xd6,0x54,0xd6,0x54,0xd6,0x54,0xd6,0x54,0xd6,0x54,0xd6,0x54,0xd6,0x54,0xd6,0x54,0xd6,0x54,0xd6,
    0x54,0xd6,0x54,0xd6,0x54,0xd6,0x54,0xd6,0x54,0xd6,0x54,0xd6,0x54,0xd6,0x34,0xd6,0x34,0xd6,0x54,0xd6,0x54,0xd6,0x54,0xd6,0x54,0xd6,0x54,0xd6,0x54,0xd6,0x54,0xd6,
    0x54,0xd6,0x54,0xd6,0x54,0xd6,0x54,0xd6,0x54,0xd6,0x54,0xd6,0x54,0xd6,0x54,0xd6,0x54,0xd6,0x54,0xd6,0x54,0xd6,0x54,0xd6,0x34,0xd6,0x54,0xd6,0x34,0xd6,0x34,0xd6,
    0x54,0xd6,0x54,0xd6,0x54,0xd6,0x54,0xd6,0x34,0xd6,0x34,0xd6,0x34,0xd6,0x34,0xd6,0x34,0xd6,0x54,0xd6,0x54,0xd6,0x54,0xd6,0x54,0xd6,0x54,0xd6,0x54,0xd6,0x54,0xd6,
    0x54,0xd6,0x54,0xd6,0x54,0xd6,0x54,0xd6,0x54,0xde,0x54,0xde,0x54,0xde,0x54,0xde,0x54,0xde,0x54,0xde,0x54,0xde,0x54,0xde,0x54,0xde,0x54,0xde,0x54,0xde,0x54,0xde,
    0x54,0xde,0x54,0xde,0x54,0xde,0x54,0xde,0x54,0xde,0x54,0xde,0x54,0xde,0x54,0xde,0x54,0xde,0x54,0xde,0x54,0xde,0x54,0xde,0x54,0xde,0x54,0xde,0x54,0xde,0x54,0xde,
    0x54,0xde,0x54,0xde,0x54,0xde,0x54,0xde,0x54,0xde,0x54,0xde,0x54,0xde,0x54,0xde,0x54,0xde,0x54,0xde,0x54,0xde,0x54,0xde,0x54,0xde,0x54,0xde,0x54,0xde,0x54,0xde,
    0x54,0xde,0x54,0xde,0x54,0xde,0x54,0xde,0x54,0xde,0x54,0xde,0x54,0xde,0x54,0xde,0x54,0xde,0x54,0xde,0x54,0xde,0x54,0xde,0x54,0xde,0x54,0xde,0x54,0xde,0x54,0xde,
    0x54,0xde,0x54,0xde,0x54,0xde,0x54,0xde,0x54,0xde,0x54,0xde,0x54,0xde,0x54,0xde,0x54,0xde,0x54,0xde,0x54,0xde,0x54,0xde,0x54,0xde,0x54,0xde,0x54,0xde,0x54,0xde,
    0x54,0xde,0x54,0xde,0x54,0xde,0x54,0xde,0x54,0xde,0x54,0xde,0x54,0xde,0x54,0xde,0x54,0xde,0x54,0xde,0x54,0xde,0x54,0xde,0x54,0xde,0x54,0xde,0x54,0xde,0x54,0xde,
    0x54,0xde,0x54,0xde,0x54,0xde,0x54,0xde,0x54,0xde,0x54,0xde,0x54,0xde,0x54,0xde,0x54,0xde,0x54,0xde,0x54,0xde,0x54,0xde,0x54,0xde,0x54,0xde,0x54,0xde,0x54,0xde,
    0x54,0xde,0x54,0xde,0x54,0xde,0x54,0xde,0x54,0xde,0x54,0xde,0x54,0xde,0x54,0xde,0x54,0xde,0x54,0xde,0x54,0xde,0x54,0xde,0x54,0xde,0x54,0xde,0x54,0xde,0x54,0xde,
    0x54,0xde,0x54,0xde,0x54,0xde,0x54,0xde,0x54,0xde,0x54,0xde,0x54,0xde,0x54,0xde,0x54,0xde,0x54,0xde,0x54,0xde,0x54,0xde,0x54,0xde,0x54,0xde,0x54,0xde,0x54,0xde,
    0x54,0xde,0x54,0xde,0x54,0xde,0x54,0xde,0x54,0xde,0x55,0xde,0x33,0xde,0x34,0xde,0x54,0xde,0x54,0xde,0x54,0xde,0x54,0xde,0x34,0xde,0x34,0xde,0x34,0xde,0x34,0xde,
    0x34,0xde,0x34,0xde,0x34,0xde,0x34,0xde,0x34,0xd6,0x34,0xd6,0x54,0xd6,0x34,0xd6,0x34,0xd6,0x34,0xd6,0x34,0xd6,0x54,0xd6,0x55,0xde,0x55,0xde,0x34,0xd6,0x34,0xd6,
    0x54,0xd6,0x54,0xd6,0x54,0xd6,0x74,0xd6,0x74,0xd6,0x34,0xce,0x34,0xd6,0x34,0xd6,0x34,0xd6,0x34,0xd6,0x34,0xce,0x34,0xd6,0x54,0xd6,0x55,0xd6,0x55,0xd6,0x55,0xd6,
    0x54,0xd6,0x54,0xd6,0x54,0xd6,0x55,0xde,0x35,0xde,0x34,0xd6,0x34,0xd6,0x34,0xd6,0x55,0xd6,0x55,0xde,0x55,0xde,0x55,0xd6,0x54,0xd6,0x54,0xd6,0x54,0xd6,0x54,0xd6,
    0x75,0xd6,0x75,0xd6,0x54,0xd6,0x54,0xd6,0x54,0xd6,0x34,0xd6,0x34,0xd6,0x14,0xd6,0x14,0xd6,0x34,0xd6,0x35,0xd6,0x34,0xd6,0x34,0xd6,0x34,0xd6,0x54,0xd6,0x54,0xde,
    0x34,0xd6,0x34,0xd6,0x34,0xd6,0x34,0xd6,0x34,0xd6,0x54,0xd6,0x55,0xd6,0x34,0xd6,0x54,0xd6,0x34,0xd6,0x54,0xde,0x54,0xde,0x54,0xde,0x54,0xde,0x54,0xde,0x54,0xde,
    0x54,0xde,0x54,0xde,0x54,0xde,0x54,0xde,0x54,0xde,0x54,0xde,0x54,0xde,0x54,0xde,0x54,0xde,0x54,0xde,0x54,0xde,0x54,0xde,0x54,0xde,0x54,0xde,0x54,0xde,0x54,0xde,
    0x54,0xde,0x54,0xde,0x54,0xde,0x54,0xde,0x54,0xde,0x54,0xde,0x54,0xde,0x54,0xde,0x54,0xde,0x54,0xde,0x54,0xde,0x54,0xde,0x54,0xde,0x54,0xde,0x54,0xde,0x54,0xde,
    0x54,0xde,0x54,0xde,0x54,0xde,0x54,0xde,0x54,0xde,0x54,0xde,0x54,0xde,0x54,0xde,0x54,0xde,0x54,0xde,0x54,0xde,0x54,0xde,0x54,0xde,0x54,0xde,0x54,0xde,0x54,0xde,
    0x54,0xde,0x54,0xde,0x54,0xde,0x54,0xde,0x54,0xde,0x54,0xde,0x54,0xde,0x54,0xde,0x54,0xde,0x54,0xde,0x54,0xde,0x54,0xde,0x54,0xde,0x54,0xde,0x54,0xde,0x54,0xde,
    0x54,0xde,0x54,0xde,0x54,0xde,0x54,0xde,0x54,0xde,0x54,0xde,0x54,0xde,0x54,0xde,0x54,0xde,0x54,0xde,0x54,0xde,0x54,0xde,0x54,0xde,0x54,0xde,0x54,0xde,0x54,0xde,
    0x54,0xde,0x54,0xde,0x54,0xde,0x54,0xde,0x54,0xde,0x54,0xde,0x54,0xde,0x54,0xde,0x54,0xde,0x54,0xde,0x54,0xde,0x54,0xde,0x54,0xde,0x54,0xde,0x54,0xde,0x54,0xde,
    0x54,0xde,0x54,0xde,0x54,0xde,0x54,0xde,0x54,0xde,0x54,0xde,0x54,0xde,0x54,0xde,0x54,0xde,0x54,0xde,0x54,0xde,0x54,0xde,0x54,0xde,0x54,0xde,0x54,0xde,0x54,0xde,
    0x54,0xde,0x54,0xde,0x54,0xde,0x54,0xde,0x54,0xde,0x54,0xde,0x54,0xde,0x54,0xde,0x54,0xde,0x54,0xde,0x54,0xde,0x54,0xde,0x54,0xde,0x54,0xde,0x54,0xde,0x54,0xde,
    0x54,0xde,0x54,0xde,0x54,0xde,0x54,0xde,0x54,0xde,0x54,0xde,0x54,0xde,0x54,0xde,0x54,0xde,0x54,0xde,0xb6,0xe6,0xd6,0xe6,0xf7,0xee,0xf7,0xee,0xf7,0xee,0xf7,0xee,
    0xf7,0xee,0xf7,0xee,0xf7,0xee,0xd6,0xee,0xd6,0xee,0xf7,0xee,0xf6,0xee,0xd6,0xee,0xd6,0xee,0xd6,0xee,0xd6,0xe6,0xf7,0xee,0xf7,0xee,0xf6,0xee,0xf6,0xee,0xf7,0xee,
    0xd7,0xee,0xd6,0xee,0xb6,0xe6,0xb6,0xe6,0xb6,0xe6,0x96,0xe6,0xb6,0xe6,0xb6,0xe6,0xd6,0xe6,0xd6,0xe6,0xd6,0xe6,0xd6,0xe6,0xf6,0xe6,0xf7,0xe6,0xf6,0xe6,0xf6,0xe6,
    0xf7,0xe6,0xf7,0xe6,0xd7,0xe6,0xd7,0xe6,0xb7,0xe6,0xd7,0xe6,0xd7,0xe6,0xd6,0xe6,0xd6,0xe6,0xd6,0xe6,0xb6,0xe6,0xd6,0xe6,0xd6,0xe6,0xd6,0xe6,0xd6,0xe6,0xd6,0xe6,
    0xd6,0xe6,0xf7,0xe6,0xd6,0xe6,0xf7,0xee,0xf6,0xe6,0xd6,0xe6,0xb6,0xe6,0xb6,0xe6,0xd7,0xe6,0xd7,0xe6,0xb6,0xe6,0xb6,0xe6,0xd6,0xe6,0xd6,0xe6,0xd7,0xee,0xd7,0xee,
    0xf7,0xee,0xf7,0xe6,0xf7,0xe6,0xd6,0xe6,0xb6,0xe6,0xd6,0xe6,0xf7,0xee,0xf7,0xee,0xf7,0xee,0xd7,0xe6,0xf7,0xe6,0xb6,0xe6,0xb6,0xe6,0xd6,0xe6,0xb6,0xde,0xb6,0xe6,
    0x54,0xde,0x54,0xde,0x54,0xde,0xf7,0xe6,0x54,0xde,0x54,0xde,0x54,0xde,0x54,0xde,0x54,0xde,0x54,0xde,0x54,0xde,0x54,0xde,0x54,0xde,0x54,0xde,0x54,0xde,0x54,0xde,
    0x54,0xde,0x54,0xde,0x54,0xde,0x54,0xde,0x54,0xde,0x54,0xde,0x54,0xde,0x54,0xde,0x54,0xde,0x54,0xde,0x54,0xde,0x54,0xde,0x54,0xde,0x54,0xde,0x54,0xde,0x54,0xde,
    0x54,0xde,0x54,0xde,0x54,0xde,0x54,0xde,0x54,0xde,0x54,0xde,0x54,0xde,0x54,0xde,0x54,0xde,0x54,0xde,0x54,0xde,0x54,0xde,0x54,0xde,0x54,0xde,0x54,0xde,0x54,0xde,
    0x54,0xde,0x54,0xde,0x54,0xde,0x54,0xde,0x54,0xde,0x54,0xde,0x54,0xde,0x54,0xde,0x54,0xde,0x54,0xde,0x54,0xde,0x54,0xde,0x54,0xde,0x54,0xde,0x54,0xde,0x54,0xde,
    0x54,0xde,0x54,0xde,0x54,0xde,0x54,0xde,0x54,0xde,0x54,0xde,0x54,0xde,0x54,0xde,0x54,0xde,0x54,0xde,0x54,0xde,0x54,0xde,0x54,0xde,0x54,0xde,0x54,0xde,0x54,0xde,
    0x54,0xde,0x54,0xde,0x54,0xde,0x54,0xde,0x54,0xde,0x54,0xde,0x54,0xde,0x54,0xde,0x54,0xde,0x54,0xde,0x54,0xde,0x54,0xde,0x54,0xde,0x54,0xde,0x54,0xde,0x54,0xde,
    0x54,0xde,0x54,0xde,0x54,0xde,0x54,0xde,0x54,0xde,0x54,0xde,0x54,0xde,0x54,0xde,0x54,0xde,0x54,0xde,0x54,0xde,0x54,0xde,0x54,0xde,0x54,0xde,0x54,0xde,0x54,0xde,
    0x54,0xde,0x54,0xde,0x54,0xde,0x54,0xde,0x54,0xde,0x54,0xde,0x54,0xde,0x54,0xde,0x54,0xde,0x54,0xde,0x54,0xde,0x54,0xde,0x54,0xde,0x54,0xde,0x54,0xde,0x54,0xde,
    0x54,0xde,0x54,0xde,0x54,0xde,0x54,0xde,0x54,0xde,0x54,0xde,0x54,0xde,0x54,0xde,0x54,0xde,0x54,0xde,0x54,0xde,0x54,0xde,0x54,0xde,0x54,0xde,0x54,0xde,0x54,0xde,
    0x81,0x10,0xa2,0x18,0xe2,0x20,0xe2,0x20,0xe2,0x20,0xe2,0x20,0xe2,0x18,0xe2,0x20,0xe2,0x18,0xe2,0x18,0xe2,0x18,0xe2,0x18,0xe2,0x18,0xe2,0x18,0xe2,0x18,0xe2,0x18,
    0xe2,0x18,0xc2,0x18,0xc2,0x18,0xe2,0x18,0xe2,0x18,0xe2,0x18,0xe2,0x20,0xe2,0x20,0xe2,0x20,0xe2,0x20,0xe2,0x20,0xc2,0x20,0xc2,0x20,0xe2,0x20,0xc2,0x20,0xc2,0x18,
    0xc2,0x18,0xc2,0x18,0xc2,0x18,0xe2,0x18,0xe2,0x18,0xe2,0x20,0xe2,0x20,0xc2,0x20,0xc1,0x18,0xe2,0x20,0xe2,0x20,0xc2,0x18,0xc2,0x18,0xc2,0x18,0xc1,0x18,0xc2,0x18,
    0xc2,0x18,0xc2,0x18,0xe2,0x20,0xe2,0x20,0xe2,0x20,0xe2,0x20,0xe2,0x18,0xc1,0x18,0xc2,0x18,0xc2,0x18,0xc2,0x18,0xe2,0x18,0xe2,0x18,0xc2,0x18,0xe1,0x18,0xe2,0x18,
    0xe2,0x20,0xe2,0x20,0xe2,0x18,0xe2,0x18,0xe2,0x18,0xe2,0x18,0xe2,0x18,0xe2,0x18,0xc2,0x18,0xc2,0x18,0xc2,0x20,0xc2,0x20,0xc2,0x18,0xe2,0x18,0xc2,0x18,0xc2,0x18,
    0xe2,0x18,0xc2,0x18,0xc2,0x18,0xc1,0x18,0xc2,0x18,0xc2,0x18,0xc2,0x18,0xc2,0x18,0xc2,0x18,0xa2,0x18,0xa2,0x10,0x54,0xde,0x54,0xde,0x54,0xde,0x54,0xde,0x54,0xde,
    0x54,0xde,0x54,0xde,0x54,0xde,0x54,0xde,0x54,0xde,0x54,0xde,0x54,0xde,0x54,0xde,0x54,0xde,0x54,0xde,0x54,0xde,0x54,0xde,0x54,0xde,0x54,0xde,0x54,0xde,0x54,0xde,
    0x54,0xde,0x54,0xde,0x54,0xde,0x54,0xde,0x54,0xde,0x54,0xde,0x54,0xde,0x54,0xde,0x54,0xde,0x54,0xde,0x54,0xde,0x54,0xde,0x54,0xde,0x54,0xde,0x54,0xde,0x54,0xde,
    0x54,0xde,0x54,0xde,0x54,0xde,0x54,0xde,0x54,0xde,0x54,0xde,0x54,0xde,0x54,0xde,0x54,0xde,0x54,0xde,0x54,0xde,0x54,0xde,0x54,0xde,0x54,0xde,0x54,0xde,0x54,0xde,
    0x54,0xde,0x54,0xde,0x54,0xde,0x54,0xde,0x54,0xde,0x54,0xde,0x54,0xde,0x54,0xde,0x54,0xde,0x54,0xde,0x54,0xde,0x54,0xde,0x54,0xde,0x54,0xde,0x54,0xde,0x54,0xde,
    0x54,0xde,0x54,0xde,0x54,0xde,0x54,0xde,0x54,0xde,0x54,0xde,0x54,0xde,0x54,0xde,0x54,0xde,0x54,0xde,0x54,0xde,0x54,0xde,0x54,0xde,0x54,0xde,0x54,0xde,0x54,0xde,
    0x54,0xde,0x54,0xde,0x54,0xde,0x54,0xde,0x54,0xde,0x54,0xde,0x54,0xde,0x54,0xde,0x54,0xde,0x54,0xde,0x54,0xde,0x54,0xde,0x54,0xde,0x54,0xde,0x54,0xde,0x54,0xde,
    0x54,0xde,0x54,0xde,0x54,0xde,0x54,0xde,0x54,0xde,0x54,0xde,0x54,0xde,0x54,0xde,0x54,0xde,0x54,0xde,0x54,0xde,0x54,0xde,0x54,0xde,0x54,0xde,0x54,0xde,0x54,0xde,
    0x54,0xde,0x54,0xde,0x54,0xde,0x54,0xde,0x54,0xde,0x54,0xde,0x54,0xde,0x54,0xde,0x54,0xde,0x54,0xde,0x54,0xde,0x54,0xde,0x54,0xde,0x54,0xde,0x54,0xde,0x54,0xde,
    0x54,0xde,0x54,0xde,0x54,0xde,0x54,0xde,0x54,0xde,0x54,0xde,0xa2,0x18,0xa1,0x18,0x25,0x62,0x04,0x62,0x04,0x62,0x24,0x62,0x25,0x62,0x45,0x6a,0x25,0x62,0x25,0x62,
    0x25,0x62,0x25,0x62,0x24,0x5a,0x24,0x5a,0x04,0x5a,0x04,0x5a,0x25,0x62,0x25,0x62,0x25,0x62,0x04,0x62,0x25,0x62,0x24,0x62,0x24,0x62,0x04,0x62,0x04,0x62,0x04,0x62,
    0x04,0x62,0x04,0x62,0x05,0x5a,0x25,0x5a,0x05,0x5a,0x25,0x62,0x25,0x62,0x25,0x62,0x25,0x62,0x25,0x62,0x25,0x62,0x25,0x62,0x04,0x5a,0x04,0x5a,0x25,0x5a,0x25,0x62,
    0x25,0x62,0x04,0x5a,0xe4,0x59,0xe4,0x59,0x05,0x5a,0x05,0x62,0x05,0x62,0x25,0x5a,0x24,0x5a,0x04,0x5a,0x04,0x5a,0x04,0x5a,0xe4,0x59,0xe4,0x59,0x04,0x62,0x25,0x62,
    0x25,0x62,0x04,0x62,0x04,0x62,0xe4,0x59,0x04,0x5a,0x05,0x62,0x05,0x62,0x25,0x62,0x25,0x62,0x25,0x62,0x24,0x5a,0x04,0x5a,0x04,0x5a,0x04,0x5a,0x04,0x5a,0x05,0x5a,
    0x05,0x5a,0x05,0x5a,0x24,0x5a,0x04,0x5a,0x04,0x5a,0x04,0x5a,0x25,0x62,0x04,0x5a,0xe4,0x59,0x04,0x5a,0x04,0x62,0x25,0x62,0x04,0x5a,0x04,0x5a,0xe4,0x59,0x23,0x31,
    0xa2,0x18,0x54,0xde,0x54,0xde,0x54,0xde,0x54,0xde,0x54,0xde,0x54,0xde,0x54,0xde,0x54,0xde,0x54,0xde,0x54,0xde,0x54,0xde,0x54,0xde,0x54,0xde,0x54,0xde,0x54,0xde,
    0x54,0xde,0x54,0xde,0x54,0xde,0x54,0xde,0x54,0xde,0x54,0xde,0x54,0xde,0x54,0xde,0x54,0xde,0x54,0xde,0x54,0xde,0x54,0xde,0x54,0xde,0x54,0xde,0x54,0xde,0x54,0xde,
    0x54,0xde,0x54,0xde,0x54,0xde,0x54,0xde,0x54,0xde,0x54,0xde,0x54,0xde,0x54,0xde,0x54,0xde,0x54,0xde,0x54,0xde,0x54,0xde,0x54,0xde,0x54,0xde,0x54,0xde,0x54,0xde,
    0x54,0xde,0x54,0xde,0x54,0xde,0x54,0xde,0x54,0xde,0x54,0xde,0x54,0xde,0x54,0xde,0x54,0xde,0x54,0xde,0x54,0xde,0x54,0xde,0x54,0xde,0x54,0xde,0x54,0xde,0x54,0xde,
    0x54,0xde,0x54,0xde,0x54,0xde,0x54,0xde,0x54,0xde,0x54,0xde,0x54,0xde,0x54,0xde,0x54,0xde,0x54,0xde,0x54,0xde,0x54,0xde,0x54,0xde,0x54,0xde,0x54,0xde,0x54,0xde,
    0x54,0xde,0x54,0xde,0x54,0xde,0x54,0xde,0x54,0xde,0x54,0xde,0x54,0xde,0x54,0xde,0x54,0xde,0x54,0xde,0x54,0xde,0x54,0xde,0x54,0xde,0x54,0xde,0x54,0xde,0x54,0xde,
    0x54,0xde,0x54,0xde,0x54,0xde,0x54,0xde,0x54,0xde,0x54,0xde,0x54,0xde,0x54,0xde,0x54,0xde,0x54,0xde,0x54,0xde,0x54,0xde,0x54,0xde,0x54,0xde,0x54,0xde,0x54,0xde,
    0x54,0xde,0x54,0xde,0x54,0xde,0x54,0xde,0x54,0xde,0x54,0xde,0x54,0xde,0x54,0xde,0x54,0xde,0x54,0xde,0x54,0xde,0x54,0xde,0x54,0xde,0x54,0xde,0x54,0xde,0x54,0xde,
    0x54,0xde,0x54,0xde,0x54,0xde,0x54,0xde,0x54,0xde,0x54,0xde,0x54,0xde,0x54,0xde,0x54,0xde,0x54,0xde,0x54,0xde,0x54,0xde,0x81,0x10,0xe2,0x20,0xe6,0x8a,0xc6,0x8a,
    0xc6,0x82,0xe6,0x8a,0xe6,0x8a,0xe6,0x8a,0xe6,0x8a,0xc6,0x8a,0xc6,0x82,0xc6,0x82,0xe6,0x82,0xe6,0x8a,0xc6,0x82,0xe6,0x82,0xe6,0x8a,0xe6,0x8a,0xe6,0x8a,0xe6,0x82,
    0xe6,0x8a,0xe6,0x8a,0xc6,0x8a,0xc6,0x82,0xc6,0x82,0xc6,0x82,0xc6,0x82,0xc6,0x82,0xa6,0x82,0xc6,0x8a,0xc6,0x8a,0xc6,0x8a,0xc6,0x82,0xc6,0x82,0xc6,0x8a,0xc6,0x8a,
    0xc6,0x82,0xc5,0x82,0xc6,0x8a,0xc6,0x82,0xc6,0x82,0xc6,0x8a,0xc6,0x82,0xc6,0x82,0xa6,0x82,0xa5,0x82,0xa6,0x82,0xc6,0x82,0xc6,0x82,0xc6,0x82,0xc6,0x82,0xa6,0x82,
    0xc6,0x82,0xa6,0x82,0xc6,0x82,0xc5,0x82,0xc6,0x82,0xc6,0x82,0xc6,0x8a,0xc6,0x8a,0xc6,0x8a,0xc6,0x82,0xc6,0x82,0xc5,0x82,0xc6,0x8a,0xc6,0x8a,0xc6,0x82,0xc6,0x82,
    0xc6,0x82,0xc6,0x82,0xc6,0x82,0xc6,0x82,0xc6,0x82,0xc6,0x82,0xc6,0x82,0xc6,0x8a,0xc5,0x82,0xc6,0x82,0xa6,0x82,0xc6,0x82,0xc6,0x82,0xc6,0x82,0xc6,0x82,0xc6,0x82,
    0xc6,0x82,0xc6,0x82,0xc6,0x8a,0xa5,0x82,0xa5,0x82,0x82,0x41,0xc2,0x18,0x54,0xde,0x54,0xde,0x54,0xde,0x54,0xde,0x54,0xde,0x54,0xde,0x54,0xde,0x54,0xde,0x54,0xde,
    0x54,0xde,0x54,0xde,0x54,0xde,0x54,0xde,0x54,0xde,0x54,0xde,0x54,0xde,0x54,0xde,0x54,0xde,0x54,0xde,0x54,0xde,0x54,0xde,0x54,0xde,0x54,0xde,0x54,0xde,0x54,0xde,
    0x54,0xde,0x54,0xde,0x54,0xde,0x54,0xde,0x54,0xde,0x54,0xde,0x54,0xde,0x54,0xde,0x54,0xde,0x54,0xde,0x54,0xde,0x54,0xde,0x54,0xde,0x54,0xde,0x54,0xde,0x54,0xde,
    0x54,0xde,0x54,0xde,0x54,0xde,0x54,0xde,0x54,0xde,0x54,0xde,0x54,0xde,0x54,0xde,0x54,0xde,0x54,0xde,0x54,0xde,0x54,0xde,0x54,0xde,0x54,0xde,0x54,0xde,0x54,0xde,
    0x54,0xde,0x54,0xde,0x54,0xde,0x54,0xde,0x54,0xde,0x54,0xde,0x54,0xde,0x54,0xde,0x54,0xde,0x54,0xde,0x54,0xde,0x54,0xde,0x54,0xde,0x54,0xde,0x54,0xde,0x54,0xde,
    0x54,0xde,0x54,0xde,0x54,0xde,0x54,0xde,0x54,0xde,0x54,0xde,0x54,0xde,0x54,0xde,0x54,0xde,0x54,0xde,0x54,0xde,0x54,0xde,0x54,0xde,0x54,0xde,0x54,0xde,0x54,0xde,
    0x54,0xde,0x54,0xde,0x54,0xde,0x54,0xde,0x54,0xde,0x54,0xde,0x54,0xde,0x54,0xde,0x54,0xde,0x54,0xde,0x54,0xde,0x54,0xde,0x54,0xde,0x54,0xde,0x54,0xde,0x54,0xde,
    0x54,0xde,0x54,0xde,0x54,0xde,0x54,0xde,0x54,0xde,0x54,0xde,0x54,0xde,0x54,0xde,0x54,0xde,0x54,0xde,0x54,0xde,0x54,0xde,0x54,0xde,0x54,0xde,0x54,0xde,0x54,0xde,
    0x54,0xde,0x54,0xde,0x54,0xde,0x54,0xde,0x54,0xde,0x54,0xde,0x54,0xde,0x54,0xde,0x54,0xde,0x54,0xde,0x54,0xde,0x54,0xde,0x54,0xde,0x54,0xde,0x54,0xde,0x54,0xde,
    0x54,0xde,0x54,0xde,0x82,0x10,0xa1,0x18,0xe3,0x69,0x45,0x7a,0xc6,0x8a,0xe6,0x8a,0xe6,0x8a,0xe6,0x8a,0xe6,0x8a,0xc6,0x8a,0xc6,0x8a,0xc6,0x8a,0xc6,0x8a,0xc6,0x8a,
    0xc6,0x8a,0xc6,0x8a,0xe6,0x8a,0xe7,0x8a,0xe7,0x8a,0xe7,0x8a,0xe7,0x8a,0xe6,0x8a,0xe6,0x8a,0xc6,0x8a,0xc6,0x8a,0xc6,0x8a,0xc6,0x8a,0xc6,0x82,0xc6,0x82,0xc6,0x8a,
    0xc6,0x8a,0xc6,0x8a,0xc6,0x82,0xc6,0x8a,0xc6,0x8a,0xc6,0x8a,0xc6,0x82,0xc6,0x82,0xc6,0x82,0xc6,0x8a,0xc6,0x8a,0xc6,0x82,0xc6,0x82,0xc6,0x8a,0xc6,0x82,0xc6,0x82,
    0xc6,0x82,0xc6,0x82,0xc6,0x82,0xc6,0x82,0xc6,0x8a,0xc6,0x82,0xc6,0x82,0xc6,0x82,0xc6,0x8a,0xc6,0x82,0xc6,0x82,0xc6,0x82,0xc6,0x82,0xc6,0x8a,0xc6,0x8a,0xc6,0x8a,
    0xc6,0x8a,0xc6,0x8a,0xc6,0x8a,0xc6,0x8a,0xc6,0x8a,0xc6,0x8a,0xc6,0x8a,0xc6,0x82,0xc6,0x82,0xc6,0x82,0xc6,0x82,0xc6,0x82,0xc6,0x8a,0xc6,0x82,0xa6,0x8a,0xa6,0x8a,
    0xa6,0x8a,0xc6,0x82,0xc6,0x8a,0xc6,0x82,0xc6,0x82,0xc6,0x8a,0xc6,0x8a,0xc6,0x8a,0xc6,0x8a,0xc6,0x8a,0x24,0x72,0x42,0x39,0xc2,0x18,0x54,0xde,0x54,0xde,0x54,0xde,
    0x54,0xde,0x54,0xde,0x54,0xde,0x54,0xde,0x54,0xde,0x54,0xde,0x54,0xde,0x54,0xde,0x54,0xde,0x54,0xde,0x54,0xde,0x54,0xde,0x54,0xde,0x54,0xde,0x54,0xde,0x54,0xde,
    0x54,0xde,0x54,0xde,0x54,0xde,0x54,0xde,0x54,0xde,0x54,0xde,0x54,0xde,0x54,0xde,0x54,0xde,0x54,0xde,0x54,0xde,0x54,0xde,0x54,0xde,0x54,0xde,0x54,0xde,0x54,0xde,
    0x54,0xde,0x54,0xde,0x54,0xde,0x54,0xde,0x54,0xde,0x54,0xde,0x54,0xde,0x54,0xde,0x54,0xde,0x54,0xde,0x54,0xde,0x54,0xde,0x54,0xde,0x54,0xde,0x54,0xde,0x54,0xde,
    0x54,0xde,0x54,0xde,0x54,0xde,0x54,0xde,0x54,0xde,0x54,0xde,0x54,0xde,0x54,0xde,0x54,0xde,0x54,0xde,0x54,0xde,0x54,0xde,0x54,0xde,0x54,0xde,0x54,0xde,0x54,0xde,
    0x54,0xde,0x54,0xde,0x54,0xde,0x54,0xde,0x54,0xde,0x54,0xde,0x54,0xde,0x54,0xde,0x54,0xde,0x54,0xde,0x54,0xde,0x54,0xde,0x54,0xde,0x54,0xde,0x54,0xde,0x54,0xde,
    0x54,0xde,0x54,0xde,0x54,0xde,0x54,0xde,0x54,0xde,0x54,0xde,0x54,0xde,0x54,0xde,0x54,0xde,0x54,0xde,0x54,0xde,0x54,0xde,0x54,0xde,0x54,0xde,0x54,0xde,0x54,0xde,
    0x54,0xde,0x54,0xde,0x54,0xde,0x54,0xde,0x54,0xde,0x54,0xde,0x54,0xde,0x54,0xde,0x54,0xde,0x54,0xde,0x54,0xde,0x54,0xde,0x54,0xde,0x54,0xde,0x54,0xde,0x54,0xde,
    0x54,0xde,0x54,0xde,0x54,0xde,0x54,0xde,0x54,0xde,0x54,0xde,0x54,0xde,0x54,0xde,0x54,0xde,0x54,0xde,0x54,0xde,0x54,0xde,0x54,0xde,0x54,0xde,0x54,0xde,0x54,0xde,
    0x54,0xde,0x54,0xde,0x54,0xde,0x54,0xde,0x54,0xde,0x54,0xde,0x54,0xde,0x54,0xde,0xa1,0x10,0xa1,0x18,0x04,0x62,0x66,0x82,0xe6,0x92,0xe6,0x8a,0xc5,0x8a,0xe6,0x8a,
    0xe6,0x8a,0xc6,0x8a,0xc6,0x8a,0xc6,0x8a,0xe6,0x8a,0xe6,0x8a,0xe6,0x8a,0xe6,0x8a,0xe6,0x8a,0xe6,0x8a,0xe6,0x8a,0xe6,0x8a,0xe6,0x8a,0xe6,0x8a,0xe6,0x8a,0xe6,0x8a,
    0xe6,0x8a,0xe6,0x8a,0xe6,0x8a,0xc6,0x8a,0xc6,0x82,0xc6,0x8a,0xc6,0x82,0xc6,0x8a,0xc6,0x8a,0xc6,0x8a,0xe6,0x8a,0xc6,0x8a,0xc6,0x8a,0xc6,0x8a,0xc6,0x82,0xc6,0x8a,
    0xc6,0x8a,0xc6,0x82,0xc6,0x8a,0xc6,0x8a,0xc6,0x8a,0xc6,0x82,0xc5,0x82,0xc6,0x82,0xc6,0x82,0xc6,0x82,0xe6,0x8a,0xc6,0x8a,0xc6,0x8a,0xc6,0x8a,0xc6,0x82,0xc6,0x8a,
    0xc6,0x82,0xc6,0x82,0xc6,0x82,0xc6,0x8a,0xc6,0x8a,0xc6,0x8a,0xc6,0x82,0xc6,0x82,0xc6,0x8a,0xc6,0x8a,0xc6,0x82,0xc6,0x82,0xc6,0x82,0xc6,0x8a,0xc6,0x8a,0xc6,0x82,
    0xc6,0x8a,0xc6,0x8a,0xc6,0x82,0xc6,0x82,0xc6,0x82,0xc6,0x8a,0xc6,0x82,0xe6,0x82,0xe6,0x82,0xe6,0x8a,0xc6,0x82,0xe6,0x8a,0xc6,0x8a,0xc6,0x8a,0xa5,0x82,0xc6,0x82,
    0x25,0x6a,0x43,0x31,0xa2,0x10,0x54,0xde,0x54,0xde,0x54,0xde,0x54,0xde,0x54,0xde,0x54,0xde,0x54,0xde,0x54,0xde,0x54,0xde,0x54,0xde,0x54,0xde,0x54,0xde,0x54,0xde,
    0x54,0xde,0x54,0xde,0x54,0xde,0x54,0xde,0x54,0xde,0x54,0xde,0x54,0xde,0x54,0xde,0x54,0xde,0x54,0xde,0x54,0xde,0x54,0xde,0x54,0xde,0x54,0xde,0x54,0xde,0x54,0xde,
    0x54,0xde,0x54,0xde,0x54,0xde,0x54,0xde,0x54,0xde,0x54,0xde,0x54,0xde,0x54,0xde,0x54,0xde,0x54,0xde,0x54,0xde,0x54,0xde,0x54,0xde,0x54,0xde,0x54,0xde,0x54,0xde,
    0x54,0xde,0x54,0xde,0x54,0xde,0x54,0xde,0x54,0xde,0x54,0xde,0x54,0xde,0x54,0xde,0x54,0xde,0x54,0xde,0x54,0xde,0x54,0xde,0x54,0xde,0x54,0xde,0x54,0xde,0x54,0xde,
    0x54,0xde,0x54,0xde,0x54,0xde,0x54,0xde,0x54,0xde,0x54,0xde,0x54,0xde,0x54,0xde,0x54,0xde,0x54,0xde,0x54,0xde,0x54,0xde,0x54,0xde,0x54,0xde,0x54,0xde,0x54,0xde,
    0x54,0xde,0x54,0xde,0x54,0xde,0x54,0xde,0x54,0xde,0x54,0xde,0x54,0xde,0x54,0xde,0x54,0xde,0x54,0xde,0x54,0xde,0x54,0xde,0x54,0xde,0x54,0xde,0x54,0xde,0x54,0xde,
    0x54,0xde,0x54,0xde,0x54,0xde,0x54,0xde,0x54,0xde,0x54,0xde,0x54,0xde,0x54,0xde,0x54,0xde,0x54,0xde,0x54,0xde,0x54,0xde,0x54,0xde,0x54,0xde,0x54,0xde,0x54,0xde,
    0x54,0xde,0x54,0xde,0x54,0xde,0x54,0xde,0x54,0xde,0x54,0xde,0x54,0xde,0x54,0xde,0x54,0xde,0x54,0xde,0x54,0xde,0x54,0xde,0x54,0xde,0x54,0xde,0x54,0xde,0x54,0xde,
    0x54,0xde,0x54,0xde,0x54,0xde,0x54,0xde,0x54,0xde,0x54,0xde,0x54,0xde,0x54,0xde,0x54,0xde,0x54,0xde,0x54,0xde,0x54,0xde,0x54,0xde,0x54,0xde,0xc2,0x10,0xc1,0x20,
    0xe4,0x61,0x65,0x7a,0xe5,0x92,0xc3,0x59,0xc4,0x59,0xc4,0x51,0xc4,0x51,0xc3,0x59,0xc3,0x51,0xc4,0x59,0xe4,0x59,0xe4,0x59,0xe4,0x51,0xe4,0x51,0xc3,0x51,0xc3,0x51,
    0xc4,0x51,0xc3,0x51,0xc4,0x51,0xc4,0x51,0xc4,0x51,0xc3,0x51,0xa3,0x51,0xa3,0x51,0xa3,0x51,0xa3,0x51,0xa4,0x51,0xc3,0x51,0xc3,0x51,0xc4,0x51,0xc3,0x49,0xa3,0x51,
    0xa3,0x51,0xa3,0x51,0xc3,0x51,0xc3,0x51,0xc3,0x51,0xc3,0x51,0xc4,0x51,0xa3,0x51,0xc4,0x51,0xc4,0x51,0xc4,0x51,0x04,0x62,0xe3,0x61,0xe4,0x61,0xc3,0x59,0xa3,0x51,
    0xc4,0x51,0xc4,0x59,0xc4,0x59,0xe4,0x59,0xe4,0x59,0xc4,0x59,0xc4,0x59,0xe4,0x59,0xc4,0x59,0xc4,0x51,0xc4,0x51,0xc4,0x51,0xc3,0x51,0xc3,0x51,0xc3,0x51,0xc3,0x59,
    0xc4,0x59,0xc3,0x51,0xc3,0x51,0xc3,0x51,0xc4,0x59,0xc4,0x51,0xc4,0x51,0xc3,0x51,0xc3,0x59,0xc3,0x51,0xa3,0x51,0xa3,0x51,0xa3,0x51,0xa3,0x51,0xa3,0x51,0xc4,0x51,
    0xc4,0x51,0xa4,0x51,0xa3,0x51,0xa4,0x51,0xc6,0x82,0xe7,0x8a,0x05,0x6a,0x42,0x31,0xc2,0x10,0x54,0xde,0x54,0xde,0x54,0xde,0x54,0xde,0x54,0xde,0x54,0xde,0x54,0xde,
    0x54,0xde,0x54,0xde,0x54,0xde,0x54,0xde,0x54,0xde,0x54,0xde,0x54,0xde,0x54,0xde,0x54,0xde,0x54,0xde,0x54,0xde,0x54,0xde,0x54,0xde,0x54,0xde,0x54,0xde,0x54,0xde,
    0x54,0xde,0x54,0xde,0x54,0xde,0x54,0xde,0x54,0xde,0x54,0xde,0x54,0xde,0x54,0xde,0x54,0xde,0x54,0xde,0x54,0xde,0x54,0xde,0x54,0xde,0x54,0xde,0x54,0xde,0x54,0xde,
    0x54,0xde,0x54,0xde,0x54,0xde,0x54,0xde,0x54,0xde,0x54,0xde,0x54,0xde,0x54,0xde,0x54,0xde,0x54,0xde,0x54,0xde,0x54,0xde,0x54,0xde,0x54,0xde,0x54,0xde,0x54,0xde,
    0x54,0xde,0x54,0xde,0x54,0xde,0x54,0xde,0x54,0xde,0x54,0xde,0x54,0xde,0x54,0xde,0x54,0xde,0x54,0xde,0x54,0xde,0x54,0xde,0x54,0xde,0x54,0xde,0x54,0xde,0x54,0xde,
    0x54,0xde,0x54,0xde,0x54,0xde,0x54,0xde,0x54,0xde,0x54,0xde,0x54,0xde,0x54,0xde,0x54,0xde,0x54,0xde,0x54,0xde,0x54,0xde,0x54,0xde,0x54,0xde,0x54,0xde,0x54,0xde,
    0x54,0xde,0x54,0xde,0x54,0xde,0x54,0xde,0x54,0xde,0x54,0xde,0x54,0xde,0x54,0xde,0x54,0xde,0x54,0xde,0x54,0xde,0x54,0xde,0x54,0xde,0x54,0xde,0x54,0xde,0x54,0xde,
    0x54,0xde,0x54,0xde,0x54,0xde,0x54,0xde,0x54,0xde,0x54,0xde,0x54,0xde,0x54,0xde,0x54,0xde,0x54,0xde,0x54,0xde,0x54,0xde,0x54,0xde,0x54,0xde,0x54,0xde,0x54,0xde,
    0x54,0xde,0x54,0xde,0x54,0xde,0x54,0xde,0x54,0xde,0x54,0xde,0x54,0xde,0x54,0xde,0x54,0xde,0x54,0xde,0x54,0xde,0x54,0xde,0x54,0xde,0x54,0xde,0x54,0xde,0x54,0xde,
    0x54,0xde,0x54,0xde,0x54,0xde,0x54,0xde,0xa2,0x10,0xc1,0x20,0xe4,0x61,0x65,0x7a,0xe6,0x92,0xc4,0x59,0x84,0x51,0xc4,0x51,0xc4,0x59,0xc4,0x59,0xe4,0x59,0xe4,0x59,
    0xe4,0x59,0xe4,0x59,0xe4,0x61,0xe4,0x59,0xc4,0x59,0xc3,0x59,0xc4,0x59,0xc4,0x51,0xc4,0x51,0xc4,0x59,0xc4,0x51,0xc3,0x51,0xa3,0x51,0xa3,0x51,0xa4,0x51,0xc4,0x51,
    0xc4,0x51,0xc3,0x51,0xc3,0x51,0xc4,0x59,0xc4,0x51,0xa4,0x51,0xa3,0x51,0xc4,0x59,0xc4,0x51,0xe4,0x51,0xc4,0x51,0xc4,0x59,0xc4,0x59,0xc4,0x51,0xc4,0x51,0xe4,0x51,
    0xc4,0x59,0xe4,0x61,0x25,0x6a,0xe4,0x61,0xc5,0x59,0xc4,0x51,0xc4,0x51,0xc4,0x59,0xc4,0x59,0xc4,0x59,0xe4,0x61,0xe4,0x59,0xc4,0x59,0xc4,0x59,0xc4,0x59,0xc4,0x51,
    0xc3,0x51,0xc4,0x59,0xc4,0x59,0xc4,0x59,0xc4,0x59,0xc4,0x59,0xc4,0x59,0xc4,0x59,0xc4,0x59,0xc4,0x59,0xc3,0x59,0xc3,0x59,0xe4,0x51,0xc4,0x51,0xc4,0x59,0xc4,0x59,
    0xa3,0x51,0xa4,0x51,0xa4,0x51,0xc4,0x51,0xa4,0x51,0xc4,0x51,0xc4,0x51,0xc4,0x49,0xc4,0x59,0xc4,0x59,0xc5,0x82,0xe7,0x8a,0x05,0x6a,0x22,0x31,0xc2,0x10,0x54,0xde,
    0x54,0xde,0x54,0xde,0x54,0xde,0x54,0xde,0x54,0xde,0x54,0xde,0x54,0xde,0x54,0xde,0x54,0xde,0x54,0xde,0x54,0xde,0x54,0xde,0x54,0xde,0x54,0xde,0x54,0xde,0x54,0xde,
    0x54,0xde,0x54,0xde,0x54,0xde,0x54,0xde,0x54,0xde,0x54,0xde,0x54,0xde,0x54,0xde,0x54,0xde,0x54,0xde,0x54,0xde,0x54,0xde,0x54,0xde,0x54,0xde,0x54,0xde,0x54,0xde,
    0x54,0xde,0x54,0xde,0x54,0xde,0x54,0xde,0x54,0xde,0x54,0xde,0x54,0xde,0x54,0xde,0x54,0xde,0x54,0xde,0x54,0xde,0x54,0xde,0x54,0xde,0x54,0xde,0x54,0xde,0x54,0xde,
    0x54,0xde,0x54,0xde,0x54,0xde,0x54,0xde,0x54,0xde,0x54,0xde,0x54,0xde,0x54,0xde,0x54,0xde,0x54,0xde,0x54,0xde,0x54,0xde,0x54,0xde,0x54,0xde,0x54,0xde,0x54,0xde,
    0x54,0xde,0x54,0xde,0x54,0xde,0x54,0xde,0x54,0xde,0x54,0xde,0x54,0xde,0x54,0xde,0x54,0xde,0x54,0xde,0x54,0xde,0x54,0xde,0x54,0xde,0x54,0xde,0x54,0xde,0x54,0xde,
    0x54,0xde,0x54,0xde,0x54,0xde,0x54,0xde,0x54,0xde,0x54,0xde,0x54,0xde,0x54,0xde,0x54,0xde,0x54,0xde,0x54,0xde,0x54,0xde,0x54,0xde,0x54,0xde,0x54,0xde,0x54,0xde,
    0x54,0xde,0x54,0xde,0x54,0xde,0x54,0xde,0x54,0xde,0x54,0xde,0x54,0xde,0x54,0xde,0x54,0xde,0x54,0xde,0x54,0xde,0x54,0xde,0x54,0xde,0x54,0xde,0x54,0xde,0x54,0xde,
    0x54,0xde,0x54,0xde,0x54,0xde,0x54,0xde,0x54,0xde,0x54,0xde,0x54,0xde,0x54,0xde,0x54,0xde,0x54,0xde,0x54,0xde,0x54,0xde,0x54,0xde,0x54,0xde,0x54,0xde,0x54,0xde,
    0x54,0xde,0x54,0xde,0x54,0xde,0x54,0xde,0x54,0xde,0x54,0xde,0x54,0xde,0x54,0xde,0x54,0xde,0x54,0xde,0xa2,0x10,0xc1,0x20,0xe4,0x61,0x86,0x7a,0xe5,0x8a,0xe4,0x61,
    0x25,0x6a,0x88,0x19,0xa9,0x19,0xa9,0x21,0xc9,0x21,0xc9,0x21,0xa9,0x21,0xa9,0x21,0xa9,0x21,0xa8,0x21,0xc9,0x21,0xc9,0x21,0xc9,0x21,0xc8,0x21,0xa9,0x21,0xc9,0x21,
    0xc9,0x21,0xa9,0x21,0xa9,0x21,0xa9,0x21,0xa9,0x21,0xa8,0x21,0xa8,0x21,0xa8,0x21,0xa8,0x21,0xa9,0x21,0xa8,0x21,0xc8,0x21,0xc9,0x21,0xc9,0x21,0xc9,0x21,0xc9,0x21,
    0xa9,0x21,0xa8,0x21,0xa8,0x21,0xa8,0x21,0xa9,0x21,0xc4,0x49,0xa4,0x51,0xc5,0x8a,0xe6,0x8a,0xe4,0x59,0xe6,0x49,0xa9,0x21,0xa9,0x21,0xa8,0x21,0xa9,0x21,0xa9,0x21,
    0xa9,0x21,0xc9,0x21,0xa9,0x21,0xa8,0x21,0xa8,0x21,0xa8,0x21,0xa8,0x21,0xa9,0x21,0xa9,0x21,0xa9,0x21,0xa8,0x21,0xa8,0x21,0xa9,0x21,0xa9,0x21,0xa8,0x21,0xa8,0x21,
    0xa9,0x21,0xa8,0x21,0xa8,0x21,0xa8,0x21,0xa8,0x21,0xa8,0x21,0xa9,0x21,0xa9,0x21,0xa9,0x21,0xc9,0x21,0xc9,0x21,0xa9,0x21,0xa8,0x21,0x89,0x21,0x45,0x6a,0x03,0x6a,
    0xe6,0x8a,0xc6,0x82,0x05,0x62,0x22,0x31,0xc2,0x18,0x54,0xde,0x54,0xde,0x54,0xde,0x54,0xde,0x54,0xde,0x54,0xde,0x54,0xde,0x54,0xde,0x54,0xde,0x54,0xde,0x54,0xde,
    0x54,0xde,0x54,0xde,0x54,0xde,0x54,0xde,0x54,0xde,0x54,0xde,0x54,0xde,0x54,0xde,0x54,0xde,0x54,0xde,0x54,0xde,0x54,0xde,0x54,0xde,0x54,0xde,0x54,0xde,0x54,0xde,
    0x54,0xde,0x54,0xde,0x54,0xde,0x54,0xde,0x54,0xde,0x54,0xde,0x54,0xde,0x54,0xde,0x54,0xde,0x54,0xde,0x54,0xde,0x54,0xde,0x54,0xde,0x54,0xde,0x54,0xde,0x54,0xde,
    0x54,0xde,0x54,0xde,0x54,0xde,0x54,0xde,0x54,0xde,0x54,0xde,0x54,0xde,0x54,0xde,0x54,0xde,0x54,0xde,0x54,0xde,0x54,0xde,0x54,0xde,0x54,0xde,0x54,0xde,0x54,0xde,
    0x54,0xde,0x54,0xde,0x54,0xde,0x54,0xde,0x54,0xde,0x54,0xde,0x54,0xde,0x54,0xde,0x54,0xde,0x54,0xde,0x54,0xde,0x54,0xde,0x54,0xde,0x54,0xde,0x54,0xde,0x54,0xde,
    0x54,0xde,0x54,0xde,0x54,0xde,0x54,0xde,0x54,0xde,0x54,0xde,0x54,0xde,0x54,0xde,0x54,0xde,0x54,0xde,0x54,0xde,0x54,0xde,0x54,0xde,0x54,0xde,0x54,0xde,0x54,0xde,
    0x54,0xde,0x54,0xde,0x54,0xde,0x54,0xde,0x54,0xde,0x54,0xde,0x54,0xde,0x54,0xde,0x54,0xde,0x54,0xde,0x54,0xde,0x54,0xde,0x54,0xde,0x54,0xde,0x54,0xde,0x54,0xde,
    0x54,0xde,0x54,0xde,0x54,0xde,0x54,0xde,0x54,0xde,0x54,0xde,0x54,0xde,0x54,0xde,0x54,0xde,0x54,0xde,0x54,0xde,0x54,0xde,0x54,0xde,0x54,0xde,0x54,0xde,0x54,0xde,
    0x54,0xde,0x54,0xde,0x54,0xde,0x54,0xde,0x54,0xde,0x54,0xde,0x54,0xde,0x54,0xde,0x54,0xde,0x54,0xde,0x54,0xde,0x54,0xde,0x54,0xde,0x54,0xde,0x54,0xde,0x54,0xde,
    0xa2,0x10,0xc1,0x18,0xe4,0x59,0x85,0x7a,0xe6,0x92,0xc2,0x61,0xa2,0x59,0xc9,0x21,0xc9,0x21,0xa8,0x21,0xa8,0x21,0xa9,0x21,0xa9,0x21,0xa9,0x21,0xc9,0x21,0xa9,0x21,
    0xa9,0x21,0xc9,0x21,0xc9,0x21,0xc9,0x21,0xc9,0x21,0xc9,0x29,0xc9,0x21,0xa9,0x21,0xa9,0x21,0xa9,0x21,0xa9,0x21,0xc8,0x21,0xa9,0x21,0xa9,0x21,0xa8,0x21,0xa8,0x21,
    0xa8,0x21,0xa9,0x21,0xc9,0x21,0xa9,0x21,0xc9,0x21,0xc9,0x21,0xa9,0x21,0xa9,0x21,0xa8,0x21,0xa8,0x21,0xa9,0x21,0xc5,0x49,0xc4,0x51,0xc6,0x8a,0xc6,0x82,0xe4,0x59,
    0xc5,0x49,0xa9,0x21,0xa8,0x21,0xa9,0x21,0xa9,0x21,0xc8,0x21,0xa9,0x21,0xa9,0x21,0xa9,0x21,0xa9,0x21,0xa9,0x21,0xa8,0x21,0xa9,0x21,0xa9,0x21,0xa9,0x21,0xa9,0x21,
    0xc9,0x21,0xc9,0x21,0xc9,0x21,0xc9,0x21,0xa9,0x21,0xa9,0x21,0xc9,0x21,0xa8,0x21,0xa8,0x21,0xa8,0x21,0xa8,0x21,0xa8,0x21,0xa9,0x21,0xc9,0x21,0xc9,0x21,0xa9,0x21,
    0xa9,0x21,0xa8,0x21,0xa9,0x21,0xa9,0x19,0x24,0x6a,0xe3,0x61,0xe6,0x8a,0xe6,0x82,0x05,0x62,0x22,0x31,0xa2,0x10,0x54,0xde,0x54,0xde,0x54,0xde,0x54,0xde,0x54,0xde,
    0x54,0xde,0x54,0xde,0x54,0xde,0x54,0xde,0x54,0xde,0x54,0xde,0x54,0xde,0x54,0xde,0x54,0xde,0x54,0xde,0x54,0xde,0x54,0xde,0x54,0xde,0x54,0xde,0x54,0xde,0x54,0xde,
    0x54,0xde,0x54,0xde,0x54,0xde,0x54,0xde,0x54,0xde,0x54,0xde,0x54,0xde,0x54,0xde,0x54,0xde,0x54,0xde,0x54,0xde,0x54,0xde,0x54,0xde,0x54,0xde,0x54,0xde,0x54,0xde,
    0x54,0xde,0x54,0xde,0x54,0xde,0x54,0xde,0x54,0xde,0x54,0xde,0x54,0xde,0x54,0xde,0x54,0xde,0x54,0xde,0x54,0xde,0x54,0xde,0x54,0xde,0x54,0xde,0x54,0xde,0x54,0xde,
    0x54,0xde,0x54,0xde,0x54,0xde,0x54,0xde,0x54,0xde,0x54,0xde,0x54,0xde,0x54,0xde,0x54,0xde,0x54,0xde,0x54,0xde,0x54,0xde,0x54,0xde,0x54,0xde,0x54,0xde,0x54,0xde,
    0x54,0xde,0x54,0xde,0x54,0xde,0x54,0xde,0x54,0xde,0x54,0xde,0x54,0xde,0x54,0xde,0x54,0xde,0x54,0xde,0x54,0xde,0x54,0xde,0x54,0xde,0x54,0xde,0x54,0xde,0x54,0xde,
    0x54,0xde,0x54,0xde,0x54,0xde,0x54,0xde,0x54,0xde,0x54,0xde,0x54,0xde,0x54,0xde,0x54,0xde,0x54,0xde,0x54,0xde,0x54,0xde,0x54,0xde,0x54,0xde,0x54,0xde,0x54,0xde,
    0x54,0xde,0x54,0xde,0x54,0xde,0x54,0xde,0x54,0xde,0x54,0xde,0x54,0xde,0x54,0xde,0x54,0xde,0x54,0xde,0x54,0xde,0x54,0xde,0x54,0xde,0x54,0xde,0x54,0xde,0x54,0xde,
    0x54,0xde,0x54,0xde,0x54,0xde,0x54,0xde,0x54,0xde,0x54,0xde,0x54,0xde,0x54,0xde,0x54,0xde,0x54,0xde,0x54,0xde,0x54,0xde,0x54,0xde,0x54,0xde,0x54,0xde,0x54,0xde,
    0x54,0xde,0x54,0xde,0x54,0xde,0x54,0xde,0x54,0xde,0x54,0xde,0xa2,0x10,0xc1,0x20,0x04,0x62,0x65,0x72,0xe6,0x8a,0xc8,0xbb,0xa7,0xbb,0xc9,0x21,0xa8,0x21,0xc9,0x21,
    0xc9,0x21,0xc9,0x21,0xa9,0x21,0xc9,0x21,0xc9,0x21,0xc9,0x21,0xc9,0x21,0xc9,0x21,0xc9,0x21,0xc9,0x21,0xc9,0x21,0xc9,0x21,0xc9,0x21,0xc9,0x21,0xc9,0x21,0xc8,0x21,
    0xe9,0x21,0xc9,0x21,0xa9,0x21,0xa9,0x21,0xc9,0x21,0xc9,0x21,0xc9,0x21,0xa9,0x21,0xc9,0x21,0xc9,0x21,0xc9,0x21,0xc9,0x21,0xc9,0x21,0xa9,0x21,0xa9,0x21,0xa8,0x21,
    0xa9,0x21,0xc4,0x51,0xc4,0x51,0xc5,0x8a,0xe6,0x8a,0x25,0x62,0xe6,0x49,0xa9,0x21,0xa8,0x21,0xa9,0x21,0xca,0x19,0xc8,0x29,0xc9,0x21,0xc9,0x21,0xc9,0x21,0xa9,0x21,
    0xa9,0x21,0xc9,0x21,0xa9,0x21,0xa9,0x21,0xc9,0x21,0xc9,0x21,0xc9,0x21,0xc9,0x21,0xc9,0x21,0xc9,0x21,0xc9,0x21,0xc9,0x21,0xc9,0x21,0xa8,0x21,0x88,0x19,0xa9,0x21,
    0xc9,0x21,0xc9,0x21,0xa9,0x21,0xc9,0x21,0xc9,0x21,0xc9,0x21,0xc9,0x21,0xc9,0x21,0xa9,0x21,0xa8,0x19,0x09,0xbc,0xc8,0xb3,0xe6,0x8a,0xc6,0x82,0x25,0x62,0x22,0x31,
    0xc2,0x10,0x54,0xde,0x54,0xde,0x54,0xde,0x54,0xde,0x54,0xde,0x54,0xde,0x54,0xde,0x54,0xde,0x54,0xde,0x54,0xde,0x54,0xde,0x54,0xde,0x54,0xde,0x54,0xde,0x54,0xde,
    0x54,0xde,0x54,0xde,0x54,0xde,0x54,0xde,0x54,0xde,0x54,0xde,0x54,0xde,0x54,0xde,0x54,0xde,0x54,0xde,0x54,0xde,0x54,0xde,0x54,0xde,0x54,0xde,0x54,0xde,0x54,0xde,
    0x54,0xde,0x54,0xde,0x54,0xde,0x54,0xde,0x54,0xde,0x54,0xde,0x54,0xde,0x54,0xde,0x54,0xde,0x54,0xde,0x54,0xde,0x54,0xde,0x54,0xde,0x54,0xde,0x54,0xde,0x54,0xde,
    0x54,0xde,0x54,0xde,0x54,0xde,0x54,0xde,0x54,0xde,0x54,0xde,0x54,0xde,0x54,0xde,0x54,0xde,0x54,0xde,0x54,0xde,0x54,0xde,0x54,0xde,0x54,0xde,0x54,0xde,0x54,0xde,
    0x54,0xde,0x54,0xde,0x54,0xde,0x54,0xde,0x54,0xde,0x54,0xde,0x54,0xde,0x54,0xde,0x54,0xde,0x54,0xde,0x54,0xde,0x54,0xde,0x54,0xde,0x54,0xde,0x54,0xde,0x54,0xde,
    0x54,0xde,0x54,0xde,0x54,0xde,0x54,0xde,0x54,0xde,0x54,0xde,0x54,0xde,0x54,0xde,0x54,0xde,0x54,0xde,0x54,0xde,0x54,0xde,0x54,0xde,0x54,0xde,0x54,0xde,0x54,0xde,
    0x54,0xde,0x54,0xde,0x54,0xde,0x54,0xde,0x54,0xde,0x54,0xde,0x54,0xde,0x54,0xde,0x54,0xde,0x54,0xde,0x54,0xde,0x54,0xde,0x54,0xde,0x54,0xde,0x54,0xde,0x54,0xde,
    0x54,0xde,0x54,0xde,0x54,0xde,0x54,0xde,0x54,0xde,0x54,0xde,0x54,0xde,0x54,0xde,0x54,0xde,0x54,0xde,0x54,0xde,0x54,0xde,0x54,0xde,0x54,0xde,0x54,0xde,0x54,0xde,
    0x54,0xde,0x54,0xde,0x54,0xde,0x54,0xde,0x54,0xde,0x54,0xde,0x54,0xde,0x54,0xde,0x54,0xde,0x54,0xde,0x54,0xde,0x54,0xde,0xa2,0x10,0xc2,0x18,0x04,0x62,0x65,0x72,
    0xc5,0x8a,0xc8,0xbb,0xc8,0xbb,0xa9,0x21,0xa8,0x21,0xc9,0x21,0xc9,0x21,0xc9,0x21,0xc9,0x21,0xc9,0x21,0xc9,0x21,0xc9,0x21,0xc8,0x21,0xc9,0x21,0xc9,0x21,0xc9,0x21,
    0xc9,0x29,0xc9,0x29,0xc9,0x29,0xc9,0x29,0xc9,0x29,0xa8,0x21,0xc9,0x21,0xa9,0x19,0xc9,0x21,0xc9,0x21,0xc9,0x21,0xc9,0x21,0xc9,0x21,0xc9,0x21,0xc9,0x21,0xc9,0x21,
    0xc9,0x21,0xc9,0x21,0xc9,0x21,0xa9,0x21,0xa9,0x21,0xa9,0x21,0xc9,0x21,0xc4,0x51,0xc4,0x51,0xc5,0x8a,0xe6,0x8a,0x04,0x6a,0xe6,0x49,0xa9,0x21,0xc9,0x19,0x28,0x3a,
    0x4f,0x84,0x89,0x19,0xca,0x21,0xc9,0x21,0xc9,0x21,0xc9,0x21,0xc9,0x21,0xc9,0x21,0xc9,0x21,0xc9,0x21,0xc9,0x21,0xc9,0x21,0xc9,0x29,0xc9,0x29,0xc9,0x29,0xc9,0x29,
    0xc9,0x29,0xc9,0x21,0xc9,0x21,0xe9,0x29,0xc9,0x21,0xc9,0x21,0xc9,0x21,0xc9,0x29,0xc9,0x21,0xc9,0x21,0xc9,0x21,0xc9,0x21,0xc9,0x21,0xc9,0x21,0xa9,0x21,0xa8,0x19,
    0xe8,0xb3,0xc8,0xbb,0xe7,0x8a,0xe6,0x8a,0x25,0x62,0x43,0x31,0xc2,0x18,0x54,0xde,0x54,0xde,0x54,0xde,0x54,0xde,0x54,0xde,0x54,0xde,0x54,0xde,0x54,0xde,0x54,0xde,
    0x54,0xde,0x54,0xde,0x54,0xde,0x54,0xde,0x54,0xde,0x54,0xde,0x54,0xde,0x54,0xde,0x54,0xde,0x54,0xde,0x54,0xde,0x54,0xde,0x54,0xde,0x54,0xde,0x54,0xde,0x54,0xde,
    0x54,0xde,0x54,0xde,0x54,0xde,0x54,0xde,0x54,0xde,0x54,0xde,0x54,0xde,0x54,0xde,0x54,0xde,0x54,0xde,0x54,0xde,0x54,0xde,0x54,0xde,0x54,0xde,0x54,0xde,0x54,0xde,
    0x54,0xde,0x54,0xde,0x54,0xde,0x54,0xde,0x54,0xde,0x54,0xde,0x54,0xde,0x54,0xde,0x54,0xde,0x54,0xde,0x54,0xde,0x54,0xde,0x54,0xde,0x54,0xde,0x54,0xde,0x54,0xde,
    0x54,0xde,0x54,0xde,0x54,0xde,0x54,0xde,0x54,0xde,0x54,0xde,0x54,0xde,0x54,0xde,0x54,0xde,0x54,0xde,0x54,0xde,0x54,0xde,0x54,0xde,0x54,0xde,0x54,0xde,0x54,0xde,
    0x54,0xde,0x54,0xde,0x54,0xde,0x54,0xde,0x54,0xde,0x54,0xde,0x54,0xde,0x54,0xde,0x54,0xde,0x54,0xde,0x54,0xde,0x54,0xde,0x54,0xde,0x54,0xde,0x54,0xde,0x54,0xde,
    0x54,0xde,0x54,0xde,0x54,0xde,0x54,0xde,0x54,0xde,0x54,0xde,0x54,0xde,0x54,0xde,0x54,0xde,0x54,0xde,0x54,0xde,0x54,0xde,0x54,0xde,0x54,0xde,0x54,0xde,0x54,0xde,
    0x54,0xde,0x54,0xde,0x54,0xde,0x54,0xde,0x54,0xde,0x54,0xde,0x54,0xde,0x54,0xde,0x54,0xde,0x54,0xde,0x54,0xde,0x54,0xde,0x54,0xde,0x54,0xde,0x54,0xde,0x54,0xde,
    0x54,0xde,0x54,0xde,0x54,0xde,0x54,0xde,0x54,0xde,0x54,0xde,0x54,0xde,0x54,0xde,0x54,0xde,0x54,0xde,0x54,0xde,0x54,0xde,0x54,0xde,0x54,0xde,0x54,0xde,0x54,0xde,
    0x54,0xde,0x54,0xde,0xc2,0x10,0xc2,0x18,0x04,0x62,0x65,0x72,0xc6,0x8a,0xc8,0xbb,0xc8,0xbb,0xa9,0x21,0xa8,0x21,0xc9,0x21,0xc9,0x29,0xc9,0x29,0xc9,0x21,0xc9,0x21,
    0xc9,0x21,0xa9,0x21,0xc9,0x21,0xc9,0x21,0xc9,0x21,0xc9,0x21,0xc9,0x29,0xc9,0x29,0xc9,0x29,0xc9,0x29,0xc9,0x21,0xa8,0x21,0x68,0x42,0x32,0xa5,0xc9,0x29,0xc9,0x21,
    0xc9,0x21,0xc9,0x21,0xc9,0x21,0xc9,0x29,0xc9,0x29,0xc9,0x21,0xc9,0x21,0xc9,0x21,0xc9,0x29,0xc9,0x21,0xc9,0x21,0xc8,0x21,0xc9,0x21,0xc5,0x51,0xc4,0x51,0xc5,0x8a,
    0xc6,0x8a,0x04,0x62,0x07,0x4a,0xc9,0x21,0xe9,0x21,0x08,0x2a,0xab,0x42,0xc8,0x21,0xa9,0x19,0xc9,0x21,0xc9,0x21,0xc9,0x21,0xc9,0x21,0xc9,0x21,0xc9,0x21,0xc9,0x21,
    0xc9,0x21,0xc9,0x21,0xe9,0x29,0xc9,0x29,0xc9,0x29,0xc9,0x29,0xc9,0x21,0xc9,0x21,0xc9,0x21,0xc9,0x21,0xa9,0x42,0xa9,0x4a,0x88,0x42,0xc8,0x21,0xc8,0x21,0xc9,0x21,
    0xc9,0x21,0xc9,0x21,0xc9,0x21,0xc9,0x21,0xc9,0x21,0xc9,0x21,0xe9,0xbb,0xc9,0xbb,0x07,0x8b,0xe6,0x8a,0x04,0x62,0x43,0x31,0xc2,0x18,0x54,0xde,0x54,0xde,0x54,0xde,
    0x54,0xde,0x54,0xde,0x54,0xde,0x54,0xde,0x54,0xde,0x54,0xde,0x54,0xde,0x54,0xde,0x54,0xde,0x54,0xde,0x54,0xde,0x54,0xde,0x54,0xde,0x54,0xde,0x54,0xde,0x54,0xde,
    0x54,0xde,0x54,0xde,0x54,0xde,0x54,0xde,0x54,0xde,0x54,0xde,0x54,0xde,0x54,0xde,0x54,0xde,0x54,0xde,0x54,0xde,0x54,0xde,0x54,0xde,0x54,0xde,0x54,0xde,0x54,0xde,
    0x54,0xde,0x54,0xde,0x54,0xde,0x54,0xde,0x54,0xde,0x54,0xde,0x54,0xde,0x54,0xde,0x54,0xde,0x54,0xde,0x54,0xde,0x54,0xde,0x54,0xde,0x54,0xde,0x54,0xde,0x54,0xde,
    0x54,0xde,0x54,0xde,0x54,0xde,0x54,0xde,0x54,0xde,0x54,0xde,0x54,0xde,0x54,0xde,0x54,0xde,0x54,0xde,0x54,0xde,0x54,0xde,0x54,0xde,0x54,0xde,0x54,0xde,0x54,0xde,
    0x54,0xde,0x54,0xde,0x54,0xde,0x54,0xde,0x54,0xde,0x54,0xde,0x54,0xde,0x54,0xde,0x54,0xde,0x54,0xde,0x54,0xde,0x54,0xde,0x54,0xde,0x54,0xde,0x54,0xde,0x54,0xde,
    0x54,0xde,0x54,0xde,0x54,0xde,0x54,0xde,0x54,0xde,0x54,0xde,0x54,0xde,0x54,0xde,0x54,0xde,0x54,0xde,0x92,0xf6,0x91,0xf6,0x54,0xde,0x54,0xde,0x54,0xde,0x54,0xde,
    0x54,0xde,0x54,0xde,0x54,0xde,0x54,0xde,0x54,0xde,0x54,0xde,0x54,0xde,0x54,0xde,0x54,0xde,0x54,0xde,0x54,0xde,0x54,0xde,0x54,0xde,0x54,0xde,0x54,0xde,0x54,0xde,
    0x54,0xde,0x54,0xde,0x54,0xde,0x54,0xde,0x54,0xde,0x54,0xde,0x54,0xde,0x54,0xde,0x54,0xde,0x54,0xde,0x54,0xde,0x54,0xde,0x54,0xde,0x54,0xde,0x54,0xde,0x54,0xde,
    0x54,0xde,0x54,0xde,0x54,0xde,0x54,0xde,0x54,0xde,0x54,0xde,0x54,0xde,0x54,0xde,0xa2,0x10,0xc1,0x18,0x04,0x62,0x65,0x72,0xc6,0x8a,0xe9,0xbb,0xc8,0xbb,0xa9,0x19,
    0xa8,0x21,0xc9,0x21,0xc9,0x21,0xc9,0x21,0xc9,0x29,0xc9,0x21,0xc9,0x21,0xea,0x21,0x5a,0xe7,0x67,0x19,0x09,0x2a,0xc9,0x21,0xc9,0x29,0xc9,0x21,0xc9,0x21,0xc9,0x29,
    0xc9,0x21,0xc9,0x21,0xc9,0x21,0xe9,0x21,0xc8,0x21,0xc9,0x21,0xc9,0x21,0xc9,0x21,0xc9,0x21,0xa7,0x21,0xc8,0x21,0xc8,0x21,0xc9,0x21,0xc9,0x21,0xc9,0x21,0xc9,0x21,
    0xc9,0x21,0xc8,0x21,0xc9,0x21,0xe5,0x51,0xc4,0x59,0xe6,0x8a,0xe6,0x8a,0x04,0x62,0x06,0x52,0xc9,0x21,0xc9,0x21,0xc9,0x21,0xc9,0x21,0xc9,0x21,0xc9,0x21,0xca,0x21,
    0xe9,0x21,0xc9,0x21,0xc9,0x21,0xc9,0x21,0xc9,0x21,0xc9,0x21,0xc9,0x21,0xc9,0x21,0xc9,0x21,0xc9,0x21,0xc9,0x29,0xc9,0x21,0xc9,0x21,0xe9,0x29,0xca,0x21,0x14,0xc6,
    0x54,0xff,0x53,0xff,0x34,0xff,0xd3,0xbd,0x28,0x19,0xc8,0x19,0xc9,0x21,0xc9,0x21,0xc9,0x21,0xc9,0x21,0xc9,0x21,0xa9,0x19,0xe9,0xbb,0xe8,0xbb,0xe7,0x8a,0xc6,0x8a,
    0x04,0x62,0x22,0x31,0xa2,0x10,0x54,0xde,0x54,0xde,0x54,0xde,0x54,0xde,0x54,0xde,0x54,0xde,0x54,0xde,0x54,0xde,0x54,0xde,0x54,0xde,0x54,0xde,0x54,0xde,0x54,0xde,
    0x54,0xde,0x54,0xde,0x54,0xde,0x54,0xde,0x54,0xde,0x54,0xde,0x54,0xde,0x54,0xde,0x54,0xde,0x54,0xde,0x54,0xde,0x54,0xde,0x54,0xde,0x54,0xde,0x54,0xde,0x54,0xde,
    0x54,0xde,0x54,0xde,0x54,0xde,0x54,0xde,0x54,0xde,0x54,0xde,0x54,0xde,0x54,0xde,0x54,0xde,0x54,0xde,0x54,0xde,0x54,0xde,0x54,0xde,0x54,0xde,0x54,0xde,0x54,0xde,
    0x54,0xde,0x54,0xde,0x54,0xde,0x54,0xde,0x54,0xde,0x54,0xde,0x54,0xde,0x54,0xde,0x54,0xde,0x54,0xde,0x54,0xde,0x54,0xde,0x54,0xde,0x54,0xde,0x54,0xde,0x54,0xde,
    0x54,0xde,0x54,0xde,0x54,0xde,0x54,0xde,0x54,0xde,0x54,0xde,0x54,0xde,0x54,0xde,0x54,0xde,0x54,0xde,0x54,0xde,0x54,0xde,0x54,0xde,0x54,0xde,0x54,0xde,0x54,0xde,
    0x54,0xde,0x54,0xde,0x54,0xde,0x54,0xde,0x54,0xde,0x54,0xde,0x54,0xde,0x54,0xde,0x54,0xde,0x54,0xde,0x54,0xde,0x54,0xde,0x54,0xde,0x54,0xde,0x54,0xde,0xb1,0xf6,
    0xb1,0xf6,0x91,0xf6,0x91,0xf6,0x91,0xf6,0x91,0xf6,0x54,0xde,0xb1,0xf6,0xb1,0xf6,0x54,0xde,0x54,0xde,0x54,0xde,0x54,0xde,0x54,0xde,0xb1,0xf6,0x54,0xde,0x54,0xde,
    0x54,0xde,0x54,0xde,0x54,0xde,0x54,0xde,0x54,0xde,0x54,0xde,0x54,0xde,0x54,0xde,0x54,0xde,0x54,0xde,0x54,0xde,0x54,0xde,0x54,0xde,0x54,0xde,0x54,0xde,0x54,0xde,
    0x54,0xde,0x54,0xde,0x54,0xde,0x54,0xde,0x54,0xde,0x54,0xde,0x54,0xde,0x54,0xde,0x54,0xde,0x54,0xde,0x54,0xde,0x54,0xde,0x54,0xde,0x54,0xde,0xa2,0x10,0xa1,0x18,
    0x04,0x62,0x65,0x7a,0xc6,0x8a,0xe9,0xbb,0xe8,0xbb,0xa9,0x21,0xc9,0x29,0xc9,0x21,0xc9,0x29,0xc9,0x21,0xe9,0x21,0xe9,0x21,0xe9,0x21,0xc9,0x21,0x88,0x19,0x2a,0x22,
    0xc9,0x19,0xe9,0x29,0xe9,0x29,0xc9,0x21,0xc9,0x21,0xc9,0x21,0xc9,0x21,0xc9,0x21,0xc9,0x21,0xc9,0x21,0xc9,0x21,0xc9,0x21,0xc9,0x21,0xc9,0x21,0xc8,0x21,0xa5,0x21,
    0xa8,0x21,0xa8,0x21,0xc9,0x21,0xc9,0x21,0xc9,0x21,0xc9,0x21,0xc9,0x21,0xc9,0x21,0xc9,0x21,0xc5,0x51,0xc4,0x59,0xc6,0x8a,0xc6,0x8a,0x04,0x62,0xe6,0x51,0xc9,0x21,
    0xc9,0x21,0xc9,0x21,0xc9,0x21,0xc9,0x21,0xe9,0x21,0xea,0x21,0xc9,0x21,0xe9,0x21,0xc9,0x21,0xc9,0x21,0xc9,0x21,0xc9,0x21,0xc9,0x21,0xc9,0x21,0xc9,0x21,0xc9,0x21,
    0xc9,0x21,0xc9,0x21,0xc9,0x21,0xc8,0x21,0x29,0x32,0x34,0xff,0x54,0xff,0x33,0xff,0x33,0xff,0x34,0xff,0x0e,0x84,0xea,0x29,0xe9,0x21,0xc9,0x21,0xc9,0x21,0xc9,0x21,
    0xc9,0x21,0xa9,0x19,0xe9,0xbb,0xe8,0xbb,0xe7,0x8a,0xe7,0x8a,0x04,0x62,0x43,0x31,0xc2,0x10,0x54,0xde,0x54,0xde,0x54,0xde,0x54,0xde,0x54,0xde,0x54,0xde,0x54,0xde,
    0x54,0xde,0x54,0xde,0x54,0xde,0x54,0xde,0x54,0xde,0x54,0xde,0x54,0xde,0x54,0xde,0x54,0xde,0x54,0xde,0x54,0xde,0x54,0xde,0x54,0xde,0x54,0xde,0x54,0xde,0x54,0xde,
    0x54,0xde,0x54,0xde,0x54,0xde,0x54,0xde,0x54,0xde,0x54,0xde,0x54,0xde,0x54,0xde,0x54,0xde,0x54,0xde,0x54,0xde,0x54,0xde,0x54,0xde,0x54,0xde,0x54,0xde,0x54,0xde,
    0x54,0xde,0x54,0xde,0x54,0xde,0x54,0xde,0x54,0xde,0x54,0xde,0x54,0xde,0x54,0xde,0x54,0xde,0x54,0xde,0x54,0xde,0x54,0xde,0x54,0xde,0x54,0xde,0x54,0xde,0x54,0xde,
    0x54,0xde,0x54,0xde,0x54,0xde,0x54,0xde,0x54,0xde,0x54,0xde,0x54,0xde,0x54,0xde,0x54,0xde,0x54,0xde,0x54,0xde,0x54,0xde,0x54,0xde,0x54,0xde,0x54,0xde,0x54,0xde,
    0x54,0xde,0x54,0xde,0x54,0xde,0x54,0xde,0x54,0xde,0x54,0xde,0x54,0xde,0x54,0xde,0x54,0xde,0x54,0xde,0x54,0xde,0x54,0xde,0x54,0xde,0x54,0xde,0x54,0xde,0xb1,0xf6,
    0xb1,0xf6,0xb1,0xf6,0xb1,0xf6,0xb1,0xf6,0xb1,0xf6,0x91,0xf6,0xb1,0xf6,0x91,0xf6,0xb1,0xf6,0xb1,0xf6,0xb1,0xf6,0xb1,0xf6,0xb1,0xf6,0xb1,0xf6,0xb1,0xf6,0x91,0xf6,
    0x91,0xf6,0xb1,0xf6,0x91,0xf6,0x91,0xf6,0xb1,0xf6,0xb2,0xf6,0xb1,0xf6,0x91,0xf6,0x91,0xf6,0x54,0xde,0x54,0xde,0x91,0xf6,0x54,0xde,0x54,0xde,0x54,0xde,0x54,0xde,
    0x54,0xde,0x54,0xde,0x54,0xde,0x54,0xde,0x54,0xde,0x54,0xde,0x54,0xde,0x54,0xde,0x54,0xde,0x54,0xde,0x54,0xde,0x54,0xde,0x54,0xde,0x54,0xde,0x54,0xde,0x54,0xde,
    0x54,0xde,0x54,0xde,0x54,0xde,0x54,0xde,0xa1,0x10,0xc1,0x18,0x04,0x62,0x85,0x7a,0xc6,0x8a,0xc9,0xbb,0xe8,0xbb,0xc9,0x21,0xc9,0x29,0xc9,0x21,0xc9,0x21,0xe9,0x21,
    0xc9,0x21,0xea,0x29,0xea,0x21,0xe9,0x21,0xe9,0x21,0xea,0x29,0xea,0x21,0xea,0x21,0xea,0x21,0xe9,0x21,0xc9,0x21,0xc9,0x21,0xe9,0x21,0xe9,0x21,0xe9,0x21,0xc9,0x21,
    0xc9,0x21,0xc9,0x21,0xa9,0x21,0xc9,0x21,0xa8,0x21,0x65,0x19,0xc7,0x21,0xc9,0x21,0xc9,0x21,0xc9,0x21,0xc9,0x21,0xc9,0x21,0xc9,0x21,0xc9,0x21,0xc9,0x21,0xc5,0x51,
    0xc4,0x59,0xc6,0x8a,0xe6,0x8a,0xe4,0x61,0x06,0x52,0xc9,0x29,0xc9,0x21,0xc9,0x21,0xc9,0x21,0xe9,0x21,0xe9,0x21,0xc9,0x21,0x29,0x32,0xe9,0x29,0xc9,0x21,0xc9,0x21,
    0xc9,0x21,0xc9,0x21,0xcb,0x21,0x0a,0x2a,0xc9,0x21,0xca,0x21,0xc9,0x21,0xc9,0x21,0xc9,0x21,0xa8,0x19,0x69,0x42,0x53,0xff,0x54,0xff,0x13,0xff,0x13,0xf7,0x34,0xff,
    0x2e,0x84,0xca,0x29,0xc9,0x21,0xc9,0x21,0xc9,0x21,0xc9,0x21,0xc9,0x21,0xa8,0x19,0x09,0xbc,0xe8,0xbb,0xe7,0x8a,0xc6,0x8a,0x04,0x62,0x23,0x31,0xc2,0x18,0x54,0xde,
    0x54,0xde,0x54,0xde,0x54,0xde,0x54,0xde,0x54,0xde,0x54,0xde,0x54,0xde,0x54,0xde,0x54,0xde,0x54,0xde,0x54,0xde,0x54,0xde,0x54,0xde,0x54,0xde,0x54,0xde,0x54,0xde,
    0x54,0xde,0x54,0xde,0x54,0xde,0x54,0xde,0x54,0xde,0x54,0xde,0x54,0xde,0x54,0xde,0x54,0xde,0x54,0xde,0x54,0xde,0x54,0xde,0x54,0xde,0x54,0xde,0x54,0xde,0x54,0xde,
    0x54,0xde,0x54,0xde,0x54,0xde,0x54,0xde,0x54,0xde,0x54,0xde,0x54,0xde,0x54,0xde,0x54,0xde,0x54,0xde,0x54,0xde,0x54,0xde,0x54,0xde,0x54,0xde,0x54,0xde,0x54,0xde,
    0x54,0xde,0x54,0xde,0x54,0xde,0x54,0xde,0x54,0xde,0x54,0xde,0x54,0xde,0x54,0xde,0x54,0xde,0x54,0xde,0x54,0xde,0x54,0xde,0x54,0xde,0x54,0xde,0x54,0xde,0x54,0xde,
    0x54,0xde,0x54,0xde,0x54,0xde,0x54,0xde,0x54,0xde,0x54,0xde,0x54,0xde,0x54,0xde,0x54,0xde,0x54,0xde,0x54,0xde,0x54,0xde,0x54,0xde,0x54,0xde,0x54,0xde,0x54,0xde,
    0x54,0xde,0x91,0xf6,0xb1,0xf6,0x54,0xde,0x91,0xf6,0xb1,0xf6,0xb1,0xf6,0xb1,0xf6,0xb1,0xf6,0xb1,0xf6,0xb1,0xfe,0xb1,0xf6,0xb1,0xf6,0xb1,0xf6,0xb1,0xf6,0xb1,0xf6,
    0xb1,0xf6,0xb1,0xf6,0xb1,0xf6,0xb1,0xf6,0xb1,0xf6,0xb1,0xf6,0xb1,0xf6,0xb0,0xf6,0xb1,0xf6,0xb1,0xf6,0xb1,0xf6,0xb1,0xf6,0xb1,0xf6,0x91,0xf6,0x91,0xf6,0x91,0xf6,
    0xb1,0xf6,0xb1,0xf6,0xb1,0xf6,0xb1,0xf6,0xb1,0xf6,0x91,0xf6,0xb1,0xf6,0x54,0xde,0x54,0xde,0x54,0xde,0x54,0xde,0x54,0xde,0x54,0xde,0x54,0xde,0x54,0xde,0x54,0xde,
    0x54,0xde,0x54,0xde,0x54,0xde,0x54,0xde,0x54,0xde,0x54,0xde,0x54,0xde,0x54,0xde,0x54,0xde,0x54,0xde,0xa2,0x10,0xc1,0x18,0x04,0x62,0x65,0x7a,0xa6,0x82,0xe9,0xbb,
    0xe8,0xbb,0xc9,0x21,0xc9,0x29,0xea,0x21,0xe9,0x21,0xe9,0x21,0xc9,0x21,0xea,0x21,0xe9,0x21,0xe9,0x21,0xca,0x21,0xea,0x29,0xea,0x21,0xea,0x21,0xea,0x21,0xea,0x21,
    0xea,0x21,0xca,0x21,0xea,0x21,0xea,0x21,0xc9,0x21,0xe9,0x21,0xc9,0x21,0xc9,0x21,0xca,0x21,0xca,0x21,0xa8,0x21,0x45,0x11,0xc8,0x21,0xc9,0x21,0xca,0x29,0xc9,0x21,
    0xc9,0x21,0xc9,0x21,0xc9,0x21,0xc9,0x21,0xc9,0x21,0xc5,0x51,0xc4,0x51,0xa6,0x8a,0xe6,0x8a,0x04,0x62,0xe6,0x51,0xc9,0x29,0xe9,0x21,0xe9,0x21,0xe9,0x21,0xe9,0x21,
    0xe9,0x21,0xc9,0x29,0x49,0x32,0xe8,0x29,0xc9,0x21,0xca,0x21,0xc9,0x21,0xc9,0x21,0xf8,0xde,0x0a,0x2a,0xca,0x21,0xc9,0x21,0xc9,0x21,0xe9,0x21,0xc9,0x21,0xc9,0x21,
    0xe7,0x31,0x33,0xff,0x75,0xff,0x13,0xff,0x13,0xff,0x95,0xff,0x2c,0x84,0x88,0x19,0xa8,0x21,0xc9,0x21,0xc9,0x21,0xc9,0x21,0xc9,0x21,0xa8,0x19,0x08,0xbc,0xe8,0xbb,
    0xc6,0x8a,0xc6,0x8a,0x25,0x6a,0x22,0x31,0xc2,0x18,0x54,0xde,0x54,0xde,0x54,0xde,0x54,0xde,0x54,0xde,0x54,0xde,0x54,0xde,0x54,0xde,0x54,0xde,0x54,0xde,0x54,0xde,
    0x54,0xde,0x54,0xde,0x54,0xde,0x54,0xde,0x54,0xde,0x54,0xde,0x54,0xde,0x54,0xde,0x54,0xde,0x54,0xde,0x54,0xde,0x54,0xde,0x54,0xde,0x54,0xde,0x54,0xde,0x54,0xde,
    0x54,0xde,0x54,0xde,0x54,0xde,0x54,0xde,0x54,0xde,0x54,0xde,0x54,0xde,0x54,0xde,0x54,0xde,0x54,0xde,0x54,0xde,0x54,0xde,0x54,0xde,0x54,0xde,0x54,0xde,0x54,0xde,
    0x54,0xde,0x54,0xde,0x54,0xde,0x54,0xde,0x54,0xde,0x54,0xde,0x54,0xde,0x54,0xde,0x54,0xde,0x54,0xde,0x54,0xde,0x54,0xde,0x54,0xde,0x54,0xde,0x54,0xde,0x54,0xde,
    0x54,0xde,0x54,0xde,0x54,0xde,0x54,0xde,0x54,0xde,0x54,0xde,0x54,0xde,0x54,0xde,0x54,0xde,0x54,0xde,0x54,0xde,0x54,0xde,0x54,0xde,0x54,0xde,0x54,0xde,0x54,0xde,
    0x54,0xde,0x54,0xde,0x54,0xde,0x54,0xde,0x54,0xde,0x54,0xde,0x54,0xde,0x91,0xf6,0x91,0xf6,0x91,0xf6,0xb1,0xf6,0xb1,0xf6,0xb1,0xf6,0xb1,0xf6,0xb1,0xf6,0xb1,0xf6,
    0xb1,0xf6,0xb1,0xf6,0xb1,0xf6,0xb1,0xf6,0xb1,0xf6,0xb1,0xfe,0xb1,0xfe,0xb1,0xf6,0xb1,0xf6,0xb0,0xf6,0xb0,0xfe,0x90,0xf6,0xb0,0xf6,0xb0,0xf6,0xb1,0xf6,0xb1,0xf6,
    0xb1,0xf6,0xb1,0xf6,0x91,0xf6,0x91,0xf6,0x91,0xf6,0xb1,0xf6,0xb1,0xf6,0xb1,0xf6,0x91,0xf6,0x91,0xf6,0xb1,0xf6,0xb1,0xf6,0xb1,0xf6,0xb1,0xf6,0xb1,0xf6,0xb1,0xf6,
    0xb1,0xf6,0xb1,0xf6,0x91,0xf6,0xb1,0xee,0x54,0xde,0x54,0xde,0x54,0xde,0x54,0xde,0x54,0xde,0x54,0xde,0x54,0xde,0x54,0xde,0x54,0xde,0x54,0xde,0x54,0xde,0x54,0xde,
    0xc2,0x18,0xc2,0x20,0x04,0x62,0x65,0x7a,0xc6,0x8a,0xc9,0xbb,0xe8,0xbb,0xca,0x21,0xc9,0x29,0xea,0x21,0xea,0x21,0xea,0x21,0xe9,0x21,0xe9,0x21,0x64,0x11,0x87,0x19,
    0xea,0x21,0xea,0x21,0xea,0x21,0xea,0x21,0xea,0x21,0xea,0x21,0xe9,0x21,0xe9,0x21,0xea,0x21,0xea,0x21,0xc9,0x21,0xc9,0x21,0xc9,0x21,0xc9,0x21,0xca,0x21,0xa7,0x21,
    0x24,0x11,0x45,0x19,0xa5,0x21,0xe7,0x21,0xca,0x21,0xc9,0x21,0xc9,0x21,0xc9,0x21,0xc9,0x21,0xc9,0x21,0xc9,0x21,0xc5,0x51,0xc4,0x59,0xa5,0x8a,0xe6,0x8a,0x04,0x62,
    0x06,0x52,0xe9,0x21,0xe9,0x21,0xe9,0x21,0xe9,0x21,0xe9,0x21,0xe9,0x21,0xe9,0x29,0x68,0x3a,0xc7,0x21,0xc9,0x21,0xca,0x21,0xc9,0x21,0xe9,0x21,0xe9,0x21,0xe8,0x21,
    0xca,0x21,0xe9,0x21,0xe9,0x21,0xe9,0x21,0xc9,0x21,0xc9,0x21,0xa9,0x21,0x54,0xc6,0x33,0xff,0x33,0xff,0x54,0xff,0x75,0xce,0xe9,0x21,0x47,0x32,0x67,0x19,0xc9,0x21,
    0xc9,0x21,0xc9,0x21,0xc9,0x21,0xa8,0x19,0x09,0xbc,0xe8,0xbb,0xc6,0x8a,0xc6,0x8a,0x25,0x6a,0x22,0x31,0xc2,0x18,0x54,0xde,0x54,0xde,0x54,0xde,0x54,0xde,0x54,0xde,
    0x54,0xde,0x54,0xde,0x54,0xde,0x54,0xde,0x54,0xde,0x54,0xde,0x54,0xde,0x54,0xde,0x54,0xde,0x54,0xde,0x54,0xde,0x54,0xde,0x54,0xde,0x54,0xde,0x54,0xde,0x54,0xde,
    0x54,0xde,0x54,0xde,0x54,0xde,0x54,0xde,0x54,0xde,0x54,0xde,0x54,0xde,0x54,0xde,0x54,0xde,0x54,0xde,0x54,0xde,0x54,0xde,0x54,0xde,0x54,0xde,0x54,0xde,0x54,0xde,
    0x54,0xde,0x54,0xde,0x54,0xde,0x54,0xde,0x54,0xde,0x54,0xde,0x54,0xde,0x54,0xde,0x54,0xde,0x54,0xde,0x54,0xde,0x54,0xde,0x54,0xde,0x54,0xde,0x54,0xde,0x54,0xde,
    0x54,0xde,0x54,0xde,0x54,0xde,0x54,0xde,0x54,0xde,0x54,0xde,0x54,0xde,0x54,0xde,0x54,0xde,0x54,0xde,0x54,0xde,0x54,0xde,0x54,0xde,0x54,0xde,0x54,0xde,0x54,0xde,
    0x54,0xde,0x54,0xde,0x54,0xde,0x54,0xde,0x54,0xde,0x54,0xde,0x54,0xde,0x54,0xde,0x54,0xde,0x54,0xde,0x54,0xde,0x91,0xf6,0x91,0xf6,0x91,0xf6,0x91,0xf6,0x91,0xf6,
    0xb1,0xf6,0xb1,0xf6,0xb1,0xf6,0xb1,0xf6,0xb1,0xfe,0xb1,0xf6,0xb1,0xf6,0xb1,0xf6,0xb1,0xfe,0xb1,0xfe,0xb1,0xfe,0xb1,0xfe,0xb1,0xfe,0xb1,0xfe,0xb0,0xfe,0xb0,0xfe,
    0xb0,0xfe,0xb0,0xfe,0xb0,0xfe,0xb0,0xfe,0xb1,0xfe,0xb0,0xfe,0xb1,0xfe,0xb1,0xfe,0xb1,0xf6,0xb1,0xf6,0xb1,0xf6,0xb1,0xf6,0xb1,0xf6,0xb1,0xf6,0x91,0xf6,0xb1,0xf6,
    0xb1,0xfe,0x71,0xf6,0xb1,0xf6,0x91,0xf6,0xb1,0xf6,0xb1,0xf6,0xb2,0xf6,0xb2,0xf6,0xb2,0xf6,0x54,0xde,0x54,0xde,0x54,0xde,0x54,0xde,0x54,0xde,0x54,0xde,0x54,0xde,
    0x54,0xde,0x54,0xde,0x54,0xde,0x54,0xde,0x54,0xde,0x54,0xde,0xc2,0x18,0xc2,0x20,0x04,0x62,0x65,0x7a,0xc6,0x8a,0xe9,0xbb,0xe8,0xbb,0xca,0x21,0xc9,0x29,0xea,0x21,
    0xea,0x21,0xe9,0x21,0xc9,0x21,0xe9,0x21,0x64,0x19,0xa7,0x21,0xea,0x21,0xea,0x21,0xea,0x29,0xea,0x21,0xea,0x21,0xea,0x29,0xe9,0x29,0xc9,0x29,0xca,0x29,0xea,0x21,
    0xe9,0x21,0xe9,0x21,0xc9,0x21,0xea,0x21,0xc9,0x21,0xa7,0x21,0x24,0x11,0x25,0x19,0xa6,0x21,0xc7,0x21,0xc9,0x21,0xea,0x29,0xe9,0x21,0xe9,0x21,0xe9,0x21,0xe9,0x21,
    0xea,0x21,0xc5,0x51,0xc4,0x59,0xc5,0x8a,0xe6,0x8a,0x04,0x62,0x06,0x52,0xea,0x29,0xe9,0x21,0xe9,0x21,0xe9,0x21,0xe9,0x21,0xe9,0x21,0xe9,0x21,0x48,0x32,0xa7,0x21,
    0xe9,0x21,0xea,0x21,0xe9,0x21,0xe9,0x21,0xe9,0x21,0xea,0x29,0xea,0x21,0xea,0x21,0x0b,0x2a,0xc9,0x21,0xc9,0x21,0xca,0x21,0xca,0x21,0x0a,0x2a,0xb3,0xad,0x92,0xa5,
    0x10,0x9d,0xc9,0x21,0xc9,0x21,0x27,0x32,0x87,0x19,0xc9,0x21,0xc9,0x21,0xc9,0x21,0xc9,0x21,0xa9,0x21,0x29,0xbc,0xe8,0xbb,0xc6,0x8a,0xa6,0x8a,0x04,0x62,0x42,0x31,
    0xc2,0x10,0x54,0xde,0x54,0xde,0x54,0xde,0x54,0xde,0x54,0xde,0x54,0xde,0x54,0xde,0x54,0xde,0x54,0xde,0x54,0xde,0x54,0xde,0x54,0xde,0x54,0xde,0x54,0xde,0x54,0xde,
    0x54,0xde,0x54,0xde,0x54,0xde,0x54,0xde,0x54,0xde,0x54,0xde,0x54,0xde,0x54,0xde,0x54,0xde,0x54,0xde,0x54,0xde,0x54,0xde,0x54,0xde,0x54,0xde,0x54,0xde,0x4b,0xbc,
    0x6b,0xbc,0x54,0xde,0x54,0xde,0x54,0xde,0x54,0xde,0x54,0xde,0x54,0xde,0x54,0xde,0x54,0xde,0x54,0xde,0x54,0xde,0x54,0xde,0x54,0xde,0x54,0xde,0x54,0xde,0x54,0xde,
    0x54,0xde,0x54,0xde,0x54,0xde,0x54,0xde,0x54,0xde,0x54,0xde,0x54,0xde,0x54,0xde,0x54,0xde,0x54,0xde,0x54,0xde,0x54,0xde,0x54,0xde,0x54,0xde,0x54,0xde,0x54,0xde,
    0x54,0xde,0x54,0xde,0x54,0xde,0x54,0xde,0x54,0xde,0x54,0xde,0x54,0xde,0x54,0xde,0x54,0xde,0x54,0xde,0x54,0xde,0x54,0xde,0x54,0xde,0x54,0xde,0x54,0xde,0x54,0xde,
    0x54,0xde,0x91,0xf6,0x91,0xf6,0x91,0xf6,0xb1,0xf6,0xb1,0xf6,0xb1,0xf6,0xb1,0xf6,0xb1,0xf6,0xb1,0xfe,0xb0,0xfe,0xb0,0xfe,0xb1,0xfe,0xb0,0xfe,0xb0,0xfe,0xb0,0xfe,
    0xb0,0xfe,0xb0,0xfe,0xb1,0xfe,0xb0,0xfe,0xb0,0xfe,0xb0,0xfe,0xb0,0xfe,0xb0,0xfe,0xb0,0xfe,0xb0,0xfe,0xb1,0xfe,0xb1,0xfe,0xb0,0xf6,0xb1,0xfe,0xb1,0xf6,0xb1,0xf6,
    0xb0,0xf6,0xb0,0xf6,0xb0,0xf6,0xb1,0xf6,0xb1,0xf6,0xb1,0xf6,0xb1,0xf6,0xd1,0xfe,0x90,0xf6,0x90,0xf6,0x90,0xf6,0xb0,0xf6,0xb0,0xf6,0x90,0xf6,0x90,0xf6,0x91,0xf6,
    0x54,0xde,0xb2,0xf6,0x54,0xde,0x54,0xde,0x54,0xde,0x54,0xde,0x54,0xde,0x54,0xde,0x54,0xde,0x54,0xde,0x54,0xde,0x54,0xde,0xc2,0x18,0xe2,0x20,0x04,0x62,0x65,0x7a,
    0xa5,0x8a,0xe9,0xbb,0xc8,0xc3,0xca,0x21,0xc9,0x21,0xea,0x21,0xea,0x21,0x0a,0x2a,0xea,0x29,0xe9,0x29,0x44,0x19,0xa8,0x21,0xea,0x21,0xea,0x29,0xe9,0x29,0xea,0x21,
    0xea,0x21,0xea,0x29,0xe9,0x29,0xea,0x29,0xea,0x21,0xea,0x21,0xea,0x21,0xea,0x21,0xea,0x21,0xea,0x21,0xa6,0x19,0x66,0x19,0x45,0x19,0x45,0x11,0x85,0x19,0xa6,0x21,
    0xca,0x21,0xe9,0x21,0xea,0x21,0xea,0x21,0xe9,0x21,0xe9,0x21,0xe9,0x21,0xc5,0x51,0xc4,0x59,0xc5,0x8a,0xc6,0x8a,0x04,0x62,0x06,0x52,0xea,0x29,0xea,0x21,0xea,0x21,
    0xea,0x21,0xea,0x21,0xe9,0x21,0xca,0x21,0x48,0x32,0xa7,0x21,0xe9,0x21,0xe9,0x21,0xe9,0x21,0xea,0x29,0xea,0x29,0xea,0x29,0xc9,0x21,0xea,0x21,0x4f,0x74,0xeb,0x29,
    0xa8,0x21,0xca,0x21,0xc9,0x21,0xc9,0x21,0x0b,0x2a,0xca,0x21,0xc9,0x21,0x0a,0x2a,0xe9,0x21,0x47,0x32,0x67,0x19,0xc9,0x21,0xc9,0x21,0xc9,0x21,0xc9,0x21,0xc9,0x21,
    0x29,0xbc,0xc8,0xbb,0xc6,0x8a,0xa6,0x82,0x04,0x62,0x22,0x31,0xc2,0x18,0x54,0xde,0x54,0xde,0x54,0xde,0x54,0xde,0x54,0xde,0x54,0xde,0x54,0xde,0x54,0xde,0x54,0xde,
    0x54,0xde,0x54,0xde,0x54,0xde,0x54,0xde,0x54,0xde,0x54,0xde,0x54,0xde,0x54,0xde,0x54,0xde,0x54,0xde,0x54,0xde,0x54,0xde,0x54,0xde,0x54,0xde,0x54,0xde,0x54,0xde,
    0x54,0xde,0x54,0xde,0x54,0xde,0x54,0xde,0x54,0xde,0x4a,0xb4,0x6b,0xbc,0x54,0xde,0x54,0xde,0x54,0xde,0x54,0xde,0x54,0xde,0x54,0xde,0x54,0xde,0x54,0xde,0x54,0xde,
    0x54,0xde,0x54,0xde,0x54,0xde,0x54,0xde,0x54,0xde,0x54,0xde,0x54,0xde,0x54,0xde,0x54,0xde,0x54,0xde,0x54,0xde,0x54,0xde,0x54,0xde,0x54,0xde,0x54,0xde,0x54,0xde,
    0x54,0xde,0x54,0xde,0x54,0xde,0x54,0xde,0x54,0xde,0x54,0xde,0x54,0xde,0x54,0xde,0x54,0xde,0x54,0xde,0x54,0xde,0x54,0xde,0x54,0xde,0x54,0xde,0x54,0xde,0x54,0xde,
    0x54,0xde,0x54,0xde,0x54,0xde,0x91,0xf6,0x54,0xde,0x91,0xf6,0x91,0xf6,0x91,0xf6,0x91,0xf6,0xb1,0xf6,0xb1,0xfe,0xb1,0xfe,0xb1,0xfe,0xb0,0xfe,0xb0,0xfe,0xb0,0xfe,
    0xb0,0xfe,0xb1,0xfe,0xb1,0xfe,0xb1,0xfe,0xb0,0xfe,0xb1,0xfe,0xb0,0xfe,0xb0,0xfe,0xb0,0xfe,0xd0,0xfe,0xd0,0xfe,0xb0,0xfe,0xb0,0xfe,0xb0,0xfe,0xb0,0xfe,0xb0,0xfe,
    0xb0,0xfe,0xd0,0xfe,0xb0,0xfe,0xd0,0xfe,0xb0,0xfe,0xb0,0xf6,0xb1,0xf6,0xd1,0xfe,0xd1,0xfe,0xd1,0xf6,0xb0,0xf6,0xb1,0xf6,0xb1,0xf6,0x23,0x3a,0x85,0x42,0x85,0x42,
    0x85,0x42,0x65,0x3a,0x64,0x3a,0x64,0x42,0x64,0x42,0x44,0x3a,0xd2,0xfe,0xb1,0xf6,0x91,0xf6,0x91,0xf6,0x54,0xde,0x54,0xde,0x54,0xde,0x54,0xde,0x54,0xde,0x54,0xde,
    0x54,0xde,0x54,0xde,0xa2,0x10,0xc2,0x20,0x04,0x62,0x65,0x7a,0xc6,0x8a,0xc9,0xbb,0xe8,0xbb,0xea,0x21,0x09,0x2a,0x49,0x2a,0xea,0x29,0x0b,0x2a,0xe4,0x10,0x04,0x11,
    0x45,0x19,0xa6,0x21,0xe7,0x21,0x0a,0x2a,0x0a,0x2a,0x0a,0x2a,0xea,0x29,0xea,0x29,0xea,0x21,0xea,0x29,0xea,0x29,0xea,0x29,0xea,0x29,0xe9,0x21,0xe9,0x21,0xea,0x29,
    0x24,0x11,0x25,0x11,0x25,0x19,0x25,0x11,0x65,0x19,0x85,0x19,0xc8,0x21,0xea,0x21,0xea,0x21,0xea,0x21,0xe9,0x29,0xe9,0x29,0x0a,0x22,0xe5,0x51,0xc4,0x59,0xc6,0x8a,
    0xe6,0x8a,0xe4,0x61,0x06,0x52,0xea,0x29,0x0a,0x22,0x09,0x22,0x0a,0x22,0x0a,0x2a,0x0a,0x2a,0x28,0x32,0x68,0x3a,0xc7,0x21,0x86,0x19,0x0a,0x2a,0x0a,0x2a,0x0a,0x2a,
    0x0a,0x22,0xea,0x21,0xe9,0x21,0xe9,0x21,0xc9,0x21,0xe9,0x21,0xe9,0x29,0xea,0x29,0x0a,0x2a,0xe9,0x29,0xea,0x29,0xe9,0x21,0xea,0x21,0xea,0x21,0x08,0x2a,0x47,0x32,
    0x86,0x19,0x87,0x19,0xe9,0x29,0xe9,0x21,0xea,0x29,0xe9,0x21,0x29,0xbc,0xc8,0xbb,0xc6,0x8a,0xa6,0x82,0x04,0x62,0x22,0x31,0xa2,0x10,0x54,0xde,0x54,0xde,0x54,0xde,
    0x54,0xde,0x54,0xde,0x54,0xde,0x54,0xde,0x54,0xde,0x54,0xde,0x54,0xde,0x54,0xde,0x54,0xde,0x54,0xde,0x54,0xde,0x54,0xde,0x54,0xde,0x54,0xde,0x54,0xde,0x54,0xde,
    0x54,0xde,0x54,0xde,0x54,0xde,0x54,0xde,0x54,0xde,0x54,0xde,0x54,0xde,0x54,0xde,0x54,0xde,0xcd,0xbc,0x6b,0xbc,0x54,0xde,0x54,0xde,0x54,0xde,0x54,0xde,0x54,0xde,
    0x54,0xde,0x54,0xde,0x54,0xde,0x54,0xde,0x54,0xde,0x54,0xde,0x54,0xde,0x54,0xde,0x54,0xde,0x54,0xde,0x54,0xde,0x54,0xde,0x54,0xde,0x54,0xde,0x54,0xde,0x54,0xde,
    0x54,0xde,0x54,0xde,0x54,0xde,0x54,0xde,0x54,0xde,0x54,0xde,0x54,0xde,0x54,0xde,0x54,0xde,0x54,0xde,0x54,0xde,0x54,0xde,0x54,0xde,0x54,0xde,0x54,0xde,0x54,0xde,
    0x54,0xde,0x54,0xde,0x54,0xde,0x54,0xde,0x54,0xde,0x54,0xde,0x54,0xde,0x54,0xde,0x54,0xde,0xb1,0xf6,0x91,0xf6,0x91,0xf6,0xb1,0xf6,0xb1,0xf6,0xb1,0xf6,0xb1,0xf6,
    0xb1,0xfe,0xb1,0xfe,0xb0,0xfe,0xb0,0xfe,0xb0,0xfe,0xb0,0xfe,0xb1,0xfe,0xb0,0xfe,0xb0,0xfe,0xb0,0xfe,0xb0,0xfe,0xb0,0xfe,0xb0,0xfe,0xb0,0xfe,0xaf,0xfe,0xb0,0xfe,
    0xd0,0xfe,0xd0,0xfe,0xd0,0xfe,0xd0,0xfe,0xd0,0xfe,0xd0,0xfe,0xb0,0xfe,0xd0,0xfe,0xb0,0xfe,0xb0,0xfe,0xb0,0xfe,0xb0,0xfe,0xd0,0xfe,0xd0,0xfe,0x12,0xff,0xf1,0xfe,
    0xf1,0xfe,0x12,0xff,0xf1,0xfe,0xa5,0x4a,0xc6,0x4a,0xa6,0x4a,0xa6,0x4a,0xa6,0x4a,0xa5,0x42,0xa6,0x42,0xa6,0x42,0xa6,0x42,0xb2,0xfe,0xb1,0xf6,0xb1,0xf6,0xb1,0xf6,
    0x54,0xde,0x91,0xf6,0x54,0xde,0x54,0xde,0x54,0xde,0x54,0xde,0x54,0xde,0x54,0xde,0xa2,0x10,0xe2,0x20,0x04,0x62,0x65,0x7a,0xc6,0x8a,0xc9,0xbb,0xe8,0xbb,0x0a,0x2a,
    0x2a,0x2a,0x6a,0x32,0x2a,0x2a,0x0a,0x22,0x05,0x11,0x24,0x19,0x04,0x11,0x65,0x19,0xa5,0x21,0x0a,0x2a,0x2b,0x2a,0x0a,0x2a,0x0a,0x22,0xea,0x29,0xea,0x21,0x09,0x22,
    0xe9,0x29,0x0a,0x2a,0x0a,0x2a,0xea,0x29,0xea,0x29,0xca,0x21,0xa8,0x21,0x87,0x21,0x25,0x11,0x24,0x11,0x45,0x11,0xa5,0x21,0xc8,0x21,0xea,0x21,0xea,0x21,0xea,0x21,
    0xe9,0x21,0xe9,0x29,0xea,0x29,0xe5,0x51,0xc4,0x61,0xe6,0x92,0xe6,0x8a,0x25,0x6a,0x26,0x52,0x0a,0x2a,0x0a,0x22,0x0b,0x2a,0xea,0x29,0xea,0x29,0x09,0x2a,0x48,0x32,
    0xc7,0x21,0x87,0x19,0xa7,0x21,0x0a,0x2a,0x0a,0x2a,0x0a,0x22,0x0a,0x2a,0x0a,0x22,0x0a,0x22,0x0a,0x22,0x2a,0x2a,0xa8,0x21,0x6e,0x5b,0xea,0x29,0xea,0x29,0x0a,0x2a,
    0x0a,0x2a,0xea,0x21,0xe9,0x21,0x08,0x2a,0x48,0x32,0x07,0x2a,0x87,0x19,0x87,0x21,0xe9,0x21,0xea,0x29,0xe9,0x29,0xa8,0x19,0x08,0xb4,0xc8,0xb3,0xa6,0x82,0xa6,0x82,
    0x04,0x62,0x22,0x31,0xc2,0x10,0x54,0xde,0x54,0xde,0x54,0xde,0x54,0xde,0x54,0xde,0x54,0xde,0x54,0xde,0x54,0xde,0x54,0xde,0x54,0xde,0x54,0xde,0x54,0xde,0x54,0xde,
    0x54,0xde,0x54,0xde,0x54,0xde,0x54,0xde,0x54,0xde,0x54,0xde,0x54,0xde,0x54,0xde,0x54,0xde,0x54,0xde,0x54,0xde,0x54,0xde,0x54,0xde,0x54,0xde,0x54,0xde,0xcd,0xbc,
    0x6b,0xc4,0x54,0xde,0x54,0xde,0x54,0xde,0x54,0xde,0x54,0xde,0x54,0xde,0x54,0xde,0x54,0xde,0x54,0xde,0x54,0xde,0x54,0xde,0x54,0xde,0x54,0xde,0x54,0xde,0x54,0xde,
    0x54,0xde,0x54,0xde,0x54,0xde,0x54,0xde,0x54,0xde,0x54,0xde,0x54,0xde,0x54,0xde,0x54,0xde,0x54,0xde,0x54,0xde,0x54,0xde,0x54,0xde,0x54,0xde,0x54,0xde,0x54,0xde,
    0x54,0xde,0x54,0xde,0x54,0xde,0x54,0xde,0x54,0xde,0x54,0xde,0x54,0xde,0x54,0xde,0x54,0xde,0x54,0xde,0x54,0xde,0x54,0xde,0x54,0xde,0x54,0xde,0x54,0xde,0x91,0xf6,
    0x91,0xf6,0x91,0xf6,0xb1,0xf6,0xb1,0xf6,0xb0,0xf6,0xd1,0xfe,0xb1,0xfe,0xb1,0xfe,0xd0,0xfe,0xd0,0xfe,0xb0,0xfe,0xb0,0xfe,0xb0,0xfe,0xb0,0xfe,0xb0,0xfe,0xb0,0xfe,
    0xb0,0xfe,0xb0,0xfe,0xd0,0xfe,0xd0,0xfe,0xd0,0xfe,0xd0,0xfe,0xd0,0xfe,0xd0,0xfe,0xd0,0xfe,0xd0,0xfe,0xd0,0xfe,0xd0,0xfe,0xd0,0xfe,0xd0,0xfe,0xd0,0xfe,0xd0,0xfe,
    0xd0,0xfe,0xd0,0xfe,0xd0,0xfe,0x12,0xff,0xa8,0x63,0x67,0x63,0x67,0x63,0x67,0x63,0x87,0x63,0x46,0x5b,0x46,0x63,0x26,0x5b,0x26,0x5b,0xa6,0x42,0xc6,0x4a,0xc6,0x4a,
    0xa6,0x42,0xa6,0x4a,0xd2,0xfe,0xb1,0xf6,0xb1,0xf6,0xb1,0xf6,0x91,0xf6,0xb1,0xf6,0x54,0xde,0x54,0xde,0x54,0xde,0x54,0xde,0x54,0xde,0x54,0xde,0xc2,0x18,0xe2,0x20,
    0x04,0x62,0x65,0x7a,0xc6,0x8a,0xc9,0xbb,0xc8,0xbb,0x0b,0x22,0x2a,0x2a,0x49,0x32,0x2a,0x2a,0x2b,0x2a,0x05,0x11,0x24,0x11,0x24,0x11,0x45,0x19,0x84,0x19,0x0a,0x2a,
    0x2b,0x2a,0x2b,0x2a,0x4b,0x2a,0x4b,0x2a,0x2b,0x2a,0x2b,0x2a,0x0a,0x2a,0x0a,0x2a,0x0a,0x2a,0x0a,0x2a,0x0b,0x2a,0x0a,0x2a,0x85,0x21,0x86,0x21,0x45,0x11,0x25,0x19,
    0x65,0x19,0x85,0x21,0xc8,0x21,0xea,0x29,0x2b,0x2a,0x2b,0x2a,0x2a,0x2a,0x6a,0x32,0x2b,0x2a,0xe5,0x51,0xc3,0x61,0xe5,0x92,0x06,0x8b,0x24,0x62,0x47,0x5a,0x4b,0x2a,
    0x4a,0x2a,0x2a,0x2a,0x2b,0x2a,0x2a,0x2a,0x2a,0x2a,0x09,0x2a,0xe7,0x29,0x86,0x19,0xc8,0x21,0xea,0x29,0x2b,0x2a,0x2a,0x2a,0x0a,0x2a,0x0a,0x2a,0x0a,0x2a,0x0a,0x2a,
    0xea,0x21,0x0b,0x2a,0x4b,0x2a,0x2a,0x2a,0x0a,0x2a,0x0a,0x2a,0x0a,0x2a,0x0a,0x22,0x0a,0x2a,0x27,0x2a,0xc7,0x21,0x86,0x19,0x87,0x19,0x86,0x19,0x2a,0x2a,0x0a,0x2a,
    0xe9,0x21,0xe9,0x21,0x08,0xbc,0xc8,0xbb,0xa6,0x82,0xa6,0x82,0x04,0x62,0x43,0x31,0xc2,0x10,0x54,0xde,0x54,0xde,0x54,0xde,0x54,0xde,0x54,0xde,0x54,0xde,0x54,0xde,
    0x54,0xde,0x54,0xde,0x54,0xde,0x54,0xde,0x54,0xde,0x54,0xde,0x54,0xde,0x54,0xde,0x54,0xde,0x54,0xde,0x54,0xde,0x54,0xde,0x54,0xde,0x54,0xde,0x54,0xde,0x54,0xde,
    0x54,0xde,0x54,0xde,0x54,0xde,0x2f,0xc5,0x8b,0xc4,0xcd,0xcc,0xed,0xcc,0x54,0xde,0x54,0xde,0x54,0xde,0x54,0xde,0x54,0xde,0x54,0xde,0x54,0xde,0x54,0xde,0x54,0xde,
    0x54,0xde,0x54,0xde,0x54,0xde,0x54,0xde,0x54,0xde,0x54,0xde,0x54,0xde,0x54,0xde,0x54,0xde,0x54,0xde,0x54,0xde,0x54,0xde,0x54,0xde,0x54,0xde,0x54,0xde,0x54,0xde,
    0x54,0xde,0x54,0xde,0x54,0xde,0x54,0xde,0x54,0xde,0x54,0xde,0x54,0xde,0x54,0xde,0x54,0xde,0x54,0xde,0x54,0xde,0x54,0xde,0x54,0xde,0x54,0xde,0x54,0xde,0x54,0xde,
    0x54,0xde,0x54,0xde,0x54,0xde,0x54,0xde,0x54,0xde,0xb1,0xf6,0xb1,0xf6,0xb1,0xf6,0xb1,0xf6,0xb1,0xfe,0xd0,0xfe,0xd1,0xfe,0xd1,0xfe,0xd1,0xfe,0xd1,0xfe,0xd0,0xfe,
    0xd0,0xfe,0xd0,0xfe,0xd0,0xfe,0xd0,0xfe,0xd0,0xfe,0xd0,0xfe,0xd0,0xfe,0xd0,0xfe,0xd0,0xfe,0xd0,0xfe,0xd0,0xfe,0xd0,0xfe,0xd0,0xfe,0xd0,0xfe,0xd0,0xfe,0xd0,0xfe,
    0xd0,0xfe,0xd0,0xfe,0xd0,0xfe,0xd0,0xfe,0xd0,0xfe,0xf1,0xfe,0x54,0xde,0x54,0xde,0x54,0xde,0x54,0xde,0x68,0x63,0x67,0x63,0x67,0x63,0x47,0x63,0x47,0x63,0x46,0x5b,
    0x67,0x63,0x68,0x5b,0x27,0x53,0xa6,0x42,0xa6,0x42,0xc6,0x4a,0xe6,0x52,0xa5,0x42,0xb1,0xfe,0x91,0xf6,0xb1,0xf6,0xb1,0xf6,0x91,0xf6,0x91,0xf6,0xb1,0xf6,0x54,0xde,
    0x54,0xde,0x54,0xde,0x54,0xde,0x54,0xde,0xc2,0x18,0xc2,0x18,0x04,0x6a,0x65,0x7a,0xe6,0x8a,0xc9,0xbb,0xc8,0xbb,0x0a,0x22,0x0a,0x2a,0x4a,0x2a,0x09,0x2a,0xa7,0x21,
    0x04,0x11,0x04,0x11,0x04,0x11,0x65,0x19,0x85,0x19,0xc7,0x21,0xc8,0x21,0x4b,0x2a,0x4c,0x2a,0x2b,0x2a,0x2b,0x2a,0x2b,0x2a,0x2a,0x2a,0x2a,0x2a,0x2b,0x2a,0x0a,0x2a,
    0xc8,0x21,0xa7,0x19,0x65,0x19,0x86,0x21,0x45,0x19,0x24,0x11,0x65,0x19,0xa5,0x21,0xa6,0x21,0xc7,0x21,0xe8,0x21,0x4b,0x2a,0x4a,0x2a,0x2a,0x32,0x4b,0x2a,0xe5,0x59,
    0xe4,0x61,0xe6,0x92,0xe6,0x92,0x24,0x6a,0x26,0x5a,0x4a,0x32,0x09,0x2a,0x2b,0x2a,0x4b,0x2a,0x2b,0x2a,0x49,0x2a,0x29,0x32,0x27,0x2a,0x86,0x19,0x86,0x19,0x08,0x2a,
    0x29,0x2a,0x4b,0x2a,0x2b,0x2a,0x2b,0x2a,0x2b,0x2a,0x2b,0x2a,0x2b,0x2a,0x2a,0x2a,0x2a,0x2a,0x2b,0x2a,0x2b,0x2a,0x2b,0x2a,0x2b,0x2a,0x4a,0x32,0x29,0x2a,0x48,0x32,
    0xc7,0x21,0x86,0x19,0x66,0x19,0x66,0x19,0xe9,0x21,0xe9,0x21,0x0a,0x2a,0x0a,0x22,0x08,0xbc,0xe8,0xbb,0xc6,0x82,0xc6,0x82,0x04,0x62,0x22,0x31,0xa2,0x10,0x54,0xde,
    0x54,0xde,0x54,0xde,0x54,0xde,0x54,0xde,0x54,0xde,0x54,0xde,0x54,0xde,0x54,0xde,0x54,0xde,0x54,0xde,0x54,0xde,0x54,0xde,0x54,0xde,0x54,0xde,0x54,0xde,0x54,0xde,
    0x54,0xde,0x54,0xde,0x54,0xde,0x54,0xde,0x54,0xde,0x54,0xde,0x54,0xde,0x54,0xde,0x54,0xde,0x2f,0xcd,0x6b,0xc4,0x8c,0xbc,0x54,0xde,0x54,0xde,0x54,0xde,0x54,0xde,
    0x54,0xde,0x54,0xde,0x6f,0xcd,0x90,0xcd,0x54,0xde,0x54,0xde,0x54,0xde,0x54,0xde,0x54,0xde,0x54,0xde,0x54,0xde,0x54,0xde,0x54,0xde,0x54,0xde,0x54,0xde,0x54,0xde,
    0x54,0xde,0x54,0xde,0x54,0xde,0x54,0xde,0x54,0xde,0x54,0xde,0x54,0xde,0x54,0xde,0x54,0xde,0x54,0xde,0x54,0xde,0x54,0xde,0x54,0xde,0x54,0xde,0x54,0xde,0x54,0xde,
    0x54,0xde,0x54,0xde,0x54,0xde,0x54,0xde,0x54,0xde,0x54,0xde,0x54,0xde,0x54,0xde,0x54,0xde,0x54,0xde,0x54,0xde,0xb1,0xf6,0xb1,0xf6,0xb0,0xf6,0xd1,0xfe,0xf1,0xfe,
    0xf0,0xfe,0xf1,0xfe,0xf1,0xfe,0xf0,0xfe,0x10,0xff,0x10,0xff,0x10,0xff,0xf0,0xfe,0xf0,0xfe,0xf0,0xfe,0xd0,0xfe,0xd0,0xfe,0xd0,0xfe,0xcf,0xfe,0xd0,0xfe,0xd0,0xfe,
    0xd0,0xfe,0xd0,0xfe,0xd0,0xfe,0xd0,0xfe,0xf0,0xfe,0xd0,0xfe,0xd0,0xfe,0xd0,0xfe,0xd0,0xfe,0xd0,0xfe,0x8f,0xf6,0xaf,0xfe,0x04,0x63,0x26,0x5b,0x26,0x5b,0x26,0x5b,
    0x26,0x5b,0x46,0x63,0x67,0x63,0x67,0x63,0x66,0x63,0x26,0x53,0x07,0x53,0x05,0x32,0xc4,0x29,0x85,0x42,0x86,0x42,0xa5,0x42,0x33,0xff,0xb1,0xfe,0xd1,0xfe,0xb1,0xfe,
    0xb1,0xf6,0xb1,0xf6,0xb1,0xf6,0xb1,0xf6,0xb1,0xf6,0xb1,0xf6,0xb1,0xf6,0xb1,0xf6,0x54,0xde,0x54,0xde,0xc2,0x18,0xc2,0x18,0x05,0x6a,0x65,0x7a,0xe6,0x8a,0xe9,0xbb,
    0xc8,0xbb,0xa8,0x19,0xa9,0x21,0x6c,0x32,0x87,0x19,0x24,0x11,0x03,0x11,0x04,0x11,0x24,0x11,0x24,0x11,0x65,0x19,0x64,0x19,0xa5,0x21,0x4a,0x32,0x4c,0x32,0x2b,0x2a,
    0x0b,0x22,0x2a,0x2a,0x49,0x32,0x4b,0x2a,0x2b,0x2a,0xa8,0x21,0x24,0x11,0x24,0x11,0x25,0x11,0x25,0x11,0x45,0x11,0x25,0x11,0x45,0x19,0x65,0x19,0x84,0x19,0x86,0x19,
    0xe6,0x21,0x2a,0x2a,0x4a,0x2a,0x29,0x2a,0x4c,0x2a,0xe5,0x59,0xc4,0x61,0xe6,0x92,0xe6,0x92,0x25,0x6a,0x27,0x52,0x4a,0x32,0xc8,0x21,0x6c,0x2a,0x4b,0x2a,0x2a,0x2a,
    0x47,0x32,0x48,0x32,0xc6,0x21,0x86,0x19,0x87,0x19,0x08,0x2a,0xe8,0x21,0x6c,0x2a,0x4b,0x2a,0x4b,0x2a,0x4b,0x2a,0x4b,0x2a,0x4b,0x2a,0x4b,0x2a,0x4b,0x2a,0x4b,0x2a,
    0x4b,0x2a,0x4c,0x2a,0x4c,0x32,0x69,0x3a,0x48,0x32,0x07,0x2a,0xc7,0x21,0x87,0x19,0x67,0x19,0x87,0x21,0x66,0x19,0x67,0x11,0x6b,0x32,0x2a,0x22,0x08,0xbc,0xe8,0xbb,
    0xc6,0x82,0xc6,0x82,0x04,0x62,0x22,0x31,0xa2,0x10,0x54,0xde,0x54,0xde,0x54,0xde,0x54,0xde,0x54,0xde,0x54,0xde,0x54,0xde,0x54,0xde,0x54,0xde,0x54,0xde,0x54,0xde,
    0x54,0xde,0x54,0xde,0x54,0xde,0x54,0xde,0x54,0xde,0x54,0xde,0x54,0xde,0x54,0xde,0x54,0xde,0x54,0xde,0x54,0xde,0x54,0xde,0x54,0xde,0x54,0xde,0x54,0xde,0x2f,0xcd,
    0x6b,0xc4,0x90,0xd5,0x54,0xde,0x54,0xde,0x54,0xde,0x54,0xde,0x54,0xde,0x54,0xde,0x6b,0xc4,0xac,0xbc,0x54,0xde,0x54,0xde,0x54,0xde,0x54,0xde,0x54,0xde,0x54,0xde,
    0x54,0xde,0x54,0xde,0x54,0xde,0x54,0xde,0x54,0xde,0x54,0xde,0x54,0xde,0x54,0xde,0x54,0xde,0x54,0xde,0x54,0xde,0x54,0xde,0x54,0xde,0x54,0xde,0x54,0xde,0x54,0xde,
    0x54,0xde,0x54,0xde,0x54,0xde,0x54,0xde,0x54,0xde,0x54,0xde,0x54,0xde,0x54,0xde,0x54,0xde,0x54,0xde,0x54,0xde,0x54,0xde,0x54,0xde,0x54,0xde,0x54,0xde,0x54,0xde,
    0x91,0xf6,0xb1,0xfe,0xb1,0xfe,0xb0,0xfe,0xb0,0xf6,0x24,0x32,0x65,0x3a,0x65,0x3a,0x44,0x3a,0x44,0x3a,0x44,0x3a,0x64,0x3a,0x65,0x3a,0x44,0x3a,0x66,0x42,0x10,0xff,
    0xd0,0xfe,0xd0,0xfe,0xd0,0xfe,0xd0,0xfe,0xd0,0xfe,0xf0,0xfe,0xd0,0xfe,0xf0,0xfe,0xf0,0xfe,0xf0,0xfe,0xf0,0xfe,0xf0,0xfe,0xf0,0xfe,0xf0,0xfe,0xd0,0xfe,0xd0,0xfe,
    0x2c,0xb5,0x25,0x63,0x05,0x5b,0x46,0x63,0x46,0x63,0x47,0x63,0x47,0x63,0x67,0x63,0x87,0x63,0xc2,0x29,0xa3,0x29,0xa3,0x21,0xc4,0x29,0x86,0x42,0xa6,0x4a,0xc6,0x4a,
    0xc6,0x4a,0xa6,0x42,0x33,0xff,0xd1,0xfe,0xb1,0xfe,0xb1,0xfe,0xb1,0xfe,0xb1,0xf6,0xb1,0xf6,0xb1,0xf6,0xb1,0xf6,0xb1,0xf6,0xb1,0xf6,0xb1,0xf6,0x54,0xde,0x54,0xde,
    0xc2,0x10,0xc1,0x18,0x04,0x6a,0x65,0x7a,0xe6,0x8a,0xe9,0xbb,0xe8,0xbb,0xa8,0x21,0xc8,0x21,0x29,0x32,0x04,0x11,0xe3,0x08,0x04,0x11,0x24,0x11,0x25,0x11,0x04,0x11,
    0xe3,0x10,0x03,0x11,0x03,0x11,0x86,0x19,0x4b,0x2a,0x2b,0x2a,0xa8,0x19,0x87,0x19,0x28,0x32,0x6b,0x2a,0x4b,0x2a,0x2a,0x2a,0x2a,0x2a,0x2a,0x2a,0x04,0x11,0x25,0x11,
    0x45,0x11,0x45,0x19,0x24,0x11,0x04,0x11,0x46,0x11,0x45,0x11,0x6b,0x32,0x6b,0x32,0xe9,0x29,0xe8,0x21,0x2a,0x2a,0xe5,0x59,0xc4,0x61,0x06,0x93,0xe6,0x92,0x05,0x62,
    0x27,0x52,0x49,0x32,0xe8,0x21,0x2b,0x2a,0x2a,0x2a,0xc6,0x21,0x66,0x19,0x66,0x19,0x66,0x19,0x66,0x19,0x87,0x21,0xa7,0x21,0x87,0x19,0xa7,0x19,0xa8,0x19,0x6c,0x32,
    0x4b,0x2a,0x6b,0x2a,0x4a,0x2a,0x49,0x32,0xea,0x21,0x4b,0x2a,0x4b,0x2a,0x6c,0x2a,0xa8,0x19,0x45,0x11,0x86,0x19,0x87,0x21,0x87,0x19,0x87,0x19,0x87,0x19,0x87,0x21,
    0x87,0x19,0x46,0x19,0x88,0x19,0x0a,0x22,0x08,0xbc,0xc8,0xbb,0xc6,0x82,0xa6,0x82,0x04,0x62,0x23,0x31,0xa2,0x10,0x54,0xde,0x54,0xde,0x54,0xde,0x54,0xde,0x54,0xde,
    0x54,0xde,0x54,0xde,0x54,0xde,0x54,0xde,0x54,0xde,0x54,0xde,0x54,0xde,0x54,0xde,0x54,0xde,0x54,0xde,0x54,0xde,0x54,0xde,0x54,0xde,0x54,0xde,0x54,0xde,0x54,0xde,
    0x54,0xde,0x54,0xde,0x54,0xde,0x54,0xde,0x54,0xde,0x2e,0xcd,0x8a,0xc4,0x90,0xdd,0x54,0xde,0x54,0xde,0x54,0xde,0x54,0xde,0x54,0xde,0x54,0xde,0x6b,0xc4,0xcd,0xc4,
    0x54,0xde,0x54,0xde,0x54,0xde,0x54,0xde,0x54,0xde,0x54,0xde,0x54,0xde,0x54,0xde,0x54,0xde,0x54,0xde,0x54,0xde,0x54,0xde,0x54,0xde,0x54,0xde,0x54,0xde,0x54,0xde,
    0x54,0xde,0x54,0xde,0x54,0xde,0x54,0xde,0x54,0xde,0x54,0xde,0x54,0xde,0x54,0xde,0x54,0xde,0x54,0xde,0x54,0xde,0x54,0xde,0x54,0xde,0x54,0xde,0x54,0xde,0x54,0xde,
    0x54,0xde,0x54,0xde,0x54,0xde,0x54,0xde,0x54,0xde,0x54,0xde,0xb1,0xf6,0xb1,0xfe,0xd0,0xfe,0xd0,0xfe,0xd2,0xf6,0x45,0x32,0x46,0x42,0x66,0x3a,0x86,0x42,0xa6,0x42,
    0xa6,0x42,0x85,0x42,0x65,0x42,0x65,0x42,0xa7,0x4a,0x50,0xff,0x0f,0xf7,0xef,0xfe,0xef,0xfe,0x10,0xff,0xf1,0xfe,0xf0,0xfe,0xf0,0xfe,0xf0,0xfe,0xf0,0xfe,0xf0,0xfe,
    0xf0,0xfe,0xf0,0xfe,0xf0,0xfe,0xd0,0xfe,0xf0,0xfe,0xf0,0xfe,0x0c,0xad,0x66,0x63,0x87,0x6b,0x67,0x63,0x67,0x63,0x67,0x63,0x67,0x63,0x67,0x63,0x46,0x63,0x82,0x21,
    0xc4,0x29,0x25,0x32,0xe4,0x29,0xc6,0x4a,0x86,0x42,0x85,0x42,0x46,0x3a,0xa7,0x42,0x34,0xff,0xf1,0xfe,0xb1,0xfe,0xb1,0xfe,0xb0,0xfe,0xb1,0xfe,0xb1,0xf6,0xb1,0xf6,
    0xb1,0xf6,0xb1,0xf6,0xb1,0xf6,0xb1,0xf6,0x91,0xf6,0x54,0xde,0xc2,0x10,0xc2,0x18,0xe4,0x61,0x65,0x7a,0xe6,0x8a,0xe9,0xbb,0xe8,0xbb,0xc7,0x21,0xc8,0x21,0x28,0x2a,
    0x29,0x2a,0x29,0x2a,0x04,0x11,0x24,0x11,0x24,0x11,0x04,0x11,0x04,0x11,0x4b,0x32,0x4c,0x32,0x4c,0x32,0x4c,0x32,0x6c,0x32,0xc9,0x21,0xa8,0x19,0x4a,0x32,0x6b,0x2a,
    0x4c,0x2a,0x6c,0x32,0x6c,0x32,0x2b,0x2a,0x25,0x11,0x45,0x19,0x25,0x19,0x25,0x19,0x24,0x11,0x45,0x19,0x6c,0x32,0x8d,0x32,0x6c,0x32,0x29,0x2a,0x08,0x2a,0xc8,0x21,
    0x4a,0x2a,0x06,0x5a,0xc4,0x61,0xe6,0x92,0xe6,0x8a,0x04,0x62,0x27,0x5a,0x49,0x32,0xc8,0x21,0x4b,0x2a,0x8c,0x32,0xe8,0x21,0x25,0x11,0x46,0x19,0x66,0x19,0x87,0x21,
    0x87,0x21,0x45,0x11,0x46,0x19,0x66,0x19,0xe8,0x21,0x8d,0x2a,0x6c,0x32,0x6c,0x2a,0x6a,0x32,0x48,0x32,0xea,0x21,0x6c,0x2a,0x6b,0x32,0x8c,0x32,0x67,0x19,0x87,0x19,
    0x87,0x21,0x66,0x19,0x66,0x19,0x66,0x19,0x66,0x19,0x46,0x19,0x4b,0x32,0x8c,0x32,0x6b,0x32,0x0a,0x22,0xe8,0xbb,0xc8,0xbb,0xc6,0x82,0xa6,0x8a,0x04,0x62,0x23,0x39,
    0xa2,0x10,0x54,0xde,0x54,0xde,0x54,0xde,0x54,0xde,0x54,0xde,0x54,0xde,0x54,0xde,0x54,0xde,0x54,0xde,0x54,0xde,0x54,0xde,0x54,0xde,0x54,0xde,0x54,0xde,0x54,0xde,
    0x54,0xde,0x54,0xde,0x54,0xde,0x54,0xde,0x54,0xde,0x54,0xde,0x54,0xde,0x54,0xde,0x54,0xde,0x54,0xde,0x54,0xde,0x2e,0xcd,0x6b,0xc4,0x8b,0xcc,0x6b,0xc4,0x54,0xde,
    0x54,0xde,0x54,0xde,0x54,0xde,0x54,0xde,0x6b,0xc4,0x6b,0xc4,0xac,0xc4,0x90,0xd5,0x54,0xde,0x54,0xde,0x54,0xde,0x54,0xde,0x54,0xde,0x54,0xde,0x54,0xde,0x54,0xde,
    0x54,0xde,0x54,0xde,0x54,0xde,0x54,0xde,0x54,0xde,0x54,0xde,0x54,0xde,0x54,0xde,0x54,0xde,0x54,0xde,0x54,0xde,0x54,0xde,0x54,0xde,0x54,0xde,0x54,0xde,0x54,0xde,
    0x54,0xde,0x54,0xde,0x54,0xde,0x54,0xde,0x54,0xde,0x54,0xde,0x54,0xde,0x54,0xde,0x54,0xde,0x54,0xde,0x54,0xde,0x54,0xde,0xb1,0xf6,0xd0,0xfe,0xd0,0xfe,0xd0,0xfe,
    0xd1,0xfe,0x44,0x3a,0x66,0x3a,0x85,0x42,0x66,0x42,0x86,0x42,0x86,0x42,0x86,0x42,0x86,0x42,0x85,0x42,0x85,0x42,0x86,0x42,0x85,0x42,0x65,0x3a,0xa6,0x42,0xc7,0x4a,
    0x32,0xff,0xef,0xfe,0x10,0xff,0xf0,0xfe,0xf0,0xfe,0xf0,0xfe,0xf0,0xfe,0xf0,0xfe,0xf0,0xfe,0xf0,0xfe,0xb0,0xe6,0x45,0x63,0x46,0x63,0x67,0x63,0x26,0x5b,0x67,0x63,
    0x67,0x63,0x46,0x63,0x46,0x5b,0xa5,0x4a,0x64,0x21,0x66,0x42,0xc5,0x4a,0xc6,0x4a,0xc6,0x4a,0xa5,0x4a,0xc6,0x4a,0xa6,0x42,0x2b,0xad,0xd0,0xfe,0xd0,0xfe,0xd0,0xfe,
    0xd0,0xfe,0xb0,0xfe,0xb0,0xfe,0xb1,0xfe,0xb1,0xfe,0xb1,0xf6,0xb1,0xfe,0xb1,0xfe,0xb1,0xfe,0xb1,0xf6,0xb1,0xf6,0xb1,0xf6,0xa2,0x10,0xc2,0x20,0xe4,0x61,0x65,0x7a,
    0xe6,0x8a,0xe9,0xbb,0xc8,0xbb,0x87,0x19,0xa7,0x21,0x87,0x19,0xe8,0x21,0x08,0x2a,0x04,0x11,0x24,0x11,0x24,0x11,0x44,0x19,0x65,0x19,0x6b,0x32,0x8d,0x32,0x4c,0x2a,
    0x4b,0x2a,0x2b,0x2a,0xc8,0x21,0xa8,0x21,0xc8,0x21,0x4a,0x2a,0x4c,0x32,0x6c,0x32,0xe8,0x29,0x65,0x19,0xa6,0x21,0x65,0x19,0x45,0x19,0x24,0x11,0x45,0x19,0x65,0x19,
    0xa6,0x21,0xa5,0x21,0x6c,0x32,0x4b,0x2a,0xa8,0x21,0xa8,0x21,0xc7,0x19,0x05,0x5a,0xc4,0x61,0xe6,0x92,0xe6,0x8a,0xe4,0x61,0x26,0x52,0xa7,0x21,0xc8,0x21,0xc9,0x21,
    0x8d,0x32,0x8d,0x32,0x8a,0x32,0x27,0x32,0xa6,0x21,0x66,0x19,0x66,0x19,0xc7,0x21,0x08,0x2a,0x8d,0x3a,0x6c,0x2a,0x8c,0x32,0x8c,0x32,0x6b,0x2a,0x4b,0x2a,0xc7,0x21,
    0x0a,0x22,0x6c,0x32,0x6c,0x32,0x6c,0x2a,0x4c,0x2a,0x4b,0x32,0x06,0x11,0x66,0x19,0x66,0x19,0x66,0x19,0x87,0x19,0x87,0x19,0x67,0x19,0x4b,0x32,0xe9,0x21,0xc8,0x19,
    0xe8,0xbb,0xc8,0xbb,0xc6,0x82,0xc6,0x8a,0x04,0x6a,0x43,0x39,0xc2,0x18,0x54,0xde,0x54,0xde,0x54,0xde,0x54,0xde,0x54,0xde,0x54,0xde,0x54,0xde,0x54,0xde,0x54,0xde,
    0x54,0xde,0x54,0xde,0x54,0xde,0x54,0xde,0x54,0xde,0x54,0xde,0x54,0xde,0x54,0xde,0x54,0xde,0x54,0xde,0x54,0xde,0x54,0xde,0x54,0xde,0x54,0xde,0x54,0xde,0x54,0xde,
    0x54,0xde,0x54,0xde,0x54,0xde,0x2e,0xcd,0x8b,0xc4,0x54,0xde,0x54,0xde,0x54,0xde,0x54,0xde,0x54,0xde,0x54,0xde,0x54,0xde,0x8b,0xc4,0x91,0xcd,0x54,0xde,0x54,0xde,
    0x54,0xde,0x54,0xde,0x54,0xde,0x54,0xde,0x54,0xde,0x54,0xde,0x54,0xde,0x54,0xde,0x54,0xde,0x54,0xde,0x54,0xde,0x54,0xde,0x54,0xde,0x54,0xde,0x54,0xde,0x54,0xde,
    0x54,0xde,0x54,0xde,0x54,0xde,0x54,0xde,0x54,0xde,0x54,0xde,0x54,0xde,0x54,0xde,0x54,0xde,0x54,0xde,0x54,0xde,0x54,0xde,0x54,0xde,0x54,0xde,0x54,0xde,0x54,0xde,
    0x54,0xde,0x54,0xde,0xb1,0xf6,0xd0,0xfe,0xd0,0xfe,0xf1,0xfe,0xd1,0xfe,0x02,0x42,0x23,0x42,0xa6,0x42,0x85,0x42,0x85,0x42,0x86,0x42,0x66,0x3a,0x86,0x42,0x85,0x42,
    0x85,0x42,0x85,0x42,0xa6,0x42,0xa6,0x42,0x65,0x42,0xa6,0x4a,0x54,0xde,0x54,0xde,0xf0,0xfe,0xf0,0xfe,0xf0,0xfe,0xf0,0xfe,0xf0,0xfe,0xf0,0xfe,0xf0,0xfe,0xf0,0xfe,
    0xf0,0xee,0x66,0x63,0x67,0x63,0x67,0x63,0x67,0x63,0x66,0x63,0x67,0x63,0xa8,0x6b,0x88,0x63,0xa6,0x4a,0xa4,0x21,0xa6,0x42,0xc6,0x4a,0xa6,0x4a,0xa6,0x4a,0xa6,0x4a,
    0xc6,0x4a,0xa6,0x4a,0x4c,0xad,0xd0,0xfe,0xd0,0xfe,0xd0,0xfe,0xd0,0xfe,0xd0,0xfe,0xb0,0xfe,0xd0,0xfe,0xb1,0xfe,0xb1,0xfe,0xb1,0xfe,0xb1,0xfe,0xb1,0xfe,0xb1,0xf6,
    0xb1,0xf6,0xb1,0xf6,0xc2,0x10,0xc2,0x18,0x04,0x62,0x65,0x7a,0xc6,0x8a,0xe9,0xbb,0xe8,0xbb,0xa7,0x19,0xa7,0x21,0x67,0x19,0x25,0x11,0x04,0x11,0x24,0x11,0x04,0x11,
    0x24,0x11,0x44,0x19,0x64,0x19,0x85,0x19,0x65,0x19,0xad,0x32,0x8c,0x32,0x0a,0x22,0xc8,0x21,0xa7,0x21,0xc7,0x21,0x08,0x22,0x6c,0x2a,0x4b,0x2a,0xc8,0x21,0x85,0x19,
    0x65,0x19,0x45,0x19,0x45,0x19,0x25,0x11,0x45,0x19,0x65,0x19,0xa5,0x19,0xa5,0x21,0x29,0x2a,0x2a,0x2a,0xc8,0x21,0xc8,0x21,0xc8,0x21,0x05,0x5a,0xe4,0x61,0xe6,0x92,
    0xe6,0x8a,0x04,0x62,0x26,0x5a,0xc8,0x21,0xa7,0x21,0xc8,0x21,0x6b,0x32,0x4a,0x32,0x48,0x32,0x27,0x32,0xa6,0x21,0x66,0x19,0x66,0x19,0xc6,0x21,0xa6,0x21,0x28,0x2a,
    0x4a,0x32,0x6c,0x2a,0x2b,0x2a,0x6b,0x32,0x09,0x22,0xc8,0x21,0xa8,0x21,0xc8,0x21,0x6c,0x32,0x6c,0x32,0x8c,0x32,0x4a,0x32,0xa6,0x21,0xc7,0x29,0x86,0x21,0x25,0x11,
    0x45,0x11,0x67,0x19,0x66,0x19,0xa8,0x21,0xc8,0x21,0xe9,0x21,0x08,0xbc,0xc8,0xbb,0xc7,0x8a,0xc7,0x8a,0x04,0x6a,0x43,0x31,0xc2,0x18,0x54,0xde,0x54,0xde,0x54,0xde,
    0x54,0xde,0x54,0xde,0x54,0xde,0x54,0xde,0x54,0xde,0x54,0xde,0x54,0xde,0x54,0xde,0x54,0xde,0x54,0xde,0x54,0xde,0x54,0xde,0x54,0xde,0x54,0xde,0x54,0xde,0x54,0xde,
    0x54,0xde,0x54,0xde,0x54,0xde,0x54,0xde,0x54,0xde,0x54,0xde,0x54,0xde,0x54,0xde,0x54,0xde,0xcd,0xc4,0x6b,0xc4,0xcc,0xc4,0xed,0xc4,0x54,0xde,0x54,0xde,0x54,0xde,
    0x54,0xde,0x54,0xde,0x8b,0xc4,0x70,0xcd,0x54,0xde,0x54,0xde,0x54,0xde,0x54,0xde,0x54,0xde,0x54,0xde,0x54,0xde,0x54,0xde,0x54,0xde,0x54,0xde,0x54,0xde,0x54,0xde,
    0x54,0xde,0x54,0xde,0x54,0xde,0x54,0xde,0x54,0xde,0x54,0xde,0x54,0xde,0x54,0xde,0x54,0xde,0x54,0xde,0x54,0xde,0x54,0xde,0x54,0xde,0x54,0xde,0x54,0xde,0x54,0xde,
    0x54,0xde,0x54,0xde,0x54,0xde,0x54,0xde,0x54,0xde,0x54,0xde,0x54,0xde,0x54,0xde,0xb1,0xf6,0xb0,0xfe,0xd0,0xfe,0xd0,0xfe,0xd1,0xfe,0xd0,0xfe,0x54,0xde,0x86,0x42,
    0x86,0x4a,0x85,0x42,0x85,0x42,0xe5,0x31,0x65,0x21,0x65,0x42,0x65,0x42,0xa6,0x42,0xa6,0x4a,0xa6,0x42,0x85,0x42,0x85,0x42,0x85,0x42,0xc6,0x42,0xd0,0xf6,0xef,0xfe,
    0xef,0xfe,0xf0,0xfe,0xf0,0xfe,0x10,0xff,0xf0,0xfe,0xf0,0xfe,0x11,0xf7,0x45,0x5b,0x67,0x63,0x67,0x6b,0x67,0x63,0x67,0x63,0x67,0x63,0x87,0x6b,0xc4,0x21,0x04,0x32,
    0x86,0x42,0xc6,0x4a,0xc6,0x4a,0xc6,0x4a,0xa6,0x4a,0xc6,0x4a,0xc6,0x4a,0xc6,0x4a,0x6d,0xb5,0xf0,0xfe,0xf0,0xfe,0xd0,0xfe,0xd0,0xfe,0xd0,0xfe,0xb0,0xfe,0xb0,0xfe,
    0xb0,0xfe,0xb0,0xfe,0xb0,0xfe,0xb1,0xfe,0xb0,0xfe,0xb1,0xf6,0xb1,0xf6,0xb1,0xf6,0xa2,0x10,0xa2,0x18,0xe4,0x61,0x65,0x7a,0xc6,0x8a,0xe9,0xbb,0xe8,0xc3,0x87,0x19,
    0x87,0x21,0xa7,0x21,0x65,0x19,0x04,0x19,0x24,0x19,0x04,0x19,0x24,0x11,0x45,0x19,0x85,0x21,0x85,0x19,0xa6,0x21,0xac,0x3a,0x6b,0x32,0x88,0x21,0xa8,0x21,0xa7,0x21,
    0xe8,0x29,0xe8,0x29,0x0a,0x2a,0xa7,0x21,0x85,0x19,0x86,0x19,0x24,0x11,0x45,0x19,0x45,0x19,0x24,0x11,0x24,0x11,0x45,0x19,0x85,0x19,0x85,0x19,0xa5,0x19,0x85,0x19,
    0xa8,0x21,0xc7,0x21,0xc8,0x21,0xe5,0x59,0xe4,0x61,0xe6,0x92,0xe6,0x92,0x25,0x6a,0x06,0x52,0xc8,0x21,0xe8,0x21,0xe8,0x21,0x28,0x2a,0xa7,0x21,0x28,0x32,0x08,0x2a,
    0xa6,0x21,0x66,0x19,0x45,0x19,0xa7,0x21,0xa6,0x21,0xe7,0x29,0x29,0x2a,0x6c,0x32,0x0a,0x2a,0x49,0x32,0x08,0x2a,0xe8,0x29,0xa7,0x21,0x87,0x19,0x8c,0x32,0x8c,0x32,
    0x6c,0x32,0x08,0x2a,0x08,0x2a,0xa7,0x21,0x66,0x19,0x04,0x11,0x66,0x19,0x66,0x19,0x86,0x19,0x87,0x21,0xc8,0x21,0xc9,0x21,0x08,0xbc,0xe8,0xbb,0xc6,0x82,0xa6,0x82,
    0x04,0x62,0x43,0x39,0xc2,0x10,0x54,0xde,0x54,0xde,0x54,0xde,0x54,0xde,0x54,0xde,0x54,0xde,0x54,0xde,0x54,0xde,0x54,0xde,0x54,0xde,0x54,0xde,0x54,0xde,0x54,0xde,
    0x54,0xde,0x54,0xde,0x54,0xde,0x54,0xde,0x54,0xde,0x54,0xde,0x54,0xde,0x54,0xde,0x54,0xde,0x54,0xde,0x54,0xde,0x54,0xde,0x54,0xde,0x54,0xde,0x54,0xde,0xac,0xbc,
    0x6b,0xbc,0xab,0xc4,0xac,0xc4,0x54,0xde,0x54,0xde,0x54,0xde,0x54,0xde,0x54,0xde,0x6b,0xc4,0x70,0xcd,0x54,0xde,0x54,0xde,0x54,0xde,0x54,0xde,0x54,0xde,0x54,0xde,
    0x54,0xde,0x54,0xde,0x54,0xde,0x54,0xde,0x54,0xde,0x54,0xde,0x54,0xde,0x54,0xde,0x54,0xde,0x54,0xde,0x54,0xde,0x54,0xde,0x54,0xde,0x54,0xde,0x54,0xde,0x54,0xde,
    0x54,0xde,0x54,0xde,0x54,0xde,0x54,0xde,0x54,0xde,0x54,0xde,0x54,0xde,0x54,0xde,0x54,0xde,0x54,0xde,0x54,0xde,0x54,0xde,0x54,0xde,0x91,0xf6,0xb1,0xf6,0xd0,0xfe,
    0xd0,0xfe,0xd0,0xfe,0xd0,0xfe,0xb0,0xfe,0x32,0xff,0xae,0xbd,0x84,0x4a,0x65,0x42,0x85,0x42,0x85,0x42,0x85,0x42,0x63,0x21,0x63,0x21,0x25,0x32,0x24,0x3a,0x85,0x42,
    0xa6,0x42,0xa6,0x42,0xa6,0x4a,0x86,0x42,0xe8,0x7b,0xa5,0x7b,0x0f,0xff,0xf0,0xfe,0xf0,0xfe,0x30,0xff,0x31,0xff,0x06,0x84,0x49,0x8c,0xa7,0x6b,0x67,0x6b,0x66,0x63,
    0x67,0x63,0x67,0x63,0x03,0x32,0x04,0x32,0xe5,0x29,0x66,0x42,0xa6,0x4a,0xa6,0x4a,0xc6,0x4a,0xc6,0x4a,0xc6,0x4a,0xa5,0x4a,0xe5,0x52,0x2b,0xad,0x54,0xde,0xf1,0xfe,
    0xf0,0xfe,0xd0,0xfe,0xd0,0xfe,0xd0,0xfe,0xd0,0xfe,0xd0,0xfe,0xb0,0xfe,0xd0,0xfe,0xb0,0xfe,0xb1,0xfe,0xb0,0xfe,0xb1,0xfe,0xb1,0xfe,0xd1,0xf6,0xc2,0x10,0xa2,0x18,
    0x05,0x62,0x65,0x7a,0xc5,0x8a,0xe8,0xbb,0xe8,0xbb,0xa8,0x19,0xa8,0x21,0x25,0x19,0x04,0x19,0x24,0x19,0x24,0x19,0x24,0x19,0x24,0x11,0x24,0x11,0x65,0x19,0xa5,0x21,
    0xa5,0x21,0xc5,0x21,0xa6,0x21,0xc8,0x21,0xa8,0x21,0xa7,0x21,0xc8,0x21,0xc7,0x21,0x65,0x19,0x86,0x21,0x45,0x11,0x45,0x19,0x45,0x19,0x45,0x19,0x24,0x11,0x24,0x19,
    0x24,0x19,0x24,0x11,0x04,0x11,0x24,0x11,0x85,0x19,0x86,0x19,0x85,0x21,0xa7,0x21,0xc7,0x19,0xc4,0x51,0xc4,0x61,0xe6,0x92,0xe6,0x92,0x04,0x6a,0x06,0x52,0xc8,0x21,
    0x09,0x2a,0x09,0x2a,0x08,0x2a,0x28,0x32,0x86,0x19,0xa7,0x21,0x86,0x19,0x65,0x19,0x65,0x19,0x45,0x11,0x66,0x19,0xe7,0x29,0xe7,0x29,0x07,0x2a,0xe9,0x29,0xe9,0x29,
    0xc8,0x21,0xc8,0x21,0xa7,0x21,0xa8,0x21,0x09,0x22,0x4b,0x2a,0xc8,0x21,0xa7,0x21,0x87,0x21,0x67,0x19,0x45,0x19,0x04,0x11,0x25,0x11,0x66,0x19,0x66,0x19,0x66,0x19,
    0x66,0x19,0x66,0x11,0x28,0xc4,0xe8,0xbb,0xa6,0x82,0xa6,0x82,0xe4,0x61,0x22,0x31,0xc2,0x10,0x54,0xde,0x54,0xde,0x54,0xde,0x54,0xde,0x54,0xde,0x54,0xde,0x54,0xde,
    0x54,0xde,0x54,0xde,0x54,0xde,0x54,0xde,0x54,0xde,0x54,0xde,0x54,0xde,0x54,0xde,0x54,0xde,0x54,0xde,0x54,0xde,0x54,0xde,0x54,0xde,0x54,0xde,0x54,0xde,0x54,0xde,
    0x54,0xde,0x54,0xde,0x54,0xde,0x54,0xde,0x54,0xde,0x54,0xde,0x54,0xde,0x6b,0xbc,0x8c,0xc4,0x54,0xde,0x54,0xde,0x54,0xde,0x4b,0xbc,0x6b,0xbc,0x54,0xde,0x54,0xde,
    0x54,0xde,0x54,0xde,0x54,0xde,0x54,0xde,0x54,0xde,0x54,0xde,0x54,0xde,0x54,0xde,0x54,0xde,0x54,0xde,0x54,0xde,0x54,0xde,0x54,0xde,0x54,0xde,0x54,0xde,0x54,0xde,
    0x54,0xde,0x54,0xde,0x54,0xde,0x54,0xde,0x54,0xde,0x54,0xde,0x54,0xde,0x54,0xde,0x54,0xde,0x54,0xde,0x54,0xde,0x54,0xde,0x54,0xde,0x54,0xde,0x54,0xde,0x54,0xde,
    0x54,0xde,0x54,0xde,0x54,0xde,0x91,0xf6,0xb1,0xf6,0xd0,0xfe,0xd0,0xfe,0xd0,0xfe,0xd0,0xfe,0xd0,0xfe,0xf1,0xfe,0xf0,0xfe,0x84,0x42,0x85,0x4a,0x85,0x42,0xa6,0x42,
    0xa6,0x42,0x63,0x21,0x63,0x19,0xc5,0x29,0xc4,0x31,0x86,0x42,0x86,0x4a,0xa6,0x42,0x86,0x42,0x85,0x42,0xc5,0x42,0x05,0x5b,0x51,0xff,0x10,0xff,0xf0,0xfe,0xf0,0xfe,
    0x31,0xff,0x66,0x6b,0x25,0x5b,0x66,0x6b,0x66,0x6b,0x67,0x6b,0x67,0x63,0x87,0x63,0xa3,0x29,0x84,0x21,0x24,0x32,0x65,0x42,0xa6,0x4a,0xa6,0x4a,0xa6,0x4a,0xc5,0x4a,
    0xc6,0x4a,0xa5,0x4a,0xe4,0x5a,0x11,0xff,0xd0,0xfe,0xf0,0xfe,0xd0,0xfe,0xd0,0xfe,0xd0,0xfe,0xd0,0xfe,0xd0,0xfe,0xd0,0xfe,0xd0,0xfe,0xd1,0xfe,0xd1,0xfe,0xd1,0xfe,
    0xb1,0xfe,0xb1,0xfe,0xb1,0xfe,0xd1,0xf6,0xc2,0x10,0xa2,0x18,0x05,0x62,0x65,0x7a,0xc6,0x82,0xc8,0xbb,0xe8,0xbb,0x65,0x19,0x45,0x19,0x24,0x19,0x24,0x19,0x24,0x19,
    0x24,0x19,0x24,0x11,0x24,0x11,0x44,0x19,0x65,0x19,0x85,0x19,0xa5,0x21,0xc5,0x21,0xa5,0x21,0x86,0x19,0xc7,0x21,0xa7,0x21,0xe8,0x29,0x08,0x2a,0xc7,0x21,0xa6,0x21,
    0x45,0x11,0x25,0x19,0x45,0x19,0x45,0x19,0x45,0x11,0x24,0x19,0x25,0x19,0x45,0x19,0x45,0x19,0x25,0x19,0x65,0x19,0x85,0x19,0x65,0x19,0xa7,0x21,0xc8,0x21,0xc4,0x59,
    0xa4,0x61,0xe6,0x92,0xe6,0x92,0x25,0x6a,0x26,0x5a,0xc8,0x21,0xe8,0x29,0x08,0x2a,0x27,0x32,0x28,0x32,0xa6,0x21,0x86,0x19,0x65,0x19,0x65,0x19,0x45,0x19,0x25,0x11,
    0x45,0x11,0xa6,0x21,0xc6,0x21,0xc7,0x21,0xe8,0x29,0xc8,0x21,0xc8,0x21,0xc8,0x21,0xc8,0x21,0xc8,0x21,0xc8,0x21,0x08,0x2a,0xc7,0x21,0x86,0x19,0x87,0x21,0x46,0x19,
    0x25,0x19,0x24,0x11,0x25,0x11,0x45,0x11,0x66,0x19,0x86,0x19,0x66,0x19,0x66,0x19,0xe8,0xbb,0xe8,0xb3,0xa6,0x8a,0xa6,0x82,0x04,0x6a,0x43,0x39,0xa2,0x10,0x54,0xde,
    0x54,0xde,0x54,0xde,0x54,0xde,0x54,0xde,0x54,0xde,0x54,0xde,0x54,0xde,0x54,0xde,0x54,0xde,0x54,0xde,0x54,0xde,0x54,0xde,0x54,0xde,0x54,0xde,0x54,0xde,0x54,0xde,
    0x54,0xde,0x54,0xde,0x54,0xde,0x54,0xde,0x54,0xde,0x54,0xde,0x54,0xde,0x54,0xde,0x54,0xde,0x54,0xde,0x54,0xde,0x54,0xde,0x54,0xde,0xac,0xc4,0x8c,0xc4,0x54,0xde,
    0x54,0xde,0x54,0xde,0xac,0xc4,0x6b,0xb4,0x54,0xde,0x54,0xde,0x54,0xde,0x54,0xde,0x54,0xde,0x54,0xde,0x54,0xde,0x54,0xde,0x54,0xde,0x54,0xde,0x54,0xde,0x54,0xde,
    0x54,0xde,0x54,0xde,0x54,0xde,0x54,0xde,0x54,0xde,0x54,0xde,0x54,0xde,0x54,0xde,0x54,0xde,0x54,0xde,0x54,0xde,0x54,0xde,0x54,0xde,0x54,0xde,0x54,0xde,0x54,0xde,
    0x54,0xde,0x54,0xde,0x54,0xde,0x54,0xde,0x54,0xde,0x54,0xde,0x54,0xde,0x54,0xde,0x54,0xde,0x91,0xf6,0xb1,0xf6,0xd0,0xfe,0xd0,0xfe,0xd0,0xfe,0xd0,0xfe,0xd0,0xfe,
    0xd0,0xfe,0xf0,0xfe,0xd0,0xee,0x54,0xde,0x86,0x42,0xa5,0x42,0xa6,0x42,0x85,0x42,0xa6,0x42,0x23,0x19,0x43,0x19,0x63,0x21,0x25,0x3a,0xa5,0x42,0xa6,0x4a,0xa6,0x42,
    0xc6,0x4a,0xa5,0x42,0xa5,0x4a,0x52,0xff,0x10,0xff,0xf0,0xfe,0xf0,0xfe,0x85,0x6b,0xa6,0x73,0x86,0x6b,0x87,0x6b,0x66,0x63,0x27,0x5b,0x47,0x5b,0xa4,0x29,0x83,0x21,
    0xc6,0x4a,0x85,0x42,0xa6,0x4a,0xa6,0x4a,0xc5,0x4a,0xc6,0x4a,0x65,0x42,0x04,0x84,0x04,0x8c,0xf0,0xfe,0xf0,0xfe,0xf0,0xfe,0xd0,0xfe,0xd0,0xfe,0xd0,0xfe,0xd0,0xfe,
    0xd0,0xfe,0xd0,0xfe,0xd0,0xfe,0xd1,0xfe,0xd1,0xfe,0xd1,0xfe,0xd1,0xfe,0xb1,0xfe,0xb1,0xf6,0xd1,0xf6,0xc2,0x10,0xa2,0x18,0x05,0x6a,0x65,0x7a,0xc6,0x8a,0xc9,0xbb,
    0xe8,0xc3,0xe3,0x10,0x04,0x19,0x24,0x19,0x24,0x11,0x24,0x11,0x24,0x11,0x04,0x11,0x24,0x19,0x24,0x19,0x24,0x19,0x24,0x11,0xa5,0x21,0x85,0x19,0xa5,0x21,0xa5,0x21,
    0x08,0x2a,0x08,0x2a,0x08,0x2a,0xe8,0x29,0xc7,0x21,0xc8,0x21,0xe8,0x29,0xa7,0x21,0x24,0x11,0x25,0x19,0x24,0x11,0x45,0x19,0x45,0x19,0x45,0x19,0x65,0x19,0x46,0x19,
    0xa7,0x21,0xe8,0x21,0x08,0x2a,0xe8,0x21,0xc7,0x19,0xa4,0x51,0xc4,0x61,0xe6,0x92,0xe6,0x92,0x04,0x62,0x06,0x52,0xe8,0x21,0xe7,0x21,0xe7,0x29,0x45,0x11,0x66,0x19,
    0x65,0x19,0x66,0x19,0x86,0x19,0x66,0x19,0x45,0x19,0x45,0x11,0x25,0x19,0x25,0x11,0x25,0x11,0x45,0x19,0xc7,0x21,0xe8,0x29,0xc8,0x21,0x09,0x2a,0xc9,0x21,0xa8,0x21,
    0x29,0x2a,0x49,0x32,0x28,0x2a,0x08,0x22,0xe7,0x21,0xe4,0x08,0x04,0x11,0x04,0x11,0x24,0x11,0x05,0x11,0x46,0x19,0x66,0x19,0x66,0x19,0x87,0x19,0xe8,0xbb,0xc8,0xb3,
    0xa6,0x82,0xa6,0x82,0x04,0x6a,0x43,0x31,0xa2,0x10,0x54,0xde,0x54,0xde,0x54,0xde,0x54,0xde,0x54,0xde,0x54,0xde,0x54,0xde,0x54,0xde,0x54,0xde,0x54,0xde,0x54,0xde,
    0x54,0xde,0x54,0xde,0x54,0xde,0x54,0xde,0x54,0xde,0x54,0xde,0x54,0xde,0x54,0xde,0x54,0xde,0x54,0xde,0x54,0xde,0x54,0xde,0x54,0xde,0x54,0xde,0x54,0xde,0x54,0xde,
    0x54,0xde,0x54,0xde,0x54,0xde,0x6b,0xcc,0x8b,0xc4,0x54,0xde,0x54,0xde,0x54,0xde,0x6a,0xc4,0x6b,0xb4,0x54,0xde,0x54,0xde,0x54,0xde,0x54,0xde,0x54,0xde,0x54,0xde,
    0x54,0xde,0x54,0xde,0x54,0xde,0x54,0xde,0x54,0xde,0x54,0xde,0x54,0xde,0x54,0xde,0x54,0xde,0x54,0xde,0x54,0xde,0x54,0xde,0x54,0xde,0x54,0xde,0x54,0xde,0x54,0xde,
    0x54,0xde,0x54,0xde,0x54,0xde,0x54,0xde,0x54,0xde,0x54,0xde,0x54,0xde,0x54,0xde,0x54,0xde,0x54,0xde,0x54,0xde,0x54,0xde,0x54,0xde,0x54,0xde,0x54,0xde,0x91,0xf6,
    0xb1,0xf6,0xd0,0xfe,0xd0,0xfe,0xd0,0xfe,0xd0,0xfe,0xd0,0xfe,0xd0,0xfe,0xf0,0xfe,0xf0,0xfe,0xf0,0xee,0xa6,0x4a,0xa6,0x42,0xa6,0x42,0xa6,0x42,0x85,0x42,0xe5,0x31,
    0x05,0x32,0x64,0x21,0xe4,0x29,0xa5,0x42,0xa6,0x42,0xa5,0x42,0xc6,0x4a,0xe6,0x52,0x05,0x5b,0x31,0xff,0x10,0xff,0x10,0xff,0x10,0xff,0x05,0x8c,0xe6,0x83,0x66,0x63,
    0x67,0x63,0x66,0x63,0x45,0x3a,0x24,0x32,0xa6,0x4a,0x85,0x4a,0xc6,0x42,0xc6,0x4a,0xa6,0x4a,0xc6,0x4a,0xc6,0x4a,0x85,0x6b,0x45,0x63,0xcb,0xc5,0x0c,0xd6,0xf0,0xfe,
    0xf0,0xfe,0xf0,0xfe,0xf0,0xfe,0xf0,0xfe,0xd0,0xfe,0xd0,0xfe,0xd0,0xfe,0xd0,0xfe,0xd0,0xfe,0xd0,0xfe,0xd0,0xfe,0xd1,0xfe,0xd1,0xfe,0xb1,0xfe,0xb1,0xf6,0xd1,0xf6,
    0xc2,0x10,0xa2,0x18,0x05,0x6a,0x65,0x7a,0xc5,0x8a,0xc8,0xbb,0xe8,0xc3,0x65,0x19,0x64,0x19,0x24,0x19,0x25,0x19,0x25,0x19,0x44,0x19,0x44,0x19,0x24,0x19,0x24,0x19,
    0x24,0x19,0x24,0x11,0x45,0x19,0x24,0x19,0x08,0x2a,0xe7,0x21,0xe8,0x29,0xe8,0x29,0x08,0x2a,0xe8,0x29,0xe8,0x29,0xe8,0x29,0xc7,0x21,0x86,0x19,0x45,0x19,0x25,0x19,
    0x24,0x19,0x44,0x19,0x45,0x19,0x44,0x19,0x45,0x19,0x45,0x19,0xa6,0x21,0xc7,0x21,0x08,0x22,0xe8,0x21,0xe8,0x21,0xc5,0x51,0xc4,0x61,0xe6,0x92,0xe6,0x92,0x04,0x6a,
    0x06,0x52,0xe8,0x21,0xc7,0x21,0xa6,0x19,0x66,0x19,0x45,0x19,0x86,0x19,0x86,0x19,0x86,0x19,0x66,0x19,0x45,0x19,0x66,0x19,0x65,0x19,0x45,0x19,0x45,0x19,0xc7,0x21,
    0xe8,0x29,0xe8,0x29,0xc8,0x21,0xc8,0x21,0xe9,0x21,0xc8,0x21,0x08,0x2a,0x28,0x2a,0x08,0x2a,0xc7,0x21,0x86,0x19,0x24,0x11,0x04,0x11,0x24,0x11,0x24,0x11,0x24,0x11,
    0x66,0x21,0x87,0x19,0x66,0x19,0x46,0x11,0xe8,0xbb,0xc8,0xb3,0xc6,0x8a,0xa6,0x82,0x05,0x6a,0x43,0x31,0xa2,0x10,0x54,0xde,0x54,0xde,0x54,0xde,0x54,0xde,0x54,0xde,
    0x54,0xde,0x54,0xde,0x54,0xde,0x54,0xde,0x54,0xde,0x54,0xde,0x54,0xde,0x54,0xde,0x54,0xde,0x54,0xde,0x54,0xde,0x54,0xde,0x54,0xde,0x54,0xde,0x54,0xde,0x54,0xde,
    0x54,0xde,0x54,0xde,0x54,0xde,0x54,0xde,0x54,0xde,0x54,0xde,0x54,0xde,0x54,0xde,0x54,0xde,0x54,0xde,0x54,0xde,0x54,0xde,0x54,0xde,0x54,0xde,0x54,0xde,0x54,0xde,
    0x54,0xde,0x54,0xde,0x54,0xde,0x54,0xde,0x54,0xde,0x54,0xde,0x54,0xde,0x54,0xde,0x54,0xde,0x54,0xde,0x54,0xde,0x54,0xde,0x54,0xde,0x54,0xde,0x54,0xde,0x54,0xde,
    0x54,0xde,0x54,0xde,0x54,0xde,0x54,0xde,0x54,0xde,0x54,0xde,0x54,0xde,0x54,0xde,0x54,0xde,0x54,0xde,0x54,0xde,0x54,0xde,0x54,0xde,0x54,0xde,0x54,0xde,0x54,0xde,
    0x54,0xde,0x54,0xde,0x54,0xde,0x72,0xe6,0x92,0xee,0xb1,0xf6,0xb0,0xf6,0xd0,0xfe,0xd0,0xfe,0xd0,0xfe,0xd0,0xfe,0xd0,0xfe,0xf0,0xfe,0xf0,0xfe,0xf0,0xfe,0x11,0xff,
    0xa7,0x4a,0xa6,0x42,0xa6,0x42,0xa6,0x42,0xa6,0x4a,0xc6,0x4a,0xa7,0x42,0x84,0x21,0x63,0x19,0xa5,0x42,0xc6,0x4a,0xc6,0x4a,0xe7,0x4a,0xe5,0x52,0x85,0x6b,0x32,0xff,
    0x10,0xff,0x0f,0xff,0x0f,0xff,0x64,0xac,0x86,0xa4,0x87,0x6b,0x66,0x6b,0x45,0x63,0x63,0x21,0xa5,0x21,0x87,0x6b,0x66,0x6b,0xe6,0x4a,0xc6,0x4a,0xa6,0x4a,0xc6,0x4a,
    0xe7,0x4a,0x05,0x8c,0x05,0x8c,0x10,0xff,0x30,0xff,0xf0,0xfe,0xf0,0xfe,0xf0,0xfe,0xf0,0xfe,0xf0,0xfe,0xd0,0xfe,0xd0,0xfe,0xd0,0xfe,0xf0,0xfe,0xd0,0xfe,0xd1,0xfe,
    0xd1,0xfe,0xd1,0xfe,0xd1,0xfe,0xd0,0xfe,0xb1,0xfe,0xd1,0xfe,0xc2,0x10,0xc2,0x18,0x05,0x6a,0x65,0x7a,0xc6,0x8a,0xc8,0xbb,0xe8,0xc3,0x65,0x19,0x45,0x19,0x45,0x19,
    0x24,0x11,0x24,0x11,0x65,0x19,0x64,0x19,0x24,0x19,0x24,0x19,0x04,0x11,0x24,0x19,0x24,0x19,0x24,0x11,0x45,0x19,0xe7,0x21,0xc7,0x21,0xe8,0x29,0x08,0x2a,0xe8,0x29,
    0xc8,0x29,0xa6,0x21,0x65,0x19,0x45,0x19,0x25,0x19,0x25,0x19,0x24,0x19,0x45,0x19,0x45,0x19,0x24,0x11,0x24,0x11,0x25,0x11,0x85,0x21,0x85,0x21,0xc8,0x21,0xe8,0x21,
    0xe8,0x21,0xc5,0x51,0xc4,0x61,0xe6,0x92,0xe6,0x92,0x04,0x62,0x06,0x52,0xe8,0x21,0xc8,0x21,0xc7,0x21,0x45,0x19,0x66,0x19,0x86,0x19,0x86,0x19,0x86,0x19,0x66,0x19,
    0x45,0x19,0x86,0x19,0x86,0x19,0x65,0x19,0xa6,0x21,0x08,0x2a,0xe8,0x21,0xc8,0x21,0xe8,0x29,0xe8,0x21,0xe9,0x21,0xe8,0x21,0xe8,0x29,0x08,0x2a,0xe7,0x21,0x04,0x11,
    0x04,0x11,0x25,0x19,0x25,0x11,0x25,0x11,0x25,0x11,0x25,0x11,0x25,0x11,0x25,0x11,0x66,0x19,0x46,0x11,0xe8,0xbb,0xc8,0xb3,0xc6,0x82,0xa6,0x82,0x04,0x6a,0x63,0x39,
    0xc2,0x18,0x95,0xe6,0x94,0xe6,0x94,0xe6,0x74,0xe6,0x74,0xde,0x54,0xde,0x54,0xde,0x74,0xde,0x74,0xde,0x74,0xde,0x54,0xde,0x54,0xde,0x53,0xe6,0x54,0xe6,0x74,0xe6,
    0x74,0xe6,0x74,0xe6,0x74,0xe6,0x74,0xe6,0x74,0xe6,0x74,0xe6,0x94,0xe6,0x94,0xe6,0x94,0xe6,0x74,0xde,0x93,0xe6,0x73,0xe6,0x73,0xe6,0x73,0xde,0x74,0xe6,0x74,0xde,
    0x74,0xe6,0x93,0xe6,0x73,0xde,0x33,0xde,0x53,0xd6,0x73,0xde,0x53,0xde,0x34,0xde,0x74,0xd6,0x74,0xde,0x54,0xde,0x54,0xde,0x54,0xd6,0x54,0xd6,0x54,0xd6,0x33,0xd6,
    0x54,0xd6,0x54,0xd6,0x54,0xde,0x34,0xd6,0x34,0xd6,0x34,0xd6,0x34,0xd6,0x34,0xd6,0x34,0xd6,0x34,0xd6,0x34,0xd6,0x34,0xd6,0x34,0xd6,0x34,0xd6,0x54,0xd6,0x54,0xd6,
    0x54,0xd6,0x54,0xd6,0x54,0xd6,0x54,0xde,0x54,0xde,0x54,0xde,0x54,0xde,0x54,0xde,0x54,0xde,0x72,0xe6,0x92,0xee,0xb1,0xf6,0xb0,0xf6,0xd0,0xfe,0xd0,0xfe,0xd0,0xfe,
    0xd0,0xfe,0xd0,0xfe,0xf0,0xfe,0xf0,0xfe,0xb0,0xf6,0x30,0xff,0x52,0xff,0x29,0x7c,0xa5,0x42,0xa6,0x42,0xa6,0x42,0xa6,0x42,0xa6,0x42,0xa6,0x42,0x25,0x3a,0x63,0x19,
    0x28,0x7c,0x06,0x84,0x06,0x53,0xe5,0x4a,0xe5,0x52,0xe3,0x93,0x24,0x9c,0xce,0xf6,0x0f,0xff,0x84,0xac,0x86,0xa4,0x66,0x63,0x06,0x5b,0xc6,0x4a,0xa4,0x29,0x84,0x21,
    0x06,0x53,0xe5,0x52,0xc6,0x42,0xc6,0x4a,0xc6,0x4a,0x27,0x84,0xe5,0x83,0x10,0xff,0x31,0xff,0xf0,0xfe,0xf0,0xfe,0xf0,0xfe,0xf0,0xfe,0xf0,0xfe,0xf0,0xfe,0xf0,0xfe,
    0xd0,0xfe,0xd0,0xfe,0xf0,0xfe,0xd0,0xfe,0xf0,0xfe,0xd0,0xfe,0xd0,0xfe,0xd1,0xfe,0xd1,0xfe,0xd1,0xfe,0xd1,0xfe,0xd1,0xfe,0xc2,0x10,0xc2,0x20,0x04,0x6a,0x65,0x7a,
    0xc6,0x8a,0xe9,0xbb,0xe8,0xc3,0x03,0x11,0x04,0x11,0x24,0x11,0x64,0x19,0x85,0x19,0x85,0x21,0x64,0x19,0x24,0x19,0x24,0x11,0x24,0x11,0x24,0x11,0x24,0x19,0x04,0x11,
    0x04,0x19,0xa6,0x21,0xc7,0x21,0xc7,0x21,0x08,0x2a,0x28,0x32,0xc6,0x21,0x24,0x11,0x45,0x19,0x24,0x11,0x24,0x19,0x25,0x19,0x24,0x19,0x24,0x19,0x45,0x19,0x44,0x19,
    0x45,0x19,0x24,0x11,0x44,0x19,0x65,0x19,0xa6,0x21,0xe7,0x21,0xc7,0x21,0xe5,0x59,0xc4,0x61,0xe6,0x92,0xe6,0x92,0x04,0x62,0xe5,0x59,0xc8,0x21,0x08,0x2a,0x07,0x2a,
    0xe7,0x29,0xc7,0x21,0x66,0x19,0x86,0x19,0x66,0x19,0x45,0x19,0x66,0x19,0x65,0x19,0x66,0x19,0x65,0x19,0x86,0x19,0x86,0x19,0x08,0x2a,0xe8,0x29,0xc7,0x21,0xc8,0x21,
    0xa7,0x21,0xa7,0x21,0xa7,0x21,0x86,0x19,0x66,0x19,0x25,0x19,0x25,0x19,0x25,0x11,0x25,0x11,0x25,0x11,0x25,0x19,0x25,0x11,0x04,0x11,0x25,0x11,0x66,0x19,0x46,0x11,
    0xc8,0xbb,0xc8,0xb3,0xc6,0x82,0xa6,0x8a,0x24,0x6a,0x63,0x39,0xc2,0x18,0x94,0xe6,0x94,0xe6,0x74,0xe6,0x74,0xde,0x74,0xde,0x74,0xde,0x74,0xde,0x74,0xde,0x74,0xde,
    0x74,0xde,0x74,0xde,0x73,0xde,0x73,0xe6,0x53,0xe6,0x74,0xe6,0x74,0xe6,0x74,0xe6,0x74,0xe6,0x74,0xe6,0x74,0xe6,0x74,0xe6,0x74,0xe6,0xb4,0xee,0x73,0xe6,0x94,0xe6,
    0x73,0xe6,0x93,0xe6,0x73,0xe6,0x94,0xe6,0x73,0xe6,0x74,0xe6,0x74,0xe6,0x73,0xe6,0x73,0xe6,0x74,0xe6,0x53,0xde,0x53,0xde,0x53,0xde,0x54,0xde,0x54,0xde,0x74,0xde,
    0x74,0xd6,0x74,0xde,0x74,0xde,0x95,0xde,0x53,0xd6,0x53,0xd6,0x53,0xd6,0x34,0xd6,0x34,0xd6,0x34,0xd6,0x34,0xd6,0x34,0xd6,0x34,0xd6,0x34,0xd6,0x34,0xd6,0x34,0xd6,
    0x34,0xd6,0x34,0xd6,0x54,0xd6,0x54,0xd6,0x54,0xd6,0x55,0xd6,0x55,0xd6,0x54,0xd6,0x54,0xd6,0x54,0xde,0x54,0xde,0x54,0xde,0x54,0xde,0x54,0xde,0x54,0xde,0x72,0xe6,
    0x92,0xee,0xb1,0xf6,0xb1,0xf6,0xd0,0xfe,0xd0,0xfe,0xd0,0xfe,0xd0,0xfe,0xd0,0xfe,0xf0,0xfe,0xd0,0xfe,0xf0,0xfe,0xf0,0xfe,0xf0,0xfe,0xe8,0x73,0x86,0x4a,0xc6,0x42,
    0xa6,0x42,0xa6,0x42,0xa6,0x4a,0x85,0x42,0x04,0x2a,0x02,0x11,0xe8,0x7b,0xe7,0x7b,0xe4,0x52,0xc5,0x4a,0xa6,0x42,0x46,0x94,0xe5,0x93,0xef,0xf6,0x30,0xff,0x24,0x94,
    0x66,0x94,0xa7,0x6b,0x06,0x53,0x86,0x42,0xa3,0x29,0xa4,0x29,0xe7,0x4a,0xc6,0x42,0x84,0x4a,0x83,0x4a,0xe4,0x52,0x46,0x94,0x05,0x8c,0xef,0xf6,0x10,0xff,0x10,0xff,
    0x10,0xff,0x11,0xff,0xf0,0xfe,0xf0,0xfe,0xf0,0xfe,0xf0,0xfe,0xf0,0xfe,0xf0,0xfe,0xf0,0xfe,0xf0,0xfe,0xd0,0xfe,0xd0,0xfe,0xd1,0xfe,0xd1,0xfe,0xd1,0xfe,0xd1,0xfe,
    0xd1,0xfe,0xd1,0xfe,0xc2,0x10,0xc2,0x18,0x04,0x6a,0x65,0x7a,0xc6,0x8a,0xe9,0xbb,0xe8,0xc3,0x24,0x11,0x24,0x11,0x85,0x21,0x85,0x21,0x85,0x21,0x65,0x21,0x64,0x19,
    0x24,0x11,0x24,0x19,0x24,0x19,0x24,0x19,0x24,0x19,0x04,0x11,0x24,0x19,0x24,0x19,0x86,0x21,0xa7,0x21,0xe8,0x29,0x07,0x2a,0x65,0x19,0x24,0x19,0x04,0x11,0x24,0x19,
    0x24,0x19,0x25,0x19,0x25,0x19,0x25,0x19,0x45,0x19,0x44,0x19,0x45,0x19,0x24,0x11,0x45,0x19,0x45,0x19,0x85,0x21,0xa6,0x21,0xe8,0x21,0xe5,0x59,0xc4,0x61,0xe6,0x92,
    0xe6,0x92,0x04,0x62,0xe5,0x59,0xc7,0x21,0x29,0x32,0x07,0x2a,0xc7,0x21,0x86,0x19,0x66,0x19,0x66,0x19,0x66,0x19,0x45,0x19,0x65,0x19,0x66,0x19,0x45,0x19,0x45,0x19,
    0x65,0x19,0x45,0x19,0xa7,0x21,0xc7,0x21,0xe8,0x29,0xc8,0x21,0xa7,0x21,0xa7,0x21,0xa7,0x21,0x86,0x19,0x66,0x19,0x66,0x19,0x66,0x19,0x25,0x11,0x25,0x11,0x25,0x11,
    0x25,0x11,0x25,0x11,0x46,0x19,0x66,0x19,0x66,0x19,0x66,0x19,0xa8,0xb3,0xc8,0xb3,0xa6,0x82,0xa6,0x82,0x04,0x6a,0x63,0x39,0xc2,0x10,0x94,0xe6,0x94,0xe6,0x94,0xe6,
    0x74,0xde,0x74,0xde,0x74,0xde,0x74,0xde,0x74,0xe6,0x74,0xe6,0x74,0xe6,0x74,0xe6,0x74,0xe6,0x74,0xe6,0x74,0xe6,0x74,0xe6,0x74,0xe6,0x74,0xe6,0x74,0xe6,0x74,0xe6,
    0x74,0xe6,0x74,0xe6,0xd0,0xcd,0x05,0x4a,0xa4,0x39,0xc4,0x39,0xe5,0x39,0xc5,0x39,0xa4,0x31,0xc5,0x39,0xc5,0x39,0xc5,0x39,0xa4,0x31,0xa4,0x31,0x84,0x31,0xa4,0x31,
    0xa4,0x31,0x84,0x31,0xa4,0x31,0xa4,0x31,0xa5,0x31,0xa5,0x31,0xc5,0x39,0xe5,0x39,0x05,0x42,0x54,0xde,0x54,0xde,0x54,0xde,0x34,0xd6,0x34,0xd6,0x34,0xd6,0x34,0xd6,
    0x35,0xd6,0x34,0xd6,0x34,0xd6,0x34,0xd6,0x34,0xd6,0x34,0xd6,0x34,0xd6,0x34,0xd6,0x34,0xd6,0x54,0xd6,0x54,0xd6,0x55,0xd6,0x55,0xd6,0x54,0xd6,0x54,0xd6,0x54,0xde,
    0x54,0xde,0x54,0xde,0x54,0xde,0x54,0xde,0x54,0xde,0x92,0xee,0x92,0xee,0xb1,0xf6,0xb1,0xf6,0xd0,0xfe,0xd0,0xfe,0xf0,0xfe,0xf0,0xfe,0xf0,0xfe,0xf0,0xfe,0xf0,0xfe,
    0xf0,0xfe,0xf0,0xfe,0xf0,0xfe,0xe7,0x7b,0x85,0x42,0xa4,0x4a,0x85,0x42,0xa6,0x4a,0xa6,0x42,0xa6,0x42,0xa6,0x42,0xa6,0x42,0x43,0x19,0x85,0x21,0xe4,0x8b,0xa5,0x7b,
    0xc6,0x42,0xe5,0x83,0xa4,0x83,0xf0,0xfe,0x30,0xff,0x87,0x6b,0x86,0x6b,0x67,0x6b,0x65,0x42,0x63,0x21,0xc6,0x4a,0xa6,0x4a,0xe6,0x4a,0xe5,0x52,0x05,0x8c,0x0d,0xce,
    0xef,0xfe,0xce,0xf6,0x0f,0xf7,0x10,0xff,0x10,0xff,0x10,0xff,0x10,0xff,0x10,0xff,0x10,0xff,0xf0,0xfe,0xf0,0xfe,0xf0,0xfe,0xf0,0xfe,0xd0,0xfe,0xf0,0xfe,0xf0,0xfe,
    0xf0,0xfe,0xf0,0xfe,0xf0,0xfe,0xd0,0xfe,0xd0,0xfe,0xd0,0xfe,0xf1,0xfe,0xd1,0xfe,0xc2,0x10,0xc2,0x20,0x04,0x6a,0x65,0x7a,0xc6,0x8a,0xe9,0xbb,0xe8,0xc3,0x24,0x11,
    0x24,0x19,0x44,0x19,0x24,0x19,0x24,0x19,0x24,0x19,0x24,0x19,0x24,0x19,0x24,0x19,0x44,0x19,0x64,0x19,0x64,0x19,0x44,0x19,0x44,0x19,0x04,0x11,0x04,0x11,0x86,0x19,
    0xc7,0x21,0xa6,0x21,0x25,0x19,0x25,0x19,0x25,0x19,0x24,0x11,0x45,0x19,0x45,0x19,0x24,0x19,0x25,0x19,0x45,0x19,0x24,0x11,0x45,0x19,0x45,0x19,0x45,0x19,0x45,0x19,
    0x45,0x11,0x45,0x19,0x86,0x19,0xe4,0x59,0xc4,0x61,0xe6,0x92,0xe6,0x92,0x25,0x62,0x05,0x52,0xa7,0x21,0x66,0x19,0x65,0x19,0x86,0x21,0xa7,0x21,0x45,0x19,0x66,0x19,
    0x66,0x19,0x45,0x19,0x25,0x19,0x65,0x19,0x65,0x19,0xa6,0x21,0x86,0x19,0x45,0x19,0x45,0x19,0x25,0x11,0xc7,0x21,0xa7,0x21,0xa7,0x21,0xa7,0x21,0xc8,0x21,0xa7,0x19,
    0xa6,0x19,0x25,0x11,0x25,0x11,0x25,0x11,0x25,0x11,0x25,0x11,0x25,0x11,0x25,0x11,0x05,0x11,0x04,0x09,0x66,0x19,0x66,0x19,0xc8,0xb3,0xc8,0xb3,0xa6,0x82,0x86,0x82,
    0x04,0x6a,0x63,0x39,0xa2,0x10,0x94,0xe6,0x94,0xe6,0x74,0xe6,0x74,0xe6,0x74,0xe6,0x74,0xe6,0x74,0xe6,0x74,0xe6,0x53,0xe6,0x73,0xe6,0x74,0xe6,0x73,0xe6,0x74,0xe6,
    0x74,0xe6,0x74,0xe6,0x74,0xe6,0x73,0xe6,0x73,0xe6,0x73,0xe6,0x52,0xde,0x52,0xde,0x70,0xbd,0xe2,0x20,0x03,0x19,0x04,0x11,0x04,0x11,0xe3,0x10,0xe3,0x08,0x04,0x11,
    0x04,0x11,0x04,0x11,0x04,0x11,0xe4,0x10,0xe4,0x10,0x04,0x11,0xe4,0x10,0xe4,0x10,0x04,0x11,0xe4,0x10,0xe4,0x10,0xe3,0x10,0xc3,0x08,0xc3,0x10,0xe2,0x18,0x74,0xde,
    0x54,0xde,0x95,0xde,0x33,0xd6,0x34,0xd6,0x34,0xd6,0x54,0xd6,0x34,0xd6,0x54,0xd6,0x54,0xd6,0x54,0xd6,0x55,0xd6,0x55,0xd6,0x55,0xd6,0x34,0xd6,0x54,0xd6,0x54,0xd6,
    0x54,0xd6,0x54,0xd6,0x54,0xd6,0x54,0xd6,0x54,0xd6,0x54,0xde,0x54,0xde,0x54,0xde,0x54,0xde,0x54,0xde,0x54,0xde,0x92,0xee,0x92,0xee,0xb1,0xf6,0xb1,0xfe,0xf0,0xfe,
    0xd0,0xfe,0xf0,0xfe,0xf0,0xfe,0xf0,0xfe,0xf0,0xfe,0xf0,0xfe,0xf0,0xfe,0xf0,0xfe,0xf0,0xfe,0x6b,0xb5,0x49,0x8c,0xc5,0x4a,0xa5,0x4a,0xa5,0x42,0xa6,0x4a,0xa6,0x4a,
    0xc6,0x4a,0xa5,0x4a,0x83,0x21,0x64,0x21,0x84,0x52,0xe5,0x62,0x64,0x63,0x45,0x6b,0x45,0x6b,0x10,0xff,0x10,0xff,0x46,0x5b,0x66,0x63,0x46,0x63,0x44,0x3a,0x83,0x21,
    0x07,0x5b,0xa5,0x4a,0x6a,0x8c,0x69,0x94,0x29,0xb5,0x4e,0xde,0x31,0xff,0x2b,0xad,0xaa,0x94,0xeb,0x9c,0x0b,0xa5,0x2c,0xa5,0x4c,0xa5,0x8c,0xb5,0x8b,0xbd,0x10,0xff,
    0xf0,0xfe,0xf0,0xfe,0xf0,0xfe,0xf0,0xfe,0xf0,0xfe,0xf0,0xfe,0xf0,0xfe,0xd0,0xfe,0xf0,0xfe,0xf1,0xfe,0xd0,0xfe,0xd0,0xfe,0xf1,0xfe,0xd1,0xfe,0xc2,0x10,0xc1,0x18,
    0x24,0x6a,0x65,0x7a,0xc6,0x8a,0xe9,0xbb,0xe8,0xc3,0x44,0x11,0x24,0x19,0x24,0x19,0x24,0x19,0x24,0x19,0x24,0x19,0x24,0x19,0x24,0x19,0x24,0x19,0x44,0x19,0x44,0x19,
    0x44,0x19,0x85,0x21,0xa5,0x21,0x44,0x19,0xa6,0x21,0x08,0x2a,0xc7,0x29,0xe7,0x29,0x65,0x19,0x86,0x19,0x65,0x19,0x45,0x19,0x45,0x19,0x45,0x19,0x24,0x19,0x24,0x19,
    0x45,0x19,0x44,0x19,0x44,0x19,0x45,0x19,0x65,0x19,0x45,0x19,0x65,0x19,0x86,0x19,0xa6,0x19,0xe5,0x59,0xc4,0x61,0xe6,0x92,0xe6,0x92,0x05,0x62,0x05,0x52,0xa7,0x21,
    0xa7,0x21,0xa6,0x21,0x86,0x21,0x86,0x21,0x45,0x19,0x66,0x19,0x65,0x19,0x45,0x19,0x45,0x19,0x45,0x19,0x65,0x19,0x66,0x19,0xa6,0x21,0xa6,0x21,0x86,0x19,0x86,0x19,
    0xa7,0x21,0xa7,0x21,0xc7,0x21,0xc7,0x21,0xa7,0x21,0x87,0x19,0x66,0x19,0x25,0x11,0x25,0x11,0x25,0x11,0x25,0x11,0x25,0x11,0x25,0x11,0x25,0x19,0x25,0x11,0x25,0x11,
    0x45,0x11,0x45,0x19,0xc8,0xb3,0xc8,0xb3,0xa6,0x8a,0xa6,0x82,0x04,0x62,0x43,0x31,0xa2,0x10,0x94,0xe6,0x94,0xe6,0x93,0xe6,0x73,0xe6,0x74,0xe6,0x74,0xe6,0x74,0xe6,
    0x74,0xe6,0x53,0xe6,0x73,0xe6,0x74,0xe6,0x74,0xe6,0x74,0xe6,0x74,0xe6,0x74,0xe6,0x74,0xe6,0x73,0xe6,0x73,0xe6,0x73,0xe6,0x54,0xde,0x60,0x00,0x03,0x19,0xf5,0xe6,
    0x75,0xff,0x75,0xff,0x75,0xff,0x75,0xff,0x75,0xff,0x55,0xff,0x75,0xff,0x75,0xff,0x55,0xff,0x75,0xff,0x55,0xff,0x55,0xff,0x55,0xff,0x75,0xff,0x76,0xff,0x76,0xff,
    0x75,0xff,0x33,0xff,0xf2,0xfe,0xea,0xb3,0x8a,0x9b,0x04,0x19,0x67,0x52,0x54,0xd6,0x54,0xd6,0x34,0xd6,0x34,0xd6,0x54,0xd6,0x34,0xd6,0x54,0xd6,0x54,0xd6,0x54,0xd6,
    0x54,0xd6,0x54,0xd6,0x55,0xd6,0x34,0xd6,0x54,0xd6,0x54,0xd6,0x54,0xd6,0x54,0xd6,0x54,0xd6,0x54,0xd6,0x54,0xd6,0x54,0xde,0x54,0xde,0x54,0xde,0x54,0xde,0x54,0xde,
    0x54,0xde,0x72,0xe6,0x92,0xee,0xb1,0xf6,0xd1,0xf6,0xf0,0xfe,0xf0,0xfe,0xf0,0xfe,0xf0,0xfe,0xf0,0xfe,0xf0,0xfe,0xf0,0xfe,0xf0,0xfe,0xf0,0xfe,0xf0,0xfe,0x10,0xff,
    0xcf,0xfe,0xc5,0x4a,0xe5,0x4a,0xc6,0x4a,0xc6,0x4a,0xa6,0x4a,0xa6,0x42,0xa5,0x42,0xa4,0x29,0xa4,0x21,0x44,0x19,0xa2,0x31,0xc3,0x8b,0xa5,0x4a,0xa4,0x4a,0x10,0xff,
    0x10,0xff,0x05,0x53,0x46,0x5b,0x66,0x63,0x65,0x42,0xc4,0x29,0xe6,0x52,0xe6,0x4a,0x74,0xff,0x10,0xff,0xef,0xfe,0x0f,0xff,0x53,0xff,0xc5,0x4a,0xc5,0x4a,0xc6,0x4a,
    0xa5,0x42,0xa5,0x42,0xa6,0x42,0x07,0x5b,0x24,0x63,0x31,0xff,0x10,0xff,0xf0,0xfe,0xf0,0xfe,0xf0,0xfe,0xf0,0xfe,0xf0,0xfe,0xf0,0xfe,0xf0,0xfe,0xf0,0xfe,0xf1,0xfe,
    0xd0,0xfe,0xd1,0xfe,0xd0,0xfe,0xd1,0xfe,0xc2,0x10,0xa1,0x18,0x05,0x6a,0x65,0x7a,0xc6,0x82,0xe9,0xbb,0xe8,0xc3,0x24,0x11,0x24,0x11,0x24,0x11,0x24,0x11,0x24,0x19,
    0x44,0x19,0x24,0x19,0x24,0x19,0x24,0x19,0x44,0x19,0x44,0x19,0x23,0x11,0xc5,0x21,0xc5,0x21,0x84,0x21,0xc7,0x21,0x08,0x2a,0xc7,0x21,0xe7,0x29,0xa6,0x21,0xc7,0x21,
    0x86,0x21,0x45,0x19,0x45,0x19,0x45,0x19,0x24,0x19,0x24,0x19,0x45,0x19,0x24,0x19,0x45,0x19,0x45,0x19,0x85,0x21,0x85,0x21,0xa6,0x21,0xc6,0x21,0xc7,0x21,0xe4,0x59,
    0xc4,0x59,0xe6,0x92,0xe6,0x92,0x05,0x62,0x05,0x52,0xa6,0x21,0xc7,0x21,0xa6,0x21,0x65,0x19,0x45,0x19,0x45,0x11,0x45,0x11,0x25,0x11,0x25,0x19,0x45,0x19,0x45,0x19,
    0x65,0x19,0x65,0x19,0x66,0x19,0x86,0x21,0xc7,0x21,0xc7,0x21,0xa7,0x21,0xa7,0x21,0xe8,0x29,0xe8,0x29,0xc7,0x21,0x45,0x11,0x25,0x11,0x25,0x19,0x25,0x11,0x25,0x11,
    0x25,0x11,0x25,0x11,0x25,0x11,0x25,0x11,0x25,0x11,0x24,0x11,0x04,0x11,0x04,0x09,0x08,0xbc,0xe8,0xbb,0xc6,0x8a,0xa6,0x82,0x05,0x6a,0x63,0x39,0xc2,0x10,0x94,0xe6,
    0x93,0xe6,0x73,0xe6,0x73,0xe6,0x74,0xe6,0x74,0xe6,0x74,0xe6,0x73,0xe6,0x73,0xe6,0x73,0xe6,0x74,0xe6,0x94,0xe6,0x74,0xe6,0x74,0xe6,0x74,0xe6,0x93,0xe6,0x74,0xe6,
    0x53,0xe6,0xd5,0xf6,0xd6,0xee,0x82,0x08,0xe2,0x10,0xf5,0xee,0x33,0xff,0x13,0xff,0x33,0xff,0x33,0xff,0x33,0xff,0x33,0xff,0x13,0xff,0x13,0xff,0x14,0xff,0x13,0xff,
    0x34,0xff,0x34,0xff,0x34,0xff,0x34,0xff,0x34,0xff,0x15,0xff,0x14,0xff,0xd0,0xfe,0xf2,0xfe,0x0a,0xb4,0x69,0x9b,0xa2,0x08,0xc9,0x52,0x54,0xde,0xb5,0xe6,0x94,0xe6,
    0x74,0xde,0x34,0xd6,0x53,0xd6,0x54,0xd6,0x54,0xd6,0x54,0xd6,0x54,0xd6,0x54,0xd6,0x54,0xd6,0x55,0xd6,0x54,0xd6,0x54,0xd6,0x54,0xd6,0x54,0xd6,0x54,0xd6,0x54,0xd6,
    0x54,0xd6,0x54,0xde,0x54,0xde,0x54,0xde,0x54,0xde,0x54,0xde,0x54,0xde,0x72,0xe6,0x92,0xee,0xb1,0xf6,0xd0,0xf6,0xf0,0xfe,0xf0,0xfe,0xf0,0xfe,0xf0,0xfe,0xf0,0xfe,
    0xf0,0xfe,0xf0,0xfe,0xf0,0xfe,0xf0,0xfe,0xf0,0xfe,0x11,0xff,0x11,0xff,0x0b,0xa5,0x2b,0xa5,0x0b,0xa5,0xec,0x9c,0xa6,0x4a,0xc6,0x4a,0xc6,0x4a,0x65,0x3a,0x45,0x3a,
    0x23,0x19,0x62,0x21,0x25,0x63,0x07,0x5b,0xa4,0x4a,0xf0,0xfe,0x51,0xff,0x0e,0xce,0xae,0xbd,0xe6,0x52,0x45,0x3a,0x65,0x3a,0x8e,0xb5,0x4c,0xb5,0x51,0xff,0x52,0xff,
    0xe9,0xa4,0x89,0x9c,0x8b,0x94,0xe7,0x4a,0xc6,0x4a,0x26,0x53,0x67,0x63,0x87,0x63,0x87,0x6b,0x67,0x63,0xa5,0x7b,0x6a,0xc5,0xaa,0xcd,0xca,0xcd,0xf0,0xfe,0x10,0xff,
    0xf0,0xfe,0xf0,0xfe,0xf0,0xfe,0xf0,0xfe,0xf0,0xfe,0xd0,0xfe,0xd0,0xfe,0xd1,0xfe,0xd0,0xfe,0xd1,0xfe,0xc2,0x10,0xa1,0x18,0x05,0x6a,0x65,0x7a,0xc6,0x8a,0xe9,0xbb,
    0xe8,0xc3,0x24,0x11,0x44,0x11,0x44,0x19,0x44,0x19,0x44,0x19,0x44,0x19,0x44,0x19,0x24,0x19,0x24,0x19,0x44,0x19,0x24,0x19,0x24,0x11,0x44,0x19,0x64,0x19,0xa5,0x21,
    0xc6,0x21,0xc6,0x21,0x65,0x19,0xc7,0x21,0xc7,0x21,0x65,0x19,0x45,0x19,0x65,0x19,0x45,0x19,0x45,0x19,0x24,0x19,0x24,0x19,0x45,0x19,0x24,0x19,0x45,0x19,0x44,0x19,
    0x65,0x19,0x64,0x19,0xa5,0x21,0xc6,0x21,0xc7,0x21,0xe4,0x59,0xe4,0x61,0xe6,0x92,0xc6,0x8a,0x04,0x62,0x05,0x52,0xa6,0x21,0x86,0x19,0x65,0x19,0x45,0x19,0x25,0x19,
    0x45,0x19,0x65,0x19,0x25,0x19,0x24,0x11,0x65,0x19,0x45,0x19,0x45,0x19,0x45,0x19,0x45,0x19,0x25,0x19,0x86,0x21,0xa7,0x21,0xa7,0x21,0xe8,0x29,0xc7,0x21,0xa7,0x21,
    0xa7,0x21,0x86,0x19,0x25,0x11,0x25,0x11,0x25,0x11,0x25,0x11,0x25,0x11,0x25,0x11,0x25,0x19,0x25,0x11,0x25,0x11,0x25,0x11,0x25,0x11,0x04,0x11,0x08,0xc4,0xe9,0xbb,
    0xc6,0x8a,0xa6,0x82,0x25,0x6a,0x63,0x39,0xc2,0x18,0x94,0xe6,0x93,0xe6,0x73,0xe6,0x73,0xe6,0x74,0xe6,0x74,0xe6,0x93,0xe6,0x73,0xe6,0x73,0xe6,0x73,0xe6,0x73,0xe6,
    0x73,0xe6,0x73,0xe6,0x73,0xe6,0x73,0xe6,0x74,0xe6,0x73,0xe6,0x73,0xde,0x82,0x10,0x60,0x08,0x70,0xff,0x0e,0xff,0xcd,0xfe,0x50,0xee,0x30,0xee,0x30,0xee,0x51,0xee,
    0x50,0xee,0x51,0xee,0x51,0xe6,0x31,0xe6,0x31,0xe6,0x31,0xe6,0x31,0xe6,0x31,0xe6,0x31,0xe6,0x31,0xe6,0x31,0xde,0x11,0xde,0x32,0xde,0x4d,0xcd,0x4e,0xd5,0x2a,0xbc,
    0x28,0x93,0xa3,0x08,0xa2,0x00,0x82,0x00,0x61,0x00,0x41,0x00,0x40,0x00,0x53,0xde,0x34,0xd6,0x54,0xd6,0x54,0xd6,0x34,0xd6,0x54,0xd6,0x54,0xd6,0x54,0xd6,0x54,0xd6,
    0x54,0xd6,0x54,0xd6,0x54,0xd6,0x54,0xd6,0x54,0xd6,0x54,0xd6,0x54,0xd6,0x54,0xde,0x54,0xde,0x54,0xde,0x54,0xde,0x54,0xde,0x54,0xde,0x92,0xee,0x92,0xee,0xb1,0xf6,
    0xd0,0xfe,0xf0,0xfe,0xf0,0xfe,0xf0,0xfe,0xf0,0xfe,0xf0,0xfe,0x10,0xff,0xf0,0xfe,0x11,0xff,0x10,0xff,0x10,0xff,0x10,0xff,0x10,0xff,0x11,0xff,0x12,0xff,0xf0,0xfe,
    0xf3,0xf6,0xc5,0x42,0xc5,0x4a,0xa6,0x42,0xa5,0x42,0x85,0x42,0x23,0x19,0x23,0x19,0x65,0x3a,0xe6,0x52,0xc5,0x52,0xcf,0xf6,0x30,0xff,0x10,0xff,0x12,0xef,0xa6,0x4a,
    0x04,0x32,0xa6,0x42,0x54,0xff,0x11,0xff,0x51,0xff,0x12,0xf7,0x46,0x6b,0xe5,0x5a,0xa6,0x4a,0xa6,0x42,0x85,0x42,0x87,0x6b,0x87,0x73,0x87,0x6b,0x67,0x6b,0x66,0x6b,
    0xe5,0x83,0x04,0x94,0x04,0x94,0x24,0x94,0xcf,0xfe,0xf0,0xfe,0xf0,0xfe,0xf0,0xfe,0xf0,0xfe,0xf0,0xfe,0xf0,0xfe,0xf0,0xfe,0xd0,0xfe,0xd0,0xfe,0xd1,0xfe,0xd1,0xfe,
    0xc2,0x10,0xa1,0x18,0x04,0x6a,0x65,0x7a,0xc6,0x8a,0xe9,0xbb,0xe8,0xc3,0x24,0x11,0x24,0x11,0x44,0x19,0x44,0x19,0x44,0x19,0x44,0x19,0x44,0x19,0x24,0x19,0x44,0x19,
    0x24,0x19,0x24,0x19,0x24,0x19,0x44,0x19,0x44,0x19,0xa5,0x29,0xa5,0x21,0xa5,0x21,0xc7,0x29,0xa6,0x21,0xa6,0x21,0x86,0x21,0x85,0x21,0x65,0x19,0x45,0x19,0x44,0x19,
    0x24,0x19,0x45,0x19,0x45,0x19,0x45,0x19,0x44,0x19,0x44,0x19,0x44,0x19,0x64,0x19,0x85,0x19,0xc6,0x21,0xc7,0x21,0xe4,0x59,0xe4,0x59,0xe6,0x92,0xe6,0x8a,0xe4,0x61,
    0x05,0x52,0x86,0x21,0x46,0x19,0x25,0x19,0x45,0x19,0x45,0x19,0x46,0x19,0x66,0x19,0x25,0x19,0x65,0x19,0x85,0x19,0x65,0x19,0x45,0x19,0x45,0x19,0x45,0x19,0x45,0x19,
    0x45,0x19,0x46,0x19,0xc7,0x21,0xc8,0x29,0xa7,0x21,0xa7,0x21,0xa7,0x21,0x87,0x19,0x25,0x11,0x04,0x11,0x25,0x11,0x25,0x19,0x25,0x11,0x25,0x11,0x25,0x19,0x25,0x11,
    0x25,0x11,0x04,0x11,0x45,0x19,0x45,0x19,0x49,0xc4,0xe9,0xbb,0xc6,0x8a,0xa6,0x82,0x04,0x6a,0x63,0x39,0xc2,0x18,0x94,0xee,0x93,0xe6,0x73,0xe6,0x73,0xe6,0x73,0xe6,
    0x74,0xe6,0x74,0xe6,0x73,0xe6,0x73,0xe6,0x73,0xe6,0x73,0xe6,0x73,0xe6,0x74,0xe6,0x73,0xe6,0x73,0xe6,0x73,0xe6,0x73,0xe6,0x94,0xee,0x03,0x11,0xa0,0x10,0xcd,0xfe,
    0xad,0xfe,0xce,0xfe,0x70,0xf6,0x71,0xee,0x71,0xee,0x51,0xee,0x51,0xee,0x71,0xee,0x51,0xee,0x52,0xee,0x52,0xee,0x52,0xee,0x32,0xe6,0x52,0xee,0x73,0xe6,0x53,0xe6,
    0x52,0xe6,0x52,0xe6,0x53,0xe6,0x2e,0xcd,0x2e,0xd5,0x2a,0xbc,0x89,0xa3,0xe3,0x10,0x82,0x00,0x60,0x08,0xa1,0x10,0xa1,0x10,0x64,0x29,0x14,0xce,0x95,0xde,0x54,0xd6,
    0x35,0xd6,0x54,0xd6,0x54,0xd6,0x54,0xd6,0x54,0xd6,0x54,0xd6,0x54,0xd6,0x54,0xd6,0x54,0xd6,0x54,0xd6,0x54,0xd6,0x54,0xd6,0x54,0xd6,0x54,0xde,0x54,0xde,0x54,0xde,
    0x54,0xde,0x54,0xde,0x54,0xde,0x72,0xe6,0x92,0xee,0xb1,0xf6,0xd0,0xfe,0xaf,0xfe,0xf1,0xfe,0xf0,0xfe,0xf0,0xfe,0x24,0x9c,0x24,0x9c,0x65,0x73,0x85,0x73,0x85,0x73,
    0x44,0x3a,0x44,0x32,0x23,0x32,0x43,0x3a,0x23,0x3a,0x52,0xff,0x33,0xff,0x54,0xff,0xf4,0xe6,0xc6,0x52,0xa5,0x4a,0xc5,0x4a,0xc6,0x4a,0x86,0x42,0x44,0x19,0x27,0x5b,
    0x26,0x5b,0xcf,0xf6,0x30,0xff,0xef,0xf6,0xb1,0xe6,0xa4,0x21,0x2b,0x84,0x53,0xf7,0x10,0xff,0x10,0xf7,0x22,0x42,0x63,0x42,0xa5,0x4a,0xa5,0x4a,0xa6,0x4a,0xc6,0x4a,
    0xc6,0x42,0xc5,0x42,0xc5,0x42,0x86,0x6b,0x87,0x6b,0x67,0x63,0x66,0x63,0xa6,0x6b,0x86,0xa4,0x65,0xa4,0xef,0xfe,0xd0,0xfe,0xf0,0xfe,0xf0,0xfe,0xf0,0xfe,0xf0,0xfe,
    0xf0,0xfe,0xf1,0xfe,0xf0,0xfe,0xd0,0xfe,0xd1,0xfe,0xd1,0xfe,0xc2,0x10,0xa2,0x20,0x04,0x6a,0x65,0x7a,0xc6,0x8a,0xe9,0xbb,0xe8,0xc3,0x44,0x11,0x44,0x11,0x44,0x19,
    0x44,0x19,0x44,0x19,0x64,0x19,0x44,0x19,0x24,0x19,0x44,0x19,0x64,0x19,0x44,0x19,0x24,0x19,0x24,0x19,0x24,0x19,0x24,0x19,0x44,0x19,0x45,0x19,0x65,0x19,0x65,0x19,
    0xe7,0x29,0x45,0x19,0x65,0x19,0x86,0x21,0x45,0x19,0x65,0x21,0x24,0x19,0x24,0x19,0x45,0x19,0x45,0x19,0x45,0x19,0x45,0x19,0x45,0x19,0x65,0x19,0x65,0x19,0x65,0x19,
    0x65,0x19,0xe4,0x59,0xe4,0x61,0x06,0x93,0x06,0x93,0xe4,0x61,0xc4,0x49,0x04,0x11,0x25,0x11,0x45,0x19,0x65,0x19,0x85,0x19,0x85,0x19,0x65,0x19,0x24,0x11,0x45,0x11,
    0x65,0x19,0x65,0x19,0x65,0x19,0x65,0x19,0x65,0x19,0x45,0x19,0x86,0x19,0xc7,0x21,0xe8,0x29,0x87,0x21,0x87,0x19,0x87,0x21,0x04,0x11,0x25,0x11,0x25,0x11,0x25,0x11,
    0x45,0x19,0x25,0x19,0x25,0x11,0x25,0x11,0x25,0x11,0x25,0x11,0x25,0x11,0x25,0x11,0x04,0x11,0x04,0x11,0x49,0xcc,0x09,0xbc,0xc6,0x8a,0xa6,0x8a,0x25,0x6a,0x63,0x39,
    0xc2,0x18,0x94,0xee,0x93,0xe6,0x73,0xe6,0x73,0xe6,0x73,0xe6,0x73,0xe6,0x73,0xe6,0x73,0xe6,0x73,0xe6,0x73,0xe6,0x73,0xe6,0x73,0xe6,0x73,0xe6,0x73,0xe6,0x73,0xe6,
    0x93,0xe6,0x93,0xe6,0x93,0xee,0xc2,0x10,0x20,0x29,0xee,0xfe,0xae,0xf6,0x51,0xee,0x51,0xee,0x51,0xee,0x51,0xee,0x51,0xee,0x51,0xee,0x52,0xe6,0x52,0xe6,0x32,0xe6,
    0x32,0xe6,0x32,0xe6,0x32,0xe6,0x12,0xde,0x52,0xe6,0x11,0xde,0x32,0xe6,0x32,0xde,0x32,0xde,0x2e,0xcd,0x0e,0xd5,0x4b,0xc4,0xaa,0xa3,0xe3,0x18,0x26,0x42,0xed,0xcc,
    0x0c,0xd5,0x90,0xf6,0x4d,0x9c,0xc3,0x10,0x72,0xb5,0x33,0xd6,0x55,0xde,0x14,0xce,0x54,0xd6,0x54,0xd6,0x54,0xd6,0x54,0xd6,0x54,0xd6,0x55,0xd6,0x55,0xd6,0x55,0xd6,
    0x54,0xd6,0x54,0xd6,0x54,0xd6,0x54,0xde,0x54,0xde,0x54,0xde,0x54,0xde,0x54,0xde,0x54,0xde,0x72,0xe6,0x92,0xee,0xb1,0xf6,0xd1,0xfe,0x11,0xff,0x10,0xff,0x11,0xf7,
    0x52,0xff,0x44,0x94,0x66,0x9c,0xc6,0x7b,0xe6,0x7b,0xa7,0x6b,0x84,0x42,0xc5,0x4a,0xe7,0x4a,0x85,0x42,0x65,0x3a,0x94,0xff,0x94,0xff,0x94,0xff,0xd2,0xe6,0x23,0x3a,
    0x64,0x42,0x84,0x42,0x84,0x4a,0xa5,0x4a,0x44,0x19,0x06,0x5b,0x63,0x42,0xef,0xf6,0x50,0xff,0x51,0xff,0xd2,0xe6,0x63,0x21,0xc8,0x7b,0x10,0xf7,0x73,0xff,0x53,0xf7,
    0x44,0x42,0xc6,0x4a,0xa5,0x4a,0x65,0x42,0x66,0x42,0x66,0x3a,0x66,0x3a,0x66,0x42,0x45,0x3a,0xc6,0x4a,0xc6,0x52,0x87,0x6b,0xc7,0x73,0xa6,0x6b,0x06,0x84,0x26,0x8c,
    0x10,0xff,0x10,0xff,0xf0,0xfe,0xf0,0xfe,0xf0,0xfe,0xf0,0xfe,0xf0,0xfe,0xf1,0xfe,0xf0,0xfe,0xd0,0xfe,0xd1,0xfe,0xd1,0xfe,0xc2,0x10,0xc2,0x20,0x04,0x6a,0x65,0x7a,
    0xc6,0x8a,0xe9,0xbb,0xe8,0xbb,0x44,0x11,0x44,0x11,0x44,0x19,0x44,0x19,0x44,0x19,0x64,0x19,0x44,0x19,0x24,0x19,0x44,0x19,0x44,0x19,0x64,0x19,0x64,0x19,0x64,0x19,
    0x44,0x19,0x44,0x19,0x65,0x19,0x64,0x19,0xe3,0x10,0xe3,0x10,0xe3,0x10,0x24,0x19,0xe3,0x10,0xc3,0x08,0x24,0x11,0x44,0x19,0xe3,0x10,0x24,0x19,0x45,0x19,0x45,0x19,
    0x44,0x19,0x45,0x19,0x45,0x19,0x45,0x19,0x65,0x19,0x65,0x19,0x65,0x19,0xe4,0x59,0xe4,0x61,0x06,0x93,0xe6,0x92,0xe4,0x61,0xe5,0x51,0x24,0x11,0x25,0x11,0x45,0x11,
    0x65,0x19,0x86,0x21,0x86,0x19,0x86,0x19,0x24,0x11,0x45,0x19,0x65,0x19,0x65,0x19,0x65,0x19,0x65,0x19,0x65,0x19,0x65,0x19,0x66,0x19,0xc7,0x21,0xc7,0x21,0xa7,0x21,
    0x66,0x19,0x66,0x19,0x24,0x11,0x45,0x19,0x25,0x19,0x25,0x19,0x45,0x19,0x25,0x19,0x25,0x11,0x25,0x11,0x25,0x11,0x25,0x11,0x25,0x11,0x25,0x11,0x25,0x11,0x25,0x11,
    0x49,0xcc,0x09,0xc4,0xc6,0x8a,0xa6,0x8a,0x05,0x6a,0x43,0x39,0xc2,0x18,0x94,0xee,0x94,0xee,0x93,0xe6,0x73,0xe6,0x73,0xe6,0x73,0xe6,0x73,0xe6,0x74,0xe6,0x73,0xe6,
    0x73,0xe6,0x73,0xe6,0x73,0xe6,0x73,0xe6,0x73,0xe6,0x73,0xe6,0x73,0xe6,0x93,0xee,0x94,0xf6,0xc3,0x10,0x20,0x21,0xed,0xfe,0xaf,0xf6,0x51,0xee,0x51,0xee,0x51,0xee,
    0x51,0xee,0x51,0xee,0x31,0xe6,0x32,0xe6,0x32,0xe6,0x32,0xe6,0x52,0xe6,0x52,0xe6,0x32,0xe6,0x32,0xde,0x53,0xde,0x33,0xd6,0x73,0xee,0x32,0xe6,0x32,0xe6,0x2e,0xcd,
    0x2e,0xd5,0x4b,0xc4,0x89,0xa3,0xe3,0x18,0xa5,0x29,0x49,0x7b,0x07,0x7b,0x8e,0xe5,0x6f,0xc5,0xac,0x7b,0x81,0x08,0x81,0x10,0xb6,0xde,0x55,0xd6,0x54,0xd6,0x54,0xd6,
    0x54,0xd6,0x54,0xd6,0x54,0xd6,0x55,0xd6,0x55,0xd6,0x55,0xd6,0x54,0xd6,0x54,0xd6,0x54,0xd6,0x54,0xde,0x54,0xde,0x54,0xde,0x54,0xde,0x54,0xde,0x54,0xde,0x92,0xee,
    0x92,0xee,0xb1,0xf6,0xf1,0xfe,0x10,0xff,0xf0,0xfe,0xc5,0x83,0xa6,0x73,0xa6,0x73,0xc6,0x7b,0x05,0x8c,0xe5,0x83,0xe6,0x7b,0xe6,0x7b,0x46,0x5b,0x85,0x42,0x85,0x42,
    0xa6,0x4a,0xa6,0x4a,0xc6,0x4a,0xc6,0x4a,0xce,0xbd,0x93,0xff,0x10,0xff,0x10,0xff,0x30,0xff,0x30,0xce,0x23,0x19,0xcb,0x9c,0x51,0xff,0x30,0xff,0x51,0xff,0xe4,0x83,
    0x85,0x73,0xa4,0x29,0x6a,0x8c,0xf0,0xf6,0xa4,0x52,0xe5,0x52,0xc5,0x4a,0xe7,0x52,0x85,0x21,0x43,0x19,0x64,0x21,0x64,0x21,0x43,0x19,0x43,0x19,0x64,0x21,0x43,0x19,
    0xa4,0x29,0x45,0x32,0x25,0x5b,0xe5,0x83,0xe6,0x7b,0xa5,0x73,0x23,0x9c,0x45,0xa4,0xf0,0xfe,0xf0,0xfe,0xf0,0xfe,0xf0,0xfe,0xf1,0xfe,0xf1,0xfe,0xf1,0xfe,0xf1,0xfe,
    0xd1,0xfe,0xd1,0xfe,0xc2,0x10,0xc2,0x20,0x25,0x6a,0x85,0x7a,0xe6,0x8a,0xe9,0xbb,0xc8,0xbb,0x44,0x11,0x02,0x19,0x64,0x19,0x64,0x19,0x44,0x19,0x64,0x19,0x44,0x19,
    0x24,0x19,0x64,0x19,0x64,0x19,0x64,0x19,0x64,0x21,0x43,0x19,0x03,0x11,0xe3,0x10,0x03,0x11,0xe3,0x10,0xa2,0x08,0xc2,0x08,0x24,0x19,0x02,0x19,0x73,0xd6,0xb2,0xbd,
    0x82,0x08,0x04,0x11,0xb5,0xe6,0x40,0x00,0x44,0x19,0x24,0x19,0x24,0x19,0x44,0x19,0x24,0x11,0x45,0x11,0x86,0x19,0x66,0x19,0x65,0x19,0xe5,0x59,0xe5,0x59,0xc5,0x8a,
    0x06,0x93,0x05,0x6a,0xe4,0x49,0x25,0x19,0x45,0x19,0x66,0x19,0x66,0x19,0x66,0x19,0x86,0x21,0x86,0x21,0x44,0x19,0x44,0x19,0x86,0x19,0x65,0x19,0x45,0x19,0x45,0x11,
    0x65,0x19,0xa6,0x21,0x08,0x2a,0x08,0x2a,0xc7,0x21,0xc7,0x21,0x66,0x19,0x45,0x11,0x05,0x19,0x45,0x19,0x25,0x19,0x25,0x19,0x25,0x19,0x25,0x11,0x24,0x11,0x05,0x11,
    0x24,0x11,0x24,0x11,0x45,0x11,0x24,0x11,0x04,0x11,0xe5,0x08,0x69,0xcc,0x09,0xbc,0xc6,0x8a,0xc6,0x8a,0x25,0x6a,0x43,0x39,0xc2,0x18,0xb4,0xee,0x94,0xee,0x93,0xe6,
    0x93,0xe6,0x93,0xe6,0x73,0xe6,0x73,0xe6,0x73,0xe6,0x73,0xe6,0x73,0xe6,0x73,0xe6,0x73,0xe6,0x73,0xe6,0x73,0xe6,0x73,0xe6,0x73,0xe6,0x73,0xee,0xb3,0xf6,0xc2,0x10,
    0x20,0x21,0xed,0xfe,0xaf,0xf6,0x71,0xee,0x52,0xee,0x51,0xee,0x50,0xe6,0x71,0xe6,0x92,0xee,0x73,0xee,0x52,0xee,0x32,0xe6,0x52,0xe6,0x53,0xe6,0xb0,0xc5,0x67,0x5b,
    0x68,0x53,0x88,0x5b,0x93,0xee,0x32,0xe6,0x32,0xe6,0x2e,0xcd,0x2e,0xd5,0x4a,0xbc,0xaa,0xa3,0xe3,0x10,0xc3,0x08,0x24,0x19,0x22,0x31,0x4a,0xcc,0x71,0xf6,0xd1,0xee,
    0xa0,0x10,0xa2,0x08,0x96,0xde,0x55,0xd6,0x54,0xd6,0x54,0xd6,0x54,0xd6,0x54,0xd6,0x54,0xd6,0x55,0xd6,0x55,0xd6,0x55,0xd6,0x54,0xd6,0x54,0xd6,0x54,0xd6,0x54,0xde,
    0x54,0xde,0x54,0xde,0x54,0xde,0x54,0xde,0x54,0xde,0x92,0xee,0x92,0xee,0xb1,0xf6,0xd1,0xfe,0xd1,0xee,0x4f,0xd6,0x05,0x8c,0xe5,0x83,0xc7,0x73,0xc7,0x73,0xc6,0x7b,
    0x86,0x6b,0x86,0x6b,0x04,0x53,0xc5,0x4a,0xa6,0x42,0xc6,0x4a,0xa6,0x4a,0xc6,0x4a,0xa6,0x4a,0xa6,0x4a,0x0c,0x9d,0xce,0xc5,0x51,0xff,0x31,0xff,0x30,0xff,0x71,0xd6,
    0x43,0x19,0x25,0x63,0x47,0x8c,0x10,0xf7,0x2f,0xff,0x45,0x63,0xc7,0x6b,0x6b,0x84,0x0f,0xc6,0x10,0xff,0x23,0x3a,0xc6,0x52,0x04,0x32,0xc4,0x31,0x64,0x21,0xa4,0x29,
    0x05,0x32,0x45,0x3a,0x45,0x3a,0x46,0x3a,0x25,0x3a,0x25,0x32,0x25,0x3a,0xc6,0x4a,0xe6,0x52,0xe5,0x52,0xe6,0x73,0xe6,0x7b,0x05,0x84,0x05,0x8c,0xef,0xfe,0xf0,0xfe,
    0xf0,0xfe,0xf1,0xfe,0xf1,0xfe,0xf1,0xfe,0xf1,0xfe,0xf1,0xfe,0xd1,0xfe,0xd1,0xfe,0xa1,0x10,0xc2,0x18,0x25,0x6a,0x86,0x7a,0xc5,0x82,0xc8,0xb3,0xc8,0xb3,0x8b,0xd4,
    0x2a,0xc4,0x4a,0xcc,0x4a,0xc4,0x4a,0xcc,0x4a,0xcc,0x2a,0xcc,0xe9,0xbb,0xe9,0xbb,0x4a,0xb4,0x4b,0xbc,0xa9,0xa3,0xc2,0x10,0xa2,0x08,0x80,0x10,0x61,0x08,0x61,0x08,
    0x60,0x08,0x40,0x08,0x82,0x08,0x62,0x08,0x51,0xde,0x34,0xff,0xf1,0xcd,0x81,0x08,0xf3,0xfe,0x36,0xf7,0xa1,0x10,0xc3,0x08,0x82,0x08,0xe3,0x10,0x8d,0xac,0x48,0x93,
    0x89,0x9b,0x48,0x8b,0x26,0x9b,0x24,0x72,0x25,0x62,0xc5,0x8a,0x07,0x93,0x65,0x7a,0xa5,0x8a,0xe8,0xbb,0x4a,0xc4,0x4a,0xc4,0x4a,0xc4,0x49,0xc4,0x49,0xc4,0x49,0xc4,
    0x49,0xc4,0x2a,0xc4,0x29,0xc4,0x29,0xc4,0x29,0xc4,0x09,0xc4,0x09,0xbc,0x29,0xc4,0x09,0xbc,0x08,0xbc,0x29,0xb4,0x08,0xb4,0xe8,0xb3,0xc8,0xbb,0x2a,0xc4,0x2a,0xc4,
    0x4a,0xc4,0x29,0xc4,0x29,0xc4,0x29,0xc4,0x4a,0xc4,0x4a,0xc4,0x6a,0xc4,0x69,0xcc,0x69,0xcc,0x4a,0xc4,0x4a,0xc4,0x2a,0xbc,0x2a,0xbc,0xc8,0xb3,0xa5,0x82,0xc6,0x82,
    0x24,0x6a,0x42,0x39,0xc2,0x18,0xb4,0xee,0xb4,0xee,0x93,0xe6,0x73,0xe6,0x93,0xe6,0x73,0xe6,0x73,0xe6,0x73,0xe6,0x73,0xe6,0x73,0xe6,0x73,0xe6,0x73,0xe6,0x73,0xe6,
    0x73,0xe6,0x73,0xe6,0x73,0xe6,0x73,0xee,0xb3,0xf6,0xc2,0x18,0x00,0x21,0xed,0xfe,0xaf,0xf6,0x71,0xee,0x52,0xee,0x72,0xee,0xc6,0x83,0x28,0x84,0xc8,0x63,0xe9,0x73,
    0x93,0xe6,0x53,0xee,0x32,0xe6,0xa8,0x73,0x88,0x63,0x47,0x5b,0x68,0x5b,0x88,0x5b,0x93,0xee,0x52,0xe6,0x33,0xe6,0x4e,0xcd,0x2e,0xd5,0x4a,0xbc,0xca,0xa3,0xe3,0x10,
    0x69,0x42,0xb7,0xde,0xef,0xac,0x66,0x7a,0x0f,0xde,0xf3,0xfe,0xe1,0x18,0xa2,0x08,0x96,0xde,0x55,0xd6,0x54,0xd6,0x54,0xd6,0x54,0xd6,0x54,0xd6,0x54,0xd6,0x55,0xd6,
    0x55,0xd6,0x55,0xd6,0x54,0xd6,0x54,0xd6,0x54,0xd6,0x54,0xde,0x54,0xde,0x54,0xde,0x54,0xde,0x54,0xde,0x54,0xde,0x92,0xee,0x92,0xee,0xb1,0xf6,0xd1,0xf6,0x0b,0xad,
    0xc8,0x73,0x87,0x9c,0x25,0x94,0x86,0x73,0xc6,0x7b,0xc6,0x73,0x46,0x63,0x47,0x5b,0xa6,0x42,0xa6,0x42,0xa6,0x4a,0xa6,0x42,0xa6,0x42,0xa6,0x42,0xc5,0x4a,0xc6,0x4a,
    0xa5,0x42,0x86,0x3a,0x31,0xf7,0x30,0xff,0x31,0xff,0x91,0xd6,0x43,0x19,0xa5,0x4a,0x85,0x42,0x31,0xff,0x51,0xff,0xa4,0x4a,0xe6,0x4a,0x32,0xf7,0x10,0xf7,0x10,0xff,
    0x24,0x32,0x85,0x42,0x43,0x19,0x23,0x19,0xa4,0x29,0x46,0x3a,0xa6,0x4a,0xa6,0x4a,0xc6,0x4a,0xc6,0x4a,0xc6,0x4a,0xc6,0x4a,0xc6,0x4a,0xa6,0x4a,0x04,0x32,0xe5,0x29,
    0x49,0x84,0xc7,0x7b,0xc6,0x73,0xc5,0x83,0x0f,0xff,0xf0,0xfe,0xf0,0xfe,0xf1,0xfe,0xf0,0xfe,0xf1,0xfe,0xf1,0xfe,0xf1,0xfe,0xd1,0xfe,0xd1,0xfe,0xa2,0x10,0xc2,0x20,
    0x24,0x6a,0x85,0x7a,0xc6,0x82,0xc8,0xb3,0xc8,0xbb,0x29,0xc4,0x29,0xc4,0x0a,0xc4,0x09,0xc4,0xe9,0xc3,0x09,0xbc,0x09,0xc4,0xa8,0xab,0xa6,0x6a,0xe3,0x10,0xc3,0x08,
    0xc3,0x08,0xa2,0x08,0x40,0x00,0x33,0xff,0x13,0xff,0x34,0xff,0x34,0xff,0x15,0xff,0x97,0xff,0x97,0xff,0x77,0xff,0x14,0xff,0x13,0xff,0xd3,0xf6,0x71,0xee,0x14,0xff,
    0x13,0xce,0xc4,0x08,0xd5,0xee,0x60,0x08,0xe4,0x10,0x24,0x19,0xe3,0x10,0xe3,0x10,0xe2,0x18,0xe5,0x51,0x45,0x72,0xa6,0x8a,0xc6,0x8a,0x65,0x72,0xa5,0x7a,0xe8,0xbb,
    0xe8,0xbb,0x09,0xbc,0x08,0xbc,0x09,0xbc,0x09,0xbc,0xe8,0xbb,0x09,0xbc,0x09,0xbc,0x09,0xbc,0xe8,0xbb,0xe9,0xbb,0xe8,0xbb,0xc8,0xbb,0xc8,0xbb,0xc8,0xbb,0xe9,0xbb,
    0xe2,0x10,0xe2,0x18,0xc2,0x10,0x27,0x83,0xe9,0xb3,0xe9,0xb3,0xe9,0xb3,0xe9,0xbb,0x08,0xbc,0x09,0xbc,0x29,0xbc,0x29,0xbc,0x09,0xbc,0x09,0xbc,0x09,0xbc,0x09,0xbc,
    0x09,0xbc,0xe8,0xb3,0xc8,0xb3,0xa9,0xab,0xa5,0x82,0xc6,0x82,0x04,0x6a,0x42,0x39,0xc2,0x10,0xb4,0xee,0xb4,0xee,0x93,0xe6,0x73,0xe6,0x73,0xe6,0x73,0xe6,0x73,0xe6,
    0x73,0xe6,0x73,0xe6,0x73,0xe6,0x73,0xe6,0x73,0xe6,0x73,0xe6,0x73,0xe6,0x73,0xe6,0x93,0xe6,0x93,0xee,0xb3,0xf6,0xe2,0x10,0x20,0x21,0xec,0xfe,0x8f,0xf6,0x50,0xee,
    0x31,0xe6,0x30,0xee,0xc5,0x83,0x27,0x84,0x88,0x63,0xc8,0x6b,0x26,0x63,0x52,0xe6,0x94,0xf6,0x27,0x53,0x27,0x53,0xc6,0x42,0x68,0x5b,0x68,0x5b,0x74,0xee,0x53,0xe6,
    0x33,0xe6,0x4e,0xd5,0x2e,0xd5,0x4a,0xbc,0x89,0x9b,0xe3,0x10,0xaa,0x4a,0x34,0xd6,0xae,0xac,0x25,0x6a,0xef,0xdd,0xb1,0xf6,0x01,0x19,0xa1,0x08,0x96,0xde,0x54,0xd6,
    0x54,0xd6,0x54,0xd6,0x54,0xd6,0x55,0xd6,0x55,0xd6,0x55,0xd6,0x55,0xd6,0x55,0xd6,0x54,0xd6,0x54,0xd6,0x54,0xd6,0x54,0xde,0x54,0xde,0x54,0xde,0x54,0xde,0x54,0xde,
    0x54,0xde,0x92,0xee,0x92,0xee,0xb1,0xf6,0xd1,0xfe,0xca,0xa4,0xe8,0x7b,0xc6,0x73,0xc6,0x73,0xc7,0x73,0x87,0x6b,0x26,0x5b,0x42,0x19,0x63,0x21,0x43,0x19,0x43,0x19,
    0x43,0x19,0x43,0x19,0x63,0x19,0x83,0x21,0x22,0x19,0xa5,0x42,0xa5,0x42,0x85,0x42,0x66,0x63,0x67,0x63,0x51,0xff,0x51,0xff,0x52,0xff,0x80,0x08,0xe1,0x10,0x52,0xff,
    0x52,0xff,0x25,0x3a,0x44,0x42,0x52,0xff,0x0a,0xad,0x05,0x63,0x22,0x19,0x23,0x19,0x05,0x32,0x25,0x3a,0xa6,0x42,0xa6,0x42,0xa6,0x42,0xc6,0x4a,0xa6,0x4a,0xc6,0x4a,
    0xc6,0x4a,0xc6,0x4a,0xc6,0x4a,0xc6,0x4a,0xe7,0x4a,0xc7,0x4a,0xa3,0x29,0x83,0x21,0xa4,0x73,0xc5,0x83,0xc5,0x83,0xcc,0xcd,0xf0,0xfe,0xf0,0xfe,0xf0,0xfe,0xf1,0xfe,
    0xf0,0xfe,0xf1,0xfe,0xd0,0xfe,0xd1,0xfe,0xc2,0x10,0xc2,0x20,0x04,0x62,0x24,0x72,0xc6,0x8a,0xa5,0x82,0x85,0x82,0x86,0x7a,0x86,0x7a,0xa6,0x7a,0x85,0x7a,0x24,0x62,
    0x05,0x5a,0x61,0x00,0xa2,0x00,0xe3,0x08,0x08,0x6b,0x54,0xff,0x54,0xff,0x74,0xff,0x54,0xff,0x15,0xff,0x36,0xff,0x37,0xff,0x37,0xff,0x37,0xff,0x36,0xff,0x36,0xff,
    0x36,0xff,0x36,0xff,0x15,0xff,0x35,0xff,0x35,0xff,0x15,0xff,0x14,0xff,0xf4,0xfe,0xf4,0xfe,0xd4,0xf6,0x40,0x00,0x82,0x08,0x07,0x4a,0xc6,0x39,0xa2,0x08,0x23,0x21,
    0x06,0x5a,0x65,0x72,0x24,0x6a,0x65,0x72,0x25,0x72,0x25,0x62,0x25,0x62,0x05,0x62,0x05,0x62,0x05,0x62,0x05,0x5a,0xe5,0x59,0xe4,0x51,0xe5,0x51,0xe5,0x51,0xc4,0x51,
    0xa4,0x51,0xa4,0x51,0xe4,0x51,0xc5,0x49,0xc5,0x49,0xc5,0x49,0xa2,0x08,0xc3,0x08,0xe3,0x10,0x65,0x29,0x85,0x39,0x04,0x62,0x25,0x6a,0x65,0x72,0x65,0x72,0x65,0x7a,
    0x86,0x7a,0x66,0x7a,0x66,0x7a,0x86,0x7a,0x86,0x7a,0x86,0x7a,0x66,0x72,0x65,0x72,0x65,0x72,0x86,0x7a,0xc6,0x82,0xa6,0x82,0x04,0x6a,0x42,0x39,0xc2,0x10,0xb4,0xee,
    0xb4,0xee,0x93,0xe6,0x73,0xe6,0x73,0xe6,0x74,0xe6,0x73,0xe6,0x73,0xe6,0x73,0xe6,0x73,0xe6,0x73,0xe6,0x73,0xe6,0x73,0xe6,0x73,0xe6,0x73,0xee,0x72,0xee,0x72,0xe6,
    0xb3,0xf6,0xe2,0x18,0x20,0x29,0xcc,0xfe,0x8f,0xf6,0x50,0xee,0x51,0xee,0x51,0xe6,0xe6,0x83,0x08,0x7c,0x48,0x53,0x65,0x32,0x07,0x53,0x6f,0xbd,0x11,0xd6,0x68,0x5b,
    0x86,0x3a,0x28,0x4b,0x47,0x53,0x48,0x53,0x74,0xe6,0x33,0xe6,0x33,0xde,0x2e,0xcd,0x4e,0xd5,0x29,0xbc,0x89,0x9b,0xa2,0x08,0xaa,0x4a,0x54,0xde,0x8e,0xac,0x45,0x72,
    0xcf,0xdd,0xf3,0xfe,0xa0,0x10,0x81,0x00,0x95,0xde,0x54,0xd6,0x54,0xd6,0x54,0xd6,0x54,0xd6,0x34,0xd6,0x55,0xd6,0x55,0xd6,0x55,0xd6,0x55,0xd6,0x54,0xd6,0x54,0xd6,
    0x54,0xd6,0x54,0xde,0x54,0xde,0x54,0xde,0x54,0xde,0x54,0xde,0x54,0xde,0x92,0xee,0x92,0xee,0xb1,0xf6,0xd1,0xfe,0x2a,0xb5,0x05,0x84,0xc6,0x7b,0xc6,0x73,0x86,0x6b,
    0x47,0x63,0x08,0x53,0xa3,0x21,0x84,0x21,0x84,0x21,0x63,0x19,0x83,0x21,0xc4,0x29,0xe4,0x29,0x43,0x19,0x22,0x19,0x65,0x3a,0x85,0x42,0xc5,0x4a,0xc6,0x4a,0xa6,0x42,
    0x31,0xff,0x31,0xff,0x51,0xff,0xe1,0x10,0xe2,0x10,0x31,0xff,0x31,0xf7,0x84,0x21,0x83,0x29,0x33,0xff,0xcc,0x9c,0x44,0x3a,0xc3,0x10,0x03,0x19,0xa6,0x42,0xc6,0x4a,
    0xc6,0x4a,0xa6,0x42,0xa6,0x4a,0xc6,0x4a,0xc6,0x4a,0xc6,0x4a,0xc6,0x4a,0xc6,0x4a,0xc6,0x4a,0xc6,0x4a,0xc6,0x4a,0x85,0x4a,0x04,0x32,0xe4,0x29,0x45,0x94,0x05,0x8c,
    0xc5,0x7b,0x4e,0xde,0xf0,0xfe,0xf0,0xfe,0xf1,0xfe,0xf1,0xfe,0xf0,0xfe,0xf1,0xfe,0xd0,0xfe,0xd1,0xfe,0xc2,0x10,0xc1,0x20,0xe4,0x61,0x45,0x72,0x85,0x7a,0x86,0x7a,
    0x85,0x7a,0xa6,0x82,0xa6,0x82,0xa6,0x82,0x85,0x7a,0x83,0x49,0xc3,0x10,0xa1,0x10,0x81,0x10,0x60,0x08,0x28,0x6b,0x33,0xff,0x53,0xff,0x14,0xf7,0xf4,0xf6,0x16,0xff,
    0x37,0xf7,0x37,0xf7,0x37,0xff,0x37,0xff,0x38,0xff,0x38,0xff,0x37,0xff,0x37,0xff,0x17,0xff,0x36,0xff,0x36,0xff,0x15,0xf7,0xf5,0xf6,0xf5,0xfe,0x36,0xff,0x36,0xff,
    0x40,0x00,0xa2,0x10,0xc6,0x49,0xe6,0x41,0x27,0x4a,0x03,0x19,0xc3,0x00,0x25,0x6a,0x45,0x72,0x25,0x72,0x25,0x6a,0x05,0x6a,0x05,0x6a,0x05,0x6a,0x05,0x62,0x05,0x62,
    0x05,0x62,0x05,0x5a,0xe4,0x59,0xc5,0x51,0xc4,0x51,0xe4,0x51,0xa4,0x51,0xc4,0x51,0xe5,0x59,0xe3,0x10,0xe3,0x08,0xc3,0x08,0x07,0x52,0xe7,0x49,0xe6,0x49,0x04,0x21,
    0xe2,0x10,0x66,0x6a,0x45,0x72,0x45,0x72,0x65,0x7a,0x85,0x7a,0xa6,0x82,0x85,0x82,0x85,0x82,0x85,0x82,0x85,0x82,0x65,0x7a,0x85,0x7a,0x85,0x7a,0xa5,0x7a,0x85,0x7a,
    0x65,0x72,0x25,0x72,0xe4,0x61,0x63,0x39,0xe2,0x10,0xd4,0xee,0xb4,0xee,0x73,0xe6,0x73,0xe6,0x73,0xe6,0x73,0xe6,0x73,0xe6,0x73,0xe6,0x73,0xe6,0x73,0xe6,0x73,0xe6,
    0x73,0xe6,0x73,0xe6,0x73,0xe6,0x73,0xee,0x92,0xe6,0x72,0xe6,0xd3,0xf6,0xe2,0x18,0x40,0x29,0xcc,0xfe,0x8e,0xf6,0x50,0xee,0x52,0xee,0x51,0xee,0xeb,0xac,0xa7,0x6b,
    0x88,0x5b,0xc8,0x4a,0xc6,0x42,0xb0,0xbd,0xb0,0xb5,0x25,0x32,0x66,0x32,0x47,0x53,0x68,0x53,0x0f,0xa5,0x53,0xde,0x53,0xde,0x53,0xde,0x4e,0xcd,0x2e,0xd5,0x29,0xbc,
    0x89,0xa3,0xc2,0x08,0x8a,0x4a,0x54,0xde,0xae,0xac,0x45,0x72,0xcf,0xdd,0xf3,0xfe,0xe1,0x18,0xa2,0x08,0x76,0xde,0x34,0xd6,0x34,0xd6,0x34,0xd6,0x54,0xd6,0x55,0xd6,
    0x55,0xd6,0x55,0xd6,0x55,0xd6,0x55,0xd6,0x54,0xd6,0x54,0xd6,0x54,0xd6,0x54,0xde,0x54,0xde,0x54,0xde,0x54,0xde,0x54,0xde,0x54,0xde,0x92,0xee,0x92,0xee,0x91,0xee,
    0x71,0xde,0x09,0xb5,0x45,0x8c,0x86,0x73,0xa6,0x6b,0x47,0x5b,0x87,0x42,0x23,0x19,0x42,0x19,0x83,0x21,0x83,0x21,0xe4,0x29,0x85,0x42,0xa6,0x42,0x85,0x42,0x01,0x11,
    0x63,0x21,0x83,0x21,0xe4,0x31,0xc6,0x4a,0xc6,0x4a,0xe7,0x4a,0x31,0xff,0x31,0xff,0x30,0xff,0x60,0x08,0xc2,0x10,0x31,0xff,0x11,0xf7,0x63,0x21,0x41,0x19,0x32,0xf7,
    0xed,0x94,0x24,0x32,0xa1,0x08,0xc1,0x10,0x64,0x42,0xc5,0x52,0xc5,0x4a,0xa6,0x42,0xc6,0x4a,0xc6,0x42,0xe6,0x4a,0xc6,0x4a,0xe6,0x4a,0xe6,0x4a,0xe6,0x4a,0xe6,0x4a,
    0xc6,0x4a,0xc6,0x4a,0x45,0x3a,0x05,0x32,0x04,0x8c,0xe4,0x8b,0xe5,0x83,0x4e,0xde,0x10,0xff,0x10,0xff,0xf1,0xfe,0xf1,0xfe,0xf1,0xfe,0xf1,0xfe,0xd1,0xfe,0xd1,0xfe,
    0xa2,0x10,0x02,0x21,0x45,0x62,0x25,0x62,0x05,0x5a,0x05,0x5a,0x25,0x62,0x66,0x6a,0x66,0x6a,0x46,0x62,0x05,0x5a,0xc2,0x10,0xa1,0x10,0xb1,0xee,0x13,0xff,0x33,0xff,
    0x34,0xff,0x35,0xff,0x35,0xff,0x36,0xff,0x16,0xff,0x37,0xff,0x37,0xf7,0x37,0xf7,0x37,0xff,0x37,0xf7,0x38,0xff,0x38,0xff,0x38,0xff,0x38,0xff,0x37,0xff,0x37,0xff,
    0x37,0xff,0x37,0xff,0x37,0xff,0x37,0xff,0xf6,0xf6,0x57,0xff,0x61,0x08,0x07,0x4a,0xa4,0x51,0xe6,0x59,0x07,0x4a,0x03,0x21,0xe4,0x18,0xc2,0x08,0xc2,0x08,0x25,0x6a,
    0x04,0x62,0xe4,0x59,0xc4,0x51,0xc4,0x49,0xc4,0x51,0xc4,0x49,0xa4,0x49,0xa4,0x41,0xa4,0x49,0xa4,0x41,0xa4,0x41,0x84,0x39,0xc5,0x41,0x64,0x29,0xc2,0x08,0xa2,0x08,
    0x44,0x21,0x44,0x21,0xe6,0x49,0xe6,0x41,0xa5,0x51,0xe3,0x18,0xe3,0x10,0xe5,0x51,0xe4,0x51,0x04,0x5a,0x25,0x5a,0x25,0x62,0x45,0x62,0x25,0x62,0x25,0x5a,0x24,0x5a,
    0x24,0x5a,0x05,0x62,0x05,0x62,0x25,0x62,0x25,0x62,0x25,0x62,0x04,0x5a,0x04,0x5a,0x05,0x62,0x63,0x39,0xc2,0x10,0xb4,0xee,0x93,0xee,0x93,0xe6,0x73,0xe6,0x74,0xe6,
    0x73,0xe6,0x73,0xe6,0x73,0xe6,0x73,0xe6,0x73,0xe6,0x73,0xe6,0x73,0xe6,0x73,0xe6,0x73,0xe6,0x73,0xee,0x73,0xe6,0x72,0xee,0xb3,0xf6,0xe3,0x10,0x40,0x29,0xed,0xfe,
    0x8f,0xf6,0x50,0xee,0x52,0xee,0x31,0xe6,0x32,0xe6,0x06,0x5b,0x68,0x5b,0x08,0x53,0x46,0x32,0x08,0x53,0x6a,0x5b,0x86,0x3a,0x48,0x53,0xe6,0x42,0xa5,0x42,0x53,0xde,
    0x53,0xe6,0x53,0xde,0x53,0xde,0x4e,0xcd,0x2e,0xd5,0x2a,0xbc,0xa9,0xa3,0xc3,0x18,0xca,0x52,0xb7,0xe6,0x6a,0x83,0x86,0x7a,0x71,0xee,0xf3,0xfe,0x83,0x21,0xc2,0x08,
    0x96,0xde,0x34,0xd6,0x34,0xd6,0x54,0xd6,0x54,0xd6,0x54,0xd6,0x55,0xd6,0x55,0xd6,0x55,0xd6,0x54,0xd6,0x34,0xd6,0x54,0xd6,0x54,0xd6,0x54,0xde,0x54,0xde,0x54,0xde,
    0x54,0xde,0x54,0xde,0x54,0xde,0x92,0xee,0x92,0xee,0xf0,0xd5,0xc9,0x73,0xe7,0x73,0xc5,0x7b,0xc6,0x6b,0xc7,0x6b,0x04,0x32,0x05,0x32,0x64,0x21,0x48,0x63,0x66,0x63,
    0xa7,0x6b,0xa7,0x6b,0xa7,0x6b,0xa8,0x6b,0x87,0x6b,0x87,0x6b,0x87,0x63,0x46,0x5b,0x45,0x42,0x85,0x21,0x06,0x53,0xa5,0x4a,0x10,0xff,0x30,0xff,0x0f,0xff,0x60,0x08,
    0x81,0x10,0x11,0xff,0x73,0xff,0xe4,0x29,0xe3,0x29,0x04,0x5b,0xa3,0x21,0xc2,0x08,0x53,0xf7,0x0f,0xff,0x0f,0xff,0xad,0xee,0x84,0x42,0xc6,0x42,0xe7,0x4a,0xc7,0x4a,
    0xe7,0x4a,0xe7,0x4a,0xe7,0x4a,0xc7,0x4a,0xe7,0x4a,0xc6,0x4a,0xe6,0x4a,0xc5,0x4a,0xc6,0x4a,0xa6,0x4a,0x43,0x9c,0x25,0x94,0xe5,0x83,0x2e,0xd6,0x10,0xff,0x10,0xff,
    0xf1,0xfe,0xf1,0xfe,0xf1,0xfe,0xf1,0xfe,0xf1,0xfe,0xb2,0xfe,0xa1,0x10,0x03,0x21,0xc2,0x18,0xc2,0x18,0xe2,0x18,0xc2,0x18,0xc2,0x18,0xe3,0x18,0xc2,0x18,0x82,0x08,
    0xc3,0x10,0x8a,0x73,0x35,0xff,0x34,0xff,0x34,0xff,0x34,0xff,0x36,0xff,0x17,0xff,0x18,0xf7,0x38,0xf7,0x38,0xf7,0x38,0xf7,0x38,0xf7,0x38,0xf7,0x37,0xf7,0x37,0xf7,
    0x38,0xff,0x38,0xff,0x38,0xff,0x38,0xff,0x38,0xff,0x38,0xff,0x38,0xff,0x17,0xf7,0x37,0xf7,0x16,0xf7,0x94,0xee,0x60,0x00,0xe7,0x49,0xe6,0x41,0x11,0xf5,0x32,0xe5,
    0xa6,0x41,0xc7,0x41,0xa6,0x41,0xe3,0x10,0xc2,0x08,0x03,0x11,0xc3,0x08,0xc3,0x10,0xc3,0x08,0xa3,0x08,0xa3,0x08,0xc3,0x10,0xc3,0x10,0xe3,0x10,0xe3,0x10,0xe4,0x10,
    0xc3,0x10,0xc3,0x08,0xc3,0x08,0xc3,0x08,0x64,0x29,0xc6,0x41,0xe7,0x49,0xc6,0x41,0xe6,0x51,0x84,0x51,0x10,0xf5,0xe2,0x28,0xa2,0x08,0xc2,0x18,0xc2,0x18,0xc2,0x18,
    0xc2,0x18,0xc2,0x18,0xc2,0x18,0xc2,0x18,0xc2,0x18,0xc2,0x18,0xc2,0x18,0xa1,0x10,0xa2,0x18,0xc2,0x18,0xc2,0x18,0xc2,0x18,0xc2,0x18,0xc2,0x18,0xc2,0x18,0xe3,0x20,
    0xe3,0x20,0xd5,0xf6,0x52,0xe6,0x94,0xe6,0x94,0xe6,0x94,0xe6,0x73,0xe6,0x73,0xe6,0x73,0xe6,0x73,0xe6,0x73,0xe6,0x73,0xe6,0x73,0xe6,0x73,0xe6,0x73,0xe6,0x73,0xee,
    0x92,0xe6,0x73,0xee,0xd4,0xf6,0xe3,0x10,0x41,0x29,0xcd,0xfe,0x8f,0xf6,0x50,0xee,0x52,0xee,0x52,0xee,0x51,0xee,0x93,0xf6,0x27,0x5b,0x08,0x43,0xa7,0x42,0xe5,0x29,
    0x25,0x2a,0xa7,0x42,0x86,0x3a,0xa6,0x3a,0x53,0xde,0x32,0xd6,0x53,0xe6,0x53,0xde,0x53,0xde,0x4e,0xcd,0x2e,0xd5,0x2a,0xbc,0x89,0x9b,0xc2,0x08,0x45,0x11,0xc3,0x00,
    0x22,0x29,0x88,0xab,0x0f,0xe6,0x31,0xe6,0xa0,0x08,0xc2,0x08,0x76,0xde,0x55,0xd6,0x54,0xd6,0x54,0xd6,0x54,0xd6,0x54,0xd6,0x54,0xd6,0x54,0xd6,0x54,0xd6,0x55,0xd6,
    0x54,0xd6,0x54,0xd6,0x54,0xd6,0x54,0xde,0x54,0xde,0x54,0xde,0x54,0xde,0x54,0xde,0x54,0xde,0x92,0xee,0x92,0xee,0x10,0xd6,0x09,0x7c,0xa6,0x73,0xa6,0x73,0x25,0x5b,
    0x27,0x5b,0xc5,0x29,0x04,0x32,0x06,0x53,0xa8,0x6b,0x87,0x6b,0x87,0x6b,0xa7,0x6b,0x87,0x6b,0x67,0x6b,0x87,0x6b,0xc5,0x7b,0xe6,0x7b,0xa5,0x4a,0x06,0x53,0xc5,0x4a,
    0xc4,0x29,0xa4,0x29,0x49,0x8c,0xc8,0xa4,0x2f,0xff,0xc1,0x10,0xc2,0x10,0xcb,0xcd,0xab,0xc5,0xc5,0x29,0xc4,0x29,0x03,0x32,0x89,0x6b,0x4e,0xa5,0x48,0x9c,0x88,0x9c,
    0x89,0x9c,0x89,0x94,0xe5,0x5a,0x25,0x63,0x65,0x6b,0xca,0x9c,0xeb,0x9c,0x0b,0x9d,0x0c,0x9d,0xea,0x9c,0x89,0x94,0x25,0x6b,0x25,0x5b,0xe6,0x52,0xc6,0x4a,0xc6,0x42,
    0x24,0x6b,0x64,0x6b,0x45,0x9c,0x6e,0xde,0x10,0xff,0x11,0xff,0xf0,0xfe,0xf1,0xfe,0xf1,0xfe,0xf1,0xfe,0xf1,0xfe,0xb0,0xfe,0x13,0xff,0x13,0xff,0x13,0xff,0x13,0xff,
    0x13,0xff,0x13,0xff,0xf2,0xfe,0xd2,0xf6,0xf1,0x9c,0xe9,0x62,0x50,0xb5,0x34,0xf7,0x13,0xff,0x35,0xff,0x35,0xff,0x36,0xff,0x37,0xff,0x37,0xff,0x37,0xff,0x37,0xff,
    0x38,0xff,0x38,0xff,0x38,0xff,0x38,0xff,0x38,0xf7,0x38,0xf7,0x38,0xff,0x38,0xff,0x38,0xff,0x38,0xff,0x38,0xff,0x37,0xf7,0x37,0xff,0x37,0xff,0xf6,0xf6,0x94,0xee,
    0x62,0x31,0xa2,0x08,0x07,0x4a,0xe7,0x49,0x11,0xf5,0x31,0xf5,0x11,0xed,0x27,0x62,0xc5,0x41,0xe7,0x49,0x27,0x52,0xc3,0x08,0x64,0x29,0x0f,0xb5,0x51,0xbd,0x51,0xbd,
    0x92,0xbd,0xf4,0xc5,0xf4,0xc5,0xd4,0xc5,0x35,0xce,0xb7,0xde,0x76,0xd6,0x81,0x08,0xa2,0x08,0x85,0x39,0xc6,0x41,0xe7,0x49,0xe6,0x41,0xe6,0x39,0x10,0xf5,0xf0,0xf4,
    0xef,0xf4,0x02,0x21,0xa2,0x08,0xd3,0xfe,0xd3,0xfe,0xd4,0xfe,0xb3,0xf6,0x93,0xee,0xb4,0xf6,0xb4,0xf6,0xd4,0xf6,0xb4,0xf6,0xb4,0xf6,0xb4,0xee,0x93,0xe6,0x94,0xee,
    0xb4,0xee,0xb4,0xee,0xb5,0xee,0xb4,0xee,0xb5,0xee,0xb5,0xee,0x95,0xee,0xb4,0xee,0xb4,0xee,0x93,0xe6,0x93,0xe6,0x73,0xe6,0x74,0xe6,0x74,0xe6,0x73,0xe6,0x73,0xe6,
    0x93,0xe6,0x73,0xe6,0x73,0xe6,0x73,0xe6,0x73,0xe6,0x73,0xe6,0x73,0xe6,0x73,0xe6,0xd4,0xf6,0xe4,0x10,0x61,0x29,0xec,0xfe,0x8f,0xf6,0x71,0xe6,0x52,0xee,0x52,0xe6,
    0x52,0xe6,0x73,0xee,0x73,0xee,0xcd,0xa4,0xad,0x9c,0x25,0x32,0x25,0x32,0x6d,0x94,0x2b,0x94,0xf2,0xd5,0x53,0xde,0x74,0xe6,0x33,0xde,0x53,0xde,0x33,0xde,0x4f,0xcd,
    0x2e,0xd5,0x2a,0xbc,0x69,0x9b,0xc3,0x10,0xa6,0x29,0x87,0x6a,0xc7,0x7a,0x0d,0xd5,0x6c,0xa4,0x49,0x7b,0xa2,0x10,0xa1,0x10,0x96,0xde,0x55,0xd6,0x54,0xd6,0x54,0xd6,
    0x54,0xd6,0x54,0xd6,0x54,0xd6,0x54,0xd6,0x54,0xd6,0x54,0xd6,0x54,0xd6,0x54,0xd6,0x54,0xd6,0x54,0xde,0x54,0xde,0x54,0xde,0x54,0xde,0x54,0xde,0x54,0xde,0x92,0xee,
    0x92,0xee,0x10,0xce,0xe9,0x7b,0xa7,0x6b,0x86,0x6b,0x85,0x42,0x45,0x3a,0xa4,0x21,0x24,0x32,0xa7,0x73,0x86,0x6b,0xa7,0x6b,0x87,0x6b,0x87,0x63,0x87,0x6b,0x87,0x6b,
    0xa7,0x6b,0x45,0x94,0x26,0x8c,0x05,0x2a,0x03,0x32,0xe3,0x52,0xe2,0x10,0x23,0x19,0x07,0x53,0xa8,0x6b,0x72,0xff,0xc1,0x10,0xe3,0x18,0x44,0xa4,0x24,0x94,0xc5,0x29,
    0xc4,0x29,0x43,0x19,0x2a,0x7c,0xd0,0xe6,0x42,0x73,0x44,0x6b,0x44,0x63,0x46,0x63,0x66,0x5b,0xa5,0x73,0x03,0x94,0x10,0xf7,0x31,0xff,0x31,0xff,0x10,0xff,0x10,0xff,
    0xce,0xf6,0x63,0xac,0x86,0x6b,0xe6,0x4a,0xe6,0x4a,0xc6,0x42,0x07,0x53,0xe4,0x5a,0x63,0xac,0x2b,0xde,0x10,0xff,0x11,0xff,0xf1,0xfe,0xf1,0xfe,0xf1,0xfe,0xf1,0xfe,
    0xf1,0xfe,0xf1,0xfe,0xd1,0xfe,0xd1,0xfe,0xd1,0xfe,0xd1,0xfe,0xd1,0xfe,0xd1,0xfe,0x12,0xff,0x83,0x29,0xc3,0x08,0x28,0x6b,0x13,0xff,0x35,0xff,0x34,0xff,0x36,0xff,
    0x37,0xff,0x38,0xf7,0x38,0xff,0x38,0xff,0x38,0xff,0x38,0xff,0x38,0xff,0x38,0xff,0x38,0xff,0x38,0xff,0x38,0xff,0x38,0xff,0x38,0xff,0x38,0xf7,0x38,0xff,0x38,0xff,
    0x38,0xff,0x38,0xf7,0x38,0xff,0x17,0xf7,0xb5,0xee,0x32,0xe6,0x02,0x21,0xa2,0x08,0x07,0x4a,0x06,0x4a,0x11,0xfd,0x11,0xf5,0x11,0xfd,0xe5,0x61,0xc5,0x49,0xc6,0x41,
    0xe6,0x49,0x4a,0x83,0xd2,0xd5,0x12,0xe6,0x32,0xe6,0x33,0xe6,0x53,0xe6,0x53,0xe6,0x74,0xe6,0xd5,0xee,0xf7,0xf6,0x17,0xff,0x37,0xff,0xb6,0xe6,0xb7,0xe6,0x07,0x4a,
    0xe6,0x41,0xe6,0x49,0x26,0x6a,0xf0,0xf4,0xcf,0xf4,0xf0,0xf4,0xf0,0xf4,0x43,0x29,0xe3,0x10,0x91,0xf6,0x92,0xf6,0x92,0xee,0x92,0xee,0x92,0xee,0x92,0xee,0x72,0xee,
    0x72,0xe6,0x73,0xee,0x73,0xee,0x72,0xee,0x93,0xee,0x94,0xee,0x73,0xe6,0x93,0xe6,0x93,0xe6,0xd4,0xee,0x93,0xe6,0x93,0xe6,0x93,0xe6,0x93,0xe6,0x93,0xe6,0x93,0xe6,
    0x93,0xe6,0x73,0xe6,0x74,0xe6,0x73,0xe6,0x73,0xe6,0x73,0xe6,0x73,0xe6,0x73,0xe6,0x73,0xe6,0x73,0xe6,0x73,0xe6,0x73,0xe6,0x73,0xe6,0x93,0xe6,0xd4,0xf6,0x24,0x19,
    0x61,0x21,0xed,0xfe,0xae,0xf6,0x72,0xee,0x52,0xee,0x52,0xe6,0x52,0xe6,0x52,0xe6,0x32,0xe6,0x52,0xe6,0xf1,0xdd,0xe4,0x29,0xe4,0x29,0x75,0xde,0x33,0xde,0x33,0xde,
    0x33,0xde,0x33,0xde,0x33,0xde,0x33,0xde,0x54,0xe6,0x4f,0xcd,0x4e,0xd5,0x4b,0xbc,0xca,0xa3,0x04,0x11,0xe6,0x41,0xe7,0xbb,0x2a,0xac,0x0c,0xd5,0x49,0x73,0xc4,0x10,
    0x14,0xc6,0x13,0xce,0x14,0xd6,0x34,0xd6,0x54,0xd6,0x54,0xd6,0x54,0xd6,0x54,0xd6,0x54,0xd6,0x54,0xd6,0x54,0xd6,0x54,0xd6,0x54,0xd6,0x54,0xd6,0x54,0xd6,0x54,0xde,
    0x54,0xde,0x54,0xde,0x54,0xde,0x54,0xde,0x54,0xde,0x92,0xee,0x92,0xee,0xf0,0xcd,0xe8,0x7b,0x87,0x6b,0xa7,0x6b,0xc3,0x29,0xc4,0x29,0xc9,0x6b,0x86,0x6b,0x66,0x6b,
    0x86,0x6b,0x87,0x6b,0x86,0x6b,0xc6,0x7b,0x26,0x8c,0x26,0x8c,0x05,0x84,0xf0,0xfe,0x31,0xff,0x11,0xf7,0x11,0xc6,0x63,0x21,0x63,0x21,0x85,0x21,0x65,0x3a,0xe6,0x52,
    0x51,0xff,0xa1,0x08,0xa1,0x08,0xa5,0x7b,0xa5,0x7b,0x64,0x21,0xa3,0x29,0xa6,0x73,0x24,0x3a,0x02,0x11,0x02,0x11,0x22,0x19,0x22,0x19,0x01,0x19,0x66,0x5b,0x46,0x63,
    0xa6,0x6b,0x86,0xa4,0x64,0xa4,0xef,0xfe,0x10,0xff,0x30,0xff,0x30,0xff,0xef,0xfe,0xf0,0xf6,0xcf,0xee,0x25,0x94,0x45,0x94,0xc7,0x4a,0x83,0x42,0x04,0x84,0x2d,0xd6,
    0x10,0xff,0x11,0xff,0xf1,0xfe,0xf1,0xfe,0xf1,0xfe,0xf1,0xfe,0xf1,0xfe,0xd1,0xfe,0xf1,0xfe,0xd1,0xfe,0xd1,0xfe,0xd1,0xfe,0xf1,0xfe,0x12,0xff,0x40,0x08,0xa3,0x08,
    0x80,0x08,0x13,0xff,0x34,0xff,0x15,0xff,0x15,0xff,0x17,0xff,0x38,0xf7,0x38,0xf7,0x38,0xff,0x38,0xff,0x38,0xff,0x38,0xff,0x38,0xff,0x38,0xff,0x38,0xff,0x38,0xff,
    0x38,0xff,0x38,0xff,0x38,0xf7,0x38,0xff,0x38,0xff,0x38,0xff,0x38,0xff,0x38,0xf7,0x18,0xf7,0x38,0xff,0x95,0xee,0xf1,0xe5,0xe1,0x18,0xe6,0x49,0xa6,0x41,0x31,0xf5,
    0x10,0xf5,0x10,0xf5,0x10,0xf5,0xf0,0xec,0x4f,0xdc,0xa4,0x41,0xe4,0x51,0x54,0xe6,0x54,0xe6,0x33,0xde,0x33,0xe6,0x33,0xe6,0x54,0xe6,0x54,0xe6,0xf3,0xd5,0xae,0xac,
    0x4d,0xa4,0xf7,0xf6,0x18,0xff,0x37,0xff,0xb5,0xf6,0x74,0xee,0xcc,0x8b,0xa5,0x41,0x11,0xed,0xf0,0xfc,0x10,0xf5,0xf0,0xf4,0x10,0xf5,0x43,0x29,0xc2,0x10,0xb1,0xf6,
    0x92,0xf6,0x92,0xee,0x92,0xee,0x92,0xee,0x92,0xee,0x93,0xee,0x93,0xee,0x93,0xee,0x93,0xee,0x72,0xe6,0x31,0xde,0x07,0x7b,0x07,0x7b,0x07,0x7b,0xc6,0x72,0x48,0x83,
    0x93,0xe6,0x94,0xee,0x93,0xee,0x93,0xe6,0x93,0xe6,0x93,0xe6,0x93,0xe6,0x73,0xe6,0x73,0xe6,0x73,0xe6,0x73,0xe6,0x73,0xe6,0x73,0xe6,0x73,0xe6,0x73,0xe6,0x73,0xe6,
    0x73,0xe6,0x73,0xe6,0x73,0xe6,0x93,0xe6,0xd4,0xee,0x23,0x19,0xc0,0x10,0x69,0xfe,0x4d,0xfe,0x4e,0xee,0x52,0xee,0x52,0xe6,0x52,0xe6,0x52,0xe6,0x31,0xe6,0x32,0xe6,
    0x32,0xde,0x94,0xde,0x74,0xde,0x74,0xe6,0x33,0xde,0x53,0xde,0x33,0xde,0x33,0xde,0x33,0xde,0x53,0xde,0x33,0xde,0x0e,0xc5,0xed,0xcc,0x4b,0xbc,0x8a,0x9b,0xe4,0x10,
    0xe3,0x08,0xa2,0x10,0xc2,0x10,0xc3,0x10,0x06,0x3a,0x35,0xce,0x54,0xce,0x33,0xd6,0x75,0xde,0x34,0xd6,0x54,0xd6,0x34,0xd6,0x54,0xd6,0x54,0xd6,0x54,0xd6,0x54,0xd6,
    0x54,0xd6,0x54,0xd6,0x54,0xd6,0x54,0xd6,0x54,0xd6,0x54,0xde,0x54,0xde,0x54,0xde,0x54,0xde,0x54,0xde,0x54,0xde,0x92,0xee,0x92,0xee,0xf0,0xcd,0xe8,0x7b,0x87,0x6b,
    0x87,0x6b,0x62,0x21,0x62,0x21,0xa7,0x6b,0x86,0x6b,0x87,0x6b,0xa7,0x73,0x87,0x6b,0x86,0x6b,0xa5,0x83,0xc4,0x8b,0xe4,0x93,0x44,0x9c,0x11,0xff,0x10,0xff,0x11,0xff,
    0x8e,0xbd,0x01,0x11,0x22,0x19,0x64,0x21,0x44,0x3a,0xe5,0x52,0x50,0xff,0xa0,0x08,0xa2,0x10,0xe7,0x7b,0xa7,0x6b,0x03,0x11,0x02,0x19,0xa5,0x4a,0x25,0x3a,0x22,0x19,
    0x43,0x19,0x22,0x19,0x02,0x19,0xe0,0x10,0x67,0x63,0x46,0x5b,0x67,0x63,0x46,0x94,0x85,0x9c,0x0f,0xff,0x0f,0xff,0x31,0xff,0x31,0xff,0x10,0xff,0x10,0xff,0x10,0xff,
    0xe4,0x8b,0x04,0x94,0xc5,0x52,0x04,0x53,0x45,0x94,0x4d,0xde,0xf1,0xfe,0xf1,0xfe,0xf1,0xfe,0xf1,0xfe,0xf1,0xfe,0xd1,0xfe,0xd1,0xfe,0xd1,0xfe,0xd1,0xfe,0xd1,0xfe,
    0xf1,0xfe,0x11,0xff,0xf2,0xfe,0x12,0xff,0x60,0x08,0xd3,0xf6,0xb3,0xee,0x15,0xff,0x16,0xff,0x37,0xff,0x17,0xff,0x18,0xf7,0x38,0xff,0x38,0xff,0x38,0xff,0x38,0xff,
    0x38,0xff,0x38,0xf7,0x38,0xf7,0x38,0xf7,0x38,0xf7,0x38,0xff,0x38,0xff,0x38,0xf7,0x38,0xf7,0x38,0xf7,0x38,0xff,0x38,0xff,0x38,0xff,0x37,0xff,0x17,0xf7,0xf7,0xf6,
    0x74,0xee,0x4d,0xa4,0xc2,0x08,0xe6,0x41,0x85,0x39,0xf0,0xf4,0x11,0xf5,0x51,0xfd,0x72,0xfd,0x52,0xf5,0x0c,0xcc,0xc4,0x51,0xe4,0x51,0xf2,0xdd,0x33,0xde,0x33,0xde,
    0x33,0xde,0x33,0xde,0x13,0xde,0x75,0xe6,0xd0,0xb4,0x88,0x6a,0xa8,0x6a,0xb7,0xee,0xf8,0xf6,0xf7,0xf6,0xd6,0xf6,0x33,0xe6,0xec,0x93,0xed,0xbb,0xf1,0xf4,0x11,0xf5,
    0x10,0xf5,0x10,0xf5,0x10,0xf5,0x43,0x29,0xe3,0x10,0xb2,0xee,0xb2,0xf6,0x92,0xee,0x92,0xee,0x92,0xee,0x92,0xee,0x93,0xee,0x93,0xee,0x93,0xee,0x93,0xee,0x73,0xee,
    0x72,0xee,0xa3,0x51,0x62,0x41,0x82,0x51,0xc3,0x51,0xa3,0x51,0x73,0xe6,0x93,0xee,0x93,0xe6,0x93,0xe6,0x93,0xe6,0x93,0xe6,0x93,0xe6,0x93,0xe6,0x73,0xe6,0x73,0xe6,
    0x73,0xe6,0x73,0xe6,0x73,0xe6,0x93,0xe6,0x93,0xe6,0x73,0xe6,0x73,0xe6,0x73,0xe6,0x73,0xe6,0x73,0xe6,0xf5,0xf6,0xc2,0x08,0x20,0x00,0xca,0xfe,0x4b,0xfe,0xe9,0xfd,
    0x73,0xf6,0x52,0xee,0x52,0xe6,0x52,0xe6,0x52,0xe6,0x32,0xde,0x52,0xde,0x53,0xde,0x53,0xde,0x53,0xde,0x53,0xde,0x53,0xde,0x33,0xde,0x33,0xde,0x53,0xde,0x54,0xde,
    0x94,0xee,0x2a,0xbc,0x09,0xbc,0x0a,0xbc,0x08,0x83,0xe4,0x08,0xa2,0x08,0xa2,0x08,0xc2,0x08,0x61,0x08,0xc4,0x39,0x54,0xd6,0x34,0xd6,0x34,0xd6,0x34,0xd6,0x34,0xd6,
    0x54,0xd6,0x54,0xd6,0x54,0xd6,0x54,0xd6,0x54,0xd6,0x54,0xd6,0x54,0xd6,0x54,0xd6,0x54,0xd6,0x54,0xd6,0x54,0xd6,0x54,0xde,0x54,0xde,0x54,0xde,0x54,0xde,0x54,0xde,
    0x54,0xde,0x92,0xee,0x92,0xee,0xf0,0xcd,0x08,0x7c,0xe6,0x52,0x65,0x3a,0x67,0x63,0x45,0x63,0x45,0x63,0x87,0x6b,0x86,0x6b,0x86,0x6b,0x25,0x63,0xf0,0xfe,0x10,0xff,
    0x30,0xff,0x10,0xff,0x31,0xff,0x11,0xff,0x32,0xff,0x89,0x94,0x69,0x94,0x68,0x94,0x80,0x08,0x03,0x11,0xa5,0x4a,0x25,0x5b,0x30,0xf7,0xc1,0x10,0xe2,0x10,0xe6,0x52,
    0x06,0x53,0x03,0x19,0xe3,0x10,0xe3,0x10,0xc3,0x29,0xe6,0x4a,0xc6,0x4a,0xc6,0x4a,0xa6,0x4a,0xa7,0x4a,0x43,0x19,0x24,0x3a,0xa6,0x6b,0x86,0x63,0x67,0x63,0x84,0xa4,
    0x84,0xac,0x31,0xff,0x10,0xff,0xf0,0xfe,0xf0,0xfe,0xf0,0xfe,0xd0,0xf6,0xb0,0xf6,0xd2,0xee,0x63,0x42,0x04,0x84,0x2e,0xd6,0xf1,0xfe,0xf1,0xfe,0xf1,0xfe,0xf1,0xfe,
    0xf1,0xfe,0xd1,0xfe,0xd1,0xfe,0xd1,0xfe,0xd1,0xfe,0xf1,0xfe,0xd0,0xf6,0xf2,0xfe,0x13,0xf7,0x41,0x00,0x81,0x08,0x11,0xee,0xf5,0xf6,0x16,0xff,0x16,0xff,0x37,0xff,
    0x37,0xff,0x38,0xff,0x38,0xff,0x38,0xff,0x38,0xff,0x38,0xff,0x38,0xff,0x38,0xf7,0x38,0xf7,0x38,0xf7,0x38,0xf7,0x38,0xff,0x38,0xff,0x38,0xff,0x38,0xf7,0x38,0xf7,
    0x38,0xff,0x38,0xff,0x38,0xff,0x17,0xf7,0x17,0xf7,0x74,0xee,0x33,0xe6,0xce,0xac,0xc3,0x08,0xe7,0x49,0x64,0x39,0x10,0xfd,0xf0,0xf4,0xd0,0xdc,0x26,0x72,0x26,0x72,
    0x05,0x6a,0x13,0xde,0x13,0xde,0x54,0xe6,0x33,0xe6,0x33,0xde,0x13,0xde,0x33,0xe6,0x8d,0xac,0xc8,0x6a,0x47,0x5a,0x07,0x52,0x27,0x52,0x27,0x52,0x47,0x5a,0x17,0xf7,
    0xf7,0xf6,0xf6,0xf6,0xf6,0xf6,0xb4,0xe6,0xc2,0x20,0x25,0x29,0xf0,0xf4,0x10,0xf5,0x10,0xf5,0x43,0x29,0xe3,0x10,0xb2,0xee,0xb2,0xf6,0xb2,0xf6,0x92,0xee,0x92,0xee,
    0xb2,0xee,0xb3,0xee,0x93,0xee,0x93,0xee,0x93,0xee,0xb3,0xee,0x72,0xe6,0x72,0xe6,0x31,0xe6,0x24,0x62,0x04,0x5a,0x64,0x6a,0x73,0xe6,0x93,0xee,0x93,0xe6,0x93,0xe6,
    0x93,0xe6,0x93,0xe6,0x93,0xe6,0x93,0xe6,0x73,0xe6,0x73,0xe6,0x73,0xe6,0x73,0xe6,0x73,0xe6,0x93,0xe6,0x93,0xe6,0x73,0xe6,0x73,0xe6,0x73,0xe6,0x73,0xe6,0xb4,0xee,
    0x93,0xee,0x32,0xd6,0xf2,0xcd,0x82,0x00,0x62,0x00,0x82,0x08,0x2e,0xd5,0x0d,0xcd,0x32,0xe6,0x32,0xe6,0x32,0xe6,0x12,0xde,0x12,0xde,0x32,0xe6,0x12,0xe6,0x12,0xde,
    0x32,0xe6,0x12,0xde,0x32,0xde,0x33,0xe6,0x32,0xde,0x70,0xd5,0x6c,0xbc,0x0a,0xac,0xe1,0x10,0x82,0x00,0x81,0x08,0xa5,0x39,0xac,0x7b,0x74,0xde,0x54,0xd6,0x33,0xce,
    0x55,0xd6,0x34,0xd6,0x34,0xd6,0x34,0xd6,0x34,0xd6,0x34,0xd6,0x54,0xd6,0x54,0xd6,0x54,0xd6,0x54,0xd6,0x54,0xd6,0x54,0xd6,0x54,0xd6,0x54,0xd6,0x54,0xd6,0x54,0xd6,
    0x54,0xd6,0x54,0xde,0x54,0xde,0x54,0xde,0x54,0xde,0x54,0xde,0x54,0xde,0x92,0xee,0x92,0xee,0x10,0xd6,0xe8,0x7b,0xe6,0x52,0x45,0x3a,0x67,0x63,0x86,0x6b,0x66,0x63,
    0x86,0x6b,0x86,0x73,0xa6,0x73,0x65,0x6b,0xf0,0xfe,0x10,0xff,0x10,0xff,0xf0,0xfe,0x10,0xff,0xef,0xc5,0x92,0xd6,0xe8,0x73,0x87,0x6b,0xa8,0x6b,0x42,0x19,0x43,0x19,
    0x45,0x3a,0x26,0x5b,0xb0,0xe6,0xa1,0x10,0xc2,0x10,0xc6,0x4a,0x85,0x42,0xc2,0x10,0xc2,0x08,0xa3,0x31,0x02,0x3a,0xa5,0x4a,0xa6,0x4a,0xc6,0x4a,0xc6,0x4a,0xa6,0x42,
    0x83,0x21,0xa3,0x29,0x06,0x53,0xa7,0x6b,0x87,0x6b,0x23,0x9c,0xc3,0x8b,0x8d,0xee,0xcf,0xf6,0xf0,0xfe,0xf0,0xfe,0xf0,0xfe,0xf0,0xfe,0xf1,0xfe,0xf2,0xf6,0xa2,0x52,
    0x04,0x94,0x0e,0xde,0xf1,0xfe,0xf1,0xfe,0xf1,0xfe,0xf1,0xfe,0xf1,0xfe,0xf1,0xfe,0xf1,0xfe,0xf1,0xfe,0xd1,0xfe,0xf1,0xfe,0x50,0xde,0x49,0x6b,0xa3,0x00,0xc2,0x18,
    0x43,0x31,0x8f,0xd5,0xf5,0xf6,0x16,0xff,0x17,0xff,0x38,0xff,0x38,0xff,0x38,0xff,0x38,0xff,0x38,0xff,0x38,0xff,0x38,0xff,0x18,0xff,0x38,0xff,0x37,0xff,0x38,0xf7,
    0x38,0xf7,0x38,0xff,0x38,0xff,0x38,0xff,0x38,0xff,0x38,0xf7,0x38,0xff,0x38,0xff,0x38,0xff,0x17,0xff,0x17,0xf7,0xf1,0xe5,0x8f,0xdd,0xae,0xac,0xe3,0x10,0x07,0x52,
    0x84,0x39,0x31,0xfd,0x0e,0xc4,0x2d,0xbc,0x29,0x8b,0x69,0x8b,0x49,0x8b,0x13,0xde,0x33,0xde,0x33,0xde,0x33,0xde,0x33,0xde,0x33,0xde,0x75,0xe6,0x87,0x62,0x47,0x5a,
    0x27,0x52,0x07,0x4a,0x07,0x52,0x27,0x52,0x27,0x5a,0x8f,0xa4,0x0c,0x94,0xd6,0xee,0xf6,0xf6,0xd6,0xf6,0xc7,0x6a,0xe9,0x6a,0xac,0xab,0x8b,0xa3,0xaf,0xec,0x24,0x29,
    0xe5,0x39,0xb2,0xf6,0xb2,0xf6,0xb2,0xee,0xb2,0xf6,0x92,0xee,0xb3,0xf6,0x31,0xe6,0x93,0xee,0x93,0xee,0x73,0xee,0x52,0xe6,0x51,0xe6,0x72,0xee,0x0a,0x9c,0xa4,0x51,
    0x03,0x5a,0x93,0xee,0x73,0xe6,0x93,0xe6,0x93,0xe6,0x93,0xe6,0x93,0xe6,0x93,0xe6,0x94,0xe6,0x74,0xe6,0x73,0xe6,0x73,0xe6,0x73,0xe6,0xb5,0xee,0x73,0xe6,0x93,0xe6,
    0x73,0xe6,0x93,0xe6,0x73,0xe6,0x93,0xe6,0x73,0xe6,0x94,0xee,0x73,0xe6,0xb4,0xee,0x16,0xef,0xe2,0x18,0xe3,0x18,0xe6,0x08,0x6a,0xc4,0xc7,0xb3,0x4e,0xd5,0x4e,0xd5,
    0x4e,0xcd,0x4e,0xcd,0x6e,0xd5,0x4e,0xd5,0x4e,0xd5,0x4e,0xd5,0x6f,0xd5,0x6f,0xd5,0x6f,0xd5,0x6f,0xd5,0x4e,0xcd,0x8c,0xc4,0xc9,0xb3,0xca,0xb3,0x25,0x11,0x03,0x11,
    0x03,0x19,0x33,0xde,0x54,0xde,0x54,0xd6,0x34,0xd6,0x54,0xd6,0x55,0xd6,0x54,0xd6,0x54,0xd6,0x54,0xd6,0x54,0xd6,0x34,0xd6,0x54,0xd6,0x54,0xd6,0x55,0xde,0x55,0xd6,
    0x34,0xd6,0x54,0xd6,0x54,0xd6,0x54,0xd6,0x54,0xd6,0x54,0xd6,0x54,0xd6,0x54,0xde,0x54,0xde,0x54,0xde,0x54,0xde,0x54,0xde,0x54,0xde,0x92,0xee,0x92,0xee,0x10,0xd6,
    0x29,0x7c,0xe5,0x52,0x65,0x3a,0x67,0x6b,0x87,0x6b,0xa7,0x63,0x86,0x73,0xf0,0xfe,0x10,0xff,0x0f,0xff,0xf0,0xfe,0x10,0xff,0x10,0xff,0x10,0xf7,0xef,0xf6,0x45,0x3a,
    0x45,0x3a,0x45,0x3a,0x25,0x32,0xe5,0x29,0xe5,0x29,0xe5,0x29,0x04,0x11,0x43,0x19,0x05,0x53,0xc2,0x08,0xc2,0x08,0xa5,0x42,0xa5,0x4a,0xc3,0x10,0x81,0x08,0x74,0xff,
    0x0b,0xa5,0xa5,0x42,0xa6,0x4a,0xa6,0x4a,0xc6,0x4a,0xc6,0x4a,0xc6,0x4a,0x86,0x3a,0xa5,0x21,0x47,0x63,0x67,0x63,0xe5,0x83,0x05,0x8c,0x83,0xac,0xa5,0xb4,0xf0,0xfe,
    0x11,0xff,0xf0,0xfe,0xf0,0xfe,0x11,0xff,0x11,0xff,0xf0,0xfe,0x10,0xff,0xf0,0xfe,0xf1,0xfe,0xf1,0xfe,0xf1,0xfe,0xf1,0xfe,0xf1,0xfe,0xf1,0xfe,0xd1,0xfe,0xd1,0xfe,
    0xd0,0xf6,0x11,0xff,0xc3,0x08,0x82,0x08,0x23,0x29,0xca,0x93,0x32,0xee,0x8f,0xd5,0x17,0xff,0x37,0xf7,0x17,0xf7,0x38,0xff,0x38,0xff,0x38,0xff,0x38,0xff,0x38,0xff,
    0x38,0xff,0x38,0xff,0x38,0xff,0x38,0xff,0x37,0xff,0x37,0xff,0x38,0xf7,0x38,0xf7,0x38,0xff,0x38,0xff,0x38,0xff,0x38,0xff,0x38,0xff,0x38,0xff,0x38,0xff,0x37,0xff,
    0xf7,0xf6,0x32,0xee,0x8f,0xdd,0x2c,0xa4,0xc3,0x10,0x07,0x42,0x85,0x41,0x32,0xfd,0xe5,0x69,0x65,0x6a,0x12,0xde,0x54,0xe6,0x33,0xde,0x33,0xde,0x33,0xde,0x54,0xe6,
    0x13,0xde,0x54,0xe6,0x54,0xe6,0x95,0xe6,0x06,0x52,0x07,0x52,0x27,0x52,0x07,0x52,0x07,0x52,0x07,0x52,0x06,0x4a,0x07,0x52,0x06,0x5a,0xb5,0xee,0xf7,0xf6,0xd6,0xf6,
    0xb5,0xee,0x95,0xee,0xa5,0x39,0x23,0x31,0x0d,0xc4,0xc3,0x08,0x0c,0x9c,0xb2,0xf6,0xb2,0xf6,0x92,0xf6,0x92,0xf6,0x92,0xf6,0x92,0xee,0xb2,0xf6,0x72,0xee,0x72,0xee,
    0x72,0xee,0x52,0xe6,0x92,0xee,0xa6,0x72,0xe4,0x59,0xa9,0x8b,0x52,0xee,0x72,0xee,0x73,0xe6,0x73,0xe6,0x93,0xe6,0x73,0xe6,0x73,0xe6,0x93,0xe6,0x74,0xe6,0x73,0xe6,
    0x74,0xe6,0x94,0xe6,0x42,0x31,0x83,0x31,0xc6,0x39,0xe6,0x39,0xa5,0x31,0xa5,0x31,0xc5,0x31,0xa5,0x29,0xa5,0x29,0x85,0x29,0x65,0x29,0x85,0x29,0x85,0x29,0x04,0x11,
    0xe3,0x10,0x24,0x11,0xc2,0x18,0x61,0x00,0x82,0x08,0x82,0x08,0x82,0x00,0x81,0x00,0x82,0x00,0x82,0x08,0x82,0x00,0x81,0x00,0x82,0x00,0x82,0x00,0x82,0x00,0x82,0x00,
    0x82,0x00,0x82,0x00,0x82,0x00,0xe3,0x10,0xe3,0x10,0xe3,0x10,0x03,0x19,0x64,0x29,0x84,0x29,0x85,0x29,0xa5,0x29,0xa5,0x31,0xa5,0x29,0x85,0x29,0xa5,0x31,0xc6,0x31,
    0xe6,0x39,0xe6,0x31,0xe6,0x31,0xc5,0x31,0xc5,0x31,0x92,0xb5,0x34,0xd6,0x54,0xd6,0x54,0xd6,0x54,0xd6,0x54,0xd6,0x54,0xd6,0x54,0xd6,0x54,0xde,0x54,0xde,0x54,0xde,
    0x54,0xde,0x54,0xde,0x54,0xde,0x92,0xee,0x92,0xee,0xb1,0xee,0xb1,0xee,0x6b,0x8c,0xa6,0x42,0xe6,0x52,0xc4,0x4a,0xf1,0xf6,0x32,0xff,0x10,0xff,0x10,0xff,0xcf,0xfe,
    0x0f,0xff,0xf0,0xfe,0x10,0xff,0x84,0x42,0x44,0x3a,0x65,0x3a,0x65,0x3a,0x45,0x3a,0x86,0x42,0x85,0x42,0x48,0x5b,0x68,0x5b,0x44,0x19,0x23,0x19,0xe3,0x31,0xc3,0x10,
    0x03,0x11,0x65,0x3a,0x65,0x3a,0x23,0x11,0x01,0x19,0x11,0xf7,0x31,0xff,0x12,0xf7,0x63,0x4a,0xc6,0x4a,0xc6,0x4a,0xc6,0x4a,0xc6,0x4a,0xc6,0x4a,0x85,0x42,0xc3,0x29,
    0xe4,0x29,0x25,0x8c,0xe5,0x83,0x04,0x8c,0x26,0x94,0xf0,0xfe,0x10,0xff,0xf0,0xfe,0xf0,0xfe,0xf0,0xfe,0xf0,0xfe,0xf1,0xfe,0xf1,0xfe,0xf1,0xfe,0xf1,0xfe,0xf1,0xfe,
    0xf1,0xfe,0xf1,0xfe,0xf1,0xfe,0xf1,0xfe,0xd1,0xfe,0xf1,0xfe,0x60,0x00,0x40,0x00,0xe3,0x10,0x27,0x4a,0xaa,0x93,0x90,0xd5,0x90,0xd5,0x94,0xee,0x17,0xf7,0x38,0xff,
    0x37,0xff,0x37,0xff,0x38,0xff,0x38,0xff,0x38,0xff,0x38,0xff,0x38,0xff,0x38,0xff,0x38,0xff,0x38,0xff,0x38,0xff,0x37,0xff,0x38,0xff,0x38,0xff,0x38,0xf7,0x38,0xff,
    0x38,0xff,0x38,0xff,0x38,0xff,0x38,0xff,0x38,0xff,0x17,0xf7,0xf6,0xf6,0xd5,0xf6,0x4d,0x9c,0x61,0x08,0xe3,0x10,0xc6,0x41,0x27,0x52,0xc4,0x51,0x33,0xe6,0x54,0xe6,
    0x33,0xde,0x33,0xe6,0x33,0xde,0x33,0xde,0x33,0xde,0x53,0xe6,0xf2,0xd5,0x26,0x5a,0xe6,0x49,0xc6,0x49,0x07,0x52,0x07,0x52,0x07,0x52,0x07,0x52,0x07,0x52,0xe6,0x49,
    0x07,0x52,0xe6,0x51,0x07,0x52,0xe5,0x51,0x30,0xbd,0xb5,0xee,0xd6,0xee,0xb5,0xee,0xf6,0xf6,0xf7,0xf6,0x82,0x08,0xe4,0x10,0x8d,0xa4,0xb2,0xf6,0xb2,0xf6,0x92,0xee,
    0x92,0xee,0x92,0xee,0xe6,0x7a,0x82,0x49,0x62,0x49,0x41,0x41,0x41,0x41,0xb4,0xf6,0x92,0xee,0x83,0x51,0xe4,0x59,0x21,0x41,0x00,0x39,0x82,0x49,0x73,0xe6,0x73,0xe6,
    0x93,0xe6,0x93,0xe6,0x73,0xe6,0x93,0xe6,0x94,0xe6,0x73,0xe6,0x94,0xee,0x73,0xe6,0x20,0x00,0xe2,0x10,0xc2,0x10,0xa2,0x10,0xa2,0x08,0xc3,0x10,0xe3,0x10,0xe3,0x10,
    0xe3,0x10,0xe3,0x10,0xe3,0x10,0xe3,0x10,0xc3,0x10,0x04,0x11,0xc3,0x10,0xe3,0x10,0xe4,0x10,0x04,0x11,0x04,0x11,0x04,0x11,0x04,0x11,0xe3,0x10,0x04,0x11,0xe4,0x10,
    0x04,0x11,0xe3,0x10,0xe4,0x10,0xe4,0x10,0x04,0x11,0xe4,0x10,0xe3,0x10,0xe3,0x10,0xe3,0x10,0xe4,0x08,0x04,0x11,0xc3,0x08,0xc3,0x08,0xe3,0x10,0xc3,0x08,0xc3,0x08,
    0xc3,0x08,0xc3,0x08,0xc3,0x08,0xe3,0x08,0xe4,0x08,0x04,0x11,0xe4,0x10,0x04,0x11,0xe4,0x10,0x04,0x11,0xe3,0x08,0x93,0xb5,0x34,0xd6,0x55,0xd6,0x54,0xd6,0x54,0xd6,
    0x54,0xd6,0x54,0xd6,0x54,0xd6,0x54,0xde,0x54,0xde,0x54,0xde,0x54,0xde,0x54,0xde,0x54,0xde,0x92,0xe6,0x92,0xee,0xb1,0xf6,0xb1,0xfe,0x4a,0x8c,0x65,0x42,0x26,0x53,
    0x26,0x5b,0x11,0xff,0xf0,0xfe,0xf0,0xfe,0xf0,0xfe,0xf0,0xfe,0xf0,0xfe,0xf0,0xee,0x74,0xff,0xa7,0x4a,0x87,0x42,0x87,0x42,0x87,0x3a,0x66,0x3a,0x87,0x42,0x66,0x3a,
    0xc7,0x4a,0xc7,0x4a,0x44,0x19,0x64,0x21,0xe4,0x29,0xe3,0x10,0xe3,0x10,0x06,0x32,0xc5,0x29,0xc2,0x08,0x83,0x29,0xf3,0xe6,0xf3,0xe6,0xd3,0xe6,0x06,0x5b,0x06,0x53,
    0xa6,0x42,0x66,0x42,0xc6,0x4a,0xc6,0x4a,0xa6,0x4a,0xe4,0x29,0xe4,0x29,0x45,0x94,0x25,0x8c,0x05,0x8c,0x46,0x9c,0xf0,0xfe,0x10,0xff,0xf0,0xfe,0xf0,0xfe,0xf0,0xfe,
    0xf0,0xfe,0xf1,0xfe,0xf1,0xfe,0xf1,0xfe,0xf1,0xfe,0xf1,0xfe,0xf1,0xfe,0xf1,0xfe,0xf1,0xfe,0xaf,0xf6,0xf2,0xfe,0xd2,0xf6,0x81,0x08,0xc5,0x41,0xe8,0x6a,0x09,0x73,
    0xab,0x93,0x90,0xd5,0x91,0xd5,0xf6,0xf6,0x37,0xff,0x38,0xf7,0x38,0xf7,0x38,0xf7,0x38,0xf7,0x38,0xf7,0x38,0xff,0x38,0xff,0x38,0xff,0x38,0xff,0x38,0xff,0x4b,0xac,
    0x6b,0xbc,0x6b,0xbc,0x6b,0xbc,0xd1,0xdd,0x38,0xff,0x17,0xf7,0x38,0xff,0x38,0xff,0x38,0xff,0x38,0xf7,0xf7,0xf6,0xf6,0xf6,0x74,0xee,0x32,0xee,0x4d,0x9c,0xe6,0x49,
    0x87,0x5a,0x09,0x73,0x4a,0x83,0xeb,0x93,0x33,0xde,0x33,0xde,0x13,0xde,0x33,0xe6,0x33,0xe6,0x33,0xde,0x53,0xe6,0x4d,0xa4,0x0d,0x9c,0x26,0x5a,0x07,0x52,0x07,0x52,
    0x07,0x52,0x27,0x52,0x27,0x52,0x07,0x52,0x07,0x52,0x07,0x52,0x07,0x52,0x07,0x52,0x27,0x52,0x07,0x52,0x0c,0x9c,0xf2,0xdd,0xb6,0xee,0xd6,0xf6,0xd5,0xf6,0x17,0xf7,
    0x6a,0x7b,0xc5,0x31,0x64,0x31,0xf3,0xfe,0xd3,0xf6,0x92,0xf6,0x92,0xee,0x71,0xee,0xa8,0x93,0x81,0x49,0x03,0x5a,0x04,0x5a,0xe4,0x59,0xd4,0xf6,0x93,0xee,0x07,0x7b,
    0xc6,0x72,0xe6,0x72,0xc6,0x72,0xc6,0x72,0x93,0xe6,0x93,0xee,0x93,0xe6,0x93,0xe6,0x73,0xe6,0x73,0xe6,0x93,0xe6,0xb3,0xe6,0x6a,0x73,0x04,0x11,0xe6,0xbc,0xc4,0xb4,
    0xc5,0xc4,0xe5,0xcc,0x2a,0xfe,0x0b,0xfe,0x0a,0xdd,0x07,0x84,0x07,0x84,0x08,0x7c,0x28,0x84,0x28,0x84,0x28,0x84,0x08,0x84,0x08,0x7c,0x08,0x74,0x08,0x74,0x08,0x7c,
    0x08,0x7c,0x08,0x74,0x08,0x74,0xe8,0x73,0xe8,0x73,0xc8,0x6b,0xc8,0x6b,0xc8,0x6b,0xa8,0x6b,0xa8,0x6b,0xc8,0x6b,0xa8,0x6b,0xa8,0x6b,0xa8,0x6b,0xc8,0x6b,0xc8,0x6b,
    0xc8,0x73,0xa8,0x6b,0xc8,0x6b,0xa8,0x6b,0xc8,0x6b,0xa8,0x6b,0xc9,0x73,0xc8,0x6b,0xc8,0x83,0x4a,0xbc,0x4b,0xbc,0x4a,0xbc,0x4a,0xbc,0x4b,0xbc,0x07,0x4b,0xa6,0x3a,
    0x24,0x11,0xf3,0xc5,0x34,0xd6,0x54,0xd6,0x54,0xd6,0x55,0xd6,0x54,0xd6,0x54,0xd6,0x54,0xd6,0x54,0xde,0x54,0xde,0x54,0xde,0x54,0xde,0x54,0xde,0x54,0xde,0x73,0xe6,
    0x92,0xee,0xb1,0xf6,0xb1,0xfe,0x8b,0x94,0xa6,0x42,0xce,0xbd,0xf1,0xfe,0xcf,0xfe,0xf0,0xfe,0xf0,0xfe,0xf0,0xfe,0xf0,0xfe,0xf0,0xfe,0x09,0x84,0xc6,0x4a,0xc1,0x08,
    0xc3,0x10,0xe3,0x10,0x03,0x11,0xe4,0x10,0xe3,0x10,0x04,0x11,0xe3,0x10,0xc3,0x08,0x04,0x11,0xe3,0x10,0xe3,0x10,0x03,0x11,0x03,0x11,0xe3,0x10,0x04,0x11,0xe3,0x10,
    0x23,0x11,0xc2,0x08,0xe2,0x08,0xc2,0x08,0xc1,0x08,0xe2,0x10,0x03,0x11,0x02,0x19,0x64,0x42,0xc6,0x4a,0xc6,0x4a,0xa6,0x42,0xa6,0x42,0x25,0x8c,0x25,0x8c,0x05,0x8c,
    0x66,0x9c,0xf0,0xfe,0x10,0xff,0xf0,0xfe,0xf0,0xfe,0xf0,0xfe,0xf1,0xfe,0xf1,0xfe,0xf1,0xfe,0xf1,0xfe,0xf0,0xfe,0xf1,0xfe,0xf1,0xfe,0xf1,0xfe,0xd1,0xfe,0xb0,0xfe,
    0x51,0xde,0x61,0x00,0x62,0x00,0x84,0x39,0x6a,0x8b,0x2d,0xa4,0x2c,0xa4,0x70,0xcd,0x12,0xde,0x37,0xff,0x17,0xff,0x38,0xf7,0x38,0xf7,0x38,0xf7,0x38,0xf7,0x38,0xf7,
    0x38,0xff,0x38,0xff,0x38,0xff,0x38,0xff,0x38,0xff,0x38,0xff,0x78,0xff,0x37,0xff,0x12,0xe6,0x6c,0xbc,0x6b,0xb4,0xb5,0xee,0x38,0xff,0x38,0xff,0x38,0xff,0x38,0xff,
    0x33,0xde,0xd1,0xdd,0xd1,0xe5,0x90,0xd5,0x82,0x08,0x67,0x62,0xd1,0xd5,0x12,0xde,0xf2,0xd5,0x13,0xde,0x33,0xde,0x33,0xde,0x33,0xde,0x33,0xde,0x13,0xde,0x12,0xde,
    0x33,0xde,0x47,0x62,0x27,0x5a,0x06,0x52,0x07,0x4a,0x07,0x4a,0x07,0x52,0x07,0x52,0x07,0x52,0x07,0x52,0x07,0x52,0x07,0x52,0x07,0x52,0x07,0x52,0x27,0x52,0x07,0x52,
    0x8b,0x83,0xee,0xbc,0xb5,0xee,0xd6,0xf6,0xd5,0xf6,0xd5,0xf6,0x74,0xee,0x47,0x52,0xc4,0x10,0xf4,0xf6,0xb2,0xf6,0xb2,0xf6,0x92,0xee,0x71,0xee,0x92,0xf6,0x71,0xee,
    0x0e,0xc5,0x25,0x62,0x82,0x51,0xb4,0xf6,0xb3,0xee,0x93,0xe6,0x93,0xe6,0x93,0xe6,0x93,0xee,0x93,0xee,0x73,0xe6,0x93,0xe6,0x93,0xe6,0x93,0xe6,0x73,0xe6,0x52,0xde,
    0x53,0xe6,0xb5,0xee,0xab,0x7b,0x85,0x19,0x67,0xcd,0x06,0xc5,0xa6,0xac,0x85,0xbc,0x2c,0xfe,0xeb,0xfd,0x6b,0xed,0x08,0x84,0x08,0x7c,0x08,0x7c,0x07,0x7c,0x07,0x7c,
    0xe7,0x7b,0xe7,0x7b,0xe8,0x7b,0xe8,0x73,0xe8,0x73,0xc7,0x73,0xc7,0x73,0xe7,0x73,0xc7,0x73,0xa7,0x6b,0xa8,0x6b,0xa8,0x6b,0xa7,0x6b,0xa7,0x6b,0xa7,0x63,0xa8,0x6b,
    0xa7,0x63,0xa8,0x63,0x87,0x63,0x87,0x63,0x87,0x63,0x87,0x63,0xa7,0x63,0x87,0x6b,0xa7,0x63,0x87,0x6b,0xa8,0x6b,0xa8,0x6b,0xc8,0x6b,0xc8,0x73,0xa7,0x83,0x29,0xbc,
    0x4a,0xbc,0x4a,0xbc,0x4a,0xbc,0x4b,0xbc,0xc7,0x4a,0xc7,0x4a,0x4b,0x6b,0x14,0xce,0x55,0xd6,0x54,0xd6,0x54,0xd6,0x54,0xd6,0x54,0xd6,0x54,0xd6,0x54,0xd6,0x54,0xde,
    0x54,0xde,0x54,0xde,0x54,0xde,0x54,0xde,0x54,0xde,0x72,0xe6,0x92,0xee,0xb1,0xf6,0xb1,0xfe,0x0b,0xad,0x67,0x6b,0xee,0xcd,0xd0,0xfe,0xf0,0xfe,0xf0,0xfe,0xf0,0xfe,
    0xf0,0xfe,0xf0,0xfe,0xf0,0xfe,0xe2,0x39,0x02,0x11,0xab,0xcd,0xaa,0xcd,0x2d,0xd6,0x4f,0xd6,0x91,0xde,0x92,0xd6,0x92,0xde,0x92,0xde,0x92,0xde,0x92,0xde,0x91,0xde,
    0x92,0xde,0x92,0xde,0x92,0xde,0x72,0xde,0x92,0xde,0x92,0xde,0x72,0xde,0x72,0xd6,0x51,0xd6,0x50,0xd6,0x8c,0xcd,0x4b,0xd5,0xa8,0xab,0x2b,0xc4,0x02,0x11,0x25,0x32,
    0xc6,0x4a,0xc6,0x4a,0x85,0x42,0xe5,0x5a,0x04,0x5b,0xe4,0x8b,0x46,0x9c,0xf0,0xfe,0xf0,0xfe,0x10,0xff,0xf0,0xfe,0xf1,0xfe,0xf1,0xfe,0x11,0xff,0xf0,0xfe,0xf0,0xfe,
    0xf0,0xfe,0xf1,0xfe,0xd1,0xfe,0xd1,0xfe,0xf1,0xfe,0xe8,0x62,0xe4,0x10,0xc2,0x08,0x0d,0xa4,0x2d,0xa4,0x4d,0xa4,0x4d,0xa4,0x2d,0xa4,0x2c,0xac,0x37,0xff,0x58,0xff,
    0x17,0xf7,0x37,0xff,0x38,0xf7,0x38,0xff,0x38,0xff,0x38,0xff,0x38,0xff,0x38,0xff,0x38,0xff,0x38,0xff,0x38,0xff,0x38,0xff,0x38,0xff,0x38,0xff,0x58,0xff,0x16,0xff,
    0x4b,0xb4,0xb1,0xd5,0x78,0xff,0xf6,0xf6,0x73,0xee,0x17,0xf7,0x32,0xe6,0x11,0xe6,0x6e,0xd5,0xd1,0xd5,0xc2,0x18,0xb1,0xcd,0x33,0xe6,0x13,0xde,0x13,0xde,0x33,0xde,
    0x13,0xde,0x12,0xde,0x33,0xde,0x0f,0xbd,0x46,0x62,0x26,0x5a,0xf8,0xee,0xf8,0xee,0xf8,0xee,0xf8,0xee,0xf8,0xee,0x07,0x52,0x07,0x52,0x07,0x52,0x07,0x4a,0x07,0x4a,
    0x07,0x52,0x06,0x4a,0xe6,0x49,0x07,0x52,0x07,0x52,0x07,0x52,0x06,0x52,0x06,0x52,0xf8,0xee,0xf8,0xee,0xf8,0xee,0xf8,0xee,0xf8,0xee,0xf6,0xf6,0x66,0x52,0xa2,0x08,
    0xd2,0xf6,0xb2,0xf6,0x92,0xee,0x71,0xee,0x92,0xf6,0xc9,0x9b,0xe4,0x61,0xc2,0x59,0xb3,0xf6,0xb3,0xf6,0x72,0xe6,0x93,0xee,0x93,0xee,0x93,0xee,0x93,0xee,0x93,0xee,
    0x73,0xe6,0x73,0xe6,0x93,0xe6,0x93,0xe6,0x73,0xe6,0x73,0xe6,0xd4,0xee,0xa2,0x10,0x63,0x21,0xc6,0x4a,0x86,0x73,0xa5,0x73,0xa6,0xdc,0xa7,0xe4,0xac,0xe5,0x8c,0xe5,
    0xa6,0x4a,0xc7,0x4a,0xc7,0x4a,0xc7,0x4a,0xc7,0x4a,0xc7,0x4a,0xc6,0x4a,0xc7,0x4a,0xc7,0x4a,0xc7,0x4a,0xc7,0x4a,0xc7,0x4a,0xc7,0x4a,0xc7,0x4a,0xc7,0x4a,0xc7,0x4a,
    0xc7,0x4a,0xc7,0x4a,0xc7,0x4a,0xc7,0x4a,0xc7,0x4a,0xe7,0x4a,0xc7,0x4a,0xc7,0x4a,0xc7,0x42,0xc7,0x42,0xa7,0x42,0xa7,0x42,0xc7,0x42,0xc7,0x42,0xa7,0x42,0xa7,0x42,
    0xa7,0x42,0xa7,0x42,0xa6,0x42,0x25,0x32,0xe9,0x8b,0x4d,0xd5,0xd0,0xdd,0xb0,0xdd,0xed,0xcc,0xcd,0xc4,0x25,0x19,0xa9,0x4a,0x34,0xd6,0x34,0xd6,0x54,0xd6,0x54,0xd6,
    0x54,0xd6,0x54,0xd6,0x34,0xd6,0x54,0xd6,0x54,0xd6,0x54,0xde,0x54,0xde,0x54,0xde,0x54,0xde,0x54,0xde,0x54,0xde,0x72,0xe6,0x92,0xee,0xb2,0xf6,0xb1,0xfe,0xd0,0xfe,
    0xd0,0xfe,0xd0,0xfe,0xf0,0xfe,0xd0,0xfe,0xf0,0xfe,0xf0,0xfe,0xf0,0xfe,0xf0,0xfe,0xd0,0xfe,0x61,0x29,0xc3,0x08,0x8b,0xf6,0x6a,0xfe,0xee,0xfe,0xef,0xfe,0x13,0xff,
    0x32,0xff,0x32,0xff,0x12,0xff,0x32,0xff,0x12,0xff,0x11,0xff,0x12,0xff,0x11,0xff,0x11,0xff,0xf1,0xfe,0x12,0xff,0x12,0xff,0x12,0xff,0x12,0xff,0xf2,0xfe,0xd1,0xfe,
    0xca,0xfd,0xc9,0xf5,0x49,0xcc,0x8b,0xd4,0xc2,0x08,0x05,0x32,0xc6,0x4a,0xa6,0x4a,0xc6,0x4a,0xc5,0x42,0xa4,0x42,0xe4,0x8b,0x66,0x9c,0xf0,0xfe,0xf0,0xfe,0xf0,0xfe,
    0xf0,0xfe,0xf1,0xfe,0xf1,0xfe,0x11,0xff,0xf0,0xfe,0xf0,0xfe,0xd0,0xfe,0xd0,0xfe,0xf0,0xfe,0xd1,0xfe,0xd1,0xfe,0x32,0xff,0x80,0x08,0xa3,0x08,0x02,0x21,0x05,0x52,
    0x2d,0xa4,0x4d,0xac,0x4d,0xac,0x0c,0xa4,0x38,0xff,0x58,0xff,0x17,0xff,0x17,0xf7,0x38,0xf7,0x38,0xff,0x38,0xff,0x38,0xff,0x38,0xff,0x38,0xff,0x38,0xff,0x38,0xff,
    0x38,0xff,0x38,0xff,0x38,0xff,0x38,0xff,0x58,0xff,0x38,0xf7,0x17,0xf7,0x2a,0xb4,0x6b,0xb4,0xf6,0xfe,0x33,0xe6,0x94,0xee,0x32,0xe6,0xd0,0xe5,0x6f,0xdd,0x82,0x08,
    0xa2,0x10,0xcb,0x83,0x33,0xe6,0x33,0xde,0x33,0xde,0x13,0xde,0x13,0xde,0xf3,0xdd,0x92,0xcd,0x0a,0x7b,0x26,0x52,0xf8,0xee,0xe3,0x28,0xe3,0x28,0xe3,0x28,0xe3,0x28,
    0xe3,0x28,0xf8,0xee,0x07,0x52,0x07,0x52,0x06,0x4a,0xe6,0x49,0xc5,0x49,0xc6,0x49,0x47,0x52,0x07,0x52,0x07,0x52,0x27,0x52,0x07,0x52,0xf8,0xee,0xe3,0x28,0xe3,0x28,
    0xe3,0x28,0xe3,0x28,0xe3,0x28,0xf8,0xee,0xb4,0xf6,0x61,0x00,0xd2,0xf6,0xb1,0xf6,0xb2,0xee,0x92,0xee,0xaf,0xd5,0xe4,0x61,0xa2,0x59,0xf3,0xfe,0xf4,0xfe,0x72,0xe6,
    0x93,0xee,0x93,0xee,0x93,0xee,0x93,0xe6,0x93,0xe6,0x93,0xee,0x73,0xe6,0x73,0xe6,0x93,0xe6,0x93,0xe6,0x73,0xe6,0x93,0xe6,0xf5,0xee,0xa2,0x18,0x63,0x29,0xc6,0x4a,
    0xc7,0x7b,0xe6,0x83,0xa7,0xdc,0x87,0xdc,0x6b,0xe5,0x6c,0xe5,0x85,0x42,0xa6,0x42,0xc6,0x4a,0xc7,0x4a,0xc7,0x4a,0xc7,0x4a,0xc6,0x4a,0xc7,0x4a,0xc7,0x4a,0xc7,0x4a,
    0xc7,0x4a,0xc7,0x4a,0xc7,0x4a,0xc7,0x4a,0xc7,0x4a,0xc7,0x4a,0xc7,0x4a,0xc7,0x4a,0xc7,0x4a,0xc7,0x4a,0xc7,0x42,0xc7,0x42,0xc7,0x42,0xc7,0x42,0xc7,0x42,0xc7,0x42,
    0xa7,0x42,0xa7,0x42,0xa7,0x42,0xa7,0x42,0xa7,0x42,0xa7,0x42,0xa7,0x42,0xa7,0x42,0x86,0x3a,0x25,0x32,0x0a,0x94,0x6d,0xd5,0x11,0xe6,0x52,0xe6,0x11,0xde,0x12,0xe6,
    0xe4,0x10,0xa9,0x52,0x34,0xd6,0x34,0xd6,0x54,0xd6,0x54,0xd6,0x54,0xd6,0x34,0xd6,0x34,0xd6,0x54,0xd6,0x54,0xd6,0x54,0xde,0x54,0xde,0x54,0xde,0x54,0xde,0x54,0xde,
    0x54,0xde,0x72,0xe6,0x92,0xee,0xb1,0xf6,0xb1,0xfe,0xd0,0xfe,0xd0,0xfe,0xf1,0xfe,0xf0,0xfe,0xd0,0xfe,0xf0,0xfe,0xf0,0xfe,0xf0,0xfe,0xf0,0xfe,0xd0,0xfe,0x42,0x29,
    0xe3,0x10,0xac,0xfe,0x6b,0xfe,0x2a,0xf6,0xea,0xf5,0xed,0xed,0xee,0xed,0xcd,0xe5,0xcd,0xe5,0xcd,0xe5,0xcd,0xe5,0xcd,0xe5,0xce,0xe5,0xce,0xe5,0xae,0xe5,0xae,0xe5,
    0xce,0xe5,0xce,0xe5,0xce,0xe5,0xce,0xe5,0x8d,0xdd,0x8d,0xdd,0x8e,0xe5,0x8e,0xe5,0xca,0xbb,0x2b,0xc4,0xa2,0x08,0x05,0x3a,0xc6,0x4a,0xc6,0x4a,0xc6,0x4a,0xa6,0x42,
    0xa5,0x42,0x03,0x8c,0x66,0x9c,0xf0,0xfe,0xf1,0xfe,0xf0,0xfe,0xf0,0xfe,0xf1,0xfe,0xf1,0xfe,0x11,0xff,0xf0,0xfe,0xf0,0xfe,0xd0,0xfe,0xf0,0xfe,0xf0,0xfe,0xd1,0xfe,
    0xf1,0xfe,0x28,0x6b,0xa2,0x10,0xab,0x93,0x8a,0x8b,0x4d,0xac,0x2d,0xa4,0x4d,0xa4,0x2d,0xa4,0x0c,0xa4,0x17,0xff,0x12,0xe6,0x12,0xde,0x17,0xf7,0x38,0xf7,0x38,0xff,
    0x38,0xff,0x38,0xff,0x38,0xff,0x38,0xff,0x38,0xff,0x38,0xff,0x38,0xff,0x38,0xff,0x38,0xff,0x38,0xff,0x38,0xff,0x38,0xf7,0x58,0xff,0xf6,0xf6,0x16,0xf7,0x0a,0xac,
    0xf2,0xe5,0x11,0xe6,0x32,0xe6,0x2f,0xcd,0xce,0xbc,0x62,0x08,0x0f,0xb5,0x12,0xde,0xf2,0xdd,0x13,0xde,0x13,0xde,0x12,0xde,0xd2,0xd5,0x08,0x73,0x47,0x5a,0x06,0x52,
    0x06,0x4a,0xe3,0x28,0x27,0x52,0x27,0x52,0x07,0x4a,0x07,0x52,0x07,0x52,0xe3,0x28,0x07,0x52,0x07,0x52,0x27,0x52,0x67,0x5a,0x59,0xff,0x67,0x5a,0x27,0x52,0x07,0x4a,
    0x07,0x52,0x07,0x4a,0x07,0x4a,0xe3,0x28,0x06,0x4a,0x06,0x4a,0x06,0x52,0xe6,0x51,0xcb,0x93,0xe3,0x28,0xd5,0xf6,0x60,0x00,0xa2,0x08,0x27,0x73,0xb2,0xf6,0x92,0xee,
    0x27,0x83,0xe4,0x59,0xc4,0x51,0xa3,0x51,0xa3,0x51,0x15,0xff,0x72,0xe6,0x93,0xee,0x93,0xee,0x93,0xee,0x93,0xe6,0x93,0xe6,0x73,0xe6,0x93,0xe6,0x93,0xe6,0x93,0xe6,
    0x73,0xe6,0x73,0xe6,0xd4,0xee,0xc2,0x18,0x63,0x21,0xc6,0x4a,0xc6,0x7b,0x06,0x8c,0xa6,0xdc,0x87,0xdc,0x69,0xcc,0x8a,0xcc,0xe7,0x4a,0xc7,0x4a,0xc7,0x4a,0xc7,0x4a,
    0xc7,0x4a,0xc7,0x4a,0xc7,0x4a,0xc7,0x4a,0xc7,0x4a,0xc7,0x4a,0xc7,0x4a,0xc7,0x4a,0xc7,0x4a,0xc7,0x4a,0xe7,0x4a,0xe7,0x4a,0xc7,0x4a,0xc7,0x4a,0xc7,0x42,0xc7,0x4a,
    0xc7,0x42,0xe6,0x4a,0xc7,0x42,0xc7,0x42,0xc7,0x42,0xa7,0x42,0xa7,0x42,0xa7,0x42,0xc7,0x42,0xc7,0x42,0xa7,0x42,0xa7,0x42,0xa7,0x42,0xa6,0x42,0x86,0x3a,0x25,0x32,
    0x6b,0x94,0x50,0xee,0x15,0xff,0xf5,0xf6,0xf5,0xf6,0xd6,0xf6,0x04,0x11,0x89,0x52,0x34,0xd6,0x34,0xd6,0x54,0xd6,0x54,0xd6,0x54,0xd6,0x34,0xd6,0x34,0xd6,0x54,0xd6,
    0x54,0xd6,0x54,0xde,0x54,0xde,0x54,0xde,0x54,0xde,0x54,0xde,0x54,0xde,0x72,0xe6,0x92,0xee,0x92,0xf6,0xb1,0xf6,0xd0,0xfe,0xd0,0xfe,0xd0,0xfe,0xd0,0xfe,0xd0,0xfe,
    0xf0,0xfe,0xf0,0xfe,0xf0,0xfe,0xd0,0xfe,0xd0,0xf6,0x41,0x29,0xc3,0x10,0xac,0xfe,0x8c,0xfe,0xe9,0xfd,0xea,0xfd,0xce,0xed,0xce,0xed,0xcd,0xed,0xcd,0xed,0xad,0xed,
    0xce,0xed,0xad,0xe5,0xad,0xe5,0xae,0xe5,0xae,0xe5,0xae,0xe5,0xae,0xe5,0xae,0xe5,0xae,0xe5,0xae,0xe5,0xae,0xe5,0xae,0xe5,0x8e,0xe5,0x8e,0xe5,0xe9,0xc3,0x2b,0xbc,
    0x04,0x11,0xe4,0x31,0x84,0x4a,0xa6,0x42,0xc6,0x4a,0xc6,0x4a,0xa5,0x4a,0x46,0x94,0x87,0x9c,0xf0,0xfe,0x10,0xff,0xf0,0xfe,0xf0,0xfe,0xf0,0xfe,0xf0,0xfe,0xf0,0xfe,
    0xf0,0xfe,0xf0,0xfe,0xd0,0xfe,0xd0,0xfe,0xf0,0xfe,0x11,0xff,0x90,0xbd,0xe4,0x10,0x0d,0x9c,0x4d,0xac,0x4d,0xac,0x4d,0xac,0x4d,0xac,0x4d,0xa4,0x2c,0xa4,0xab,0x93,
    0x13,0xde,0xf0,0xe5,0xf1,0xdd,0x37,0xff,0x37,0xff,0x38,0xff,0x38,0xff,0x38,0xff,0x38,0xff,0x38,0xff,0x38,0xff,0x38,0xff,0x38,0xf7,0x38,0xff,0x38,0xff,0x38,0xff,
    0x38,0xff,0x38,0xff,0x38,0xff,0x38,0xff,0xd6,0xee,0xad,0xbc,0x2e,0xcd,0x12,0xe6,0xf1,0xe5,0x4b,0xb4,0xa3,0x08,0xd6,0xee,0x18,0xf7,0x34,0xde,0xf2,0xd5,0x13,0xde,
    0xf2,0xdd,0x91,0xcd,0xf0,0xbc,0xa8,0x6a,0x27,0x52,0x07,0x52,0x07,0x52,0x27,0x52,0x07,0x4a,0x28,0x52,0x28,0x52,0x28,0x52,0x27,0x4a,0x27,0x4a,0x07,0x52,0x07,0x52,
    0xe6,0x49,0x67,0x5a,0x59,0xff,0x38,0xf7,0x44,0x39,0x07,0x4a,0x07,0x52,0xe7,0x49,0x28,0x4a,0x27,0x4a,0x28,0x52,0x48,0x52,0x27,0x52,0x27,0x52,0xcc,0x93,0x74,0xee,
    0xb4,0xee,0xd4,0xf6,0x61,0x08,0xc1,0x18,0xb2,0xf6,0x92,0xf6,0xec,0xbc,0x0a,0xa4,0x0a,0x9c,0x4b,0xa4,0x2a,0xa4,0xb3,0xee,0x73,0xee,0x93,0xe6,0x93,0xe6,0x73,0xee,
    0x73,0xe6,0x93,0xe6,0x73,0xe6,0x73,0xe6,0x93,0xe6,0x73,0xe6,0x73,0xe6,0x93,0xe6,0xd4,0xf6,0xa2,0x18,0x63,0x29,0xe7,0x4a,0xe6,0x83,0x26,0x8c,0xa7,0xdc,0x87,0xdc,
    0x69,0xcc,0x8a,0xcc,0xc6,0x4a,0xc7,0x4a,0xc7,0x4a,0xe7,0x4a,0xe7,0x4a,0xe7,0x4a,0xe7,0x4a,0xe7,0x4a,0xe7,0x4a,0xe7,0x4a,0xe7,0x4a,0xc7,0x4a,0xc7,0x4a,0xc7,0x4a,
    0xe7,0x4a,0xe7,0x4a,0xc7,0x4a,0xe7,0x4a,0xc7,0x4a,0xc7,0x4a,0xc7,0x4a,0xc7,0x4a,0xe7,0x4a,0xc7,0x42,0xc7,0x42,0xc7,0x42,0xc7,0x42,0xa7,0x42,0xc7,0x42,0xc7,0x42,
    0xc7,0x42,0xc7,0x42,0xa7,0x42,0xa7,0x42,0x86,0x42,0x25,0x32,0x6b,0x94,0x31,0xee,0xf5,0xf6,0xd5,0xee,0x15,0xf7,0xd6,0xf6,0x04,0x11,0x68,0x4a,0x34,0xd6,0x55,0xd6,
    0x54,0xd6,0x54,0xd6,0x54,0xd6,0x34,0xd6,0x34,0xd6,0x54,0xd6,0x54,0xd6,0x54,0xde,0x54,0xde,0x54,0xde,0x54,0xde,0x54,0xde,0x54,0xde,0x72,0xe6,0x92,0xee,0x92,0xf6,
    0xb1,0xf6,0xd0,0xfe,0xd0,0xfe,0xd0,0xfe,0xd0,0xfe,0xd0,0xfe,0xd0,0xfe,0xf0,0xfe,0xf0,0xfe,0xd0,0xfe,0xd0,0xfe,0x41,0x29,0xc3,0x10,0xad,0xfe,0xac,0xfe,0xea,0xfd,
    0xea,0xfd,0xce,0xed,0xce,0xed,0xcd,0xed,0xcd,0xed,0xcd,0xed,0xcd,0xed,0xad,0xe5,0xae,0xe5,0xae,0xe5,0xae,0xe5,0xae,0xe5,0xae,0xe5,0xae,0xe5,0xae,0xe5,0xae,0xe5,
    0xaf,0xdd,0xae,0xdd,0xae,0xe5,0x8e,0xdd,0xe9,0xc3,0x2b,0xc4,0xc3,0x08,0x0d,0xa5,0x30,0xff,0x06,0x5b,0xe6,0x52,0xe6,0x4a,0xc6,0x4a,0xa5,0x3a,0x05,0x5b,0xf1,0xfe,
    0x11,0xff,0xf1,0xfe,0xf0,0xfe,0xf0,0xfe,0xf0,0xfe,0xf0,0xfe,0xf0,0xfe,0xf0,0xfe,0xd0,0xfe,0xf0,0xfe,0xf1,0xfe,0x53,0xff,0xc3,0x08,0xc2,0x18,0xe6,0x41,0x6d,0xac,
    0x4d,0xac,0x4d,0xac,0x4d,0xac,0x4d,0xac,0x4d,0xac,0x08,0x83,0x62,0x00,0xd0,0xe5,0x11,0xee,0x11,0xe6,0xd5,0xf6,0x38,0xff,0x38,0xff,0x38,0xff,0x38,0xf7,0x38,0xff,
    0x38,0xff,0x38,0xff,0x38,0xff,0x38,0xff,0x38,0xff,0x38,0xff,0x38,0xff,0x38,0xff,0x38,0xff,0x38,0xff,0x17,0xf7,0x17,0xff,0x2b,0xb4,0xb0,0xdd,0x8f,0xdd,0xac,0xc4,
    0xa2,0x10,0xc3,0x10,0x83,0x08,0x10,0xad,0x18,0xf7,0x18,0xf7,0x0f,0xbd,0xef,0xbc,0x47,0x5a,0x06,0x52,0x27,0x52,0x27,0x52,0x27,0x52,0xe3,0x08,0xe3,0x08,0xc3,0x08,
    0xc3,0x08,0xc3,0x08,0xc3,0x08,0xe3,0x18,0x07,0x52,0x27,0x52,0x88,0x62,0x39,0xf7,0x59,0xff,0x58,0xff,0xb0,0xa4,0xc6,0x49,0x07,0x42,0xc3,0x08,0xc3,0x08,0xc3,0x08,
    0xc3,0x08,0xc3,0x08,0x07,0x4a,0x07,0x52,0x47,0x5a,0x6d,0xa4,0xb4,0xf6,0x16,0xff,0x26,0x4a,0xa2,0x08,0x33,0xde,0x91,0xee,0x92,0xee,0x92,0xee,0x72,0xee,0x93,0xee,
    0x93,0xee,0x92,0xee,0x73,0xe6,0x93,0xe6,0x93,0xe6,0x93,0xe6,0x73,0xe6,0x93,0xe6,0x73,0xe6,0x73,0xe6,0x73,0xe6,0x73,0xe6,0x93,0xe6,0x93,0xe6,0xd4,0xf6,0xa2,0x18,
    0x63,0x29,0xe6,0x4a,0x06,0x84,0x05,0x8c,0xa7,0xdc,0x87,0xdc,0x69,0xcc,0x6a,0xcc,0xc7,0x4a,0xc7,0x4a,0xc7,0x4a,0xe7,0x4a,0xe7,0x4a,0xe7,0x4a,0xe7,0x4a,0xe7,0x4a,
    0xe7,0x4a,0xe7,0x4a,0xe7,0x4a,0xe7,0x4a,0xc7,0x4a,0xe7,0x4a,0xe7,0x4a,0xe7,0x4a,0xc7,0x4a,0xe7,0x4a,0xe7,0x4a,0xc7,0x4a,0xc7,0x4a,0xc7,0x4a,0xe7,0x4a,0xc7,0x4a,
    0xc7,0x42,0xc7,0x42,0xc7,0x42,0xc7,0x42,0xc7,0x42,0xc7,0x42,0xc7,0x42,0xc7,0x42,0xc7,0x42,0xa7,0x42,0x86,0x42,0xc4,0x29,0xca,0x7b,0xf1,0xdd,0x15,0xff,0x16,0xf7,
    0x8f,0xd5,0xb0,0xd5,0x04,0x19,0x68,0x42,0x54,0xd6,0x55,0xd6,0x54,0xd6,0x54,0xd6,0x54,0xd6,0x34,0xd6,0x34,0xd6,0x54,0xd6,0x54,0xd6,0x54,0xde,0x54,0xde,0x54,0xde,
    0x54,0xde,0x54,0xde,0x54,0xde,0x72,0xe6,0x92,0xee,0x92,0xf6,0xb1,0xf6,0xd1,0xfe,0xd0,0xfe,0xd0,0xfe,0xd1,0xfe,0xd1,0xfe,0xd0,0xfe,0xd1,0xfe,0xd0,0xfe,0xf0,0xfe,
    0xd0,0xfe,0x41,0x29,0xe3,0x10,0xcd,0xfe,0xac,0xfe,0xca,0xfd,0xea,0xf5,0xce,0xed,0xce,0xed,0xcd,0xed,0xce,0xed,0xcc,0xed,0xcd,0xed,0xce,0xed,0xae,0xe5,0xae,0xe5,
    0xae,0xe5,0x8e,0xe5,0xef,0xe5,0xef,0xe5,0x0f,0xe6,0x8d,0xe5,0xaf,0xdd,0xae,0xdd,0x8e,0xe5,0x8e,0xe5,0xe9,0xc3,0x2b,0xbc,0xe3,0x10,0xab,0x9c,0xf0,0xfe,0x45,0x6b,
    0x67,0x6b,0xc5,0x4a,0xa6,0x42,0xa4,0x4a,0x05,0x63,0xf1,0xfe,0xf1,0xfe,0xf1,0xfe,0xf1,0xfe,0xf1,0xfe,0xf1,0xfe,0xf1,0xfe,0xf1,0xfe,0xf1,0xfe,0xd1,0xfe,0xd1,0xfe,
    0xf1,0xfe,0x32,0xff,0xc4,0x10,0x0a,0x73,0x4d,0xac,0x4d,0xac,0x4d,0xac,0x4d,0xac,0x4d,0xac,0x4d,0xa4,0x4d,0xac,0xe8,0x7a,0x68,0x52,0xc3,0x41,0x8f,0xdd,0xf1,0xe5,
    0x32,0xee,0xd5,0xee,0x37,0xff,0x37,0xff,0xf6,0xf6,0x37,0xff,0x16,0xff,0x37,0xff,0x58,0xff,0xf6,0xf6,0x37,0xf7,0x17,0xf7,0x17,0xf7,0x38,0xff,0xf7,0xf6,0x17,0xf7,
    0x38,0xf7,0xf7,0xf6,0x2b,0xac,0x12,0xe6,0xed,0xc4,0x6b,0xb4,0x44,0x31,0x03,0x11,0xf7,0xee,0x38,0xff,0x38,0xff,0x38,0xf7,0x95,0xe6,0x75,0xe6,0x47,0x5a,0x47,0x5a,
    0x27,0x5a,0x27,0x52,0x07,0x52,0xe7,0x49,0xc6,0x39,0xc6,0x39,0xa6,0x39,0xc6,0x39,0xa6,0x39,0xc6,0x39,0x27,0x52,0xa5,0x41,0xb7,0xe6,0x38,0xf7,0x18,0xf7,0x59,0xf7,
    0x38,0xf7,0xc6,0x49,0x06,0x4a,0xc6,0x39,0xc6,0x39,0xe6,0x39,0xe7,0x41,0xe7,0x41,0x27,0x52,0x47,0x5a,0x67,0x5a,0x8d,0xac,0xb4,0xee,0x49,0x6b,0x49,0x6b,0x67,0x4a,
    0x80,0x08,0xd3,0xfe,0x92,0xee,0x92,0xee,0x93,0xee,0x93,0xee,0x93,0xee,0x93,0xee,0x93,0xe6,0x93,0xe6,0x93,0xe6,0x93,0xe6,0x73,0xe6,0x73,0xe6,0x73,0xe6,0x73,0xe6,
    0x73,0xe6,0x93,0xe6,0x94,0xee,0xd4,0xee,0xd4,0xf6,0xc2,0x18,0x22,0x19,0x84,0x3a,0x85,0x42,0xa4,0x42,0x45,0xa3,0x25,0xa3,0x6a,0xcc,0x8a,0xd4,0x24,0x3a,0x66,0x3a,
    0x86,0x3a,0x66,0x3a,0x66,0x3a,0x66,0x3a,0x66,0x3a,0x66,0x3a,0x66,0x3a,0x66,0x3a,0x66,0x3a,0x66,0x3a,0x66,0x3a,0x66,0x3a,0x66,0x3a,0x66,0x3a,0x66,0x3a,0x66,0x3a,
    0x66,0x3a,0x66,0x3a,0x46,0x3a,0x46,0x3a,0x66,0x3a,0x66,0x3a,0x66,0x3a,0x66,0x3a,0x66,0x3a,0x66,0x3a,0x66,0x3a,0x66,0x3a,0x66,0x3a,0x66,0x3a,0x66,0x3a,0x66,0x3a,
    0x45,0x32,0x06,0x32,0x69,0x7b,0x4b,0xc4,0xed,0xcc,0x2e,0xcd,0x4d,0xcd,0x8f,0xd5,0x67,0x3a,0x26,0x32,0x26,0x32,0xf4,0xc5,0x75,0xd6,0x34,0xce,0x75,0xd6,0x34,0xd6,
    0x34,0xd6,0x54,0xd6,0x54,0xd6,0x54,0xde,0x54,0xde,0x54,0xde,0x54,0xde,0x54,0xde,0x54,0xde,0x73,0xe6,0x92,0xee,0x92,0xf6,0xb1,0xf6,0xb1,0xfe,0xd0,0xfe,0xd1,0xfe,
    0xd1,0xfe,0xd1,0xfe,0xd1,0xfe,0xd1,0xfe,0xd0,0xfe,0xf0,0xfe,0xd1,0xfe,0x61,0x29,0xe3,0x10,0xad,0xfe,0xac,0xfe,0xca,0xfd,0xca,0xf5,0xce,0xe5,0xae,0xe5,0xae,0xe5,
    0xad,0xb4,0x81,0x08,0xe7,0x72,0xae,0xe5,0xae,0xe5,0xae,0xe5,0xae,0xe5,0xae,0xdd,0xd1,0xe5,0xe3,0x08,0xa3,0x39,0x8d,0xe5,0xcf,0xe5,0xae,0xdd,0x8e,0xdd,0x8e,0xdd,
    0xe9,0xc3,0x2b,0xbc,0xe3,0x10,0xab,0xa4,0x10,0xff,0xd0,0xfe,0xaf,0xf6,0x07,0x5b,0xe6,0x52,0x11,0xff,0xf0,0xfe,0xf1,0xfe,0xf1,0xfe,0xf1,0xfe,0xf1,0xfe,0xf1,0xfe,
    0xf1,0xfe,0xf1,0xfe,0xf1,0xfe,0xd1,0xfe,0xf1,0xfe,0xf1,0xfe,0xd1,0xfe,0x12,0xf7,0x82,0x00,0xe9,0x6a,0x6d,0xac,0x4d,0xa4,0x4d,0xac,0x4d,0xac,0x4d,0xac,0x4d,0xa4,
    0x4d,0xac,0xcb,0x9b,0x6b,0x8b,0xe4,0x10,0x01,0x29,0xf1,0xe5,0xf1,0xe5,0x11,0xe6,0x11,0xee,0x32,0xee,0xf1,0xdd,0x30,0xbd,0xe3,0x18,0xc2,0x10,0xa1,0x10,0xc1,0x10,
    0x12,0xde,0xac,0x73,0xe6,0x39,0xc2,0x10,0xa1,0x10,0xa1,0x10,0x0f,0xc5,0xf2,0xe5,0xa9,0xa3,0x2e,0xcd,0xcc,0xc4,0x05,0x5a,0xe2,0x08,0x55,0xd6,0x17,0xf7,0x37,0xf7,
    0x37,0xff,0x38,0xf7,0x38,0xff,0x58,0xff,0x47,0x5a,0x27,0x5a,0x47,0x5a,0x27,0x52,0x07,0x52,0x27,0x52,0x06,0x52,0x27,0x52,0x07,0x52,0x27,0x52,0x27,0x52,0x07,0x52,
    0x07,0x4a,0x7b,0xff,0x7a,0xff,0x2e,0xdc,0x4d,0xe4,0x6e,0xdc,0x38,0xff,0x3a,0xf7,0xe6,0x49,0xe6,0x51,0x06,0x52,0x06,0x52,0x07,0x52,0x27,0x52,0x26,0x5a,0x47,0x5a,
    0x68,0x62,0x8c,0xac,0xd5,0xf6,0x2e,0x8c,0xc3,0x08,0x74,0xe6,0xd4,0xee,0xb2,0xf6,0x92,0xee,0x92,0xee,0x93,0xee,0x93,0xee,0x93,0xee,0x93,0xee,0x93,0xe6,0x93,0xe6,
    0x93,0xe6,0x93,0xe6,0x93,0xe6,0x73,0xe6,0x73,0xe6,0x73,0xe6,0x73,0xe6,0x92,0xe6,0x72,0xee,0x73,0xe6,0x93,0xee,0xe2,0x18,0x22,0x19,0x05,0x2a,0x45,0x32,0x86,0x32,
    0x66,0xab,0x05,0xa3,0xe7,0xc3,0xa6,0xc3,0x46,0x32,0x46,0x3a,0x45,0x32,0x45,0x32,0x45,0x32,0x45,0x32,0x25,0x32,0x25,0x32,0x25,0x32,0x45,0x32,0x45,0x3a,0x45,0x32,
    0x45,0x32,0x25,0x32,0x45,0x32,0x45,0x32,0x45,0x32,0x45,0x32,0x45,0x32,0x45,0x32,0x25,0x32,0x05,0x32,0x45,0x32,0x45,0x32,0x46,0x32,0x45,0x32,0x46,0x32,0x45,0x32,
    0x45,0x32,0x46,0x32,0x25,0x32,0x25,0x32,0x25,0x32,0x25,0x32,0x05,0x32,0xe5,0x31,0xe7,0x62,0x09,0xb4,0xab,0xc4,0xac,0xc4,0xed,0xcc,0x4e,0xcd,0xa7,0x3a,0x05,0x2a,
    0xc4,0x08,0xf4,0xc5,0x55,0xd6,0x75,0xd6,0x55,0xd6,0x34,0xd6,0x34,0xd6,0x54,0xd6,0x54,0xd6,0x54,0xde,0x54,0xde,0x54,0xde,0x54,0xde,0x54,0xde,0x54,0xde,0x73,0xe6,
    0x92,0xee,0x91,0xee,0xb1,0xf6,0xb1,0xfe,0xd0,0xfe,0xd0,0xfe,0xd0,0xfe,0xd1,0xfe,0xd1,0xfe,0xd1,0xfe,0xd1,0xfe,0xf0,0xfe,0xd0,0xfe,0x42,0x29,0xe3,0x10,0xac,0xfe,
    0xac,0xfe,0xcb,0xfd,0xeb,0xf5,0xce,0xed,0xce,0xe5,0xae,0xe5,0xce,0xb4,0xe3,0x08,0xc7,0x6a,0x6d,0xdd,0xae,0xe5,0xf0,0xe5,0xcf,0xe5,0x8e,0xe5,0xf1,0xe5,0xe3,0x08,
    0x87,0x5a,0xae,0xe5,0xaf,0xdd,0xaf,0xdd,0x8e,0xdd,0x8e,0xdd,0x09,0xc4,0x2b,0xbc,0xc3,0x08,0xcc,0xac,0x10,0xff,0x11,0xff,0x11,0xff,0xef,0xcd,0xce,0xc5,0xf0,0xfe,
    0xf1,0xfe,0xf1,0xfe,0xf1,0xfe,0xd0,0xfe,0xd0,0xfe,0xf0,0xfe,0xd0,0xfe,0xd0,0xfe,0xf1,0xfe,0xd1,0xfe,0xf1,0xfe,0xf1,0xfe,0xf2,0xf6,0xa2,0x08,0x07,0x4a,0xec,0x9b,
    0xcb,0x9b,0xeb,0x9b,0x4d,0xac,0x4d,0xa4,0x4d,0xac,0x4d,0xac,0x4d,0xac,0x4d,0xac,0x2d,0xa4,0x4f,0xa4,0xa2,0x10,0x60,0x08,0x60,0x08,0x60,0x08,0x90,0xd5,0x6e,0xd5,
    0x90,0xd5,0xc2,0x08,0x65,0x29,0xcc,0x93,0x2d,0x9c,0xc3,0x08,0x61,0x08,0x82,0x00,0xa2,0x08,0xa5,0x31,0x68,0x52,0xa2,0x08,0xc2,0x18,0x81,0x10,0xa1,0x18,0xa1,0x10,
    0x0f,0xcd,0x43,0x31,0x82,0x08,0x61,0x00,0x61,0x00,0xa4,0x39,0x17,0xf7,0x17,0xf7,0x17,0xf7,0x37,0xff,0x38,0xf7,0x11,0xbd,0x88,0x62,0x26,0x52,0x27,0x52,0x06,0x52,
    0x06,0x5a,0x06,0x52,0x06,0x52,0xc6,0x49,0xe6,0x49,0x06,0x52,0xdc,0xff,0x59,0xff,0x7a,0xff,0x7a,0xff,0xf0,0xec,0x59,0xff,0x38,0xf7,0x99,0xff,0x9b,0xff,0xe6,0x49,
    0x06,0x52,0xe6,0x51,0xe6,0x49,0x06,0x52,0x27,0x52,0x25,0x5a,0x54,0xe6,0x17,0xff,0x37,0xff,0x16,0xf7,0xa8,0x52,0x60,0x08,0xd2,0xf6,0xb2,0xf6,0x92,0xee,0x92,0xee,
    0x93,0xee,0x93,0xee,0x93,0xee,0x93,0xee,0x93,0xee,0x93,0xe6,0x93,0xee,0x93,0xee,0x93,0xe6,0x93,0xe6,0x73,0xe6,0x53,0xe6,0x52,0xde,0x20,0x08,0xa1,0x10,0xa1,0x08,
    0xc2,0x08,0xa2,0x10,0xc2,0x10,0x23,0x11,0x03,0x11,0xe2,0x10,0xe2,0x08,0xe2,0x08,0xc2,0x10,0xc2,0x08,0xe3,0x10,0x03,0x11,0x23,0x11,0x23,0x11,0x23,0x11,0x23,0x11,
    0x03,0x11,0x24,0x11,0x04,0x11,0x03,0x11,0x23,0x11,0x04,0x11,0x04,0x11,0x04,0x11,0x23,0x11,0x04,0x11,0x23,0x11,0x24,0x11,0x03,0x11,0x04,0x11,0x24,0x11,0x24,0x11,
    0x24,0x11,0x04,0x11,0x04,0x11,0x04,0x11,0x24,0x11,0x24,0x11,0x04,0x11,0x04,0x11,0x04,0x11,0x03,0x11,0x04,0x11,0xe4,0x10,0x03,0x11,0x03,0x11,0x04,0x11,0x24,0x11,
    0x04,0x11,0xe3,0x08,0xc3,0x08,0xe3,0x08,0x04,0x09,0x04,0x11,0x04,0x11,0x03,0x11,0x23,0x19,0x95,0xde,0x54,0xd6,0x34,0xd6,0x54,0xd6,0x54,0xd6,0x54,0xd6,0x54,0xde,
    0x54,0xde,0x54,0xde,0x54,0xde,0x54,0xde,0x54,0xde,0x73,0xe6,0x92,0xee,0x92,0xee,0xb2,0xf6,0xb1,0xfe,0xb0,0xfe,0xb0,0xfe,0xd1,0xfe,0xd1,0xfe,0xd1,0xfe,0xd1,0xfe,
    0xd0,0xfe,0xd0,0xfe,0xd0,0xfe,0x62,0x29,0xe3,0x10,0xac,0xfe,0x8c,0xfe,0xcb,0xfd,0xcb,0xf5,0xee,0xe5,0xce,0xe5,0xae,0xe5,0xef,0xe5,0x8e,0xdd,0x8e,0xe5,0xef,0xe5,
    0x11,0xee,0xe4,0x10,0xac,0xa4,0x8d,0xdd,0xf0,0xe5,0x10,0xe6,0xcf,0xdd,0xae,0xe5,0xaf,0xdd,0xaf,0xdd,0x6e,0xdd,0x8e,0xdd,0x09,0xc4,0x2b,0xc4,0xc3,0x08,0xcc,0xac,
    0xf0,0xfe,0x11,0xff,0x31,0xff,0x11,0xff,0xf1,0xfe,0xf1,0xfe,0xf1,0xfe,0xf1,0xfe,0xf0,0xfe,0xd1,0xfe,0xd1,0xfe,0xf1,0xfe,0xf0,0xfe,0xf0,0xfe,0xf1,0xfe,0x11,0xff,
    0xd1,0xfe,0xd0,0xf6,0xd2,0xf6,0xa2,0x10,0xa9,0x93,0x87,0x6a,0xc9,0x72,0x0d,0xa4,0x4d,0xac,0x4d,0xac,0x4d,0xac,0x4d,0xac,0x4d,0xac,0x4d,0xac,0x4d,0xac,0x4d,0xac,
    0x2d,0xa4,0x65,0x29,0xc2,0x08,0xa2,0x08,0xa1,0x10,0xa1,0x10,0x61,0x08,0x09,0x73,0x4c,0xac,0x2c,0xac,0x60,0x10,0xa2,0x08,0x61,0x00,0x67,0x5a,0x0c,0xa4,0x4a,0x83,
    0x88,0x6a,0xc2,0x08,0xc3,0x08,0xc3,0x08,0xe3,0x08,0xe2,0x08,0xa2,0x08,0x2c,0xb4,0x82,0x10,0xc2,0x08,0x43,0x29,0xd6,0xee,0x17,0xff,0x17,0xf7,0xd6,0xf6,0x38,0xff,
    0x38,0xff,0x30,0xbd,0x67,0x62,0x47,0x5a,0x27,0x5a,0x06,0x52,0x07,0x52,0xe6,0x49,0xc6,0x49,0xf5,0xcd,0x59,0xff,0x58,0xf7,0x41,0x08,0x5a,0xef,0x38,0xff,0x15,0xc6,
    0x82,0x08,0x7a,0xf7,0x79,0xff,0x41,0x00,0x9a,0xff,0x79,0xff,0x8f,0xa4,0xc6,0x49,0xe6,0x49,0xe6,0x51,0x07,0x52,0x05,0x5a,0x12,0xde,0xb4,0xee,0xb4,0xf6,0xf6,0xf6,
    0x58,0xf7,0x41,0x00,0x20,0x00,0xd2,0xf6,0x92,0xee,0x92,0xee,0x93,0xee,0x93,0xee,0x93,0xee,0x93,0xee,0x93,0xee,0x93,0xee,0x93,0xe6,0x93,0xee,0x93,0xe6,0x93,0xee,
    0x73,0xe6,0xd5,0xee,0xd5,0xee,0x40,0x10,0xc2,0x18,0xc2,0x10,0xc3,0x10,0xa1,0x10,0x81,0x08,0xa2,0x08,0xc2,0x08,0xc2,0x08,0xe3,0x10,0xe3,0x10,0xe3,0x10,0xe3,0x10,
    0xe3,0x10,0xe3,0x08,0x03,0x11,0x03,0x11,0x04,0x11,0xe3,0x10,0xe3,0x10,0xe3,0x10,0xe4,0x10,0xe3,0x10,0xe3,0x10,0xe4,0x10,0xe4,0x10,0xe3,0x08,0xe3,0x08,0xe3,0x08,
    0x03,0x11,0x04,0x11,0x03,0x11,0xe3,0x08,0x04,0x11,0x04,0x11,0x04,0x11,0xe3,0x08,0xe3,0x08,0x03,0x09,0x04,0x09,0x04,0x11,0xe3,0x10,0xe3,0x10,0x04,0x09,0x04,0x09,
    0x04,0x09,0xe4,0x10,0x24,0x11,0x24,0x11,0x04,0x09,0x04,0x09,0xc3,0x08,0xe3,0x08,0xe4,0x08,0xe3,0x08,0x04,0x09,0xe3,0x08,0xc2,0x00,0xc2,0x08,0xe3,0x08,0x95,0xde,
    0x34,0xd6,0x54,0xd6,0x54,0xd6,0x54,0xd6,0x54,0xd6,0x54,0xde,0x54,0xde,0x54,0xde,0x54,0xde,0x54,0xde,0x54,0xde,0x73,0xe6,0x72,0xee,0x92,0xee,0x91,0xf6,0xb1,0xfe,
    0xb1,0xfe,0xb1,0xfe,0xd0,0xfe,0xd1,0xfe,0xd1,0xfe,0xd1,0xfe,0xf1,0xfe,0xd0,0xfe,0xb0,0xfe,0x42,0x29,0xe3,0x08,0xac,0xfe,0xac,0xfe,0xcb,0xfd,0xcc,0xf5,0xce,0xe5,
    0xce,0xe5,0xae,0xe5,0xad,0xe5,0xce,0xe5,0x8e,0xdd,0xc1,0x10,0x6f,0xcd,0x23,0x19,0xc8,0x5a,0xb0,0xcd,0x2f,0xc5,0xaf,0xe5,0xae,0xdd,0xcf,0xe5,0xcf,0xe5,0xaf,0xdd,
    0x6e,0xdd,0x6e,0xdd,0x09,0xc4,0x4b,0xbc,0xa3,0x08,0xcc,0xa4,0xf0,0xfe,0xf0,0xfe,0x11,0xff,0xf1,0xfe,0xf1,0xfe,0xd0,0xfe,0xf1,0xfe,0xf0,0xfe,0xd0,0xfe,0xd0,0xfe,
    0xd1,0xfe,0xf1,0xfe,0xf1,0xfe,0xf1,0xfe,0xd1,0xf6,0x06,0x6b,0xe3,0x08,0xc2,0x08,0xa2,0x08,0x81,0x10,0xaa,0xa3,0x64,0x31,0x4b,0x83,0x2d,0xac,0x4d,0xac,0x4d,0xa4,
    0x4d,0xac,0x4d,0xac,0x4d,0xac,0x4d,0xac,0x4d,0xac,0x2d,0xac,0x2d,0x9c,0x29,0x8b,0x26,0x5a,0x81,0x08,0xa3,0x08,0x82,0x00,0x60,0x08,0x2c,0xac,0x2c,0xac,0xa1,0x18,
    0x82,0x08,0xec,0x9b,0xec,0x9b,0x4d,0xa4,0xec,0x9b,0xe9,0x72,0x06,0x4a,0x27,0x52,0x07,0x52,0x07,0x52,0x07,0x52,0xe7,0x51,0xa1,0x10,0xa2,0x00,0xa2,0x08,0xa2,0x08,
    0x23,0x29,0x12,0xe6,0x33,0xe6,0xb4,0xee,0xd6,0xee,0x38,0xff,0x37,0xff,0xb5,0xf6,0x94,0xee,0x12,0xe6,0xd1,0xdd,0xb0,0xd5,0xb1,0xdd,0x75,0xe6,0x38,0xf7,0x38,0xf7,
    0x38,0xff,0x38,0xf7,0xb7,0xde,0x21,0x00,0xa2,0x10,0x61,0x00,0x6c,0x6b,0x61,0x00,0x61,0x08,0xc2,0x10,0x59,0xff,0x59,0xff,0x58,0xff,0x38,0xf7,0x59,0xff,0x58,0xff,
    0x58,0xff,0x58,0xff,0x58,0xff,0xd5,0xf6,0xb4,0xf6,0xd5,0xf6,0x41,0x00,0x81,0x00,0x20,0x00,0x91,0xee,0x92,0xee,0x92,0xee,0x92,0xee,0x92,0xee,0x93,0xee,0x93,0xee,
    0x93,0xe6,0x93,0xe6,0x93,0xe6,0x93,0xee,0x93,0xee,0x93,0xee,0x73,0xe6,0x46,0x4a,0x82,0x08,0x08,0xbc,0x86,0xec,0xc7,0xec,0xc7,0xec,0xc7,0xec,0x6a,0xed,0xf0,0xfe,
    0xd0,0xfe,0x8f,0xfe,0x68,0xdc,0x68,0xdc,0x48,0xdc,0x69,0xdc,0x69,0xdc,0x69,0xdc,0x68,0xdc,0x69,0xdc,0x69,0xdc,0x88,0xdc,0x68,0xdc,0x69,0xdc,0x68,0xdc,0x48,0xdc,
    0x48,0xdc,0x68,0xdc,0x69,0xdc,0x69,0xd4,0x68,0xd4,0x69,0xd4,0x68,0xd4,0x68,0xd4,0x69,0xd4,0x49,0xd4,0x69,0xd4,0x49,0xd4,0x28,0xd4,0x49,0xdc,0x49,0xd4,0x69,0xd4,
    0x69,0xd4,0x48,0xd4,0x48,0xd4,0x28,0xd4,0x48,0xcc,0x28,0xcc,0x28,0xcc,0x48,0xcc,0x49,0xcc,0x49,0xcc,0x49,0xcc,0x49,0xc4,0x31,0xee,0x11,0xde,0x11,0xde,0x12,0xe6,
    0x32,0xe6,0x90,0xe5,0x8c,0xd4,0xe2,0x18,0x04,0x11,0x96,0xde,0x34,0xd6,0x54,0xd6,0x54,0xd6,0x54,0xd6,0x54,0xd6,0x54,0xde,0x54,0xde,0x54,0xde,0x54,0xde,0x54,0xde,
    0x54,0xde,0x73,0xe6,0x73,0xe6,0x92,0xee,0x92,0xee,0xb1,0xf6,0xb1,0xf6,0xb1,0xf6,0xd1,0xfe,0xd1,0xfe,0xd1,0xfe,0xd1,0xfe,0xd0,0xfe,0xd0,0xfe,0xd0,0xfe,0x62,0x29,
    0xe3,0x08,0xcc,0xfe,0xcc,0xfe,0xcc,0xf5,0xcc,0xf5,0xce,0xe5,0xcf,0xe5,0xae,0xe5,0xae,0xe5,0xaf,0xe5,0x6d,0xdd,0x05,0x4a,0x81,0x10,0x6e,0xdd,0x80,0x10,0x82,0x08,
    0xcf,0xe5,0xef,0xed,0xaf,0xdd,0xaf,0xdd,0xaf,0xdd,0xaf,0xdd,0x4e,0xdd,0x4e,0xdd,0x09,0xc4,0x4a,0xbc,0xc3,0x08,0xec,0xac,0xf0,0xfe,0xd0,0xfe,0xf1,0xfe,0xf1,0xfe,
    0xd1,0xfe,0xd1,0xfe,0xd1,0xfe,0xd1,0xfe,0xd1,0xfe,0xd1,0xfe,0xd1,0xfe,0xf0,0xfe,0x11,0xf7,0x53,0xff,0x14,0xf7,0xe7,0x62,0xa1,0x10,0xc1,0x10,0xe1,0x10,0xc2,0x08,
    0x24,0x19,0x23,0x21,0x0d,0x9c,0x0c,0xa4,0x6d,0xac,0x6d,0xac,0x4d,0xac,0x4d,0xac,0x4d,0xac,0x4d,0xac,0x4d,0xac,0x4d,0xac,0x4d,0xac,0x2d,0xa4,0xcb,0x9b,0x0d,0xa4,
    0x49,0x83,0xeb,0x9b,0x2d,0xa4,0x0c,0x9c,0xe9,0x72,0x81,0x10,0x6e,0xa4,0x2d,0xa4,0x2c,0xa4,0x2d,0xa4,0x8b,0x8b,0xa8,0x6a,0x07,0x52,0x07,0x52,0x07,0x4a,0x07,0x4a,
    0x07,0x52,0xe6,0x49,0xa2,0x10,0xa2,0x10,0xa2,0x08,0xe3,0x10,0xa2,0x10,0x82,0x08,0xa7,0x62,0xf1,0xe5,0xf1,0xe5,0x94,0xf6,0xd6,0xf6,0xb5,0xf6,0xf6,0xf6,0x17,0xff,
    0xf6,0xf6,0xf6,0xf6,0xf6,0xf6,0x38,0xff,0x58,0xff,0x38,0xff,0x38,0xff,0x38,0xff,0x38,0xf7,0x93,0xbd,0x11,0xa5,0x18,0xef,0x79,0xff,0x8c,0x7b,0x47,0x4a,0x38,0xf7,
    0x38,0xff,0x58,0xff,0x38,0xf7,0x38,0xff,0x58,0xff,0x38,0xff,0x38,0xff,0x38,0xff,0x58,0xff,0x73,0xee,0xd5,0xf6,0xd4,0xee,0x20,0x08,0x80,0x08,0x14,0xf7,0x51,0xe6,
    0x92,0xee,0x93,0xee,0x73,0xee,0x93,0xee,0x93,0xee,0x93,0xe6,0x93,0xe6,0x93,0xe6,0x93,0xe6,0x93,0xe6,0x93,0xe6,0xb4,0xee,0x94,0xf6,0x09,0x73,0x81,0x10,0xe8,0xbb,
    0xc7,0xe4,0xe7,0xe4,0xc7,0xe4,0x07,0xed,0x8a,0xed,0x8e,0xfe,0xb0,0xfe,0xd2,0xfe,0xa9,0xdc,0x89,0xdc,0xa9,0xdc,0xa9,0xdc,0xa9,0xdc,0xa9,0xdc,0xa9,0xdc,0xa9,0xdc,
    0xc9,0xdc,0xa9,0xdc,0xa9,0xd4,0xa9,0xd4,0xa9,0xd4,0x89,0xd4,0xa9,0xd4,0xaa,0xd4,0xaa,0xd4,0xaa,0xd4,0xaa,0xd4,0xaa,0xd4,0xaa,0xd4,0xaa,0xd4,0xaa,0xd4,0xaa,0xd4,
    0x8a,0xd4,0x8a,0xd4,0x8a,0xd4,0x69,0xcc,0x6a,0xcc,0x8a,0xd4,0x8a,0xd4,0x8a,0xd4,0x8a,0xd4,0x8a,0xd4,0x6a,0xd4,0x69,0xcc,0x8a,0xcc,0x8a,0xd4,0x6a,0xcc,0x6b,0xcc,
    0x4a,0xcc,0x32,0xe6,0x32,0xe6,0x32,0xe6,0x32,0xde,0x32,0xe6,0x12,0xee,0x50,0xd5,0xeb,0xb3,0xc2,0x20,0xe2,0x10,0x95,0xde,0x34,0xd6,0x54,0xd6,0x54,0xd6,0x54,0xd6,
    0x54,0xd6,0x54,0xde,0x54,0xde,0x54,0xde,0x54,0xde,0x54,0xde,0x54,0xde,0x73,0xe6,0x73,0xe6,0x92,0xee,0xb2,0xf6,0xb1,0xf6,0xb1,0xf6,0xb1,0xf6,0xb1,0xfe,0xd1,0xfe,
    0xb1,0xfe,0xb1,0xfe,0xd0,0xfe,0xd1,0xfe,0xb0,0xfe,0x42,0x21,0xc3,0x08,0xcd,0xfe,0xcd,0xfe,0xac,0xf5,0xcc,0xed,0xcf,0xe5,0xcf,0xe5,0xaf,0xe5,0xaf,0xe5,0xaf,0xe5,
    0xae,0xdd,0xef,0xed,0x6e,0xd5,0x6e,0xdd,0x8e,0xdd,0xf0,0xed,0xae,0xe5,0xaf,0xe5,0xaf,0xdd,0xaf,0xdd,0xaf,0xdd,0xaf,0xdd,0x6e,0xdd,0x4e,0xdd,0x09,0xc4,0x4b,0xbc,
    0xc3,0x08,0x0d,0xad,0xd0,0xfe,0xd0,0xfe,0xf0,0xfe,0xf1,0xfe,0xd0,0xfe,0xd0,0xfe,0xd1,0xfe,0xd1,0xfe,0xd1,0xfe,0xd1,0xfe,0xf1,0xfe,0xd0,0xfe,0xa4,0x31,0x04,0x19,
    0x03,0x11,0xe8,0x8b,0xa3,0xbc,0xc4,0xbc,0x07,0xb5,0xe1,0x10,0xa3,0x08,0x26,0x5a,0xcb,0x93,0xab,0x93,0x4d,0xac,0x4d,0xac,0x4d,0xac,0x4d,0xac,0x4d,0xac,0x4d,0xac,
    0x4d,0xac,0x4d,0xac,0x4d,0xac,0x4d,0xac,0x4d,0xac,0x4d,0xac,0x2d,0xa4,0x4d,0xac,0x4d,0xac,0xab,0x93,0xab,0x8b,0xeb,0x9b,0x2d,0xa4,0x2c,0xa4,0x6d,0xac,0x0a,0x73,
    0x27,0x52,0x27,0x52,0x07,0x52,0x07,0x52,0x07,0x52,0x07,0x4a,0x27,0x52,0xe6,0x49,0xe6,0x49,0x07,0x52,0x27,0x4a,0xa2,0x08,0xa2,0x10,0xc1,0x20,0xa7,0x62,0xc7,0x6a,
    0x87,0x5a,0x2a,0x73,0x2a,0x6b,0xe9,0x5a,0xe9,0x5a,0xe9,0x5a,0xc9,0x5a,0xa8,0x52,0xc8,0x52,0x9b,0xff,0x38,0xf7,0x38,0xff,0x58,0xff,0x58,0xff,0x38,0xff,0x58,0xff,
    0x38,0xf7,0x58,0xff,0x59,0xff,0x59,0xff,0x38,0xff,0x17,0xf7,0x38,0xf7,0x37,0xf7,0x38,0xff,0x38,0xff,0x38,0xff,0x38,0xf7,0x17,0xf7,0xf6,0xf6,0x17,0xff,0xb5,0xf6,
    0x06,0x4a,0xf7,0xee,0x17,0xef,0x82,0x00,0x61,0x00,0x71,0xe6,0xb2,0xee,0x93,0xee,0x93,0xee,0x93,0xee,0x93,0xee,0x93,0xe6,0x93,0xe6,0x93,0xe6,0x93,0xe6,0x94,0xee,
    0x93,0xe6,0xf6,0xf6,0x24,0x19,0x03,0x6a,0xe5,0xd3,0x84,0xbb,0x85,0xbb,0xe6,0x9a,0xc5,0x92,0xe7,0xb3,0x0c,0xfe,0xeb,0xfd,0xeb,0xdc,0x27,0x9b,0xe6,0x92,0xc6,0x8a,
    0xe7,0x8a,0xe6,0x92,0xe6,0x8a,0xe6,0x8a,0x06,0x83,0x06,0x8b,0x06,0x8b,0xe6,0x8a,0xe6,0x8a,0xe6,0x8a,0xe6,0x92,0xe6,0x92,0xe7,0x8a,0xe7,0x92,0xe7,0x92,0xe7,0x92,
    0xe6,0x92,0xe6,0x8a,0xe7,0x8a,0xe7,0x8a,0xe7,0x8a,0xe7,0x8a,0xc7,0x8a,0xc7,0x8a,0xc7,0x8a,0xc7,0x8a,0xc7,0x8a,0xc7,0x8a,0xc7,0x8a,0xc7,0x8a,0xc7,0x8a,0xc7,0x8a,
    0xc7,0x8a,0xc6,0x8a,0xc6,0x8a,0xc7,0x8a,0xc6,0x8a,0xc6,0x8a,0xe6,0x8a,0x52,0xe6,0x32,0xe6,0x32,0xe6,0x32,0xe6,0x32,0xe6,0x4c,0xbc,0x29,0x8b,0xc3,0x08,0xcd,0x73,
    0x54,0xd6,0x54,0xd6,0x54,0xd6,0x54,0xd6,0x54,0xd6,0x54,0xd6,0x54,0xd6,0x54,0xde,0x54,0xde,0x54,0xde,0x54,0xde,0x54,0xde,0x54,0xde,0x73,0xe6,0x73,0xe6,0x92,0xee,
    0x92,0xee,0x91,0xf6,0xb1,0xf6,0xb1,0xf6,0xb1,0xf6,0xb1,0xf6,0xd1,0xfe,0xd1,0xfe,0xd1,0xfe,0xd1,0xfe,0xd1,0xfe,0x22,0x21,0xe3,0x10,0xcc,0xfe,0xac,0xfe,0x8c,0xed,
    0xac,0xed,0xcf,0xe5,0xcf,0xe5,0xaf,0xe5,0xae,0xe5,0xce,0xe5,0xaf,0xe5,0x8e,0xdd,0xaf,0xdd,0xae,0xdd,0x8e,0xdd,0xaf,0xdd,0x8f,0xdd,0xaf,0xdd,0xaf,0xdd,0xaf,0xdd,
    0xaf,0xdd,0xaf,0xdd,0x4e,0xd5,0x4e,0xdd,0x2a,0xc4,0x4b,0xbc,0xc3,0x08,0x0c,0xad,0xd1,0xfe,0xd0,0xfe,0xd0,0xfe,0xd0,0xfe,0xd0,0xfe,0xd0,0xfe,0xd1,0xfe,0xd1,0xfe,
    0xd0,0xfe,0xf1,0xfe,0xf2,0xfe,0xd0,0xfe,0xc4,0x10,0xc5,0x5a,0xe4,0x62,0xc6,0x83,0x66,0xa4,0x26,0x94,0x26,0x8c,0x27,0x8c,0xa3,0x10,0xe8,0x6a,0x4a,0x8b,0xe8,0x7a,
    0xec,0x9b,0x0c,0x9c,0x4d,0xac,0x4d,0xac,0x4d,0xac,0x4d,0xac,0x4d,0xac,0x4d,0xac,0x4d,0xac,0x6d,0xac,0x4d,0xac,0x4d,0xac,0x4d,0xac,0x4d,0xac,0x4d,0xac,0x4d,0xac,
    0x4d,0xac,0x4d,0xac,0x4d,0xac,0x4d,0xac,0x6e,0xac,0xe9,0x72,0xe9,0x72,0x67,0x5a,0x06,0x4a,0xe6,0x49,0x07,0x52,0x07,0x52,0x06,0x4a,0x06,0x4a,0x06,0x4a,0x07,0x4a,
    0x25,0x29,0xe3,0x18,0x44,0x21,0xaa,0x8b,0x28,0x6b,0xe8,0x5a,0x29,0x63,0x4a,0x63,0x4a,0x63,0x2a,0x63,0x2a,0x63,0x2a,0x63,0x09,0x63,0x09,0x5b,0xe9,0x5a,0x04,0x11,
    0xa1,0x08,0xd0,0x9c,0xb6,0xe6,0x58,0xff,0x17,0xf7,0x38,0xff,0x58,0xff,0x38,0xf7,0x59,0xff,0x29,0x6b,0x8c,0x7b,0xc2,0x10,0x82,0x08,0x82,0x08,0x23,0x21,0x2e,0x8c,
    0x58,0xff,0x37,0xff,0x17,0xff,0x94,0xee,0x29,0x6b,0x90,0xc5,0x2b,0x9c,0x82,0x08,0xc2,0x08,0x03,0x3a,0x85,0x4a,0x2b,0x94,0xd0,0xcd,0x52,0xe6,0xb3,0xee,0x93,0xee,
    0x93,0xee,0x93,0xe6,0x93,0xe6,0x93,0xe6,0x93,0xe6,0x73,0xe6,0x94,0xe6,0xb5,0xee,0xc2,0x08,0x44,0x72,0xa4,0xd3,0x45,0xb3,0x45,0xb3,0xe6,0x92,0xe6,0x92,0x08,0xbc,
    0xec,0xf5,0xcc,0xf5,0x2c,0xdd,0x06,0x93,0xe6,0x92,0xe7,0x92,0xe7,0x8a,0x06,0x8b,0xe6,0x8a,0xe7,0x8a,0xe7,0x8a,0xe7,0x92,0xe7,0x8a,0xe6,0x92,0xe6,0x8a,0xe7,0x8a,
    0xe7,0x8a,0xe7,0x8a,0xe7,0x8a,0x07,0x93,0x07,0x8b,0x07,0x93,0x06,0x93,0x06,0x93,0x06,0x8b,0x06,0x8b,0x06,0x8b,0xe6,0x92,0x06,0x8b,0x06,0x8b,0xe6,0x8a,0xe6,0x8a,
    0xe6,0x8a,0xe6,0x8a,0xe6,0x8a,0xe6,0x8a,0xe6,0x8a,0xe6,0x8a,0xe6,0x8a,0xe6,0x8a,0xe6,0x8a,0xe6,0x8a,0xe6,0x8a,0xc6,0x8a,0xc5,0x8a,0x51,0xe6,0x32,0xe6,0x32,0xe6,
    0x32,0xe6,0x33,0xe6,0xcd,0xc4,0x6a,0x93,0xe4,0x10,0x8c,0x6b,0x54,0xd6,0x54,0xd6,0x54,0xd6,0x54,0xd6,0x54,0xd6,0x54,0xd6,0x54,0xd6,0x54,0xde,0x54,0xde,0x54,0xde,
    0x54,0xde,0x54,0xde,0x54,0xde,0x73,0xe6,0x73,0xe6,0x72,0xee,0x92,0xee,0x92,0xf6,0x92,0xf6,0xb1,0xf6,0xb1,0xf6,0xb1,0xf6,0xb1,0xf6,0xd1,0xf6,0xd1,0xfe,0xd1,0xfe,
    0xd1,0xfe,0x22,0x21,0x03,0x09,0x49,0xfe,0x09,0xfe,0xcd,0xed,0xcd,0xed,0xce,0xe5,0xae,0xe5,0xaf,0xe5,0xcf,0xe5,0xaf,0xe5,0xaf,0xdd,0xaf,0xdd,0xaf,0xdd,0xaf,0xdd,
    0xaf,0xdd,0xaf,0xdd,0xaf,0xdd,0xaf,0xdd,0xaf,0xdd,0xaf,0xdd,0xcf,0xe5,0xae,0xdd,0x6e,0xd5,0x4e,0xdd,0x2a,0xc4,0x2a,0xbc,0xe3,0x10,0xed,0xac,0xf1,0xfe,0xd0,0xfe,
    0xd0,0xfe,0xd0,0xfe,0xd1,0xfe,0xd0,0xfe,0xd1,0xfe,0xd1,0xfe,0xd1,0xfe,0xd0,0xfe,0x00,0x19,0xc1,0x10,0x03,0x11,0x05,0x94,0x05,0xbd,0x45,0x9c,0x07,0x84,0x67,0x63,
    0x67,0x63,0x88,0x63,0xc3,0x10,0xa8,0x62,0x6a,0x8b,0x6a,0x8b,0xa8,0x72,0xe8,0x7a,0x4d,0xa4,0x2d,0xa4,0x4d,0xac,0x4d,0xa4,0x6d,0xac,0x4d,0xac,0x4d,0xac,0x4d,0xac,
    0x4d,0xac,0x4d,0xac,0x4d,0xac,0x4d,0xac,0x4d,0xac,0x4d,0xac,0x4d,0xac,0x4d,0xac,0x4d,0xac,0x4d,0xac,0x4d,0xac,0x2d,0xa4,0x4c,0xac,0x4a,0x7b,0x07,0x4a,0x07,0x4a,
    0x07,0x52,0x07,0x52,0x07,0x4a,0x07,0x4a,0x07,0x52,0xe6,0x49,0xe6,0x49,0xa6,0x41,0xa6,0x31,0x85,0x31,0x51,0xcd,0xf2,0xe5,0xd6,0xf6,0x38,0xff,0x38,0xff,0x38,0xff,
    0x18,0xff,0x18,0xff,0x18,0xf7,0x17,0xf7,0x38,0xff,0x15,0xce,0xf5,0xc5,0x62,0x00,0xc6,0x39,0x38,0xf7,0x17,0xf7,0xf7,0xf6,0x37,0xff,0x56,0xde,0xe2,0x18,0xf2,0xa4,
    0x93,0xb5,0xf8,0xe6,0xf9,0xee,0xd7,0xe6,0xf5,0xc5,0xc3,0x10,0xab,0x73,0x53,0xf6,0xd1,0xdd,0xf1,0xdd,0x47,0x4a,0x44,0x29,0x05,0x4a,0xe2,0x08,0xe2,0x10,0xc5,0x83,
    0xc7,0x7b,0xc3,0x08,0x2c,0x94,0x93,0xee,0x92,0xee,0x93,0xe6,0x93,0xe6,0x93,0xe6,0x73,0xe6,0x73,0xe6,0x73,0xe6,0x74,0xe6,0x93,0xe6,0xb5,0xee,0xa1,0x10,0x23,0x6a,
    0xc5,0xcb,0x05,0x9b,0x06,0x9b,0xe6,0x92,0xe6,0x92,0xe8,0xbb,0xeb,0xf5,0xec,0xf5,0x2b,0xdd,0xe6,0x8a,0xe6,0x92,0xe6,0x92,0xe6,0x92,0xe6,0x8a,0xe6,0x92,0xe6,0x92,
    0x07,0x93,0x07,0x93,0x07,0x93,0xe6,0x92,0xe6,0x8a,0xe6,0x92,0xe6,0x92,0xe6,0x92,0x07,0x93,0x07,0x93,0x07,0x93,0x07,0x93,0x07,0x93,0x07,0x93,0xe6,0x92,0xe6,0x8a,
    0xe6,0x8a,0xe6,0x8a,0xe6,0x8a,0xe6,0x8a,0xe6,0x8a,0xe6,0x8a,0xe6,0x8a,0xe6,0x8a,0xe6,0x8a,0xe6,0x8a,0xe6,0x8a,0xe6,0x8a,0xe6,0x8a,0xc6,0x8a,0xc6,0x8a,0xe6,0x8a,
    0xe6,0x92,0xc6,0x8a,0xa5,0x8a,0x52,0xe6,0x52,0xe6,0x32,0xe6,0x32,0xe6,0x33,0xde,0x53,0xde,0x8e,0x9c,0x04,0x11,0x6c,0x6b,0x34,0xd6,0x34,0xd6,0x54,0xd6,0x54,0xd6,
    0x54,0xd6,0x54,0xd6,0x54,0xd6,0x54,0xde,0x54,0xde,0x54,0xde,0x54,0xde,0x54,0xde,0x54,0xde,0x73,0xe6,0x73,0xe6,0x72,0xee,0x92,0xee,0x92,0xf6,0x92,0xf6,0x92,0xf6,
    0xb1,0xf6,0xb2,0xf6,0xb1,0xf6,0xb2,0xf6,0xb2,0xfe,0xd1,0xfe,0xb1,0xf6,0xc1,0x39,0x62,0x29,0x86,0x7b,0x24,0x73,0x8a,0xf5,0xab,0xed,0xae,0xe5,0xaf,0xe5,0xae,0xe5,
    0xaf,0xdd,0xaf,0xe5,0xaf,0xdd,0xaf,0xdd,0xaf,0xdd,0xaf,0xdd,0xaf,0xdd,0xaf,0xdd,0xaf,0xdd,0xaf,0xdd,0xaf,0xdd,0xaf,0xdd,0x8f,0xdd,0x8e,0xd5,0xac,0xcc,0xcc,0xcc,
    0x05,0x62,0x05,0x52,0x42,0x29,0x6d,0xbd,0xf1,0xfe,0xd1,0xfe,0xd1,0xfe,0xd1,0xfe,0xd1,0xfe,0xd1,0xfe,0xd1,0xfe,0xd1,0xfe,0xd0,0xfe,0xb0,0xfe,0x60,0x00,0xa2,0x00,
    0x64,0x9c,0x86,0xac,0x65,0x73,0x87,0x6b,0x87,0x6b,0x46,0x63,0x67,0x63,0x67,0x63,0xc3,0x08,0x46,0x52,0x29,0x8b,0x20,0x08,0xc8,0x72,0xa8,0x72,0xec,0x9b,0xcb,0x9b,
    0x8b,0x93,0x6e,0xac,0x6d,0xac,0x4d,0xac,0x4d,0xac,0x4d,0xac,0x4d,0xac,0x4d,0xac,0x4d,0xac,0x4d,0xac,0x4d,0xac,0x4d,0xac,0x4d,0xac,0x4d,0xac,0x4d,0xac,0x4d,0xac,
    0x4d,0xac,0x4d,0xac,0x4d,0xa4,0x4d,0xac,0x4e,0xa4,0xa5,0x49,0xe6,0x49,0x07,0x52,0x07,0x52,0x07,0x52,0x07,0x4a,0x07,0x4a,0xe7,0x49,0x07,0x4a,0x27,0x4a,0xc7,0x39,
    0xa1,0x10,0xd6,0xee,0xd6,0xf6,0x38,0xff,0x38,0xff,0x38,0xff,0x38,0xff,0x38,0xff,0x38,0xff,0x58,0xff,0x37,0xff,0x17,0xff,0x38,0xf7,0x39,0xf7,0x6b,0x6b,0x44,0x21,
    0xef,0xbc,0xee,0xc4,0x02,0x19,0xe1,0x18,0x5a,0xf7,0x17,0xf7,0x79,0xff,0x38,0xf7,0x38,0xff,0x59,0xff,0x58,0xff,0x9a,0xff,0xe2,0x18,0xa1,0x10,0x80,0x08,0x40,0x08,
    0x81,0x10,0x64,0x21,0x06,0x32,0x87,0x42,0xe8,0x52,0xc5,0x73,0xe7,0x7b,0xc3,0x08,0x0c,0x8c,0xd3,0xee,0x93,0xee,0x72,0xee,0x93,0xee,0x93,0xe6,0x73,0xe6,0x73,0xe6,
    0x73,0xe6,0x73,0xe6,0x73,0xe6,0xb5,0xee,0xa1,0x10,0x24,0x6a,0xe5,0xd3,0x05,0x9b,0x26,0x9b,0xe6,0x92,0xe6,0x92,0x08,0xbc,0x0c,0xf6,0xec,0xf5,0x2c,0xdd,0xe6,0x8a,
    0xe6,0x92,0xe6,0x92,0xe6,0x92,0xe6,0x8a,0xe6,0x8a,0xe6,0x8a,0x07,0x93,0x07,0x93,0x07,0x93,0x07,0x93,0xe6,0x92,0x07,0x93,0xe6,0x92,0xe6,0x92,0xe6,0x92,0x07,0x93,
    0x07,0x93,0x07,0x93,0x06,0x93,0x06,0x93,0x07,0x93,0x07,0x93,0xe6,0x92,0xe6,0x8a,0xe6,0x8a,0xe6,0x92,0xe6,0x92,0xe6,0x8a,0xe6,0x8a,0xe6,0x8a,0xe6,0x8a,0xe6,0x8a,
    0xe6,0x8a,0xe6,0x8a,0xe6,0x8a,0xc6,0x8a,0xc6,0x8a,0xe6,0x8a,0xe6,0x8a,0xe6,0x8a,0xa5,0x8a,0x52,0xe6,0x52,0xe6,0x32,0xe6,0x32,0xe6,0x33,0xde,0x53,0xe6,0x8e,0x9c,
    0x04,0x11,0x6b,0x6b,0x34,0xd6,0x54,0xd6,0x54,0xd6,0x54,0xd6,0x54,0xd6,0x54,0xd6,0x54,0xd6,0x54,0xde,0x54,0xde,0x54,0xde,0x54,0xde,0x54,0xde,0x54,0xde,0x73,0xde,
    0x73,0xe6,0x72,0xe6,0x92,0xee,0x92,0xf6,0x92,0xf6,0x91,0xf6,0x91,0xf6,0xb2,0xf6,0xb2,0xf6,0xb2,0xf6,0xb2,0xf6,0xb1,0xf6,0xd1,0xfe,0xd1,0xf6,0xf0,0xfe,0xc3,0x08,
    0xc2,0x08,0x28,0xed,0x4a,0xed,0xae,0xdd,0xcf,0xe5,0xae,0xdd,0xaf,0xdd,0xaf,0xdd,0xaf,0xdd,0xaf,0xdd,0xaf,0xdd,0xaf,0xdd,0xaf,0xdd,0xaf,0xdd,0xaf,0xdd,0xaf,0xdd,
    0xaf,0xdd,0xaf,0xdd,0x8f,0xd5,0x8f,0xdd,0x2a,0xc4,0x2a,0xbc,0xc3,0x10,0x81,0x00,0xf1,0xf6,0xf1,0xfe,0xd1,0xfe,0xd1,0xfe,0xd1,0xfe,0xd1,0xfe,0xd1,0xfe,0xd1,0xfe,
    0xd1,0xfe,0xf1,0xfe,0xac,0xac,0x24,0x3a,0x23,0x09,0xe4,0x08,0x84,0xb4,0xc5,0xb4,0x46,0x63,0x67,0x63,0x67,0x63,0x67,0x63,0x67,0x63,0x88,0x63,0xc3,0x08,0x66,0x5a,
    0x40,0x08,0x82,0x00,0xc8,0x7a,0xe8,0x7a,0x8e,0xac,0xec,0x9b,0x29,0x83,0x6e,0xac,0x4d,0xac,0x4d,0xac,0x4d,0xac,0x4d,0xac,0x4d,0xac,0x4d,0xac,0x4d,0xac,0x4d,0xac,
    0x4d,0xac,0x4d,0xac,0x4d,0xac,0x4d,0xac,0x4d,0xac,0x4d,0xac,0x4d,0xac,0x4d,0xac,0x4c,0xac,0x2c,0xa4,0x0c,0xa4,0xa5,0x41,0x07,0x4a,0x07,0x52,0x07,0x52,0x07,0x52,
    0x07,0x52,0x07,0x52,0x07,0x4a,0x07,0x4a,0x07,0x4a,0xa6,0x39,0x82,0x08,0xb5,0xee,0x16,0xff,0x17,0xf7,0x38,0xff,0x37,0xf7,0x38,0xf7,0x38,0xf7,0x38,0xff,0x17,0xf7,
    0x17,0xff,0x38,0xf7,0x17,0xf7,0x18,0xf7,0xb6,0xde,0x82,0x08,0x4c,0xac,0x2b,0xb4,0x81,0x08,0x96,0xde,0x58,0xff,0x17,0xf7,0x58,0xff,0x18,0xf7,0x38,0xff,0x18,0xf7,
    0x18,0xf7,0x58,0xff,0x39,0xf7,0xa2,0x10,0xc2,0x08,0xe2,0x08,0x23,0x19,0x84,0x21,0x25,0x32,0xa6,0x42,0xa6,0x42,0xc5,0x73,0x07,0x84,0x26,0x11,0x03,0x11,0x82,0x00,
    0x36,0xff,0x93,0xee,0x73,0xee,0x73,0xe6,0x93,0xe6,0x73,0xe6,0x73,0xe6,0x73,0xe6,0x73,0xe6,0xb5,0xf6,0xa1,0x10,0x24,0x6a,0xe5,0xd3,0x05,0x9b,0xe6,0x9a,0xe6,0x9a,
    0x06,0x93,0x28,0xc4,0xec,0xf5,0x0d,0xf6,0x2b,0xdd,0x06,0x93,0xe6,0x8a,0xe6,0x8a,0xe6,0x92,0xe6,0x8a,0xe6,0x8a,0xe6,0x8a,0xe6,0x92,0x07,0x93,0x07,0x93,0x07,0x93,
    0x07,0x93,0x07,0x93,0x06,0x93,0xe6,0x92,0xe6,0x92,0x06,0x93,0x06,0x93,0x07,0x93,0x07,0x93,0x07,0x93,0x07,0x93,0x07,0x93,0x07,0x93,0x07,0x93,0xe6,0x8a,0xe6,0x8a,
    0xe6,0x92,0xe6,0x92,0xe6,0x92,0xe6,0x8a,0xe6,0x8a,0xe6,0x8a,0xe6,0x8a,0xe6,0x8a,0xe6,0x8a,0xe6,0x92,0xe6,0x8a,0xe6,0x92,0xe6,0x8a,0xe6,0x8a,0xa5,0x82,0x52,0xe6,
    0x32,0xe6,0x53,0xe6,0x53,0xe6,0x33,0xe6,0x52,0xde,0x8e,0x9c,0xe4,0x10,0x6c,0x6b,0x34,0xd6,0x34,0xd6,0x34,0xd6,0x54,0xd6,0x54,0xd6,0x54,0xd6,0x54,0xd6,0x54,0xde,
    0x54,0xde,0x54,0xde,0x54,0xde,0x54,0xde,0x54,0xde,0x73,0xde,0x73,0xe6,0x72,0xe6,0x92,0xee,0x92,0xf6,0x92,0xee,0x92,0xee,0x92,0xee,0x92,0xf6,0xb2,0xf6,0xb2,0xf6,
    0xb1,0xf6,0xb1,0xf6,0xd1,0xfe,0xd0,0xfe,0xd0,0xf6,0xc3,0x08,0x81,0x00,0x08,0xed,0x49,0xed,0xeb,0xd4,0x4d,0xdd,0xae,0xe5,0xaf,0xdd,0xaf,0xdd,0xaf,0xdd,0xaf,0xdd,
    0xaf,0xdd,0xaf,0xdd,0xaf,0xdd,0xaf,0xdd,0xaf,0xdd,0xaf,0xdd,0xaf,0xdd,0x6e,0xd5,0x4e,0xd5,0x2d,0xd5,0x2a,0xbc,0x09,0xbc,0xa2,0x10,0x80,0x08,0xd0,0xfe,0xf1,0xfe,
    0xd1,0xfe,0xd1,0xfe,0xd1,0xfe,0xd1,0xfe,0xd1,0xfe,0xd1,0xfe,0xb1,0xf6,0xf2,0xfe,0x6c,0x94,0x24,0x19,0xe8,0xa4,0x65,0xa4,0x85,0x73,0x85,0x73,0x67,0x63,0x67,0x63,
    0x67,0x63,0x67,0x63,0x67,0x63,0x87,0x6b,0x06,0x32,0x82,0x08,0xa2,0x00,0xc3,0x08,0x08,0x83,0xe8,0x7a,0x08,0x83,0x29,0x8b,0x08,0x83,0x6e,0xac,0x2d,0xac,0x4d,0xac,
    0x4d,0xac,0x4d,0xac,0x4d,0xac,0x4d,0xac,0x4d,0xac,0x4d,0xac,0x4d,0xac,0x4d,0xac,0x4d,0xac,0x4d,0xac,0x4d,0xac,0x4d,0xac,0x4d,0xac,0x4d,0xac,0x2d,0xa4,0xe9,0x72,
    0xc5,0x49,0x07,0x4a,0x07,0x4a,0x27,0x52,0x27,0x52,0x07,0x52,0x07,0x52,0x07,0x52,0x07,0x52,0x07,0x4a,0x07,0x4a,0xe6,0x49,0x03,0x19,0x42,0x00,0x70,0xcd,0xf2,0xdd,
    0x53,0xe6,0xb5,0xee,0x38,0xf7,0x38,0xff,0x38,0xf7,0x76,0xde,0xc0,0x18,0x38,0xf7,0x7a,0xff,0xf1,0xa4,0xf7,0xee,0x82,0x00,0x61,0x10,0x40,0x10,0x03,0x19,0xf6,0xee,
    0x18,0xf7,0xea,0x62,0xf7,0xe6,0x38,0xff,0x38,0xff,0x76,0xe6,0x92,0xc5,0x38,0xff,0xf6,0xf6,0x41,0x00,0xa5,0x21,0xa4,0x21,0xe5,0x31,0x46,0x3a,0xe7,0x4a,0x28,0x53,
    0x28,0x53,0x47,0x53,0x27,0x5b,0x86,0x73,0x82,0x29,0xa2,0x08,0x35,0xff,0x93,0xee,0x93,0xee,0x93,0xe6,0x93,0xe6,0x73,0xe6,0x73,0xe6,0x73,0xe6,0x73,0xe6,0x95,0xee,
    0xa1,0x10,0x44,0x6a,0xe5,0xd3,0x05,0x9b,0xe6,0x9a,0xe6,0x9a,0x06,0x93,0x28,0xc4,0x0c,0xf6,0x0d,0xf6,0x4b,0xdd,0x06,0x93,0xe6,0x8a,0xe6,0x92,0xe6,0x92,0xe6,0x8a,
    0xe6,0x8a,0xe6,0x8a,0xe6,0x92,0x07,0x93,0x07,0x93,0x07,0x93,0x07,0x93,0x07,0x93,0x06,0x93,0xe6,0x92,0xe6,0x92,0xe6,0x92,0x06,0x93,0x07,0x93,0x07,0x93,0x07,0x93,
    0x07,0x93,0x07,0x93,0x07,0x93,0x06,0x93,0xe6,0x8a,0xe6,0x8a,0xe6,0x92,0xe6,0x92,0xe6,0x92,0xe6,0x8a,0xe6,0x8a,0xe6,0x92,0xe6,0x8a,0xe6,0x8a,0xe6,0x8a,0xe6,0x8a,
    0xe6,0x8a,0xe6,0x8a,0xe6,0x8a,0xe6,0x8a,0xa5,0x82,0x52,0xe6,0x32,0xe6,0x53,0xe6,0x53,0xe6,0x53,0xe6,0x53,0xe6,0x8e,0x9c,0xe4,0x08,0x6c,0x6b,0x34,0xd6,0x55,0xd6,
    0x34,0xd6,0x34,0xd6,0x54,0xd6,0x54,0xd6,0x54,0xd6,0x54,0xde,0x54,0xde,0x54,0xde,0x54,0xde,0x54,0xde,0x54,0xde,0x73,0xde,0x73,0xe6,0x72,0xe6,0x92,0xee,0x71,0xee,
    0x71,0xee,0x91,0xee,0x91,0xee,0x92,0xee,0x91,0xee,0xb1,0xf6,0xb1,0xf6,0x90,0xf6,0xb0,0xf6,0xd0,0xfe,0xf0,0xf6,0x45,0x19,0xc2,0x08,0xe6,0xe4,0xe8,0xec,0x8a,0xd4,
    0x0c,0xd5,0xae,0xdd,0x8e,0xdd,0x8e,0xdd,0x8f,0xdd,0x8f,0xdd,0x8e,0xdd,0x8e,0xdd,0xaf,0xdd,0x8f,0xdd,0x8f,0xdd,0x8e,0xdd,0x4e,0xdd,0xed,0xcc,0x4a,0xc4,0x2a,0xbc,
    0x4a,0xc4,0x09,0xbc,0xc2,0x10,0x60,0x08,0xd0,0xf6,0xb0,0xf6,0xd1,0xfe,0xd1,0xfe,0xd1,0xf6,0xd1,0xfe,0xb0,0xf6,0xb0,0xf6,0xb1,0xf6,0xb0,0xf6,0x6c,0x9c,0x82,0x08,
    0xa7,0xa4,0xa4,0xb4,0x67,0x63,0x87,0x63,0x87,0x63,0x67,0x63,0x67,0x63,0x67,0x63,0x68,0x63,0xc6,0x4a,0xa5,0x42,0x63,0x21,0xc3,0x08,0xa2,0x08,0xe7,0x82,0xc8,0x7a,
    0x67,0x5a,0x08,0x83,0x08,0x83,0x6e,0xac,0x4d,0xa4,0x0c,0xa4,0x4d,0xac,0x6d,0xac,0x6d,0xac,0x4d,0xac,0x4d,0xac,0x4d,0xac,0x4d,0xac,0x4d,0xac,0x4d,0xac,0x4d,0xac,
    0x4d,0xac,0x4d,0xac,0x4d,0xac,0x8e,0xb4,0x6d,0xa4,0x09,0x7b,0x07,0x52,0x07,0x52,0x07,0x52,0x07,0x52,0x07,0x52,0x07,0x52,0x07,0x4a,0x07,0x4a,0x07,0x52,0x07,0x52,
    0x07,0x52,0xe6,0x49,0xc6,0x41,0x82,0x08,0x30,0xcd,0xf1,0xe5,0x73,0xee,0xf6,0xf6,0x79,0xff,0x79,0xff,0x59,0xff,0x59,0xef,0x81,0x08,0x17,0xf7,0x39,0xef,0xd1,0xa4,
    0x99,0xff,0xa2,0x08,0xa2,0x08,0xc3,0x10,0x23,0x19,0x58,0xff,0x58,0xff,0xc5,0x39,0x7a,0xf7,0xba,0xff,0xba,0xff,0x56,0xd6,0x72,0xb5,0xd5,0xee,0xe2,0x18,0xa2,0x10,
    0xa5,0x29,0xa4,0x29,0x46,0x3a,0x66,0x3a,0xa6,0x42,0x07,0x53,0x07,0x53,0x07,0x53,0x07,0x53,0x06,0x53,0x84,0x29,0xc4,0x08,0x36,0xff,0x92,0xe6,0x72,0xe6,0x73,0xe6,
    0x73,0xe6,0x73,0xe6,0x53,0xde,0x73,0xe6,0x52,0xe6,0xd5,0xee,0xa2,0x08,0x44,0x6a,0xc6,0xcb,0xe5,0x9a,0xe6,0x9a,0xe6,0x9a,0x06,0x9b,0x29,0xc4,0x0c,0xf6,0xed,0xf5,
    0x4c,0xdd,0x06,0x93,0xe6,0x92,0x06,0x93,0xe6,0x92,0xe6,0x8a,0x06,0x93,0x06,0x93,0xe6,0x92,0x06,0x93,0x07,0x93,0xe6,0x92,0x06,0x93,0x07,0x93,0x06,0x93,0x06,0x93,
    0x06,0x93,0x06,0x93,0xe6,0x92,0x06,0x93,0x07,0x93,0x07,0x93,0x06,0x93,0xe6,0x92,0xe6,0x8a,0xe6,0x8a,0xe6,0x8a,0xe6,0x92,0xe6,0x8a,0xe6,0x92,0xe6,0x92,0xe6,0x8a,
    0xe6,0x92,0xe6,0x8a,0xe6,0x8a,0xe6,0x8a,0xe6,0x8a,0xe6,0x8a,0xe7,0x8a,0xe6,0x8a,0xc6,0x8a,0xc6,0x8a,0xa6,0x82,0x52,0xe6,0x32,0xe6,0x53,0xe6,0x53,0xe6,0x73,0xe6,
    0x2e,0xc5,0x0b,0x9c,0xe3,0x08,0x6c,0x6b,0x33,0xd6,0x14,0xce,0x54,0xd6,0x34,0xce,0x54,0xd6,0x54,0xd6,0x54,0xd6,0x54,0xde,0x54,0xde,0x54,0xde,0x54,0xde,0x54,0xde,
    0x54,0xde,0x53,0xde,0x73,0xe6,0x90,0xcd,0x85,0x72,0xe3,0x61,0x03,0x6a,0x23,0x6a,0x24,0x6a,0x04,0x6a,0x03,0x6a,0x23,0x6a,0x23,0x72,0x23,0x6a,0x24,0x72,0x64,0x7a,
    0x84,0x82,0x03,0x09,0xc2,0x08,0x80,0x08,0xe0,0x20,0xc8,0xbb,0x09,0xbc,0x8a,0xc4,0x8b,0xc4,0x8b,0xc4,0x8b,0xc4,0x8b,0xc4,0x8b,0xc4,0x8a,0xc4,0x8b,0xc4,0x8b,0xc4,
    0x8b,0xc4,0x6b,0xc4,0x8b,0xc4,0x8b,0xc4,0xc9,0xab,0xa8,0xab,0xe1,0x18,0xa1,0x10,0xc3,0x08,0x81,0x08,0xc4,0x82,0x84,0x7a,0x23,0x6a,0x43,0x6a,0x43,0x6a,0x44,0x72,
    0x64,0x72,0x64,0x72,0x44,0x72,0x23,0x6a,0xa4,0x41,0xc3,0x10,0x67,0x6b,0x25,0x6b,0x88,0x63,0x66,0x63,0x87,0x63,0x67,0x63,0x67,0x63,0x67,0x63,0x88,0x63,0xa7,0x42,
    0x06,0x4b,0xa5,0x42,0x22,0x11,0xa2,0x08,0xe9,0x82,0x0a,0x7b,0x44,0x31,0x08,0x83,0x09,0x83,0x0c,0xa4,0x4d,0xa4,0x4d,0xac,0xec,0x9b,0xab,0x93,0x4d,0xa4,0x2d,0xa4,
    0x4d,0xac,0x4d,0xac,0x2c,0xa4,0x4d,0xac,0x6d,0xac,0x6d,0xac,0x6d,0xac,0x4d,0xac,0x4d,0xac,0x8e,0xac,0x28,0x52,0x27,0x52,0x07,0x52,0x07,0x52,0x07,0x52,0x07,0x52,
    0x07,0x4a,0x07,0x4a,0x07,0x4a,0x07,0x4a,0x07,0x4a,0x48,0x52,0x07,0x4a,0xe6,0x49,0xc6,0x41,0x82,0x08,0xe3,0x08,0x04,0x11,0xe3,0x08,0x04,0x11,0x04,0x11,0xe4,0x10,
    0xe3,0x10,0xa2,0x08,0xe3,0x10,0xa2,0x08,0xe3,0x08,0xc4,0x08,0xc3,0x08,0xe5,0x29,0x46,0x3a,0x66,0x3a,0xa5,0x21,0x03,0x11,0xa2,0x08,0xa3,0x08,0xc3,0x10,0x04,0x11,
    0xc3,0x10,0x04,0x19,0x82,0x00,0xe4,0x10,0xe2,0x08,0x45,0x3a,0x46,0x3a,0x86,0x42,0x27,0x53,0x27,0x53,0x27,0x53,0x27,0x53,0x27,0x53,0x27,0x53,0x27,0x53,0x07,0x53,
    0xc5,0x29,0xe3,0x00,0xa6,0x7a,0x03,0x62,0xe3,0x61,0x03,0x62,0x03,0x62,0x23,0x62,0x03,0x62,0x24,0x62,0x03,0x62,0x85,0x6a,0xc3,0x08,0x82,0x51,0x04,0xb3,0x04,0xab,
    0x06,0xa3,0x07,0x9b,0x07,0x9b,0x29,0xbc,0x0c,0xf6,0xed,0xf5,0x6c,0xe5,0x06,0x93,0x07,0x93,0x06,0x93,0xe6,0x92,0xe6,0x92,0xe6,0x92,0x07,0x93,0x06,0x93,0x06,0x93,
    0x06,0x93,0x06,0x93,0x06,0x93,0x06,0x93,0x06,0x93,0x06,0x93,0x06,0x93,0x06,0x93,0x06,0x93,0xe6,0x92,0x06,0x93,0x07,0x93,0xe6,0x92,0xe6,0x92,0xe6,0x92,0xe6,0x8a,
    0xe6,0x92,0xe6,0x92,0xe6,0x92,0x06,0x93,0xe6,0x92,0xe6,0x92,0xe6,0x92,0xc6,0x8a,0xc6,0x8a,0xe6,0x92,0xe6,0x92,0xe6,0x92,0xe6,0x92,0xe6,0x92,0xc6,0x8a,0xc6,0x8a,
    0xa5,0x82,0x53,0xe6,0x53,0xe6,0x53,0xe6,0x53,0xe6,0x74,0xe6,0xac,0xbc,0x08,0x83,0x82,0x08,0xc5,0x39,0x24,0x6a,0xe3,0x59,0x04,0x62,0x75,0xde,0x34,0xd6,0x54,0xd6,
    0x54,0xd6,0x54,0xde,0x54,0xde,0x54,0xde,0x54,0xde,0x54,0xde,0x54,0xde,0x53,0xde,0x73,0xde,0x70,0xcd,0x65,0x7a,0x04,0x6a,0x03,0x6a,0x03,0x6a,0x04,0x72,0x04,0x72,
    0x04,0x72,0x03,0x72,0x04,0x72,0x24,0x7a,0x64,0x82,0x85,0x7a,0x84,0x7a,0x81,0x10,0xa2,0x10,0xc3,0x08,0x02,0x21,0xe9,0xb3,0x2a,0xbc,0xac,0xc4,0x8c,0xc4,0xac,0xcc,
    0xac,0xc4,0x8c,0xc4,0x8c,0xc4,0xac,0xc4,0xac,0xc4,0xac,0xc4,0xac,0xc4,0xac,0xc4,0xac,0xc4,0xac,0xc4,0x0a,0xb4,0xa9,0xab,0xe2,0x10,0x04,0x11,0x44,0x19,0xe2,0x18,
    0x24,0x7a,0xe3,0x69,0x03,0x6a,0x03,0x6a,0x03,0x6a,0x24,0x72,0x24,0x72,0x24,0x72,0x04,0x72,0x44,0x7a,0xa3,0x49,0xe3,0x10,0x89,0x6b,0x66,0x63,0x67,0x63,0x87,0x63,
    0x87,0x63,0x67,0x63,0x67,0x63,0x67,0x63,0x67,0x63,0x67,0x63,0x67,0x63,0xe6,0x52,0x25,0x3a,0x82,0x08,0xa3,0x08,0xa3,0x08,0x64,0x31,0x08,0x83,0x29,0x8b,0x29,0x83,
    0x6a,0x8b,0x8b,0x93,0x09,0x83,0x6a,0x8b,0x2c,0xa4,0xec,0xa3,0x6a,0x8b,0x4a,0x83,0x29,0x83,0x4d,0xa4,0x4d,0xac,0x6d,0xac,0x6d,0xac,0xec,0x9b,0x4d,0xac,0x4d,0xac,
    0x88,0x6a,0x47,0x5a,0x07,0x52,0x07,0x52,0x07,0x52,0x07,0x52,0x07,0x4a,0x07,0x4a,0x07,0x4a,0x07,0x4a,0x07,0x4a,0x85,0x29,0xe3,0x10,0x86,0x31,0xa5,0x39,0xa2,0x08,
    0x44,0x19,0x84,0x21,0xa4,0x29,0x84,0x21,0x83,0x21,0x84,0x21,0x84,0x21,0x84,0x21,0x84,0x19,0x63,0x21,0x64,0x21,0x84,0x21,0xe4,0x29,0x25,0x32,0xa7,0x42,0x86,0x42,
    0x25,0x32,0x04,0x32,0x83,0x29,0xa4,0x29,0x84,0x21,0x83,0x21,0x83,0x21,0xa4,0x21,0xa4,0x21,0xa3,0x21,0x86,0x42,0xc6,0x4a,0x48,0x5b,0x07,0x53,0x07,0x53,0x07,0x53,
    0x07,0x53,0x28,0x53,0x07,0x53,0x28,0x53,0x28,0x53,0x48,0x5b,0x84,0x21,0xe3,0x08,0xa3,0x61,0xc3,0x69,0x03,0x6a,0x04,0x72,0x24,0x72,0xe4,0x69,0xc3,0x61,0xe3,0x69,
    0x24,0x6a,0x03,0x62,0x83,0x59,0x22,0x31,0xe3,0x08,0x05,0x5a,0x45,0x72,0x65,0x7a,0x45,0x7a,0x26,0x9b,0xa9,0xd4,0xed,0xf5,0x2d,0xd5,0x65,0x82,0x25,0x72,0x25,0x72,
    0x05,0x6a,0x05,0x6a,0x25,0x72,0x25,0x72,0x45,0x72,0x45,0x72,0x25,0x6a,0x05,0x6a,0x25,0x6a,0x25,0x6a,0x24,0x72,0x25,0x72,0x25,0x72,0x25,0x6a,0x25,0x6a,0x25,0x6a,
    0x25,0x6a,0x45,0x72,0x45,0x72,0x45,0x72,0x45,0x72,0x45,0x72,0x25,0x72,0x24,0x6a,0x24,0x6a,0x24,0x6a,0x25,0x6a,0x24,0x72,0x24,0x6a,0x44,0x72,0x45,0x72,0x24,0x72,
    0x25,0x72,0x25,0x6a,0x25,0x6a,0x05,0x6a,0x24,0x72,0x24,0x72,0xc3,0x61,0xed,0xc4,0x2e,0xcd,0x2e,0xcd,0x2e,0xcd,0x2e,0xd5,0x2b,0xbc,0xc9,0xab,0xc6,0x8a,0x81,0x08,
    0x81,0x00,0x04,0x62,0x04,0x62,0x55,0xde,0x34,0xd6,0x54,0xd6,0x34,0xd6,0x54,0xde,0x54,0xde,0x54,0xde,0x54,0xde,0x54,0xde,0x54,0xde,0x53,0xde,0x74,0xde,0x30,0xee,
    0x69,0xed,0x68,0xf5,0x68,0xf5,0x67,0xf5,0x88,0xfd,0x68,0xf5,0x68,0xf5,0x67,0xf5,0x88,0xf5,0xa9,0xfd,0x68,0xdc,0x46,0xab,0xc6,0x92,0x04,0x6a,0x65,0x72,0x03,0x09,
    0xe3,0x08,0x25,0x11,0x04,0x11,0x04,0x11,0x04,0x11,0x04,0x09,0x04,0x09,0x03,0x09,0xe4,0x08,0x04,0x09,0x04,0x09,0x04,0x09,0x04,0x09,0x04,0x11,0x04,0x09,0x04,0x09,
    0x24,0x11,0x24,0x11,0x24,0x11,0xe3,0x08,0x45,0x72,0x23,0x82,0xa5,0xc3,0x66,0xdc,0x47,0xf5,0x68,0xfd,0x68,0xfd,0x67,0xfd,0x67,0xfd,0x88,0xfd,0x88,0xfd,0x67,0xfd,
    0x46,0x93,0xc3,0x08,0x66,0x42,0x85,0x42,0x86,0x42,0xa5,0x4a,0x67,0x63,0x87,0x63,0x67,0x6b,0x67,0x63,0x67,0x63,0x67,0x63,0x67,0x63,0x47,0x63,0xa6,0x4a,0x46,0x42,
    0xa2,0x08,0xc3,0x08,0x02,0x21,0xe5,0x49,0x87,0x6a,0x09,0x83,0x08,0x7b,0xe8,0x82,0xe9,0x7a,0x09,0x83,0xeb,0x9b,0x0c,0xa4,0x08,0x7b,0xe8,0x7a,0xa7,0x72,0x0c,0xa4,
    0x4d,0xac,0x4d,0xac,0x4d,0xac,0x8b,0x93,0xec,0x9b,0xab,0x93,0x4d,0xa4,0x0a,0x7b,0x06,0x52,0x07,0x52,0x07,0x4a,0x07,0x52,0x07,0x4a,0x07,0x4a,0x07,0x4a,0x07,0x52,
    0x06,0x4a,0x07,0x52,0x85,0x29,0xe3,0x10,0xe3,0x10,0x03,0x11,0x47,0x3a,0x07,0x53,0x07,0x53,0x07,0x53,0x06,0x53,0x27,0x53,0x27,0x53,0x27,0x53,0x27,0x53,0x27,0x53,
    0x27,0x53,0x27,0x53,0x47,0x53,0x27,0x53,0x27,0x53,0x47,0x5b,0x27,0x53,0x27,0x53,0x27,0x53,0x07,0x53,0x07,0x53,0x27,0x53,0x27,0x53,0x07,0x53,0x27,0x53,0x27,0x53,
    0x28,0x53,0x28,0x53,0x28,0x53,0x07,0x53,0x07,0x53,0x07,0x53,0x07,0x53,0x07,0x53,0x07,0x53,0xc6,0x4a,0xc7,0x4a,0x46,0x32,0x43,0x19,0x04,0x11,0x2c,0xfe,0x88,0xfd,
    0x67,0xf5,0xe7,0xec,0xc6,0xe4,0x07,0xf5,0x28,0xf5,0x47,0xf5,0x27,0xd4,0x06,0xcc,0x44,0xb3,0xc3,0x51,0xe4,0x08,0x45,0x6a,0x65,0x82,0xc7,0x82,0xa6,0x82,0xca,0xb3,
    0x4b,0xdd,0xaf,0xfe,0xae,0xdd,0x87,0x82,0x46,0x72,0x46,0x72,0x45,0x72,0x45,0x72,0x66,0x7a,0x46,0x72,0x66,0x72,0x46,0x72,0x46,0x72,0x26,0x72,0x46,0x72,0x46,0x72,
    0x46,0x72,0x46,0x72,0x66,0x72,0x66,0x72,0x46,0x72,0x66,0x72,0x46,0x72,0x45,0x72,0x66,0x7a,0x66,0x7a,0x46,0x72,0x66,0x7a,0x46,0x72,0x46,0x72,0x25,0x72,0x25,0x72,
    0x45,0x72,0x45,0x72,0x65,0x72,0x46,0x72,0x46,0x72,0x46,0x72,0x66,0x72,0x46,0x72,0x46,0x72,0x25,0x72,0x46,0x72,0x26,0x6a,0x66,0x72,0xd0,0xe5,0xd0,0xe5,0xd0,0xdd,
    0xb0,0xdd,0x6e,0xd5,0x6b,0xc4,0x2b,0xbc,0x68,0xa3,0x03,0x19,0xe4,0x08,0xe9,0xab,0xc9,0xab,0x34,0xd6,0x34,0xd6,0x34,0xd6,0x34,0xd6,0x54,0xde,0x54,0xde,0x54,0xde,
    0x54,0xde,0x54,0xde,0x54,0xde,0x53,0xde,0x53,0xde,0x10,0xe6,0x29,0xe5,0x27,0xed,0x27,0xed,0xa7,0xe4,0xa7,0xe4,0xa7,0xdc,0xa7,0xdc,0xa7,0xdc,0x86,0xd4,0x66,0xd4,
    0x28,0xcc,0x48,0xd4,0x48,0xcc,0xe7,0xbb,0x08,0xc4,0x47,0x93,0x48,0x8b,0x48,0x8b,0x48,0x8b,0x28,0x83,0x08,0x83,0x28,0x7b,0x08,0x73,0x28,0x7b,0x08,0x7b,0x28,0x7b,
    0x29,0x83,0x29,0x83,0x29,0x7b,0x29,0x83,0x29,0x83,0x29,0x83,0x09,0x83,0x29,0x83,0xe8,0x7a,0x08,0x7b,0x88,0xa3,0x47,0xab,0x87,0xab,0x08,0xbc,0x88,0xd4,0xa7,0xdc,
    0xa7,0xe4,0xc7,0xe4,0xa7,0xe4,0xa7,0xdc,0xa6,0xdc,0x88,0xfd,0xe8,0x9b,0x25,0x11,0xa7,0x4a,0xa5,0x42,0x65,0x3a,0x85,0x42,0xe6,0x4a,0xe6,0x4a,0xc6,0x4a,0x68,0x63,
    0x46,0x63,0x47,0x63,0x67,0x63,0x47,0x63,0x67,0x63,0x46,0x5b,0x06,0x32,0xa4,0x21,0xc5,0x29,0xa3,0x08,0x87,0x62,0xe9,0x82,0xc8,0x7a,0xc8,0x7a,0xc8,0x7a,0xc8,0x7a,
    0x8b,0x93,0x0b,0xa4,0xab,0x93,0xe9,0x7a,0xa8,0x72,0x87,0x72,0xe9,0x7a,0x4d,0xac,0x2c,0xac,0x2d,0xa4,0xc9,0x72,0x88,0x6a,0x2d,0xa4,0x4a,0x7b,0x47,0x5a,0x06,0x4a,
    0x07,0x4a,0x06,0x4a,0x07,0x52,0x07,0x52,0x07,0x52,0x07,0x4a,0x07,0x4a,0x27,0x52,0xe7,0x49,0x24,0x21,0x65,0x21,0x87,0x42,0xa7,0x42,0x28,0x53,0x27,0x53,0x27,0x53,
    0x27,0x53,0x28,0x5b,0x48,0x5b,0x48,0x5b,0x47,0x5b,0x48,0x5b,0x47,0x5b,0x47,0x53,0x48,0x5b,0x28,0x5b,0x28,0x53,0x47,0x53,0x27,0x53,0x28,0x53,0x28,0x53,0x28,0x53,
    0x28,0x53,0x28,0x53,0x47,0x53,0x47,0x53,0x27,0x53,0x47,0x53,0x27,0x53,0x28,0x53,0x07,0x53,0x07,0x53,0x27,0x53,0x07,0x53,0x66,0x42,0xa6,0x42,0xa7,0x42,0x66,0x3a,
    0x66,0x3a,0x46,0x32,0x63,0x19,0xc4,0x08,0x49,0xf5,0xe7,0xec,0x07,0xed,0x08,0xed,0x09,0xed,0x47,0xd4,0x26,0xd4,0x06,0xd4,0xc5,0xc3,0xe7,0xcb,0x24,0xab,0x63,0x82,
    0x04,0x72,0xe3,0x10,0x24,0x19,0xe3,0x10,0xe3,0x10,0xe3,0x10,0x24,0x19,0x24,0x11,0xe3,0x08,0x03,0x11,0x04,0x11,0x04,0x11,0x04,0x11,0x04,0x11,0x04,0x11,0x04,0x11,
    0x04,0x11,0x04,0x11,0x04,0x11,0x04,0x11,0xe3,0x10,0x03,0x11,0xe3,0x08,0x04,0x11,0x04,0x11,0x04,0x11,0x04,0x11,0x04,0x09,0x04,0x11,0x04,0x11,0x04,0x11,0x04,0x11,
    0x04,0x11,0x04,0x11,0x04,0x11,0x04,0x11,0x24,0x11,0x04,0x11,0x03,0x11,0x04,0x11,0x04,0x11,0x03,0x11,0xe4,0x08,0x04,0x09,0x04,0x09,0xe3,0x08,0x04,0x09,0x04,0x09,
    0x04,0x09,0x04,0x11,0x24,0x11,0x04,0x11,0x04,0x09,0x04,0x11,0x04,0x11,0xe4,0x10,0xc3,0x08,0xe3,0x08,0xe3,0x10,0xc5,0x49,0x45,0x6a,0xc9,0xab,0xa8,0xab,0x13,0xd6,
    0x54,0xd6,0x34,0xd6,0x34,0xd6,0x54,0xde,0x54,0xde,0x54,0xde,0x54,0xde,0x54,0xde,0x54,0xde,0x53,0xde,0x53,0xde,0xef,0xdd,0x2a,0xed,0x08,0xe5,0x08,0xed,0xc7,0xe4,
    0xc8,0xe4,0xc8,0xe4,0xe8,0xe4,0xc8,0xe4,0xc8,0xdc,0xa7,0xdc,0xc8,0xdc,0xc8,0xec,0x08,0xed,0xe8,0xe4,0xe8,0xe4,0xa7,0xdc,0xa8,0xd4,0x88,0xcc,0x89,0xcc,0x89,0xcc,
    0x69,0xcc,0x69,0xcc,0x49,0xbc,0x29,0xbc,0x29,0xc4,0x49,0xc4,0x4a,0xc4,0x4a,0xc4,0x4a,0xc4,0x2a,0xbc,0x29,0xbc,0x29,0xbc,0x29,0xbc,0x29,0xbc,0x29,0xbc,0x29,0xbc,
    0x09,0xbc,0xe8,0xbb,0xe8,0xbb,0x28,0xcc,0x68,0xd4,0xa8,0xdc,0xc7,0xe4,0xa7,0xdc,0xc8,0xdc,0xc8,0xdc,0xc8,0xe4,0xe8,0xec,0x07,0xbc,0x45,0x6a,0xa2,0x10,0xa2,0x08,
    0x67,0x3a,0x86,0x42,0x86,0x42,0x86,0x42,0x45,0x3a,0xc6,0x4a,0xe6,0x4a,0xa5,0x4a,0x27,0x5b,0x67,0x63,0x67,0x63,0x67,0x63,0xc7,0x42,0x46,0x3a,0x66,0x3a,0x64,0x21,
    0xa2,0x10,0x60,0x08,0xc9,0x7a,0xc8,0x7a,0xc8,0x7a,0x09,0x7b,0xc8,0x7a,0xe7,0x82,0x8a,0x93,0x0c,0xa4,0xc8,0x7a,0x87,0x72,0xa7,0x72,0xab,0x93,0x2c,0xa4,0x4d,0xac,
    0x2d,0x9c,0xc9,0x72,0xa8,0x6a,0x87,0x6a,0x47,0x62,0x27,0x52,0xe6,0x49,0xe6,0x49,0xe7,0x49,0xe6,0x49,0xc6,0x49,0xc6,0x41,0x07,0x4a,0x07,0x4a,0xe7,0x49,0x65,0x31,
    0xc3,0x10,0x87,0x42,0xc7,0x4a,0x07,0x53,0x27,0x53,0x27,0x53,0x28,0x5b,0x28,0x5b,0x27,0x5b,0x27,0x5b,0x28,0x5b,0x47,0x5b,0x27,0x53,0x27,0x53,0x28,0x5b,0x28,0x5b,
    0x48,0x5b,0x48,0x5b,0x48,0x5b,0x28,0x5b,0x27,0x53,0x48,0x53,0x27,0x53,0x27,0x53,0x27,0x53,0x27,0x53,0x27,0x53,0x27,0x53,0x27,0x53,0x27,0x53,0x27,0x53,0x28,0x53,
    0xa7,0x42,0x86,0x42,0x46,0x3a,0x66,0x3a,0x66,0x3a,0x46,0x3a,0x25,0x32,0x25,0x32,0x64,0x19,0xc3,0x08,0xea,0xec,0x68,0xdc,0x09,0xed,0x08,0xed,0x09,0xed,0xa7,0xdc,
    0xa7,0xdc,0x87,0xdc,0x87,0xdc,0x67,0xd4,0xc5,0xbb,0x65,0xa3,0x45,0x9b,0xa2,0x41,0xc4,0x39,0x04,0x42,0xe4,0x41,0xe4,0x41,0xe4,0x41,0xe4,0x41,0x04,0x4a,0x04,0x4a,
    0x25,0x52,0x25,0x4a,0xe5,0x41,0x05,0x4a,0xe5,0x41,0x05,0x4a,0x05,0x4a,0xe5,0x41,0xe5,0x41,0xe4,0x41,0xc4,0x41,0xc4,0x41,0xc4,0x39,0xc4,0x41,0xc4,0x41,0xe5,0x41,
    0xc4,0x41,0xe4,0x41,0xc4,0x41,0xc4,0x41,0xe5,0x41,0xe5,0x41,0xe5,0x41,0xe5,0x49,0xc5,0x41,0xc5,0x41,0xa4,0x41,0xa4,0x41,0xc5,0x41,0xc5,0x41,0xe5,0x41,0xe5,0x41,
    0x05,0x42,0xe5,0x41,0xe5,0x41,0xe5,0x41,0xc4,0x41,0xe5,0x41,0xe5,0x41,0xc5,0x41,0xc4,0x39,0xc4,0x39,0xa4,0x39,0x83,0x31,0x63,0x31,0xa4,0x39,0xa4,0x39,0xa4,0x39,
    0xa4,0x39,0xc7,0x72,0x86,0x7a,0xa9,0xab,0xe9,0xab,0x34,0xd6,0x54,0xd6,0x34,0xd6,0x34,0xd6,0x54,0xde,0x54,0xde,0x54,0xde,0x54,0xde,0x54,0xde,0x54,0xde,0x53,0xde,
    0x53,0xde,0x10,0xe6,0x69,0xed,0x28,0xed,0x28,0xed,0x48,0xf5,0x48,0xf5,0x28,0xf5,0x28,0xf5,0x28,0xf5,0x48,0xf5,0x28,0xf5,0x28,0xf5,0x28,0xf5,0x28,0xf5,0x28,0xf5,
    0x28,0xf5,0x28,0xed,0x28,0xed,0x28,0xed,0x49,0xed,0x28,0xed,0xc8,0xdc,0xc9,0xdc,0xc9,0xd4,0xc9,0xdc,0xc9,0xdc,0xa9,0xd4,0xa9,0xd4,0xa9,0xd4,0xa9,0xd4,0xc9,0xd4,
    0xa9,0xd4,0xaa,0xd4,0x89,0xcc,0xaa,0xd4,0xca,0xd4,0xaa,0xcc,0xa9,0xcc,0xa9,0xcc,0xe9,0xdc,0xc8,0xe4,0xe8,0xec,0x08,0xed,0x48,0xf5,0x08,0xf5,0x28,0xf5,0x28,0xed,
    0x28,0xed,0x68,0xd4,0x66,0xa3,0x05,0x62,0xa1,0x10,0xe2,0x08,0xe6,0x42,0x86,0x3a,0x85,0x42,0x65,0x3a,0x66,0x3a,0x86,0x3a,0x86,0x3a,0x66,0x3a,0x07,0x53,0x68,0x63,
    0x67,0x63,0x68,0x63,0x68,0x63,0x68,0x63,0x28,0x53,0x26,0x32,0xc2,0x08,0xa3,0x08,0xa2,0x10,0xa1,0x08,0x02,0x21,0x66,0x7a,0xa5,0x39,0xe9,0x7a,0x8a,0x93,0x8a,0x93,
    0xc8,0x72,0x87,0x72,0xa7,0x72,0x87,0x6a,0xab,0x93,0x0c,0x9c,0x6e,0xac,0xa7,0x6a,0xa8,0x6a,0x88,0x72,0x87,0x6a,0x88,0x62,0xe6,0x51,0xe6,0x49,0xe6,0x49,0xe6,0x49,
    0xc6,0x41,0xa5,0x39,0x82,0x08,0xa2,0x08,0xa2,0x08,0xa2,0x08,0xe3,0x10,0xa7,0x4a,0xe7,0x4a,0x28,0x53,0x48,0x5b,0x48,0x5b,0x48,0x5b,0x48,0x5b,0x48,0x5b,0x48,0x5b,
    0x48,0x5b,0x68,0x5b,0x48,0x5b,0x48,0x5b,0x48,0x5b,0x28,0x5b,0x48,0x5b,0x28,0x53,0x48,0x5b,0x28,0x53,0x28,0x5b,0x28,0x53,0x28,0x53,0x28,0x53,0x28,0x53,0x28,0x53,
    0x28,0x53,0x28,0x53,0x28,0x53,0x28,0x5b,0x28,0x53,0x08,0x53,0x66,0x3a,0x26,0x32,0x46,0x32,0x45,0x32,0x45,0x32,0x45,0x32,0x66,0x3a,0x64,0x19,0xe4,0x10,0x04,0x09,
    0x49,0xc4,0xe7,0xbb,0x49,0xf5,0xe8,0xec,0xc7,0xe4,0xe8,0xec,0xe8,0xec,0xe8,0xec,0xc8,0xe4,0xc8,0xec,0xe9,0xec,0xe8,0xec,0x08,0xe5,0x08,0xed,0xe7,0xec,0xc7,0xe4,
    0xe7,0xec,0x48,0xf5,0x27,0xed,0x27,0xed,0x27,0xed,0x27,0xed,0x07,0xed,0x08,0xe5,0xc8,0xe4,0xc8,0xe4,0xa8,0xdc,0xe8,0xe4,0xe9,0xe4,0xe9,0xe4,0xe8,0xdc,0xe8,0xdc,
    0xc8,0xdc,0xc8,0xdc,0xa8,0xdc,0xa9,0xdc,0x89,0xdc,0x68,0xd4,0x48,0xd4,0x68,0xd4,0x88,0xd4,0x88,0xd4,0x89,0xd4,0x89,0xd4,0x89,0xd4,0x89,0xd4,0x89,0xd4,0x89,0xd4,
    0x69,0xd4,0x69,0xcc,0x49,0xcc,0x49,0xc4,0x49,0xc4,0x49,0xc4,0x69,0xcc,0x89,0xcc,0x49,0xc4,0x29,0xc4,0x49,0xc4,0x49,0xc4,0x49,0xc4,0x29,0xbc,0x49,0xbc,0x29,0xbc,
    0x29,0xbc,0x49,0xbc,0x49,0xbc,0x49,0xbc,0x49,0xbc,0x49,0xc4,0x49,0xc4,0x29,0xbc,0x4a,0xc4,0x4a,0xc4,0x4a,0xc4,0x54,0xde,0x34,0xd6,0x34,0xd6,0x54,0xd6,0x54,0xde,
    0x54,0xde,0x54,0xde,0x54,0xde,0x54,0xde,0x54,0xde,0x54,0xde,0x54,0xde,0x90,0xcd,0x48,0x93,0xc7,0x8a,0xc6,0x8a,0xc6,0x8a,0xe6,0x82,0xe6,0x8a,0xc6,0x82,0x45,0x72,
    0x25,0x6a,0x05,0x6a,0x05,0x62,0x25,0x6a,0x45,0x62,0x25,0x6a,0x25,0x62,0x25,0x6a,0x25,0x6a,0x25,0x6a,0x25,0x6a,0x25,0x6a,0x07,0x8b,0xe6,0x8a,0xe6,0x8a,0xe6,0x8a,
    0xe6,0x8a,0xe6,0x8a,0xc6,0x8a,0xe6,0x8a,0x07,0x8b,0xe6,0x8a,0xa6,0x82,0x25,0x6a,0x25,0x6a,0x25,0x62,0x25,0x62,0x25,0x6a,0x25,0x6a,0x45,0x6a,0x25,0x6a,0x25,0x6a,
    0x25,0x6a,0x25,0x62,0x24,0x6a,0xe6,0x8a,0xe6,0x8a,0xe6,0x8a,0xe6,0x8a,0xe6,0x8a,0xc7,0x8a,0xe6,0x8a,0x24,0x72,0x25,0x62,0xe3,0x10,0x24,0x19,0x23,0x11,0x23,0x11,
    0x04,0x11,0x24,0x11,0x46,0x3a,0x66,0x3a,0x87,0x42,0x86,0x42,0x86,0x3a,0x86,0x3a,0x86,0x3a,0x86,0x3a,0xa6,0x42,0x86,0x42,0x66,0x3a,0xa1,0x08,0xa2,0x08,0xc3,0x08,
    0x82,0x08,0xa8,0x72,0x84,0x39,0xa2,0x08,0x82,0x08,0xa5,0x39,0x09,0x7b,0xc8,0x72,0xc8,0x72,0x87,0x6a,0x6a,0x8b,0xab,0x93,0x4d,0xa4,0x2a,0x83,0x67,0x62,0x87,0x6a,
    0xa8,0x72,0xa7,0x72,0x68,0x62,0x27,0x52,0xc6,0x49,0xe7,0x41,0x07,0x4a,0xc6,0x41,0xe3,0x18,0xc2,0x10,0xc2,0x08,0x44,0x19,0x46,0x32,0x86,0x42,0xa7,0x42,0x86,0x3a,
    0x66,0x3a,0x66,0x3a,0x66,0x3a,0x66,0x3a,0x66,0x3a,0x66,0x3a,0x86,0x3a,0x86,0x3a,0x86,0x3a,0x87,0x3a,0x67,0x42,0x66,0x3a,0x66,0x3a,0x66,0x3a,0x46,0x3a,0x66,0x3a,
    0x66,0x3a,0x86,0x3a,0x86,0x3a,0x66,0x3a,0x66,0x3a,0x66,0x3a,0x46,0x3a,0x66,0x3a,0x66,0x3a,0x66,0x3a,0x46,0x3a,0x46,0x3a,0x66,0x3a,0x66,0x3a,0xc1,0x08,0xe2,0x08,
    0x03,0x11,0x03,0x11,0xe3,0x08,0xe4,0x10,0xa5,0x41,0x65,0x72,0xc6,0x8a,0xe7,0x8a,0xe6,0x8a,0xc6,0x8a,0xc6,0x8a,0xc6,0x82,0xc6,0x82,0xc6,0x82,0xe6,0x8a,0xc6,0x8a,
    0xe6,0x8a,0xc6,0x8a,0xc6,0x8a,0xe6,0x82,0xc6,0x82,0xc6,0x82,0xc7,0x8a,0xe7,0x8a,0x65,0x72,0x25,0x62,0x05,0x62,0x04,0x62,0x04,0x62,0x05,0x62,0x05,0x62,0x25,0x62,
    0x25,0x62,0x25,0x62,0x25,0x62,0x05,0x62,0x25,0x6a,0x25,0x6a,0x25,0x6a,0x25,0x6a,0x25,0x6a,0x25,0x62,0x25,0x62,0x05,0x62,0xa6,0x82,0xc6,0x82,0xc6,0x82,0xc6,0x8a,
    0xc6,0x8a,0xa6,0x82,0xc6,0x82,0xc6,0x82,0xc6,0x8a,0xc6,0x8a,0xc6,0x82,0xc6,0x8a,0xe6,0x8a,0xe6,0x8a,0xe6,0x8a,0xc7,0x82,0xe4,0x59,0xe4,0x59,0xe4,0x59,0x04,0x62,
    0xe5,0x59,0x05,0x62,0x05,0x62,0x05,0x5a,0x05,0x5a,0x05,0x5a,0x46,0x6a,0x45,0x6a,0xc6,0x7a,0xc6,0x82,0xe6,0x82,0xe6,0x82,0xc6,0x82,0xc6,0x82,0xe6,0x82,0xc6,0x82,
    0xe6,0x82,0x54,0xd6,0x34,0xd6,0x34,0xd6,0x54,0xd6,0x54,0xde,0x54,0xde,0x54,0xde,0x54,0xde,0x54,0xde,0x54,0xde,0x54,0xd6,0x54,0xd6,0x90,0xcd,0x48,0x93,0xc6,0x8a,
    0xc6,0x8a,0xc6,0x8a,0xc6,0x8a,0xe6,0x82,0x85,0x7a,0x65,0x72,0x24,0x6a,0x25,0x62,0x25,0x6a,0x45,0x6a,0x45,0x6a,0x25,0x6a,0x24,0x6a,0x24,0x62,0x24,0x62,0x25,0x6a,
    0x25,0x6a,0x25,0x6a,0xe7,0x8a,0xe6,0x8a,0xe6,0x8a,0xe6,0x8a,0xe6,0x8a,0xc6,0x8a,0xe6,0x8a,0xe6,0x8a,0xe6,0x8a,0x07,0x8b,0xc6,0x82,0x25,0x62,0x25,0x62,0x45,0x6a,
    0x25,0x6a,0x25,0x6a,0x25,0x6a,0x25,0x62,0x25,0x6a,0x25,0x6a,0x05,0x62,0x25,0x62,0x24,0x6a,0xe6,0x8a,0xe6,0x8a,0xe6,0x8a,0xe6,0x8a,0xe6,0x8a,0xe6,0x8a,0xe6,0x8a,
    0x44,0x72,0x45,0x72,0x03,0x09,0xe3,0x10,0xe3,0x10,0x03,0x11,0x23,0x19,0x03,0x19,0x87,0x3a,0x87,0x3a,0xa7,0x42,0xa7,0x42,0xa8,0x42,0xa7,0x42,0xa8,0x42,0xa8,0x42,
    0xa8,0x42,0xa8,0x42,0xa7,0x42,0x25,0x32,0xe5,0x29,0xa5,0x21,0xe3,0x08,0xa2,0x08,0xc3,0x08,0xc3,0x08,0x24,0x11,0xc3,0x08,0x81,0x10,0xc8,0x7a,0xa7,0x72,0xa7,0x72,
    0x40,0x00,0x85,0x31,0xe9,0x72,0xc8,0x7a,0x67,0x6a,0x26,0x5a,0x06,0x5a,0x67,0x5a,0xa8,0x6a,0x27,0x52,0xe7,0x49,0x85,0x31,0xc3,0x08,0xa2,0x08,0xc3,0x08,0xc2,0x08,
    0x06,0x2a,0x06,0x32,0x87,0x3a,0x87,0x3a,0xa7,0x42,0xa7,0x42,0x87,0x42,0x87,0x3a,0x87,0x3a,0x87,0x3a,0x87,0x3a,0x87,0x3a,0x87,0x3a,0xa7,0x42,0xa7,0x3a,0xa7,0x3a,
    0xa7,0x3a,0x87,0x3a,0x87,0x3a,0x87,0x42,0x87,0x3a,0x87,0x3a,0x67,0x3a,0x67,0x3a,0x67,0x3a,0x87,0x3a,0x67,0x3a,0x67,0x3a,0x67,0x3a,0x67,0x3a,0x87,0x3a,0x67,0x3a,
    0x67,0x3a,0x67,0x3a,0x66,0x3a,0x87,0x3a,0xc3,0x18,0xe3,0x10,0xe2,0x10,0xe3,0x10,0x04,0x11,0xe3,0x10,0x83,0x41,0x45,0x72,0xe6,0x8a,0xe6,0x8a,0xe6,0x8a,0xc6,0x8a,
    0xc6,0x8a,0xc6,0x82,0xc6,0x8a,0xe6,0x8a,0xe6,0x8a,0xe6,0x8a,0xe6,0x8a,0xe6,0x8a,0xe6,0x8a,0xe6,0x8a,0xe6,0x82,0xc6,0x8a,0xe6,0x8a,0xe6,0x8a,0x45,0x72,0x25,0x62,
    0x05,0x62,0x25,0x6a,0x25,0x6a,0x25,0x6a,0x25,0x6a,0x25,0x6a,0x25,0x6a,0x45,0x6a,0x45,0x6a,0x25,0x6a,0x25,0x6a,0x25,0x6a,0x25,0x6a,0x25,0x6a,0x25,0x6a,0x25,0x6a,
    0x25,0x6a,0x25,0x6a,0xc6,0x82,0xe6,0x8a,0xe7,0x8a,0xe7,0x8a,0xe7,0x8a,0xc6,0x8a,0xe7,0x8a,0xc6,0x8a,0xe6,0x8a,0xe6,0x8a,0xe6,0x8a,0xe6,0x8a,0xe6,0x8a,0xe6,0x8a,
    0xc6,0x8a,0xe7,0x82,0x05,0x62,0x05,0x62,0x25,0x62,0x25,0x62,0x04,0x62,0x05,0x62,0x05,0x62,0x04,0x62,0x04,0x62,0x25,0x6a,0x46,0x72,0x45,0x72,0xa6,0x82,0xc6,0x82,
    0xc6,0x82,0xc6,0x82,0xc7,0x82,0xe7,0x8a,0xe6,0x8a,0xc6,0x82,0xc6,0x82,0x54,0xde,0x54,0xd6,0x54,0xd6,0x54,0xd6,0x54,0xde,0x54,0xde,0x54,0xde,0x54,0xde,0x54,0xde,
    0x54,0xde,0x54,0xd6,0x54,0xd6,0x91,0xcd,0x48,0x93,0xc6,0x8a,0xc6,0x8a,0xc6,0x8a,0xc6,0x8a,0xe6,0x82,0xc6,0x8a,0xc6,0x8a,0xe6,0x8a,0xe6,0x8a,0x06,0x8b,0xe6,0x8a,
    0xe6,0x8a,0xe6,0x8a,0xc6,0x8a,0xc6,0x8a,0xe6,0x8a,0xe6,0x8a,0xc6,0x8a,0xe6,0x8a,0xe6,0x8a,0xe6,0x8a,0xe6,0x8a,0xe6,0x8a,0xe6,0x8a,0xc6,0x8a,0xe6,0x8a,0xe6,0x8a,
    0xe6,0x8a,0xe6,0x8a,0xe6,0x8a,0xe6,0x8a,0xc6,0x8a,0xc6,0x8a,0xe6,0x8a,0xc6,0x8a,0xc6,0x8a,0xc6,0x82,0xc6,0x82,0xc5,0x82,0xc6,0x8a,0xc5,0x82,0xa5,0x82,0xe6,0x8a,
    0xc6,0x8a,0xc6,0x8a,0xc6,0x8a,0xe6,0x8a,0xc6,0x8a,0xa5,0x82,0xc6,0x8a,0xc6,0x82,0xc5,0x82,0xe6,0x82,0xe5,0x59,0xe4,0x59,0xe5,0x59,0xe4,0x59,0x05,0x11,0x04,0x11,
    0x04,0x11,0x04,0x11,0x04,0x11,0x04,0x11,0x04,0x11,0x04,0x11,0x04,0x11,0x24,0x11,0x24,0x11,0x04,0x11,0x04,0x11,0x04,0x11,0xe3,0x10,0xe3,0x08,0xc3,0x08,0xe3,0x10,
    0x44,0x11,0x24,0x11,0xc3,0x08,0x44,0x29,0x27,0x5a,0x47,0x5a,0xc3,0x10,0xe3,0x10,0xa2,0x10,0x68,0x5a,0x47,0x5a,0x46,0x62,0x43,0x31,0xc3,0x08,0xe4,0x10,0xc3,0x08,
    0xc3,0x08,0xa2,0x08,0xe4,0x10,0x04,0x11,0x04,0x11,0xe3,0x10,0x25,0x19,0x04,0x11,0x24,0x11,0x04,0x11,0x25,0x11,0x25,0x11,0x05,0x11,0x25,0x11,0x04,0x11,0x05,0x11,
    0x24,0x11,0x04,0x11,0x05,0x11,0x25,0x11,0x04,0x11,0x04,0x11,0x24,0x11,0x04,0x11,0x04,0x11,0x04,0x11,0x04,0x11,0x04,0x11,0x04,0x11,0x04,0x11,0x04,0x11,0x04,0x11,
    0x04,0x11,0x24,0x11,0x04,0x11,0x04,0x11,0x04,0x11,0xe4,0x10,0x04,0x11,0x04,0x11,0x04,0x11,0x25,0x11,0x06,0x62,0x05,0x5a,0xe4,0x59,0xe4,0x59,0xe4,0x59,0x45,0x72,
    0x85,0x82,0xe7,0x8a,0xc6,0x8a,0xe6,0x8a,0xe6,0x8a,0xe6,0x8a,0xe6,0x8a,0xe6,0x8a,0xe6,0x8a,0xe6,0x8a,0xe6,0x8a,0xe6,0x8a,0xe6,0x8a,0xe6,0x8a,0xe6,0x8a,0xe6,0x8a,
    0xc6,0x8a,0xe6,0x8a,0xe6,0x8a,0xe6,0x8a,0xe6,0x8a,0xc6,0x82,0xe6,0x8a,0xe6,0x8a,0xe6,0x8a,0xe6,0x8a,0xe6,0x8a,0x06,0x8b,0x06,0x8b,0xe6,0x8a,0xe6,0x8a,0xc6,0x8a,
    0xc6,0x8a,0xc6,0x8a,0xe6,0x8a,0xe6,0x8a,0xc6,0x8a,0xc6,0x8a,0xa6,0x82,0xe6,0x8a,0xc6,0x8a,0xc6,0x8a,0xe6,0x8a,0xe6,0x8a,0xe6,0x8a,0xe6,0x8a,0xc6,0x8a,0xc6,0x8a,
    0xc6,0x8a,0xe6,0x8a,0xe6,0x8a,0xe6,0x8a,0xe6,0x8a,0xe6,0x8a,0xc6,0x82,0xc6,0x82,0xe6,0x8a,0xc6,0x8a,0xc6,0x8a,0xe6,0x8a,0xe6,0x8a,0xe6,0x8a,0xe6,0x8a,0xe6,0x8a,
    0xe6,0x8a,0xc6,0x8a,0xe6,0x8a,0xc6,0x82,0xc6,0x82,0xc6,0x82,0xc6,0x82,0xc6,0x82,0xc6,0x82,0xc6,0x82,0xc6,0x82,0xc6,0x82,0xc6,0x82,0x54,0xde,0x54,0xd6,0x54,0xd6,
    0x54,0xd6,0x54,0xde,0x54,0xde,0x54,0xde,0x54,0xde,0x54,0xde,0x54,0xde,0x54,0xd6,0x54,0xd6,0x70,0xc5,0x48,0x93,0xe6,0x8a,0xe6,0x8a,0xe6,0x8a,0xe6,0x8a,0xe6,0x8a,
    0xe6,0x8a,0xe6,0x8a,0xe6,0x8a,0xe6,0x8a,0xe6,0x8a,0xe6,0x8a,0xe6,0x8a,0xe6,0x8a,0xe6,0x8a,0xe6,0x8a,0xe6,0x8a,0x06,0x8b,0xe6,0x8a,0x06,0x8b,0xe6,0x8a,0xe6,0x8a,
    0xe6,0x8a,0xe6,0x8a,0xe6,0x8a,0xe6,0x8a,0xe6,0x8a,0xe6,0x8a,0xe6,0x8a,0xe6,0x8a,0xe6,0x8a,0xe6,0x8a,0xe6,0x8a,0xe6,0x8a,0xe6,0x8a,0xe6,0x8a,0xe6,0x8a,0xe6,0x8a,
    0xe6,0x8a,0xc6,0x82,0xa6,0x82,0xa6,0x82,0xa6,0x82,0xa6,0x82,0xa6,0x82,0xa6,0x82,0xa6,0x82,0xa6,0x82,0xa6,0x82,0xc6,0x82,0x07,0x93,0xe6,0x8a,0xc6,0x82,0xe6,0x8a,
    0x04,0x62,0x04,0x62,0xe5,0x61,0x04,0x62,0x23,0x29,0x23,0x29,0x23,0x29,0x64,0x31,0x64,0x31,0x64,0x31,0x64,0x31,0x64,0x31,0x84,0x31,0x84,0x31,0x84,0x31,0xa5,0x31,
    0x85,0x31,0x84,0x31,0x64,0x31,0x44,0x29,0x64,0x29,0x64,0x29,0x64,0x31,0x64,0x31,0x23,0x29,0x03,0x21,0xc3,0x08,0xc3,0x08,0x04,0x11,0xe3,0x10,0x03,0x19,0xc2,0x10,
    0xe3,0x18,0x43,0x31,0x43,0x31,0x03,0x21,0x03,0x21,0xe3,0x18,0xe3,0x18,0x03,0x19,0x84,0x31,0x84,0x29,0x84,0x29,0x84,0x31,0x64,0x31,0x64,0x31,0x43,0x29,0x43,0x29,
    0x43,0x29,0x24,0x29,0x64,0x29,0x64,0x29,0x64,0x31,0x64,0x31,0x84,0x31,0x64,0x31,0x64,0x31,0x64,0x31,0x64,0x31,0x64,0x31,0x64,0x31,0x64,0x31,0x64,0x29,0x64,0x29,
    0x64,0x29,0x64,0x29,0x64,0x29,0x23,0x21,0x43,0x21,0x43,0x29,0x43,0x29,0x44,0x31,0x44,0x29,0x43,0x29,0x64,0x31,0x44,0x31,0x44,0x31,0x64,0x31,0x44,0x31,0x64,0x29,
    0x25,0x62,0x25,0x62,0x04,0x62,0x25,0x6a,0x44,0x6a,0x85,0x7a,0xc5,0x82,0xc6,0x8a,0xe6,0x8a,0xe6,0x8a,0xe6,0x8a,0xe6,0x8a,0xe6,0x8a,0xe6,0x8a,0x65,0x7a,0xc6,0x82,
    0xa6,0x82,0xa6,0x82,0xc6,0x82,0xc6,0x82,0xa6,0x82,0xc6,0x82,0xe6,0x8a,0xe6,0x82,0xe6,0x8a,0xe6,0x8a,0x06,0x8b,0x06,0x8b,0xe6,0x8a,0xe6,0x8a,0xe6,0x8a,0xe6,0x8a,
    0xe6,0x8a,0xe6,0x8a,0xe6,0x8a,0xe6,0x8a,0xe6,0x8a,0xe6,0x8a,0xe6,0x8a,0xe6,0x8a,0xe6,0x8a,0xe6,0x8a,0xe7,0x8a,0x86,0x7a,0x86,0x7a,0x66,0x7a,0x86,0x7a,0x86,0x7a,
    0x86,0x7a,0xa6,0x7a,0xa6,0x82,0x86,0x82,0x65,0x82,0xc6,0x8a,0xe6,0x8a,0xe6,0x8a,0xe6,0x8a,0xe6,0x8a,0xc6,0x8a,0xe6,0x8a,0xc6,0x8a,0xc6,0x82,0xe6,0x8a,0xe6,0x8a,
    0xe6,0x8a,0xe6,0x8a,0xe6,0x8a,0xe6,0x8a,0xe6,0x8a,0xe6,0x8a,0xe6,0x8a,0xe6,0x8a,0xe6,0x8a,0xe6,0x82,0xe6,0x8a,0xe6,0x8a,0xc6,0x8a,0xc6,0x82,0xc6,0x82,0xc6,0x82,
    0xc6,0x82,0xe6,0x8a,0xc6,0x82,0x54,0xde,0x54,0xd6,0x54,0xd6,0x54,0xd6,0x54,0xde,0x54,0xde,0x54,0xde,0x54,0xde,0x54,0xde,0x54,0xde,0x54,0xd6,0x54,0xd6,0x70,0xc5,
    0x68,0x93,0xe6,0x8a,0xe6,0x8a,0xe6,0x8a,0xe6,0x8a,0xe6,0x8a,0x06,0x8b,0x06,0x8b,0x06,0x8b,0xe6,0x8a,0xe6,0x8a,0xe6,0x8a,0xe6,0x8a,0xe6,0x8a,0xe6,0x8a,0xe6,0x8a,
    0x06,0x8b,0x06,0x8b,0x06,0x8b,0x06,0x8b,0x06,0x8b,0xe6,0x8a,0xe6,0x8a,0xe6,0x8a,0xe6,0x8a,0xe6,0x8a,0xe6,0x8a,0xe6,0x8a,0xe6,0x8a,0xe6,0x8a,0xe6,0x8a,0xe6,0x8a,
    0xe6,0x8a,0xe6,0x8a,0xe6,0x8a,0xe6,0x8a,0xc6,0x8a,0xc6,0x82,0xc6,0x8a,0x86,0x7a,0x05,0x62,0x25,0x6a,0x25,0x62,0x05,0x62,0x25,0x62,0x25,0x62,0x25,0x62,0x25,0x6a,
    0x25,0x62,0x05,0x62,0xe7,0x82,0xc5,0x82,0xe6,0x8a,0xe6,0x8a,0xa6,0x82,0xa6,0x82,0x85,0x7a,0x24,0x72,0x25,0x6a,0x04,0x62,0x05,0x62,0x05,0x62,0x04,0x62,0x05,0x62,
    0x25,0x62,0x05,0x62,0x04,0x62,0x04,0x62,0x04,0x62,0x25,0x6a,0x25,0x6a,0x24,0x62,0x25,0x62,0x04,0x62,0x25,0x6a,0x05,0x62,0x25,0x62,0xe5,0x59,0xa3,0x51,0xc4,0x59,
    0xe5,0x59,0x23,0x29,0xe6,0x49,0xc4,0x51,0x83,0x49,0xa4,0x51,0xa4,0x41,0xc5,0x49,0xa5,0x41,0xc4,0x51,0xc4,0x59,0xc5,0x51,0xa4,0x49,0xe5,0x51,0x05,0x5a,0x05,0x62,
    0x04,0x62,0x04,0x62,0x04,0x62,0x05,0x62,0x24,0x5a,0x04,0x62,0x04,0x62,0x04,0x62,0x04,0x62,0x04,0x62,0x04,0x62,0x05,0x62,0x05,0x62,0x04,0x62,0x04,0x5a,0x05,0x62,
    0x04,0x62,0x04,0x62,0x04,0x62,0x04,0x62,0xe4,0x59,0xe4,0x59,0xe4,0x59,0xe4,0x59,0x04,0x62,0x05,0x5a,0x04,0x5a,0x04,0x62,0x05,0x62,0x05,0x62,0x04,0x62,0x04,0x62,
    0xe4,0x61,0x04,0x62,0x04,0x5a,0x04,0x62,0x04,0x62,0x05,0x62,0x46,0x72,0x65,0x7a,0x65,0x7a,0xc6,0x8a,0xc6,0x8a,0xc6,0x8a,0xc6,0x8a,0xe6,0x8a,0xe6,0x8a,0xe6,0x8a,
    0xe6,0x8a,0xe6,0x8a,0xe6,0x8a,0xe6,0x8a,0xe4,0x59,0x25,0x62,0x05,0x62,0x25,0x62,0x25,0x62,0x25,0x62,0x26,0x6a,0x25,0x6a,0xe5,0x8a,0xe6,0x8a,0xe6,0x8a,0xe6,0x8a,
    0xe6,0x8a,0xe6,0x8a,0xe6,0x8a,0xe6,0x8a,0xe6,0x8a,0xe6,0x8a,0xe6,0x8a,0xe6,0x8a,0xe6,0x8a,0xe6,0x8a,0xe6,0x8a,0xe6,0x8a,0xe6,0x8a,0xe6,0x8a,0xe6,0x8a,0xc6,0x8a,
    0xe6,0x8a,0x04,0x62,0x25,0x62,0x05,0x62,0x05,0x62,0x25,0x62,0x25,0x62,0x25,0x62,0x25,0x62,0x25,0x6a,0x05,0x6a,0xc6,0x82,0xc6,0x8a,0xe6,0x8a,0xe6,0x8a,0xe6,0x8a,
    0xc6,0x8a,0xe6,0x8a,0xe6,0x8a,0xc6,0x8a,0xe6,0x8a,0xe6,0x8a,0xe6,0x8a,0xe6,0x8a,0xe6,0x8a,0xe6,0x8a,0xe6,0x8a,0xe6,0x8a,0xe6,0x8a,0xe6,0x8a,0xe6,0x8a,0xe6,0x8a,
    0xe6,0x8a,0xe6,0x8a,0xe6,0x8a,0xc6,0x8a,0xc6,0x8a,0xe6,0x8a,0xc6,0x82,0xc6,0x82,0xc6,0x82,0x54,0xd6,0x54,0xd6,0x34,0xd6,0x54,0xd6,0x54,0xde,0x54,0xde,0x54,0xde,
    0x54,0xde,0x54,0xde,0x54,0xde,0x54,0xd6,0x54,0xd6,0x50,0xbd,0xe7,0x82,0x45,0x6a,0x24,0x6a,0x45,0x6a,0x25,0x6a,0x45,0x72,0x45,0x72,0x45,0x72,0x45,0x72,0x45,0x6a,
    0x45,0x6a,0x25,0x6a,0x24,0x6a,0x25,0x6a,0x25,0x6a,0x25,0x6a,0x45,0x6a,0x25,0x6a,0x25,0x6a,0x25,0x6a,0x25,0x6a,0x05,0x6a,0x05,0x62,0x05,0x62,0x24,0x6a,0x25,0x6a,
    0x45,0x6a,0x65,0x72,0x65,0x72,0x45,0x72,0x65,0x72,0x65,0x72,0x65,0x7a,0x65,0x7a,0x65,0x72,0x65,0x72,0x45,0x72,0x45,0x72,0x45,0x72,0x25,0x6a,0x45,0x6a,0x66,0x72,
    0x66,0x72,0x46,0x72,0x65,0x72,0x45,0x6a,0x45,0x6a,0x65,0x72,0x46,0x72,0x45,0x6a,0x85,0x72,0x65,0x72,0x25,0x6a,0x24,0x6a,0x24,0x6a,0x24,0x6a,0x45,0x6a,0x45,0x6a,
    0x45,0x6a,0x65,0x6a,0x45,0x6a,0x45,0x6a,0x45,0x6a,0x45,0x6a,0x45,0x72,0x66,0x72,0x86,0x72,0x66,0x72,0x65,0x72,0x66,0x72,0x66,0x72,0x66,0x72,0x65,0x72,0x86,0x72,
    0x65,0x72,0x66,0x72,0x66,0x6a,0x46,0x6a,0x25,0x6a,0x45,0x62,0x25,0x62,0x26,0x62,0x25,0x62,0x25,0x62,0x25,0x62,0x45,0x6a,0x45,0x6a,0x45,0x6a,0x25,0x62,0x45,0x62,
    0x45,0x6a,0x45,0x6a,0x45,0x6a,0x45,0x6a,0x65,0x6a,0x65,0x6a,0x65,0x6a,0x65,0x6a,0x65,0x6a,0x66,0x6a,0x45,0x6a,0x45,0x6a,0x45,0x6a,0x45,0x6a,0x45,0x6a,0x45,0x72,
    0x65,0x72,0x66,0x6a,0x46,0x6a,0x45,0x6a,0x45,0x6a,0x45,0x6a,0x45,0x6a,0x45,0x6a,0x45,0x6a,0x45,0x6a,0x45,0x6a,0x45,0x6a,0x45,0x6a,0x45,0x72,0x46,0x72,0x45,0x72,
    0x45,0x6a,0x65,0x6a,0x65,0x6a,0x65,0x72,0x65,0x72,0x66,0x72,0x66,0x72,0x66,0x6a,0x45,0x6a,0x45,0x6a,0x25,0x6a,0x45,0x6a,0x25,0x6a,0x04,0x62,0x04,0x6a,0x24,0x6a,
    0x25,0x6a,0x24,0x6a,0x04,0x62,0x24,0x6a,0x45,0x72,0x45,0x72,0x45,0x72,0x25,0x6a,0x25,0x6a,0x45,0x72,0x04,0x62,0x25,0x6a,0x45,0x6a,0x46,0x6a,0x66,0x6a,0x66,0x72,
    0x45,0x6a,0x45,0x6a,0x46,0x72,0x24,0x6a,0x24,0x6a,0x45,0x72,0x65,0x72,0x45,0x6a,0x45,0x6a,0x45,0x72,0x45,0x72,0x25,0x72,0x45,0x6a,0x45,0x6a,0x25,0x6a,0x46,0x72,
    0x45,0x72,0x45,0x72,0x45,0x72,0x45,0x72,0x45,0x72,0x45,0x72,0x86,0x72,0x45,0x6a,0x65,0x6a,0x66,0x6a,0x46,0x6a,0x45,0x6a,0x45,0x6a,0x45,0x6a,0x66,0x72,0x66,0x72,
    0x45,0x6a,0x45,0x6a,0x45,0x6a,0x45,0x6a,0x04,0x6a,0x04,0x6a,0x04,0x6a,0x05,0x6a,0x05,0x6a,0x04,0x6a,0x04,0x62,0x04,0x62,0x04,0x62,0x04,0x6a,0x04,0x62,0x05,0x6a,
    0x25,0x6a,0x25,0x6a,0x24,0x6a,0x04,0x62,0x04,0x6a,0x25,0x6a,0x24,0x6a,0x24,0x6a,0x24,0x6a,0x25,0x6a,0x25,0x6a,0x25,0x6a,0x25,0x6a,0x04,0x62,0xe4,0x61,0x34,0xd6,
    0x54,0xd6,0x54,0xd6,0x54,0xd6,0x54,0xde,0x54,0xde,0x54,0xde,0x54,0xde,0x54,0xde,0x54,0xde,0x54,0xd6,0x34,0xd6,0x50,0xbd,0xe8,0x82,0x25,0x6a,0x25,0x6a,0x25,0x6a,
    0x25,0x6a,0x45,0x72,0x45,0x72,0x45,0x6a,0x45,0x6a,0x25,0x6a,0x25,0x6a,0x45,0x72,0x25,0x6a,0x25,0x6a,0x25,0x6a,0x25,0x6a,0x45,0x6a,0x25,0x6a,0x25,0x6a,0x25,0x62,
    0x25,0x62,0x05,0x62,0x05,0x62,0x05,0x62,0x25,0x62,0x46,0x6a,0x25,0x6a,0x46,0x72,0x66,0x7a,0x66,0x7a,0x66,0x72,0x66,0x72,0x66,0x72,0x65,0x72,0x65,0x72,0x66,0x72,
    0x66,0x72,0x66,0x72,0x46,0x72,0x46,0x72,0x25,0x72,0x46,0x72,0x45,0x7a,0x45,0x72,0x45,0x72,0x25,0x72,0x25,0x6a,0x25,0x72,0x45,0x72,0x45,0x72,0x66,0x72,0x46,0x72,
    0x25,0x6a,0x25,0x6a,0x25,0x6a,0x25,0x6a,0x46,0x72,0x46,0x72,0x66,0x72,0x45,0x72,0x45,0x72,0x25,0x72,0x45,0x72,0x45,0x72,0x45,0x72,0x45,0x72,0x65,0x72,0x45,0x72,
    0x45,0x72,0x45,0x72,0x45,0x72,0x65,0x72,0x65,0x72,0x65,0x72,0x45,0x72,0x45,0x72,0x45,0x72,0x45,0x72,0x25,0x6a,0x25,0x6a,0x45,0x6a,0x25,0x6a,0x05,0x6a,0x25,0x6a,
    0x45,0x72,0x45,0x72,0x45,0x72,0x25,0x6a,0x25,0x6a,0x25,0x6a,0x25,0x6a,0x25,0x72,0x25,0x72,0x45,0x72,0x45,0x72,0x46,0x72,0x46,0x72,0x45,0x72,0x45,0x72,0x25,0x72,
    0x25,0x72,0x25,0x72,0x25,0x72,0x25,0x72,0x25,0x72,0x45,0x72,0x45,0x72,0x45,0x72,0x45,0x72,0x45,0x72,0x45,0x72,0x45,0x72,0x45,0x72,0x25,0x72,0x45,0x72,0x25,0x72,
    0x25,0x72,0x25,0x72,0x25,0x6a,0x25,0x72,0x45,0x72,0x46,0x72,0x45,0x72,0x25,0x72,0x45,0x72,0x45,0x72,0x45,0x72,0x45,0x72,0x65,0x72,0x46,0x72,0x45,0x72,0x25,0x6a,
    0x25,0x6a,0x25,0x6a,0x25,0x6a,0x25,0x6a,0x45,0x72,0x45,0x72,0x25,0x6a,0x45,0x72,0x25,0x6a,0x45,0x72,0x46,0x72,0x46,0x72,0x45,0x72,0x45,0x72,0x25,0x6a,0x25,0x6a,
    0x46,0x6a,0x25,0x6a,0x25,0x6a,0x25,0x6a,0x25,0x6a,0x45,0x72,0x45,0x72,0x46,0x72,0x45,0x72,0x46,0x72,0x45,0x72,0x46,0x72,0x45,0x6a,0x46,0x6a,0x66,0x72,0x46,0x72,
    0x46,0x72,0x25,0x6a,0x05,0x6a,0x25,0x72,0x46,0x72,0x46,0x72,0x46,0x72,0x46,0x72,0x46,0x72,0x46,0x72,0x46,0x72,0x46,0x72,0x46,0x72,0x46,0x72,0x66,0x72,0x46,0x72,
    0x46,0x72,0x65,0x72,0x65,0x72,0x46,0x72,0x45,0x72,0x46,0x72,0x46,0x72,0x66,0x72,0x66,0x72,0x66,0x72,0x25,0x62,0x25,0x62,0x25,0x62,0x05,0x62,0x25,0x62,0x05,0x62,
    0x25,0x62,0x25,0x62,0x25,0x62,0x25,0x62,0x25,0x62,0x25,0x62,0x25,0x62,0x25,0x62,0x25,0x6a,0x25,0x6a,0x25,0x6a,0x25,0x6a,0x25,0x6a,0x05,0x6a,0x25,0x6a,0x05,0x6a,
    0x05,0x62,0xe5,0x61,0x05,0x62,0x05,0x62,0x05,0x62,0x55,0xde,0x54,0xd6,0x54,0xd6,0x54,0xd6,0x54,0xde,0x54,0xde,0x54,0xde,0x54,0xde,0x54,0xde,0x54,0xde,0x54,0xd6,
    0x34,0xd6,0x54,0xd6,0x54,0xde,0x95,0xde,0x75,0xd6,0x95,0xde,0x95,0xde,0x95,0xde,0x95,0xde,0x95,0xde,0x95,0xde,0x95,0xde,0x95,0xde,0x95,0xde,0x95,0xde,0x75,0xde,
    0x95,0xde,0x95,0xde,0x95,0xde,0x95,0xde,0x75,0xde,0x75,0xde,0x96,0xde,0x96,0xde,0x96,0xde,0xb6,0xde,0x95,0xde,0x75,0xd6,0xb5,0xde,0x95,0xde,0x95,0xde,0x95,0xde,
    0x95,0xde,0x75,0xde,0x95,0xde,0x95,0xde,0x95,0xde,0x95,0xde,0x95,0xde,0x95,0xde,0x75,0xd6,0x95,0xde,0x95,0xde,0x95,0xde,0x75,0xde,0x75,0xde,0x95,0xde,0x95,0xde,
    0x75,0xde,0x95,0xde,0x95,0xde,0x95,0xde,0x95,0xde,0x75,0xde,0x75,0xde,0x95,0xde,0x95,0xde,0x95,0xde,0x75,0xde,0x75,0xde,0x75,0xde,0x95,0xde,0x95,0xde,0x96,0xde,
    0x96,0xde,0x96,0xde,0x96,0xde,0x96,0xde,0x76,0xde,0x76,0xde,0x96,0xde,0x96,0xde,0x96,0xde,0x96,0xde,0x75,0xde,0x75,0xde,0x76,0xde,0x96,0xde,0x75,0xde,0x75,0xde,
    0x95,0xde,0x96,0xde,0x96,0xde,0x95,0xde,0x75,0xde,0x96,0xde,0x96,0xde,0x96,0xde,0x95,0xde,0x95,0xde,0x75,0xde,0x75,0xde,0x95,0xde,0x95,0xde,0x95,0xde,0x95,0xde,
    0x95,0xde,0x75,0xde,0x75,0xde,0x96,0xde,0x96,0xde,0x75,0xde,0x96,0xde,0x75,0xde,0x95,0xde,0x95,0xde,0x75,0xd6,0x75,0xde,0x75,0xde,0x95,0xde,0x95,0xde,0x96,0xde,
    0x96,0xde,0x95,0xde,0x96,0xde,0xb6,0xde,0xb6,0xde,0xb6,0xde,0xb6,0xde,0x95,0xde,0xb5,0xde,0xb5,0xde,0xb6,0xde,0x95,0xde,0x95,0xde,0x95,0xde,0x75,0xde,0x75,0xde,
    0x75,0xde,0x96,0xde,0x75,0xd6,0x75,0xde,0x75,0xd6,0x75,0xde,0x75,0xde,0x95,0xde,0x95,0xde,0x96,0xde,0x96,0xde,0x96,0xde,0x75,0xde,0x75,0xde,0x75,0xde,0x75,0xde,
    0x75,0xde,0x75,0xd6,0x75,0xd6,0x95,0xde,0x75,0xde,0x95,0xde,0x95,0xde,0x96,0xde,0x96,0xde,0x96,0xde,0x95,0xde,0x95,0xde,0x95,0xde,0x95,0xde,0x95,0xde,0x95,0xde,
    0x96,0xde,0x96,0xde,0x96,0xde,0x75,0xde,0x75,0xde,0x75,0xde,0x75,0xde,0x75,0xd6,0x96,0xde,0x96,0xde,0x96,0xde,0x95,0xde,0x75,0xde,0x75,0xde,0x95,0xde,0x95,0xde,
    0x95,0xde,0x95,0xde,0x95,0xde,0x95,0xde,0x96,0xde,0x96,0xde,0x96,0xde,0x96,0xde,0x75,0xde,0x96,0xde,0x96,0xde,0x75,0xde,0x75,0xde,0x75,0xde,0x96,0xde,0x96,0xde,
    0x75,0xde,0x95,0xde,0x95,0xde,0x95,0xde,0x95,0xde,0x75,0xde,0x75,0xd6,0x75,0xd6,0x75,0xde,0x75,0xde,0x95,0xde,0x75,0xde,0x95,0xde,0x95,0xde,0x95,0xde,0x74,0xd6,
    0x75,0xde,0x95,0xde,0x95,0xde,0x95,0xde,0x75,0xd6,0x75,0xde,0x95,0xde,0x95,0xde,0x75,0xde,0x75,0xde,0x95,0xde,0x14,0xd6,0x55,0xd6,0x54,0xd6,0x54,0xd6,0x54,0xde,
    0x54,0xde,0x54,0xde,0x54,0xde,0x54,0xde,0x54,0xde,0x54,0xd6,0x34,0xd6,0x54,0xd6,0x54,0xd6,0x35,0xd6,0x35,0xd6,0x55,0xd6,0x54,0xd6,0x54,0xd6,0x34,0xd6,0x34,0xd6,
    0x55,0xd6,0x55,0xd6,0x55,0xd6,0x55,0xd6,0x55,0xd6,0x55,0xd6,0x55,0xd6,0x55,0xd6,0x55,0xd6,0x55,0xd6,0x55,0xd6,0x55,0xd6,0x55,0xd6,0x55,0xd6,0x55,0xd6,0x55,0xd6,
    0x34,0xd6,0x55,0xd6,0x34,0xd6,0x34,0xd6,0x35,0xd6,0x34,0xd6,0x55,0xd6,0x35,0xd6,0x55,0xd6,0x55,0xd6,0x55,0xd6,0x55,0xd6,0x55,0xd6,0x55,0xd6,0x54,0xd6,0x54,0xd6,
    0x54,0xd6,0x34,0xd6,0x34,0xd6,0x54,0xd6,0x54,0xd6,0x34,0xd6,0x54,0xd6,0x54,0xd6,0x55,0xd6,0x34,0xd6,0x34,0xd6,0x54,0xd6,0x54,0xd6,0x55,0xd6,0x55,0xd6,0x55,0xd6,
    0x55,0xd6,0x55,0xd6,0x55,0xd6,0x55,0xd6,0x55,0xd6,0x54,0xd6,0x54,0xd6,0x55,0xd6,0x55,0xd6,0x55,0xd6,0x54,0xd6,0x54,0xd6,0x55,0xd6,0x54,0xd6,0x54,0xd6,0x34,0xd6,
    0x34,0xd6,0x55,0xd6,0x55,0xd6,0x54,0xd6,0x54,0xd6,0x54,0xd6,0x54,0xd6,0x54,0xd6,0x54,0xd6,0x55,0xd6,0x34,0xd6,0x34,0xd6,0x54,0xd6,0x54,0xd6,0x55,0xd6,0x55,0xd6,
    0x54,0xd6,0x34,0xd6,0x34,0xd6,0x35,0xd6,0x35,0xd6,0x54,0xd6,0x55,0xd6,0x55,0xd6,0x55,0xd6,0x34,0xd6,0x34,0xd6,0x34,0xd6,0x54,0xd6,0x54,0xd6,0x34,0xd6,0x34,0xd6,
    0x55,0xd6,0x54,0xd6,0x54,0xd6,0x55,0xd6,0x55,0xd6,0x34,0xd6,0x34,0xd6,0x55,0xd6,0x55,0xd6,0x55,0xd6,0x55,0xd6,0x55,0xd6,0x55,0xd6,0x55,0xd6,0x55,0xd6,0x55,0xd6,
    0x55,0xd6,0x55,0xd6,0x55,0xd6,0x54,0xd6,0x54,0xd6,0x55,0xd6,0x55,0xd6,0x55,0xd6,0x54,0xd6,0x34,0xd6,0x54,0xd6,0x54,0xd6,0x55,0xd6,0x55,0xd6,0x55,0xd6,0x54,0xd6,
    0x54,0xd6,0x34,0xd6,0x34,0xd6,0x34,0xd6,0x34,0xd6,0x34,0xd6,0x35,0xd6,0x35,0xd6,0x35,0xd6,0x34,0xd6,0x34,0xd6,0x55,0xd6,0x55,0xd6,0x55,0xd6,0x55,0xd6,0x55,0xd6,
    0x55,0xd6,0x55,0xd6,0x34,0xd6,0x34,0xd6,0x55,0xd6,0x55,0xd6,0x34,0xd6,0x35,0xd6,0x34,0xd6,0x34,0xd6,0x34,0xd6,0x34,0xd6,0x34,0xd6,0x34,0xd6,0x55,0xd6,0x55,0xd6,
    0x55,0xd6,0x54,0xd6,0x54,0xd6,0x55,0xd6,0x55,0xd6,0x55,0xd6,0x34,0xd6,0x34,0xd6,0x55,0xd6,0x55,0xd6,0x55,0xd6,0x55,0xd6,0x55,0xd6,0x55,0xd6,0x55,0xd6,0x55,0xd6,
    0x55,0xd6,0x55,0xd6,0x34,0xd6,0x34,0xd6,0x55,0xd6,0x55,0xd6,0x55,0xd6,0x55,0xd6,0x55,0xd6,0x55,0xd6,0x55,0xd6,0x35,0xd6,0x35,0xd6,0x34,0xd6,0x55,0xd6,0x55,0xd6,
    0x55,0xd6,0x55,0xd6,0x55,0xd6,0x54,0xd6,0x34,0xd6,0x54,0xd6,0x54,0xd6,0x54,0xd6,0x54,0xd6,0x34,0xd6,0x34,0xd6,0x34,0xd6,0x34,0xd6,0x34,0xd6,0x55,0xd6,0x55,0xd6,
    0x55,0xd6,0x55,0xd6,0x54,0xd6,0x54,0xd6,0x54,0xd6,0x54,0xde,0x54,0xde,0x54,0xde,0x54,0xde,0x54,0xde,0x54,0xde,0x54,0xd6,0x54,0xd6,0x54,0xd6,0x55,0xd6,0x55,0xd6,
    0x55,0xd6,0x55,0xd6,0x55,0xd6,0x55,0xd6,0x55,0xd6,0x55,0xd6,0x55,0xd6,0x55,0xd6,0x55,0xd6,0x55,0xd6,0x55,0xd6,0x34,0xd6,0x34,0xd6,0x34,0xd6,0x55,0xd6,0x55,0xd6,
    0x34,0xd6,0x55,0xd6,0x55,0xd6,0x55,0xd6,0x55,0xd6,0x55,0xd6,0x34,0xd6,0x34,0xd6,0x54,0xd6,0x34,0xd6,0x34,0xd6,0x34,0xd6,0x34,0xd6,0x34,0xd6,0x34,0xd6,0x34,0xd6,
    0x34,0xd6,0x55,0xd6,0x55,0xd6,0x55,0xd6,0x54,0xd6,0x54,0xd6,0x55,0xd6,0x54,0xd6,0x54,0xd6,0x55,0xd6,0x54,0xd6,0x54,0xd6,0x54,0xd6,0x54,0xd6,0x54,0xd6,0x54,0xd6,
    0x54,0xd6,0x54,0xd6,0x54,0xd6,0x54,0xd6,0x55,0xd6,0x55,0xd6,0x34,0xd6,0x34,0xd6,0x34,0xd6,0x55,0xd6,0x34,0xd6,0x55,0xd6,0x55,0xd6,0x55,0xd6,0x55,0xd6,0x55,0xd6,
    0x55,0xd6,0x55,0xd6,0x55,0xd6,0x55,0xd6,0x55,0xd6,0x55,0xd6,0x55,0xd6,0x55,0xd6,0x55,0xd6,0x55,0xd6,0x55,0xd6,0x55,0xd6,0x34,0xd6,0x34,0xd6,0x55,0xd6,0x55,0xd6,
    0x34,0xd6,0x55,0xd6,0x55,0xd6,0x34,0xd6,0x34,0xd6,0x55,0xd6,0x34,0xd6,0x34,0xd6,0x55,0xd6,0x55,0xd6,0x35,0xd6,0x34,0xd6,0x34,0xd6,0x55,0xd6,0x55,0xd6,0x34,0xd6,
    0x34,0xd6,0x34,0xd6,0x34,0xd6,0x34,0xd6,0x55,0xd6,0x55,0xd6,0x55,0xd6,0x55,0xd6,0x55,0xd6,0x55,0xd6,0x55,0xd6,0x34,0xd6,0x34,0xd6,0x55,0xd6,0x55,0xd6,0x55,0xd6,
    0x55,0xd6,0x55,0xd6,0x55,0xd6,0x55,0xd6,0x55,0xd6,0x55,0xd6,0x55,0xd6,0x55,0xd6,0x55,0xd6,0x55,0xd6,0x55,0xd6,0x34,0xd6,0x34,0xd6,0x34,0xd6,0x55,0xd6,0x55,0xd6,
    0x34,0xd6,0x34,0xd6,0x34,0xd6,0x55,0xd6,0x55,0xd6,0x55,0xd6,0x55,0xd6,0x55,0xd6,0x55,0xd6,0x55,0xd6,0x55,0xd6,0x55,0xd6,0x55,0xd6,0x55,0xd6,0x55,0xd6,0x34,0xd6,
    0x55,0xd6,0x55,0xd6,0x55,0xd6,0x55,0xd6,0x55,0xd6,0x55,0xd6,0x55,0xd6,0x34,0xd6,0x34,0xd6,0x34,0xd6,0x34,0xd6,0x34,0xd6,0x34,0xd6,0x34,0xd6,0x34,0xd6,0x34,0xd6,
    0x34,0xd6,0x34,0xd6,0x34,0xd6,0x35,0xd6,0x35,0xd6,0x55,0xd6,0x55,0xd6,0x55,0xd6,0x54,0xd6,0x55,0xd6,0x34,0xd6,0x55,0xd6,0x34,0xd6,0x34,0xd6,0x55,0xd6,0x55,0xd6,
    0x55,0xd6,0x55,0xd6,0x55,0xd6,0x34,0xd6,0x34,0xd6,0x55,0xd6,0x34,0xd6,0x34,0xd6,0x55,0xd6,0x55,0xd6,0x55,0xd6,0x55,0xd6,0x55,0xd6,0x55,0xd6,0x55,0xd6,0x55,0xd6,
    0x55,0xd6,0x34,0xd6,0x55,0xd6,0x34,0xd6,0x34,0xd6,0x34,0xd6,0x55,0xd6,0x55,0xd6,0x55,0xd6,0x54,0xd6,0x54,0xd6,0x54,0xd6,0x54,0xd6,0x54,0xd6,0x54,0xd6,0x55,0xd6,
    0x55,0xd6,0x55,0xd6,0x55,0xd6,0x55,0xd6,0x55,0xd6,0x55,0xd6,0x55,0xd6,0x55,0xd6,0x54,0xd6,0x54,0xd6,0x54,0xd6,0x54,0xde,0x54,0xde,0x54,0xde,0x54,0xde,0x54,0xde,
    0x54,0xde,0x54,0xd6,0x54,0xd6,0x34,0xd6,0x54,0xd6,0x34,0xd6,0x34,0xd6,0x34,0xd6,0x55,0xd6,0x55,0xd6,0x34,0xd6,0x34,0xd6,0x34,0xd6,0x55,0xd6,0x55,0xd6,0x55,0xd6,
    0x55,0xd6,0x55,0xd6,0x55,0xd6,0x55,0xd6,0x34,0xd6,0x34,0xd6,0x55,0xd6,0x55,0xd6,0x55,0xd6,0x55,0xd6,0x55,0xd6,0x55,0xd6,0x34,0xd6,0x55,0xd6,0x55,0xd6,0x55,0xd6,
    0x34,0xd6,0x34,0xd6,0x55,0xd6,0x55,0xd6,0x55,0xd6,0x55,0xd6,0x55,0xd6,0x55,0xd6,0x55,0xd6,0x55,0xd6,0x55,0xd6,0x55,0xd6,0x55,0xd6,0x55,0xd6,0x55,0xd6,0x55,0xd6,
    0x54,0xd6,0x54,0xd6,0x54,0xd6,0x34,0xd6,0x55,0xd6,0x55,0xd6,0x34,0xd6,0x55,0xd6,0x55,0xd6,0x55,0xd6,0x35,0xd6,0x34,0xd6,0x34,0xd6,0x34,0xd6,0x55,0xd6,0x55,0xd6,
    0x55,0xd6,0x55,0xd6,0x55,0xd6,0x55,0xd6,0x55,0xd6,0x55,0xd6,0x55,0xd6,0x55,0xd6,0x55,0xd6,0x55,0xd6,0x55,0xd6,0x55,0xd6,0x55,0xd6,0x55,0xd6,0x55,0xd6,0x34,0xd6,
    0x34,0xd6,0x34,0xd6,0x55,0xd6,0x55,0xd6,0x55,0xd6,0x34,0xd6,0x55,0xd6,0x55,0xd6,0x55,0xd6,0x55,0xd6,0x34,0xd6,0x34,0xd6,0x55,0xd6,0x34,0xd6,0x34,0xd6,0x55,0xd6,
    0x34,0xd6,0x55,0xd6,0x34,0xd6,0x34,0xd6,0x34,0xd6,0x34,0xd6,0x34,0xd6,0x55,0xd6,0x55,0xd6,0x55,0xd6,0x55,0xd6,0x55,0xd6,0x55,0xd6,0x55,0xd6,0x55,0xd6,0x35,0xd6,
    0x34,0xd6,0x34,0xd6,0x34,0xd6,0x34,0xd6,0x34,0xd6,0x34,0xd6,0x34,0xd6,0x55,0xd6,0x55,0xd6,0x55,0xd6,0x55,0xd6,0x55,0xd6,0x55,0xd6,0x55,0xd6,0x55,0xd6,0x55,0xd6,
    0x55,0xd6,0x55,0xd6,0x34,0xd6,0x34,0xd6,0x55,0xd6,0x55,0xd6,0x55,0xd6,0x55,0xd6,0x55,0xd6,0x55,0xd6,0x55,0xd6,0x55,0xd6,0x55,0xd6,0x34,0xd6,0x34,0xd6,0x34,0xd6,
    0x34,0xd6,0x34,0xd6,0x34,0xd6,0x55,0xd6,0x55,0xd6,0x55,0xd6,0x55,0xd6,0x55,0xd6,0x55,0xd6,0x55,0xd6,0x55,0xd6,0x55,0xd6,0x34,0xd6,0x34,0xd6,0x34,0xd6,0x34,0xd6,
    0x34,0xd6,0x34,0xd6,0x34,0xd6,0x34,0xd6,0x34,0xd6,0x34,0xd6,0x54,0xd6,0x54,0xd6,0x35,0xd6,0x35,0xd6,0x34,0xd6,0x34,0xd6,0x34,0xd6,0x34,0xd6,0x34,0xd6,0x34,0xd6,
    0x34,0xd6,0x55,0xd6,0x55,0xd6,0x55,0xd6,0x55,0xd6,0x55,0xd6,0x55,0xd6,0x55,0xd6,0x55,0xd6,0x34,0xd6,0x34,0xd6,0x34,0xd6,0x34,0xd6,0x34,0xd6,0x34,0xd6,0x34,0xd6,
    0x55,0xd6,0x34,0xd6,0x55,0xd6,0x55,0xd6,0x55,0xd6,0x55,0xd6,0x55,0xd6,0x55,0xd6,0x34,0xd6,0x34,0xd6,0x34,0xd6,0x34,0xd6,0x55,0xd6,0x55,0xd6,0x55,0xd6,0x55,0xd6,
    0x34,0xd6,0x34,0xd6,0x34,0xd6,0x34,0xd6,0x34,0xd6,0x34,0xd6,0x34,0xd6,0x34,0xd6,0x55,0xd6,0x55,0xd6,0x35,0xd6,0x55,0xd6,0x55,0xd6,0x55,0xd6,0x54,0xd6,0x34,0xd6,
    0x54,0xd6,0x54,0xde,0x54,0xde,0x54,0xde,0x54,0xde,0x54,0xde,0x54,0xde,0x54,0xd6,0x54,0xd6,0x54,0xd6,0x54,0xd6,0x55,0xd6,0x55,0xd6,0x55,0xd6,0x55,0xd6,0x55,0xd6,
    0x34,0xd6,0x34,0xd6,0x34,0xd6,0x55,0xd6,0x55,0xd6,0x55,0xd6,0x55,0xd6,0x55,0xd6,0x55,0xd6,0x55,0xd6,0x35,0xd6,0x35,0xd6,0x55,0xd6,0x55,0xd6,0x55,0xd6,0x55,0xd6,
    0x55,0xd6,0x55,0xd6,0x34,0xd6,0x55,0xd6,0x55,0xd6,0x55,0xd6,0x34,0xd6,0x34,0xd6,0x55,0xd6,0x55,0xd6,0x55,0xd6,0x55,0xd6,0x55,0xd6,0x55,0xd6,0x55,0xd6,0x55,0xd6,
    0x55,0xd6,0x55,0xd6,0x55,0xd6,0x55,0xd6,0x55,0xd6,0x55,0xd6,0x54,0xd6,0x54,0xd6,0x54,0xd6,0x55,0xd6,0x55,0xd6,0x55,0xd6,0x55,0xd6,0x55,0xd6,0x55,0xd6,0x55,0xd6,
    0x55,0xd6,0x55,0xd6,0x55,0xd6,0x55,0xd6,0x55,0xd6,0x55,0xd6,0x55,0xd6,0x55,0xd6,0x55,0xd6,0x55,0xd6,0x55,0xd6,0x55,0xd6,0x55,0xd6,0x55,0xd6,0x55,0xd6,0x55,0xd6,
    0x55,0xd6,0x55,0xd6,0x55,0xd6,0x55,0xd6,0x55,0xd6,0x34,0xd6,0x34,0xd6,0x34,0xd6,0x55,0xd6,0x55,0xd6,0x34,0xd6,0x34,0xd6,0x55,0xd6,0x55,0xd6,0x55,0xd6,0x55,0xd6,
    0x34,0xd6,0x34,0xd6,0x55,0xd6,0x34,0xd6,0x34,0xd6,0x55,0xd6,0x34,0xd6,0x55,0xd6,0x34,0xd6,0x34,0xd6,0x34,0xd6,0x34,0xd6,0x34,0xd6,0x55,0xd6,0x55,0xd6,0x55,0xd6,
    0x55,0xd6,0x55,0xd6,0x55,0xd6,0x55,0xd6,0x55,0xd6,0x34,0xd6,0x34,0xd6,0x55,0xd6,0x55,0xd6,0x34,0xd6,0x55,0xd6,0x34,0xd6,0x34,0xd6,0x55,0xd6,0x55,0xd6,0x55,0xd6,
    0x55,0xd6,0x55,0xd6,0x55,0xd6,0x55,0xd6,0x55,0xd6,0x55,0xd6,0x55,0xd6,0x55,0xd6,0x34,0xd6,0x34,0xd6,0x55,0xd6,0x55,0xd6,0x55,0xd6,0x55,0xd6,0x55,0xd6,0x55,0xd6,
    0x55,0xd6,0x55,0xd6,0x55,0xd6,0x34,0xd6,0x34,0xd6,0x34,0xd6,0x34,0xd6,0x34,0xd6,0x34,0xd6,0x55,0xd6,0x55,0xd6,0x55,0xd6,0x55,0xd6,0x55,0xd6,0x55,0xd6,0x55,0xd6,
    0x55,0xd6,0x55,0xd6,0x34,0xd6,0x34,0xd6,0x34,0xd6,0x34,0xd6,0x34,0xd6,0x34,0xd6,0x35,0xd6,0x35,0xd6,0x34,0xd6,0x34,0xd6,0x54,0xd6,0x54,0xd6,0x34,0xd6,0x35,0xd6,
    0x35,0xd6,0x34,0xd6,0x34,0xd6,0x34,0xd6,0x34,0xd6,0x34,0xd6,0x34,0xd6,0x55,0xd6,0x55,0xd6,0x55,0xd6,0x34,0xd6,0x34,0xd6,0x55,0xd6,0x55,0xd6,0x55,0xd6,0x34,0xd6,
    0x34,0xd6,0x34,0xd6,0x34,0xd6,0x34,0xd6,0x34,0xd6,0x34,0xd6,0x55,0xd6,0x34,0xd6,0x34,0xd6,0x55,0xd6,0x55,0xd6,0x55,0xd6,0x55,0xd6,0x55,0xd6,0x34,0xd6,0x34,0xd6,
    0x34,0xd6,0x34,0xd6,0x55,0xd6,0x55,0xd6,0x55,0xd6,0x55,0xd6,0x55,0xd6,0x34,0xd6,0x55,0xd6,0x34,0xd6,0x34,0xd6,0x34,0xd6,0x34,0xd6,0x34,0xd6,0x34,0xd6,0x55,0xd6,
    0x55,0xd6,0x55,0xd6,0x55,0xd6,0x55,0xd6,0x54,0xd6,0x34,0xd6,0x54,0xd6,0x54,0xde,0x54,0xde,0x54,0xde,0x54,0xde,0x54,0xde,0x54,0xde,0x54,0xd6,0x34,0xd6,0x54,0xd6,
    0x54,0xd6,0x54,0xd6,0x54,0xd6,0x54,0xd6,0x54,0xd6,0x34,0xd6,0x34,0xd6,0x34,0xd6,0x34,0xd6,0x54,0xd6,0x54,0xd6,0x54,0xd6,0x34,0xd6,0x54,0xd6,0x54,0xd6,0x54,0xd6,
    0x34,0xd6,0x34,0xd6,0x34,0xd6,0x34,0xd6,0x54,0xd6,0x54,0xd6,0x54,0xd6,0x54,0xd6,0x34,0xd6,0x54,0xd6,0x54,0xd6,0x54,0xd6,0x54,0xd6,0x54,0xd6,0x54,0xd6,0x54,0xd6,
    0x54,0xd6,0x54,0xd6,0x54,0xd6,0x54,0xd6,0x54,0xd6,0x54,0xd6,0x54,0xd6,0x54,0xd6,0x55,0xd6,0x54,0xd6,0x54,0xd6,0x34,0xd6,0x34,0xd6,0x34,0xd6,0x34,0xd6,0x34,0xd6,
    0x55,0xd6,0x55,0xd6,0x54,0xd6,0x54,0xd6,0x55,0xd6,0x54,0xd6,0x54,0xd6,0x54,0xd6,0x54,0xd6,0x54,0xd6,0x54,0xd6,0x54,0xd6,0x54,0xd6,0x54,0xd6,0x54,0xd6,0x55,0xd6,
    0x55,0xd6,0x55,0xd6,0x54,0xd6,0x54,0xd6,0x54,0xd6,0x54,0xd6,0x54,0xd6,0x54,0xd6,0x54,0xd6,0x54,0xd6,0x54,0xd6,0x54,0xd6,0x54,0xd6,0x54,0xd6,0x34,0xd6,0x54,0xd6,
    0x34,0xd6,0x34,0xd6,0x34,0xd6,0x54,0xd6,0x54,0xd6,0x54,0xd6,0x54,0xd6,0x54,0xd6,0x34,0xd6,0x34,0xd6,0x34,0xd6,0x34,0xd6,0x54,0xd6,0x54,0xd6,0x54,0xd6,0x34,0xd6,
    0x34,0xd6,0x34,0xd6,0x34,0xd6,0x34,0xd6,0x34,0xd6,0x34,0xd6,0x55,0xd6,0x54,0xd6,0x54,0xd6,0x34,0xd6,0x34,0xd6,0x34,0xd6,0x34,0xd6,0x34,0xd6,0x34,0xd6,0x34,0xd6,
    0x34,0xd6,0x54,0xd6,0x54,0xd6,0x34,0xd6,0x54,0xd6,0x54,0xd6,0x54,0xd6,0x54,0xd6,0x54,0xd6,0x54,0xd6,0x54,0xd6,0x54,0xd6,0x54,0xd6,0x54,0xd6,0x54,0xd6,0x54,0xd6,
    0x34,0xd6,0x54,0xd6,0x54,0xd6,0x34,0xd6,0x54,0xd6,0x54,0xd6,0x54,0xd6,0x54,0xd6,0x54,0xd6,0x54,0xd6,0x54,0xd6,0x34,0xd6,0x34,0xd6,0x34,0xd6,0x34,0xd6,0x54,0xd6,
    0x55,0xd6,0x54,0xd6,0x54,0xd6,0x54,0xd6,0x54,0xd6,0x54,0xd6,0x54,0xd6,0x54,0xd6,0x34,0xd6,0x34,0xd6,0x34,0xd6,0x34,0xd6,0x34,0xd6,0x34,0xd6,0x34,0xd6,0x34,0xd6,
    0x34,0xd6,0x34,0xd6,0x34,0xd6,0x34,0xd6,0x34,0xd6,0x34,0xd6,0x34,0xd6,0x34,0xd6,0x34,0xd6,0x34,0xd6,0x34,0xd6,0x34,0xd6,0x34,0xd6,0x34,0xd6,0x54,0xd6,0x34,0xd6,
    0x34,0xd6,0x34,0xd6,0x34,0xd6,0x34,0xd6,0x34,0xd6,0x34,0xd6,0x54,0xd6,0x54,0xd6,0x34,0xd6,0x34,0xd6,0x34,0xd6,0x34,0xd6,0x34,0xd6,0x34,0xd6,0x34,0xd6,0x34,0xd6,
    0x34,0xd6,0x55,0xd6,0x54,0xd6,0x54,0xd6,0x34,0xd6,0x34,0xd6,0x34,0xd6,0x34,0xd6,0x54,0xd6,0x54,0xd6,0x54,0xd6,0x54,0xd6,0x54,0xd6,0x54,0xd6,0x54,0xd6,0x34,0xd6,
    0x34,0xd6,0x34,0xd6,0x34,0xd6,0x54,0xd6,0x54,0xd6,0x54,0xd6,0x54,0xd6,0x34,0xd6,0x34,0xd6,0x54,0xd6,0x54,0xd6,0x54,0xd6,0x54,0xd6,0x54,0xde,0x54,0xde,0x54,0xde,
    0x54,0xde,0x54,0xde,0x54,0xde,0x54,0xd6,0x54,0xd6,0x54,0xd6,0x54,0xd6,0x54,0xd6,0x54,0xd6,0x54,0xd6,0x54,0xd6,0x54,0xd6,0x54,0xd6,0x54,0xd6,0x54,0xd6,0x54,0xd6,
    0x54,0xd6,0x54,0xd6,0x54,0xd6,0x54,0xd6,0x54,0xd6,0x54,0xd6,0x54,0xd6,0x54,0xd6,0x34,0xd6,0x54,0xd6,0x54,0xd6,0x54,0xd6,0x54,0xd6,0x54,0xd6,0x54,0xd6,0x54,0xd6,
    0x54,0xd6,0x54,0xd6,0x54,0xd6,0x54,0xd6,0x54,0xd6,0x54,0xd6,0x54,0xd6,0x54,0xd6,0x54,0xd6,0x54,0xd6,0x54,0xd6,0x54,0xd6,0x54,0xd6,0x54,0xd6,0x54,0xd6,0x54,0xd6,
    0x54,0xd6,0x54,0xd6,0x54,0xd6,0x54,0xd6,0x54,0xd6,0x54,0xd6,0x54,0xd6,0x54,0xd6,0x54,0xd6,0x54,0xd6,0x54,0xd6,0x54,0xd6,0x54,0xd6,0x54,0xd6,0x54,0xd6,0x54,0xd6,
    0x54,0xd6,0x54,0xd6,0x54,0xd6,0x54,0xd6,0x54,0xd6,0x54,0xd6,0x54,0xd6,0x54,0xd6,0x54,0xd6,0x54,0xd6,0x54,0xd6,0x54,0xd6,0x54,0xd6,0x54,0xd6,0x54,0xd6,0x54,0xd6,
    0x54,0xd6,0x54,0xd6,0x54,0xd6,0x54,0xd6,0x54,0xd6,0x54,0xd6,0x34,0xd6,0x54,0xd6,0x54,0xd6,0x54,0xd6,0x54,0xd6,0x54,0xd6,0x54,0xd6,0x54,0xd6,0x54,0xd6,0x54,0xd6,
    0x54,0xd6,0x54,0xd6,0x54,0xd6,0x54,0xd6,0x54,0xd6,0x54,0xd6,0x54,0xd6,0x54,0xd6,0x54,0xd6,0x54,0xd6,0x54,0xd6,0x54,0xd6,0x54,0xd6,0x54,0xd6,0x34,0xd6,0x54,0xd6,
    0x54,0xd6,0x54,0xd6,0x54,0xd6,0x54,0xd6,0x34,0xd6,0x54,0xd6,0x54,0xd6,0x54,0xd6,0x54,0xd6,0x54,0xd6,0x54,0xd6,0x54,0xd6,0x54,0xd6,0x54,0xd6,0x54,0xd6,0x54,0xd6,
    0x54,0xd6,0x54,0xd6,0x54,0xd6,0x54,0xd6,0x54,0xd6,0x54,0xd6,0x54,0xd6,0x54,0xd6,0x54,0xd6,0x54,0xd6,0x54,0xd6,0x54,0xd6,0x54,0xd6,0x54,0xd6,0x54,0xd6,0x54,0xd6,
    0x54,0xd6,0x54,0xd6,0x54,0xd6,0x54,0xd6,0x54,0xd6,0x54,0xd6,0x54,0xd6,0x54,0xd6,0x54,0xd6,0x54,0xd6,0x54,0xd6,0x54,0xd6,0x54,0xd6,0x54,0xd6,0x34,0xd6,0x34,0xd6,
    0x34,0xd6,0x34,0xd6,0x34,0xd6,0x54,0xd6,0x54,0xd6,0x54,0xd6,0x54,0xd6,0x54,0xd6,0x34,0xd6,0x54,0xd6,0x34,0xd6,0x54,0xd6,0x54,0xd6,0x54,0xd6,0x54,0xd6,0x54,0xd6,
    0x54,0xd6,0x34,0xd6,0x34,0xd6,0x34,0xd6,0x54,0xd6,0x54,0xd6,0x54,0xd6,0x54,0xd6,0x54,0xd6,0x54,0xd6,0x54,0xd6,0x54,0xd6,0x54,0xd6,0x54,0xd6,0x54,0xd6,0x54,0xd6,
    0x54,0xd6,0x54,0xd6,0x54,0xd6,0x54,0xd6,0x34,0xd6,0x54,0xd6,0x54,0xd6,0x54,0xd6,0x54,0xd6,0x54,0xd6,0x54,0xd6,0x54,0xd6,0x54,0xd6,0x54,0xd6,0x54,0xd6,0x54,0xd6,
    0x54,0xd6,0x54,0xd6,0x54,0xd6,0x54,0xd6,0x54,0xd6,0x54,0xd6,0x54,0xd6,0x54,0xd6,0x54,0xd6,0x54,0xd6,0x54,0xd6,0x54,0xd6,0x54,0xd6,0x54,0xd6,0x54,0xd6,0x54,0xd6,
    0x54,0xd6,0x54,0xd6,0x54,0xd6,0x54,0xde,0x54,0xde,0x54,0xde,0x54,0xde,0x54,0xde,0x54,0xde,0x54,0xd6,0x54,0xd6,0x54,0xd6,0x54,0xd6,0x54,0xd6,0x54,0xd6,0x54,0xd6,
    0x54,0xd6,0x54,0xd6,0x54,0xd6,0x54,0xd6,0x54,0xd6,0x54,0xd6,0x54,0xd6,0x54,0xd6,0x54,0xd6,0x54,0xd6,0x54,0xd6,0x54,0xd6,0x54,0xd6,0x54,0xd6,0x54,0xd6,0x54,0xd6,
    0x54,0xd6,0x54,0xd6,0x54,0xd6,0x54,0xd6,0x54,0xd6,0x54,0xd6,0x54,0xd6,0x54,0xd6,0x54,0xd6,0x54,0xd6,0x54,0xd6,0x54,0xd6,0x54,0xd6,0x54,0xd6,0x54,0xd6,0x54,0xd6,
    0x54,0xd6,0x54,0xd6,0x54,0xd6,0x54,0xd6,0x54,0xd6,0x54,0xd6,0x54,0xd6,0x54,0xd6,0x54,0xd6,0x54,0xd6,0x54,0xd6,0x54,0xd6,0x54,0xd6,0x54,0xd6,0x54,0xd6,0x54,0xd6,
    0x54,0xd6,0x54,0xd6,0x54,0xd6,0x54,0xd6,0x54,0xd6,0x54,0xd6,0x54,0xd6,0x54,0xd6,0x54,0xd6,0x54,0xd6,0x54,0xd6,0x54,0xd6,0x54,0xd6,0x54,0xd6,0x54,0xd6,0x54,0xd6,
    0x54,0xd6,0x54,0xd6,0x54,0xd6,0x54,0xd6,0x54,0xd6,0x54,0xd6,0x54,0xd6,0x54,0xd6,0x54,0xd6,0x54,0xd6,0x54,0xd6,0x54,0xd6,0x54,0xd6,0x54,0xd6,0x54,0xd6,0x54,0xd6,
    0x54,0xd6,0x54,0xd6,0x54,0xd6,0x54,0xd6,0x54,0xd6,0x54,0xd6,0x54,0xd6,0x54,0xd6,0x54,0xd6,0x54,0xd6,0x54,0xd6,0x54,0xd6,0x54,0xd6,0x54,0xd6,0x54,0xd6,0x54,0xd6,
    0x54,0xd6,0x54,0xd6,0x54,0xd6,0x54,0xd6,0x54,0xd6,0x54,0xd6,0x54,0xd6,0x54,0xd6,0x54,0xd6,0x54,0xd6,0x54,0xd6,0x54,0xd6,0x54,0xd6,0x54,0xd6,0x54,0xd6,0x54,0xd6,
    0x54,0xd6,0x54,0xd6,0x54,0xd6,0x54,0xd6,0x54,0xd6,0x54,0xd6,0x54,0xd6,0x54,0xd6,0x54,0xd6,0x54,0xd6,0x54,0xd6,0x54,0xd6,0x54,0xd6,0x54,0xd6,0x54,0xd6,0x54,0xd6,
    0x54,0xd6,0x54,0xd6,0x54,0xd6,0x54,0xd6,0x54,0xd6,0x54,0xd6,0x54,0xd6,0x54,0xd6,0x54,0xd6,0x54,0xd6,0x54,0xd6,0x54,0xd6,0x54,0xd6,0x54,0xd6,0x54,0xd6,0x54,0xd6,
    0x54,0xd6,0x54,0xd6,0x54,0xd6,0x54,0xd6,0x54,0xd6,0x54,0xd6,0x54,0xd6,0x54,0xd6,0x54,0xd6,0x54,0xd6,0x54,0xd6,0x54,0xd6,0x54,0xd6,0x54,0xd6,0x54,0xd6,0x54,0xd6,
    0x54,0xd6,0x54,0xd6,0x54,0xd6,0x54,0xd6,0x54,0xd6,0x54,0xd6,0x54,0xd6,0x54,0xd6,0x54,0xd6,0x54,0xd6,0x54,0xd6,0x54,0xd6,0x54,0xd6,0x54,0xd6,0x54,0xd6,0x54,0xd6,
    0x54,0xd6,0x54,0xd6,0x54,0xd6,0x54,0xd6,0x54,0xd6,0x54,0xd6,0x54,0xd6,0x54,0xd6,0x54,0xd6,0x54,0xd6,0x54,0xd6,0x54,0xd6,0x54,0xd6,0x54,0xd6,0x54,0xd6,0x54,0xd6,
    0x54,0xd6,0x54,0xd6,0x54,0xd6,0x54,0xd6,0x54,0xd6,0x54,0xd6,0x54,0xd6,0x54,0xd6,0x54,0xd6,0x54,0xd6,0x54,0xd6,0x54,0xd6,0x54,0xd6,0x54,0xd6,0x54,0xd6,0x54,0xd6,
    0x54,0xd6,0x54,0xd6,0x54,0xd6,0x54,0xd6,0x54,0xd6,0x54,0xd6,0x54,0xd6,0x54,0xd6,0x54,0xd6,0x54,0xde,0x54,0xde,0x54,0xde,0x54,0xde,0x54,0xde,0x54,0xde,0x54,0xde,
    0x54,0xde,0x54,0xde,0x54,0xde,0x54,0xde,0x54,0xde,0x54,0xde,0x54,0xde,0x54,0xde,0x54,0xde,0x54,0xde,0x54,0xde,0x54,0xde,0x54,0xde,0x54,0xde,0x54,0xde,0x54,0xde,
    0x54,0xde,0x54,0xde,0x54,0xde,0x54,0xde,0x54,0xde,0x54,0xde,0x54,0xde,0x54,0xde,0x54,0xde,0x54,0xde,0x54,0xde,0x54,0xde,0x54,0xde,0x54,0xde,0x54,0xde,0x54,0xde,
    0x54,0xde,0x54,0xde,0x54,0xde,0x54,0xde,0x54,0xde,0x54,0xde,0x54,0xde,0x54,0xde,0x54,0xde,0x54,0xde,0x54,0xde,0x54,0xde,0x54,0xde,0x54,0xde,0x54,0xde,0x54,0xde,
    0x54,0xde,0x54,0xde,0x54,0xde,0x54,0xde,0x54,0xde,0x54,0xde,0x54,0xde,0x54,0xde,0x54,0xde,0x54,0xde,0x54,0xde,0x54,0xde,0x54,0xde,0x54,0xde,0x54,0xde,0x54,0xde,
    0x54,0xde,0x54,0xde,0x54,0xde,0x54,0xde,0x54,0xde,0x54,0xde,0x54,0xde,0x54,0xde,0x54,0xde,0x54,0xde,0x54,0xde,0x54,0xde,0x54,0xde,0x54,0xde,0x54,0xde,0x54,0xde,
    0x54,0xde,0x54,0xde,0x54,0xde,0x54,0xde,0x54,0xde,0x54,0xde,0x54,0xde,0x54,0xde,0x54,0xde,0x54,0xde,0x54,0xde,0x54,0xde,0x54,0xde,0x54,0xde,0x54,0xde,0x54,0xde,
    0x54,0xde,0x54,0xde,0x54,0xde,0x54,0xde,0x54,0xde,0x54,0xde,0x54,0xde,0x54,0xde,0x54,0xde,0x54,0xde,0x54,0xde,0x54,0xde,0x54,0xde,0x54,0xde,0x54,0xde,0x54,0xde,
    0x54,0xde,0x54,0xde,0x54,0xde,0x54,0xde,0x54,0xde,0x54,0xde,0x54,0xde,0x54,0xde,0x54,0xde,0x54,0xde,0x54,0xde,0x54,0xde,0x54,0xde,0x54,0xde,0x54,0xde,0x54,0xde,
    0x54,0xde,0x54,0xde,0x54,0xde,0x54,0xde,0x54,0xde,0x54,0xde,0x54,0xde,0x54,0xde,0x54,0xde,0x54,0xde,0x54,0xde,0x54,0xde,0x54,0xde,0x54,0xde,0x54,0xde,0x54,0xde,
    0x54,0xde,0x54,0xde,0x54,0xde,0x54,0xde,0x54,0xde,0x54,0xde,0x54,0xde,0x54,0xde,0x54,0xde,0x54,0xde,0x54,0xde,0x54,0xde,0x54,0xde,0x54,0xde,0x54,0xde,0x54,0xde,
    0x54,0xde,0x54,0xde,0x54,0xde,0x54,0xde,0x54,0xde,0x54,0xde,0x54,0xde,0x54,0xde,0x54,0xde,0x54,0xde,0x54,0xde,0x54,0xde,0x54,0xde,0x54,0xde,0x54,0xde,0x54,0xde,
    0x54,0xde,0x54,0xde,0x54,0xde,0x54,0xde,0x54,0xde,0x54,0xde,0x54,0xde,0x54,0xde,0x54,0xde,0x54,0xde,0x54,0xde,0x54,0xde,0x54,0xde,0x54,0xde,0x54,0xde,0x54,0xde,
    0x54,0xde,0x54,0xde,0x54,0xde,0x54,0xde,0x54,0xde,0x54,0xde,0x54,0xde,0x54,0xde,0x54,0xde,0x54,0xde,0x54,0xde,0x54,0xde,0x54,0xde,0x54,0xde,0x54,0xde,0x54,0xde,
    0x54,0xde,0x54,0xde,0x54,0xde,0x54,0xde,0x54,0xde,0x54,0xde,0x54,0xde,0x54,0xde,0x54,0xde,0x54,0xde,0x54,0xde,0x54,0xde,0x54,0xde,0x54,0xde,0x54,0xde,0x54,0xde,
    0x54,0xde,0x54,0xde,
};

const lv_image_dsc_t folotoy_pomodoro_scene_forest = {
  .header = {
    .magic = LV_IMAGE_HEADER_MAGIC,
    .cf = LV_COLOR_FORMAT_RGB565,
    .flags = 0,
    .w = 230,
    .h = 107,
    .stride = 460,
    .reserved_2 = 0,
  },
  .data_size = sizeof(folotoy_pomodoro_scene_forest_map),
  .data = folotoy_pomodoro_scene_forest_map,
  .reserved = NULL,
};
