
#if defined(LV_LVGL_H_INCLUDE_SIMPLE)
#include "lvgl.h"
#elif defined(LV_LVGL_H_INCLUDE_SYSTEM)
#include <lvgl.h>
#elif defined(LV_BUILD_TEST)
#include "../lvgl.h"
#else
#include "lvgl.h"
#endif

#ifndef LV_ATTRIBUTE_MEM_ALIGN
#define LV_ATTRIBUTE_MEM_ALIGN
#endif

#ifndef LV_ATTRIBUTE_FOLOTOY_POMODORO_SCENE_NIGHT
#define LV_ATTRIBUTE_FOLOTOY_POMODORO_SCENE_NIGHT
#endif

static const
LV_ATTRIBUTE_MEM_ALIGN LV_ATTRIBUTE_LARGE_CONST LV_ATTRIBUTE_FOLOTOY_POMODORO_SCENE_NIGHT
uint8_t folotoy_pomodoro_scene_night_map[] = {
    0x19,0xe7,0x19,0xe7,0x19,0xe7,0x19,0xe7,0x19,0xe7,0x19,0xe7,0x19,0xe7,0x19,0xe7,0x19,0xe7,0x19,0xe7,0x19,0xe7,0x19,0xe7,0x19,0xe7,0x19,0xe7,0x19,0xe7,0x19,0xe7,
    0x19,0xe7,0x19,0xe7,0x19,0xe7,0x19,0xe7,0x19,0xe7,0x19,0xe7,0x19,0xe7,0x19,0xe7,0x19,0xe7,0x19,0xe7,0x19,0xe7,0x19,0xe7,0x19,0xe7,0x19,0xe7,0x19,0xe7,0x19,0xe7,
    0x19,0xe7,0x19,0xe7,0x19,0xe7,0x19,0xe7,0x19,0xe7,0x19,0xe7,0x19,0xe7,0x19,0xe7,0x19,0xe7,0x19,0xe7,0x19,0xe7,0x19,0xe7,0x19,0xe7,0x19,0xe7,0x19,0xe7,0x19,0xe7,
    0x19,0xe7,0x19,0xe7,0x19,0xe7,0x19,0xe7,0x19,0xe7,0x19,0xe7,0x19,0xe7,0x19,0xe7,0x19,0xe7,0x19,0xe7,0x19,0xe7,0x19,0xe7,0x19,0xe7,0x19,0xe7,0x19,0xe7,0x19,0xe7,
    0x19,0xe7,0x19,0xe7,0x19,0xe7,0x19,0xe7,0x19,0xe7,0x19,0xe7,0x19,0xe7,0x19,0xe7,0x19,0xe7,0x19,0xe7,0x19,0xe7,0x19,0xe7,0x19,0xe7,0x19,0xe7,0x19,0xe7,0x19,0xe7,
    0x19,0xe7,0x19,0xe7,0x19,0xe7,0x19,0xe7,0x19,0xe7,0x19,0xe7,0x19,0xe7,0x19,0xe7,0x19,0xe7,0x19,0xe7,0x19,0xe7,0x19,0xe7,0x19,0xe7,0x19,0xe7,0x19,0xe7,0x19,0xe7,
    0x19,0xe7,0x19,0xe7,0x19,0xe7,0x19,0xe7,0x19,0xe7,0x19,0xe7,0x19,0xe7,0x19,0xe7,0x19,0xe7,0x19,0xe7,0x19,0xe7,0x19,0xe7,0x19,0xe7,0x19,0xe7,0x19,0xe7,0x19,0xe7,
    0x19,0xe7,0x19,0xe7,0x19,0xe7,0x19,0xe7,0x19,0xe7,0x19,0xe7,0x19,0xe7,0x19,0xe7,0x19,0xe7,0x19,0xe7,0x19,0xe7,0x19,0xe7,0x19,0xe7,0x19,0xe7,0x19,0xe7,0x19,0xe7,
    0x19,0xe7,0x19,0xe7,0x19,0xe7,0x19,0xe7,0x19,0xe7,0x19,0xe7,0x19,0xe7,0x19,0xe7,0x19,0xe7,0x19,0xe7,0x19,0xe7,0x19,0xe7,0x19,0xe7,0x19,0xe7,0x19,0xe7,0x19,0xe7,
    0x19,0xe7,0x19,0xe7,0x19,0xe7,0x19,0xe7,0x19,0xe7,0x19,0xe7,0x19,0xe7,0x19,0xe7,0x19,0xe7,0x19,0xe7,0x19,0xe7,0x19,0xe7,0x19,0xe7,0x19,0xe7,0x19,0xe7,0x19,0xe7,
    0x19,0xe7,0x19,0xe7,0x19,0xe7,0x19,0xe7,0x19,0xe7,0x19,0xe7,0x19,0xe7,0x19,0xe7,0x19,0xe7,0x19,0xe7,0x19,0xe7,0x19,0xe7,0x19,0xe7,0x19,0xe7,0x19,0xe7,0x19,0xe7,
    0x19,0xe7,0x19,0xe7,0x19,0xe7,0x19,0xe7,0x19,0xe7,0x19,0xe7,0x19,0xe7,0x19,0xe7,0x19,0xe7,0x19,0xe7,0x19,0xe7,0x19,0xe7,0x19,0xe7,0x19,0xe7,0x19,0xe7,0x19,0xe7,
    0x19,0xe7,0x19,0xe7,0x19,0xe7,0x19,0xe7,0x19,0xe7,0x19,0xe7,0x19,0xe7,0x19,0xe7,0x19,0xe7,0x19,0xe7,0x19,0xe7,0x19,0xe7,0x19,0xe7,0x19,0xe7,0x19,0xe7,0x19,0xe7,
    0x19,0xe7,0x19,0xe7,0x19,0xe7,0x19,0xe7,0x19,0xe7,0x19,0xe7,0x19,0xe7,0x19,0xe7,0x19,0xe7,0x19,0xe7,0x19,0xe7,0x19,0xe7,0x19,0xe7,0x19,0xe7,0x19,0xe7,0x19,0xe7,
    0x19,0xe7,0x19,0xe7,0x19,0xe7,0x19,0xe7,0x19,0xe7,0x19,0xe7,0x19,0xe7,0x19,0xe7,0x19,0xe7,0x19,0xe7,0x19,0xe7,0x19,0xe7,0x19,0xe7,0x19,0xe7,0x19,0xe7,0x19,0xe7,
    0x19,0xe7,0x19,0xe7,0x19,0xe7,0x19,0xe7,0x19,0xe7,0x19,0xe7,0x19,0xe7,0x19,0xe7,0x19,0xe7,0x19,0xe7,0x19,0xe7,0x19,0xe7,0x19,0xe7,0x19,0xe7,0x19,0xe7,0x19,0xe7,
    0x19,0xe7,0x19,0xe7,0x19,0xe7,0x19,0xe7,0x19,0xe7,0x19,0xe7,0x19,0xe7,0x19,0xe7,0x19,0xe7,0x19,0xe7,0x19,0xe7,0x19,0xe7,0x19,0xe7,0x19,0xe7,0x19,0xe7,0x19,0xe7,
    0x19,0xe7,0x19,0xe7,0x19,0xe7,0x19,0xe7,0x19,0xe7,0x19,0xe7,0x19,0xe7,0x19,0xe7,0x19,0xe7,0x19,0xe7,0x19,0xe7,0x19,0xe7,0x19,0xe7,0x19,0xe7,0x19,0xe7,0x19,0xe7,
    0x19,0xe7,0x19,0xe7,0x19,0xe7,0x19,0xe7,0x19,0xe7,0x19,0xe7,0x19,0xe7,0x19,0xe7,0x19,0xe7,0x19,0xe7,0x19,0xe7,0x19,0xe7,0x19,0xe7,0x19,0xe7,0x19,0xe7,0x19,0xdf,
    0x19,0xdf,0x19,0xe7,0x19,0xe7,0x19,0xe7,0x19,0xe7,0x19,0xe7,0x19,0xe7,0x19,0xe7,0x19,0xe7,0x19,0xe7,0x19,0xe7,0x19,0xe7,0x19,0xe7,0x19,0xe7,0x19,0xe7,0x19,0xe7,
    0x19,0xe7,0x19,0xdf,0x19,0xe7,0x19,0xe7,0x19,0xe7,0x19,0xe7,0x19,0xe7,0x19,0xe7,0x19,0xe7,0x19,0xe7,0x19,0xdf,0x19,0xdf,0x19,0xdf,0x19,0xdf,0x19,0xdf,0x19,0xdf,
    0x19,0xdf,0x19,0xdf,0x19,0xe7,0x19,0xe7,0x19,0xe7,0x19,0xdf,0x19,0xdf,0x19,0xe7,0x19,0xdf,0x19,0xdf,0x19,0xdf,0x19,0xdf,0x19,0xdf,0x19,0xdf,0x19,0xdf,0x19,0xdf,
    0x19,0xdf,0x19,0xdf,0x19,0xdf,0x19,0xdf,0x19,0xe7,0x19,0xdf,0x19,0xdf,0x19,0xdf,0x19,0xdf,0x19,0xdf,0x19,0xdf,0x19,0xdf,0x19,0xdf,0x19,0xe7,0x19,0xe7,0x19,0xe7,
    0x19,0xdf,0x19,0xe7,0x19,0xdf,0x19,0xdf,0x19,0xdf,0x19,0xdf,0x19,0xdf,0x19,0xdf,0x19,0xe7,0x19,0xe7,0x19,0xe7,0x19,0xe7,0x19,0xdf,0x19,0xdf,0x19,0xdf,0x19,0xdf,
    0x19,0xdf,0x19,0xdf,0x19,0xe7,0x19,0xe7,0x19,0xe7,0x19,0xe7,0x19,0xe7,0x19,0xe7,0x19,0xe7,0x19,0xe7,0x19,0xe7,0x19,0xe7,0x19,0xe7,0x19,0xe7,0x19,0xe7,0x19,0xe7,
    0x19,0xe7,0x19,0xe7,0x19,0xe7,0x19,0xe7,0x19,0xe7,0x19,0xe7,0x19,0xe7,0x19,0xe7,0x19,0xe7,0x19,0xe7,0x19,0xe7,0x19,0xe7,0x19,0xe7,0x19,0xe7,0x19,0xe7,0x19,0xe7,
    0x19,0xe7,0x19,0xe7,0x19,0xe7,0x19,0xe7,0x19,0xe7,0x19,0xe7,0x19,0xe7,0x19,0xe7,0x19,0xe7,0x19,0xe7,0x19,0xe7,0x19,0xe7,0x19,0xe7,0x19,0xe7,0x19,0xe7,0x19,0xe7,
    0x19,0xe7,0x19,0xe7,0x19,0xe7,0x19,0xe7,0x19,0xe7,0x19,0xe7,0x19,0xe7,0x19,0xe7,0x19,0xe7,0x19,0xe7,0x19,0xe7,0x19,0xe7,0x19,0xe7,0x19,0xe7,0x19,0xe7,0x19,0xe7,
    0x19,0xe7,0x19,0xe7,0x19,0xe7,0x19,0xe7,0x19,0xe7,0x19,0xe7,0x19,0xe7,0x19,0xe7,0x19,0xe7,0x19,0xe7,0x19,0xe7,0x19,0xe7,0x19,0xe7,0x19,0xe7,0x19,0xe7,0x19,0xe7,
    0x19,0xe7,0x19,0xe7,0x19,0xe7,0x19,0xe7,0x19,0xe7,0x19,0xe7,0x19,0xe7,0x19,0xe7,0x19,0xe7,0x19,0xe7,0x19,0xe7,0x19,0xe7,0x19,0xe7,0x19,0xe7,0x19,0xe7,0x19,0xe7,
    0x19,0xe7,0x19,0xe7,0x19,0xe7,0x19,0xe7,0x19,0xe7,0x19,0xe7,0x19,0xe7,0x19,0xe7,0x19,0xe7,0x19,0xe7,0x19,0xe7,0x19,0xe7,0x19,0xe7,0x19,0xe7,0x19,0xe7,0x19,0xe7,
    0x19,0xe7,0x19,0xe7,0x19,0xe7,0x19,0xe7,0x19,0xe7,0x19,0xe7,0x19,0xe7,0x19,0xe7,0x19,0xe7,0x19,0xe7,0x19,0xe7,0x19,0xe7,0x19,0xe7,0x19,0xe7,0x19,0xe7,0x19,0xe7,
    0x19,0xe7,0x19,0xe7,0x19,0xe7,0x19,0xe7,0x19,0xe7,0x19,0xe7,0x19,0xe7,0x19,0xe7,0x19,0xe7,0x19,0xe7,0x19,0xe7,0x19,0xe7,0x19,0xe7,0x19,0xe7,0x19,0xe7,0x19,0xe7,
    0x19,0xe7,0x19,0xe7,0x19,0xdf,0x19,0xdf,0x19,0xdf,0x19,0xdf,0x19,0xdf,0x19,0xdf,0x19,0xdf,0x19,0xdf,0x19,0xdf,0x19,0xdf,0x19,0xdf,0x19,0xdf,0x19,0xe7,0x19,0xe7,
    0x19,0xdf,0x19,0xdf,0x19,0xe7,0x19,0xe7,0x19,0xe7,0x19,0xe7,0x19,0xe7,0x19,0xdf,0x19,0xe7,0x19,0xdf,0x19,0xdf,0x19,0xdf,0x19,0xdf,0x19,0xdf,0x19,0xdf,0x19,0xdf,
    0x19,0xdf,0x19,0xdf,0x19,0xdf,0x19,0xdf,0x19,0xdf,0x19,0xdf,0x19,0xdf,0x19,0xdf,0x19,0xe7,0x19,0xe7,0x19,0xe7,0x19,0xdf,0x19,0xdf,0x19,0xdf,0x19,0xdf,0x19,0xdf,
    0x19,0xdf,0x19,0xdf,0x19,0xdf,0x19,0xdf,0x19,0xdf,0x19,0xdf,0x19,0xdf,0x19,0xdf,0x19,0xdf,0x19,0xdf,0x19,0xdf,0x19,0xdf,0x19,0xdf,0x19,0xdf,0x19,0xdf,0x19,0xdf,
    0x19,0xdf,0x19,0xdf,0x19,0xdf,0x19,0xdf,0x19,0xdf,0x19,0xdf,0x19,0xdf,0x19,0xdf,0x19,0xdf,0x19,0xdf,0x19,0xdf,0x19,0xdf,0x19,0xdf,0x19,0xdf,0x19,0xdf,0x19,0xdf,
    0x19,0xdf,0x19,0xdf,0x19,0xdf,0x19,0xdf,0x19,0xdf,0x19,0xdf,0x19,0xdf,0x19,0xdf,0x19,0xe7,0x19,0xe7,0x19,0xe7,0x19,0xe7,0x19,0xe7,0x19,0xe7,0x19,0xe7,0x19,0xe7,
    0x19,0xe7,0x19,0xe7,0x19,0xe7,0x19,0xe7,0x19,0xe7,0x19,0xe7,0x19,0xe7,0x19,0xe7,0x19,0xe7,0x19,0xe7,0x19,0xe7,0x19,0xe7,0x19,0xe7,0x19,0xe7,0x19,0xe7,0x19,0xe7,
    0x19,0xe7,0x19,0xe7,0x19,0xe7,0x19,0xe7,0x19,0xe7,0x19,0xe7,0x19,0xe7,0x19,0xe7,0x19,0xe7,0x19,0xe7,0x19,0xe7,0x19,0xe7,0x19,0xe7,0x19,0xe7,0x19,0xe7,0x19,0xe7,
    0x19,0xe7,0x19,0xe7,0x19,0xe7,0x19,0xe7,0x19,0xe7,0x19,0xe7,0x19,0xe7,0x19,0xe7,0x19,0xe7,0x19,0xe7,0x19,0xe7,0x19,0xe7,0x19,0xe7,0x19,0xe7,0x19,0xe7,0x19,0xe7,
    0x19,0xe7,0x19,0xe7,0x19,0xe7,0x19,0xe7,0x19,0xe7,0x19,0xe7,0x19,0xe7,0x19,0xe7,0x19,0xe7,0x19,0xe7,0x19,0xe7,0x19,0xe7,0x19,0xe7,0x19,0xe7,0x19,0xe7,0x19,0xe7,
    0x19,0xe7,0x19,0xe7,0x19,0xe7,0x19,0xe7,0x19,0xe7,0x19,0xe7,0x19,0xe7,0x19,0xe7,0x19,0xe7,0x19,0xe7,0x19,0xe7,0x19,0xe7,0x19,0xe7,0x19,0xe7,0x19,0xe7,0x19,0xe7,
    0x19,0xe7,0x19,0xe7,0x19,0xe7,0x19,0xe7,0x19,0xe7,0x19,0xe7,0x19,0xe7,0x19,0xe7,0x19,0xe7,0x19,0xe7,0x19,0xe7,0x19,0xe7,0x19,0xe7,0x19,0xe7,0x19,0xe7,0x19,0xe7,
    0x19,0xe7,0x19,0xe7,0x19,0xe7,0x19,0xe7,0x19,0xe7,0x19,0xe7,0x19,0xe7,0x19,0xe7,0x19,0xe7,0x19,0xe7,0x19,0xe7,0x19,0xe7,0x19,0xe7,0x19,0xe7,0x19,0xe7,0x19,0xe7,
    0x19,0xe7,0x19,0xe7,0x19,0xe7,0x19,0xe7,0x19,0xe7,0x19,0xe7,0x19,0xe7,0x19,0xe7,0x19,0xe7,0x19,0xe7,0x19,0xe7,0x19,0xe7,0x19,0xe7,0x19,0xe7,0x19,0xe7,0x19,0xe7,
    0x19,0xe7,0x19,0xe7,0x19,0xe7,0x19,0xe7,0x19,0xe7,0x19,0xe7,0x19,0xe7,0x19,0xe7,0x19,0xe7,0x19,0xdf,0x19,0xdf,0x19,0xe7,0x19,0xdf,0x19,0xdf,0x19,0xdf,0x19,0xdf,
    0x19,0xdf,0x19,0xdf,0x19,0xdf,0x19,0xe7,0x19,0xe7,0x19,0xdf,0x19,0xdf,0x19,0xdf,0x19,0xe7,0x19,0xdf,0x19,0xe7,0x19,0xe7,0x19,0xe7,0x19,0xe7,0x19,0xe7,0x19,0xdf,
    0x19,0xdf,0x19,0xdf,0x19,0xdf,0x19,0xdf,0x19,0xdf,0x19,0xdf,0x19,0xdf,0x19,0xdf,0x19,0xdf,0x19,0xdf,0x19,0xdf,0x19,0xdf,0x19,0xdf,0x19,0xdf,0x19,0xe7,0x19,0xe7,
    0x19,0xdf,0x19,0xdf,0x19,0xdf,0x19,0xdf,0x19,0xdf,0x19,0xdf,0x19,0xdf,0x19,0xe7,0x19,0xe7,0x19,0xdf,0x19,0xe7,0x19,0xe7,0x19,0xdf,0x19,0xdf,0x19,0xdf,0x19,0xdf,
    0x19,0xdf,0x19,0xdf,0x19,0xdf,0x19,0xdf,0x19,0xdf,0x19,0xdf,0x19,0xdf,0x19,0xdf,0x19,0xdf,0x19,0xdf,0x19,0xdf,0x19,0xdf,0x19,0xdf,0x19,0xdf,0x19,0xdf,0x19,0xdf,
    0x19,0xdf,0x19,0xdf,0xf9,0xde,0xf9,0xde,0x19,0xdf,0x19,0xdf,0x19,0xdf,0x19,0xe7,0x19,0xe7,0x19,0xdf,0xf9,0xde,0x19,0xdf,0x19,0xdf,0x19,0xdf,0x19,0xe7,0x19,0xe7,
    0x19,0xe7,0x19,0xe7,0x19,0xe7,0x19,0xe7,0x19,0xe7,0x19,0xe7,0x19,0xe7,0x19,0xe7,0x19,0xe7,0x19,0xe7,0x19,0xe7,0x19,0xe7,0x19,0xe7,0x19,0xe7,0x19,0xe7,0x19,0xe7,
    0x19,0xe7,0x19,0xe7,0x19,0xe7,0x19,0xe7,0x19,0xe7,0x19,0xe7,0x19,0xe7,0x19,0xe7,0x19,0xe7,0x19,0xe7,0x19,0xe7,0x19,0xe7,0x19,0xe7,0x19,0xe7,0x19,0xe7,0x19,0xe7,
    0x19,0xe7,0x19,0xe7,0x19,0xe7,0x19,0xe7,0x19,0xe7,0x19,0xe7,0x19,0xe7,0x19,0xe7,0x19,0xe7,0x19,0xe7,0x19,0xe7,0x19,0xe7,0x19,0xe7,0x19,0xe7,0x19,0xe7,0x19,0xe7,
    0x19,0xe7,0x19,0xe7,0x19,0xe7,0x19,0xe7,0x19,0xe7,0x19,0xe7,0x19,0xe7,0x19,0xe7,0x19,0xe7,0x19,0xe7,0x19,0xe7,0x19,0xe7,0x19,0xe7,0x19,0xe7,0x19,0xe7,0x19,0xe7,
    0x19,0xe7,0x19,0xe7,0x19,0xe7,0x19,0xe7,0x19,0xe7,0x19,0xe7,0x19,0xe7,0x19,0xe7,0x19,0xe7,0x19,0xe7,0x19,0xe7,0x19,0xe7,0x19,0xe7,0x19,0xe7,0x19,0xe7,0x19,0xe7,
    0x19,0xe7,0x19,0xe7,0x19,0xe7,0x19,0xe7,0x19,0xe7,0x19,0xe7,0x19,0xe7,0x19,0xe7,0x19,0xe7,0x19,0xe7,0x19,0xe7,0x19,0xe7,0x19,0xe7,0x19,0xe7,0x19,0xe7,0x19,0xe7,
    0x19,0xe7,0x19,0xe7,0x19,0xe7,0x19,0xe7,0x19,0xe7,0x19,0xe7,0x19,0xe7,0x19,0xe7,0x19,0xe7,0x19,0xe7,0x19,0xe7,0x19,0xe7,0x19,0xe7,0x19,0xe7,0x19,0xe7,0x19,0xe7,
    0x19,0xe7,0x19,0xe7,0x19,0xe7,0x19,0xe7,0x19,0xe7,0x19,0xe7,0x19,0xe7,0x19,0xe7,0x19,0xe7,0x19,0xe7,0x19,0xe7,0x19,0xe7,0x19,0xe7,0x19,0xe7,0x19,0xe7,0x19,0xe7,
    0x19,0xe7,0x19,0xe7,0x19,0xe7,0x19,0xe7,0x19,0xe7,0x19,0xe7,0x19,0xe7,0x19,0xe7,0x19,0xe7,0x19,0xe7,0x19,0xe7,0x19,0xe7,0x19,0xe7,0x19,0xe7,0x19,0xdf,0x19,0xdf,
    0x19,0xdf,0x19,0xdf,0x19,0xdf,0x19,0xdf,0x19,0xdf,0x19,0xdf,0x19,0xdf,0x19,0xdf,0x19,0xdf,0x19,0xdf,0x19,0xe7,0x19,0xdf,0x19,0xdf,0x19,0xdf,0x19,0xdf,0x19,0xdf,
    0x19,0xe7,0x19,0xe7,0x19,0xe7,0x19,0xe7,0x19,0xdf,0xf9,0xde,0x19,0xdf,0x19,0xdf,0x19,0xdf,0xf9,0xde,0xf9,0xde,0xf9,0xde,0x19,0xdf,0x19,0xdf,0x19,0xdf,0xf9,0xde,
    0xf9,0xde,0xf9,0xde,0xf9,0xde,0xf9,0xde,0x19,0xdf,0xf9,0xde,0xf9,0xde,0xf9,0xde,0xf9,0xde,0x19,0xdf,0x19,0xdf,0xf9,0xde,0xf9,0xde,0xf9,0xde,0xf9,0xde,0xf9,0xde,
    0xf9,0xde,0x19,0xdf,0x19,0xdf,0x19,0xdf,0x19,0xdf,0x19,0xdf,0xf9,0xde,0x19,0xdf,0x19,0xdf,0xf9,0xde,0xf9,0xde,0xf9,0xde,0xf9,0xde,0xf9,0xde,0xf9,0xde,0xf9,0xde,
    0xf9,0xde,0xf9,0xde,0xf9,0xde,0xf9,0xde,0xf9,0xde,0xf9,0xde,0xf9,0xde,0xf9,0xde,0xf9,0xde,0xf9,0xde,0xf9,0xde,0xf9,0xde,0xf9,0xde,0x19,0xdf,0x19,0xdf,0xf9,0xde,
    0xf9,0xde,0xf9,0xde,0xf9,0xde,0x19,0xdf,0x19,0xe7,0x19,0xe7,0x19,0xe7,0x19,0xe7,0x19,0xe7,0x19,0xe7,0x19,0xe7,0x19,0xe7,0x19,0xe7,0x19,0xe7,0x19,0xe7,0x19,0xe7,
    0x19,0xe7,0x19,0xe7,0x19,0xe7,0x19,0xe7,0x19,0xe7,0x19,0xe7,0x19,0xe7,0x19,0xe7,0x19,0xe7,0x19,0xe7,0x19,0xe7,0x19,0xe7,0x19,0xe7,0x19,0xe7,0x19,0xe7,0x19,0xe7,
    0x19,0xe7,0x19,0xe7,0x19,0xe7,0x19,0xe7,0x19,0xe7,0x19,0xe7,0x19,0xe7,0x19,0xe7,0x19,0xe7,0x19,0xe7,0x19,0xe7,0x19,0xe7,0x19,0xe7,0x19,0xe7,0x19,0xe7,0x19,0xe7,
    0x19,0xe7,0x19,0xe7,0x19,0xe7,0x19,0xe7,0x19,0xe7,0x19,0xe7,0x19,0xe7,0x19,0xe7,0x19,0xe7,0x19,0xe7,0x19,0xe7,0x19,0xe7,0x19,0xe7,0x19,0xe7,0x19,0xe7,0x19,0xe7,
    0x19,0xe7,0x19,0xe7,0x19,0xe7,0x19,0xe7,0x19,0xe7,0x19,0xe7,0x19,0xe7,0x19,0xe7,0x19,0xe7,0x19,0xe7,0x19,0xe7,0x19,0xe7,0x19,0xe7,0x19,0xe7,0x19,0xe7,0x19,0xe7,
    0x19,0xe7,0x19,0xe7,0x19,0xe7,0x19,0xe7,0x19,0xe7,0x19,0xe7,0x19,0xe7,0x19,0xe7,0x19,0xe7,0x19,0xe7,0x19,0xe7,0x19,0xe7,0x19,0xe7,0x19,0xe7,0x19,0xe7,0x19,0xe7,
    0x19,0xe7,0x19,0xe7,0x19,0xe7,0x19,0xe7,0x19,0xe7,0x19,0xe7,0x19,0xe7,0x19,0xe7,0x19,0xe7,0x19,0xe7,0x19,0xe7,0x19,0xe7,0x19,0xe7,0x19,0xe7,0x19,0xe7,0x19,0xe7,
    0x19,0xe7,0x19,0xe7,0x19,0xe7,0x19,0xe7,0x19,0xe7,0x19,0xe7,0x19,0xe7,0x19,0xe7,0x19,0xe7,0x19,0xe7,0x19,0xe7,0x19,0xe7,0x19,0xe7,0x19,0xe7,0x19,0xe7,0x19,0xe7,
    0x19,0xe7,0x19,0xe7,0x19,0xe7,0x19,0xe7,0x19,0xe7,0x19,0xe7,0x19,0xe7,0x19,0xe7,0x19,0xe7,0x19,0xe7,0x19,0xe7,0x19,0xe7,0x19,0xe7,0x19,0xe7,0x19,0xe7,0x19,0xe7,
    0x19,0xe7,0x19,0xe7,0x19,0xe7,0x19,0xe7,0xfa,0xde,0xfa,0xde,0xf9,0xde,0xf9,0xde,0xf9,0xde,0x1a,0xdf,0x1a,0xdf,0xfa,0xde,0xf9,0xde,0xd9,0xd6,0xb8,0xd6,0xd9,0xd6,
    0xd9,0xd6,0xd9,0xd6,0xb9,0xd6,0xf9,0xd6,0xf9,0xd6,0xfa,0xde,0xf9,0xde,0xf9,0xde,0xd9,0xd6,0xd9,0xd6,0xd9,0xd6,0xd9,0xd6,0xf9,0xde,0xf9,0xde,0xf9,0xde,0xd9,0xd6,
    0xf9,0xde,0xfa,0xde,0xfa,0xde,0xf9,0xde,0xfa,0xde,0xfa,0xde,0xfa,0xde,0xfa,0xde,0xf9,0xd6,0xfa,0xde,0xfa,0xde,0x1a,0xdf,0xf9,0xde,0xfa,0xde,0xfa,0xde,0xf9,0xde,
    0xf9,0xde,0x1a,0xdf,0x1a,0xdf,0xf9,0xde,0xf9,0xde,0xfa,0xde,0xf9,0xde,0x1a,0xdf,0x1a,0xdf,0x1a,0xdf,0x1a,0xdf,0x1a,0xdf,0xf9,0xde,0xf9,0xde,0xd9,0xd6,0x1a,0xdf,
    0x1a,0xdf,0x1a,0xdf,0x1a,0xdf,0xfa,0xde,0xfa,0xde,0xfa,0xde,0x1a,0xdf,0x1a,0xdf,0x1a,0xdf,0xfa,0xde,0xf9,0xde,0xf9,0xde,0xfa,0xde,0xfa,0xde,0x1a,0xdf,0x1a,0xdf,
    0xf9,0xde,0xf9,0xde,0xfa,0xde,0x1a,0xdf,0x1a,0xdf,0xfa,0xde,0xfa,0xde,0xf9,0xde,0xfa,0xde,0xfa,0xde,0x19,0xe7,0x19,0xe7,0x19,0xe7,0x19,0xe7,0x19,0xe7,0x19,0xe7,
    0x19,0xe7,0x19,0xe7,0x19,0xe7,0x19,0xe7,0x19,0xe7,0x19,0xe7,0x19,0xe7,0x19,0xe7,0x19,0xe7,0x19,0xe7,0x19,0xe7,0x19,0xe7,0x19,0xe7,0x19,0xe7,0x19,0xe7,0x19,0xe7,
    0x19,0xe7,0x19,0xe7,0x19,0xe7,0x19,0xe7,0x19,0xe7,0x19,0xe7,0x19,0xe7,0x19,0xe7,0x19,0xe7,0x19,0xe7,0x19,0xe7,0x19,0xe7,0x19,0xe7,0x19,0xe7,0x19,0xe7,0x19,0xe7,
    0x19,0xe7,0x19,0xe7,0x19,0xe7,0x19,0xe7,0x19,0xe7,0x19,0xe7,0x19,0xe7,0x19,0xe7,0x19,0xe7,0x19,0xe7,0x19,0xe7,0x19,0xe7,0x19,0xe7,0x19,0xe7,0x19,0xe7,0x19,0xe7,
    0x19,0xe7,0x19,0xe7,0x19,0xe7,0x19,0xe7,0x19,0xe7,0x19,0xe7,0x19,0xe7,0x19,0xe7,0x19,0xe7,0x19,0xe7,0x19,0xe7,0x19,0xe7,0x19,0xe7,0x19,0xe7,0x19,0xe7,0x19,0xe7,
    0x19,0xe7,0x19,0xe7,0x19,0xe7,0x19,0xe7,0x19,0xe7,0x19,0xe7,0x19,0xe7,0x19,0xe7,0x19,0xe7,0x19,0xe7,0x19,0xe7,0x19,0xe7,0x19,0xe7,0x19,0xe7,0x19,0xe7,0x19,0xe7,
    0x19,0xe7,0x19,0xe7,0x19,0xe7,0x19,0xe7,0x19,0xe7,0x19,0xe7,0x19,0xe7,0x19,0xe7,0x19,0xe7,0x19,0xe7,0x19,0xe7,0x19,0xe7,0x19,0xe7,0x19,0xe7,0x19,0xe7,0x19,0xe7,
    0x19,0xe7,0x19,0xe7,0x19,0xe7,0x19,0xe7,0x19,0xe7,0x19,0xe7,0x19,0xe7,0x19,0xe7,0x19,0xe7,0x19,0xe7,0x19,0xe7,0x19,0xe7,0x19,0xe7,0x19,0xe7,0x19,0xe7,0x19,0xe7,
    0x19,0xe7,0x19,0xe7,0x19,0xe7,0x19,0xe7,0x19,0xe7,0x19,0xe7,0x19,0xe7,0x19,0xe7,0x19,0xe7,0x19,0xe7,0x19,0xe7,0x19,0xe7,0x19,0xe7,0x19,0xe7,0x19,0xe7,0x19,0xe7,
    0x19,0xe7,0x19,0xe7,0x19,0xe7,0x19,0xe7,0x19,0xe7,0x19,0xe7,0x19,0xe7,0x19,0xe7,0xe6,0x29,0xa6,0x19,0x86,0x19,0xa6,0x19,0xa6,0x19,0xa6,0x21,0xa6,0x21,0xa6,0x21,
    0xa6,0x19,0xa6,0x21,0xa6,0x19,0xa6,0x19,0xa6,0x19,0xa6,0x19,0xc6,0x19,0xa6,0x19,0x86,0x19,0xa6,0x19,0xa6,0x19,0xa6,0x19,0xa6,0x19,0xa6,0x19,0xa6,0x19,0xa6,0x19,
    0x86,0x19,0x85,0x19,0x85,0x19,0x85,0x19,0x85,0x19,0x66,0x19,0x85,0x19,0x86,0x19,0xa6,0x19,0xa6,0x19,0x86,0x19,0x85,0x19,0x85,0x19,0x85,0x19,0x86,0x19,0x86,0x19,
    0x86,0x19,0x86,0x19,0x86,0x19,0x85,0x19,0x85,0x19,0x86,0x19,0x86,0x19,0x86,0x19,0x85,0x19,0x86,0x19,0x86,0x19,0x85,0x19,0x85,0x19,0x86,0x19,0x86,0x19,0x86,0x19,
    0x85,0x19,0x85,0x19,0x86,0x19,0xa6,0x19,0xa6,0x19,0xa6,0x19,0xa6,0x19,0x86,0x19,0xa6,0x19,0xa6,0x19,0xa6,0x19,0xa6,0x19,0x86,0x19,0x86,0x19,0xa6,0x21,0x86,0x19,
    0x86,0x19,0x85,0x19,0x86,0x19,0x66,0x19,0x66,0x19,0x86,0x19,0x86,0x19,0x86,0x19,0xa6,0x19,0xa6,0x19,0x86,0x19,0x85,0x19,0x85,0x19,0x85,0x19,0x85,0x19,0x86,0x19,
    0x86,0x19,0x86,0x19,0x86,0x19,0x86,0x19,0x86,0x21,0xeb,0x52,0x19,0xe7,0x19,0xe7,0x19,0xe7,0x19,0xe7,0x19,0xe7,0x19,0xe7,0x19,0xe7,0x19,0xe7,0x19,0xe7,0x19,0xe7,
    0x19,0xe7,0x19,0xe7,0x19,0xe7,0x19,0xe7,0x19,0xe7,0x19,0xe7,0x19,0xe7,0x19,0xe7,0x19,0xe7,0x19,0xe7,0x19,0xe7,0x19,0xe7,0x19,0xe7,0x19,0xe7,0x19,0xe7,0x19,0xe7,
    0x19,0xe7,0x19,0xe7,0x19,0xe7,0x19,0xe7,0x19,0xe7,0x19,0xe7,0x19,0xe7,0x19,0xe7,0x19,0xe7,0x19,0xe7,0x19,0xe7,0x19,0xe7,0x19,0xe7,0x19,0xe7,0x19,0xe7,0x19,0xe7,
    0x19,0xe7,0x19,0xe7,0x19,0xe7,0x19,0xe7,0x19,0xe7,0x19,0xe7,0x19,0xe7,0x19,0xe7,0x19,0xe7,0x19,0xe7,0x19,0xe7,0x19,0xe7,0x19,0xe7,0x19,0xe7,0x19,0xe7,0x19,0xe7,
    0x19,0xe7,0x19,0xe7,0x19,0xe7,0x19,0xe7,0x19,0xe7,0x19,0xe7,0x19,0xe7,0x19,0xe7,0x19,0xe7,0x19,0xe7,0x19,0xe7,0x19,0xe7,0x19,0xe7,0x19,0xe7,0x19,0xe7,0x19,0xe7,
    0x19,0xe7,0x19,0xe7,0x19,0xe7,0x19,0xe7,0x19,0xe7,0x19,0xe7,0x19,0xe7,0x19,0xe7,0x19,0xe7,0x19,0xe7,0x19,0xe7,0x19,0xe7,0x19,0xe7,0x19,0xe7,0x19,0xe7,0x19,0xe7,
    0x19,0xe7,0x19,0xe7,0x19,0xe7,0x19,0xe7,0x19,0xe7,0x19,0xe7,0x19,0xe7,0x19,0xe7,0x19,0xe7,0x19,0xe7,0x19,0xe7,0x19,0xe7,0x19,0xe7,0x19,0xe7,0x19,0xe7,0x19,0xe7,
    0x19,0xe7,0x19,0xe7,0x19,0xe7,0x19,0xe7,0x19,0xe7,0x19,0xe7,0x19,0xe7,0x19,0xe7,0x19,0xe7,0x19,0xe7,0x19,0xe7,0x19,0xe7,0x19,0xe7,0x19,0xe7,0x19,0xe7,0x19,0xe7,
    0x19,0xe7,0x19,0xe7,0x19,0xe7,0x19,0xe7,0x19,0xe7,0x19,0xe7,0x19,0xe7,0x19,0xe7,0x19,0xe7,0x19,0xe7,0x19,0xe7,0x19,0xe7,0x19,0xe7,0x19,0xe7,0xe7,0x29,0x86,0x19,
    0x86,0x62,0xe7,0x6a,0xa7,0x62,0xc7,0x6a,0xc7,0x6a,0xc7,0x6a,0xc8,0x6a,0xe7,0x6a,0xe7,0x6a,0xc7,0x6a,0xc7,0x6a,0xe7,0x6a,0xe7,0x6a,0xe7,0x6a,0xc7,0x6a,0xc7,0x62,
    0xe7,0x6a,0xe8,0x72,0xe7,0x72,0xc7,0x6a,0xc7,0x6a,0xe7,0x6a,0xc7,0x6a,0xe8,0x6a,0xe7,0x6a,0xe7,0x6a,0xc7,0x6a,0xc7,0x6a,0xe7,0x6a,0xe7,0x6a,0xe7,0x6a,0xc7,0x6a,
    0xc7,0x6a,0xc7,0x6a,0xc7,0x6a,0xc7,0x6a,0xe7,0x6a,0xe7,0x6a,0xc7,0x6a,0xc7,0x6a,0xc7,0x6a,0xe7,0x6a,0xc7,0x6a,0xe7,0x6a,0xc7,0x6a,0xe7,0x72,0xe7,0x6a,0xe7,0x6a,
    0xe7,0x6a,0xc7,0x6a,0xc7,0x6a,0xc7,0x6a,0xc7,0x6a,0xc7,0x6a,0xc7,0x6a,0xc7,0x6a,0xc7,0x6a,0xe8,0x72,0xe8,0x6a,0xe7,0x6a,0xc7,0x6a,0xc7,0x6a,0xc7,0x6a,0xc7,0x6a,
    0xe8,0x6a,0xc8,0x6a,0xe7,0x6a,0xe7,0x72,0xe7,0x72,0xc7,0x6a,0xc7,0x6a,0xc7,0x6a,0xa7,0x6a,0xc7,0x6a,0xe8,0x6a,0xe8,0x6a,0xc7,0x6a,0xc7,0x6a,0xe8,0x6a,0xe8,0x72,
    0xe7,0x6a,0xc7,0x6a,0xc7,0x6a,0xc7,0x6a,0xc7,0x6a,0xc7,0x62,0xc7,0x62,0xa7,0x62,0xa7,0x62,0x86,0x6a,0x86,0x19,0xeb,0x4a,0x19,0xe7,0x19,0xe7,0x19,0xe7,0x19,0xe7,
    0x19,0xe7,0x19,0xe7,0x19,0xe7,0x19,0xe7,0x19,0xe7,0x19,0xe7,0x19,0xe7,0x19,0xe7,0x19,0xe7,0x19,0xe7,0x19,0xe7,0x19,0xe7,0x19,0xe7,0x19,0xe7,0x19,0xe7,0x19,0xe7,
    0x19,0xe7,0x19,0xe7,0x19,0xe7,0x19,0xe7,0x19,0xe7,0x19,0xe7,0x19,0xe7,0x19,0xe7,0x19,0xe7,0x19,0xe7,0x19,0xe7,0x19,0xe7,0x19,0xe7,0x19,0xe7,0x19,0xe7,0x19,0xe7,
    0x19,0xe7,0x19,0xe7,0x19,0xe7,0x19,0xe7,0x19,0xe7,0x19,0xe7,0x19,0xe7,0x19,0xe7,0x19,0xe7,0x19,0xe7,0x19,0xe7,0x19,0xe7,0x19,0xe7,0x19,0xe7,0x19,0xe7,0x19,0xe7,
    0x19,0xe7,0x19,0xe7,0x19,0xe7,0x19,0xe7,0x19,0xe7,0x19,0xe7,0x19,0xe7,0x19,0xe7,0x19,0xe7,0x19,0xe7,0x19,0xe7,0x19,0xe7,0x19,0xe7,0x19,0xe7,0x19,0xe7,0x19,0xe7,
    0x19,0xe7,0x19,0xe7,0x19,0xe7,0x19,0xe7,0x19,0xe7,0x19,0xe7,0x19,0xe7,0x19,0xe7,0x19,0xe7,0x19,0xe7,0x19,0xe7,0x19,0xe7,0x19,0xe7,0x19,0xe7,0x19,0xe7,0x19,0xe7,
    0x19,0xe7,0x19,0xe7,0x19,0xe7,0x19,0xe7,0x19,0xe7,0x19,0xe7,0x19,0xe7,0x19,0xe7,0x19,0xe7,0x19,0xe7,0x19,0xe7,0x19,0xe7,0x19,0xe7,0x19,0xe7,0x19,0xe7,0x19,0xe7,
    0x19,0xe7,0x19,0xe7,0x19,0xe7,0x19,0xe7,0x19,0xe7,0x19,0xe7,0x19,0xe7,0x19,0xe7,0x19,0xe7,0x19,0xe7,0x19,0xe7,0x19,0xe7,0x19,0xe7,0x19,0xe7,0x19,0xe7,0x19,0xe7,
    0x19,0xe7,0x19,0xe7,0x19,0xe7,0x19,0xe7,0x19,0xe7,0x19,0xe7,0x19,0xe7,0x19,0xe7,0x19,0xe7,0x19,0xe7,0x19,0xe7,0x19,0xe7,0x19,0xe7,0x19,0xe7,0x19,0xe7,0x19,0xe7,
    0x19,0xe7,0x19,0xe7,0x19,0xe7,0x19,0xe7,0xc7,0x21,0x25,0x11,0x27,0x8b,0x27,0x83,0x27,0x83,0x27,0x8b,0x27,0x8b,0x28,0x8b,0x28,0x8b,0x27,0x8b,0x27,0x8b,0x27,0x8b,
    0x27,0x8b,0x27,0x8b,0x27,0x8b,0x27,0x8b,0x27,0x8b,0x07,0x8b,0x07,0x8b,0x27,0x8b,0x27,0x8b,0x27,0x8b,0x27,0x8b,0x27,0x8b,0x27,0x8b,0x27,0x8b,0x27,0x8b,0x27,0x8b,
    0x27,0x8b,0x28,0x8b,0x27,0x8b,0x27,0x93,0x07,0x8b,0x07,0x8b,0x07,0x8b,0x07,0x8b,0x08,0x8b,0x07,0x8b,0x08,0x8b,0x08,0x8b,0x08,0x8b,0x07,0x8b,0x28,0x8b,0x27,0x8b,
    0x27,0x8b,0x07,0x8b,0x07,0x8b,0x27,0x8b,0x28,0x8b,0x07,0x8b,0x07,0x8b,0x07,0x8b,0x07,0x8b,0x07,0x8b,0x28,0x8b,0x28,0x8b,0x28,0x8b,0x28,0x8b,0x28,0x8b,0x28,0x8b,
    0x28,0x8b,0x27,0x8b,0x28,0x8b,0x28,0x8b,0x28,0x8b,0x28,0x8b,0x27,0x93,0x27,0x8b,0x27,0x8b,0x27,0x93,0x27,0x8b,0x27,0x8b,0x07,0x8b,0x27,0x8b,0x27,0x8b,0x27,0x8b,
    0x27,0x8b,0x27,0x8b,0x27,0x8b,0x07,0x8b,0x07,0x8b,0x28,0x8b,0x28,0x8b,0x07,0x8b,0x07,0x8b,0x28,0x8b,0x08,0x8b,0x08,0x8b,0x08,0x8b,0x08,0x8b,0xe6,0x82,0x06,0x83,
    0x65,0x11,0xea,0x4a,0x19,0xe7,0x19,0xe7,0x19,0xe7,0x19,0xe7,0x19,0xe7,0x19,0xe7,0x19,0xe7,0x19,0xe7,0x19,0xe7,0x19,0xe7,0x19,0xe7,0x19,0xe7,0x19,0xe7,0x19,0xe7,
    0x19,0xe7,0x19,0xe7,0x19,0xe7,0x19,0xe7,0x19,0xe7,0x19,0xe7,0x19,0xe7,0x19,0xe7,0x19,0xe7,0x19,0xe7,0x19,0xe7,0x19,0xe7,0x19,0xe7,0x19,0xe7,0x19,0xe7,0x19,0xe7,
    0x19,0xe7,0x19,0xe7,0x19,0xe7,0x19,0xe7,0x19,0xe7,0x19,0xe7,0x19,0xe7,0x19,0xe7,0x19,0xe7,0x19,0xe7,0x19,0xe7,0x19,0xe7,0x19,0xe7,0x19,0xe7,0x19,0xe7,0x19,0xe7,
    0x19,0xe7,0x19,0xe7,0x19,0xe7,0x19,0xe7,0x19,0xe7,0x19,0xe7,0x19,0xe7,0x19,0xe7,0x19,0xe7,0x19,0xe7,0x19,0xe7,0x19,0xe7,0x19,0xe7,0x19,0xe7,0x19,0xe7,0x19,0xe7,
    0x19,0xe7,0x19,0xe7,0x19,0xe7,0x19,0xe7,0x19,0xe7,0x19,0xe7,0x19,0xe7,0x19,0xe7,0x19,0xe7,0x19,0xe7,0x19,0xe7,0x19,0xe7,0x19,0xe7,0x19,0xe7,0x19,0xe7,0x19,0xe7,
    0x19,0xe7,0x19,0xe7,0x19,0xe7,0x19,0xe7,0x19,0xe7,0x19,0xe7,0x19,0xe7,0x19,0xe7,0x19,0xe7,0x19,0xe7,0x19,0xe7,0x19,0xe7,0x19,0xe7,0x19,0xe7,0x19,0xe7,0x19,0xe7,
    0x19,0xe7,0x19,0xe7,0x19,0xe7,0x19,0xe7,0x19,0xe7,0x19,0xe7,0x19,0xe7,0x19,0xe7,0x19,0xe7,0x19,0xe7,0x19,0xe7,0x19,0xe7,0x19,0xe7,0x19,0xe7,0x19,0xe7,0x19,0xe7,
    0x19,0xe7,0x19,0xe7,0x19,0xe7,0x19,0xe7,0x19,0xe7,0x19,0xe7,0x19,0xe7,0x19,0xe7,0x19,0xe7,0x19,0xe7,0x19,0xe7,0x19,0xe7,0x19,0xe7,0x19,0xe7,0x19,0xe7,0x19,0xe7,
    0x19,0xe7,0x19,0xe7,0x19,0xe7,0x19,0xe7,0x19,0xe7,0x19,0xe7,0x19,0xe7,0x19,0xe7,0x19,0xe7,0x19,0xe7,0xc7,0x21,0x65,0x19,0x85,0x6a,0x86,0x6a,0x07,0x83,0x48,0x8b,
    0x28,0x8b,0x27,0x8b,0x27,0x8b,0x28,0x8b,0x28,0x8b,0x07,0x8b,0x07,0x8b,0x07,0x8b,0x27,0x83,0x07,0x83,0x27,0x83,0x07,0x83,0x27,0x8b,0x28,0x8b,0x28,0x8b,0x07,0x8b,
    0x07,0x8b,0x07,0x8b,0x07,0x8b,0x28,0x8b,0x27,0x8b,0x27,0x8b,0x28,0x8b,0x28,0x8b,0x28,0x8b,0x27,0x8b,0x27,0x8b,0x07,0x8b,0x07,0x8b,0x07,0x83,0x07,0x83,0x27,0x83,
    0x07,0x83,0x27,0x83,0x27,0x83,0x07,0x83,0x07,0x8b,0x27,0x83,0x07,0x83,0x07,0x8b,0xe7,0x82,0xe7,0x82,0x07,0x83,0x08,0x83,0x28,0x8b,0x28,0x8b,0x07,0x83,0x07,0x83,
    0x07,0x83,0x07,0x83,0x27,0x83,0x27,0x83,0x07,0x8b,0x28,0x8b,0x28,0x8b,0x27,0x8b,0x27,0x8b,0x28,0x8b,0x07,0x8b,0x07,0x83,0x28,0x8b,0x28,0x8b,0x28,0x8b,0x28,0x8b,
    0x27,0x8b,0x07,0x8b,0x07,0x8b,0x07,0x8b,0x07,0x8b,0x07,0x8b,0x07,0x8b,0x07,0x8b,0x07,0x8b,0x07,0x8b,0x07,0x8b,0x28,0x8b,0x27,0x83,0x27,0x83,0x27,0x8b,0x07,0x83,
    0x07,0x83,0x08,0x83,0x07,0x83,0x07,0x83,0x86,0x6a,0x65,0x6a,0x65,0x11,0xca,0x4a,0x19,0xe7,0x19,0xe7,0x19,0xe7,0x19,0xe7,0x19,0xe7,0x19,0xe7,0x19,0xe7,0x19,0xe7,
    0x19,0xe7,0x19,0xe7,0x19,0xe7,0x19,0xe7,0x19,0xe7,0x19,0xe7,0x19,0xe7,0x19,0xe7,0x19,0xe7,0x19,0xe7,0x19,0xe7,0x19,0xe7,0x19,0xe7,0x19,0xe7,0x19,0xe7,0x19,0xe7,
    0x19,0xe7,0x19,0xe7,0x19,0xe7,0x19,0xe7,0x19,0xe7,0x19,0xe7,0x19,0xe7,0x19,0xe7,0x19,0xe7,0x19,0xe7,0x19,0xe7,0x19,0xe7,0x19,0xe7,0x19,0xe7,0x19,0xe7,0x19,0xe7,
    0x19,0xe7,0x19,0xe7,0x19,0xe7,0x19,0xe7,0x19,0xe7,0x19,0xe7,0x19,0xe7,0x19,0xe7,0x19,0xe7,0x19,0xe7,0x19,0xe7,0x19,0xe7,0x19,0xe7,0x19,0xe7,0x19,0xe7,0x19,0xe7,
    0x19,0xe7,0x19,0xe7,0x19,0xe7,0x19,0xe7,0x19,0xe7,0x19,0xe7,0x19,0xe7,0x19,0xe7,0x19,0xe7,0x19,0xe7,0x19,0xe7,0x19,0xe7,0x19,0xe7,0x19,0xe7,0x19,0xe7,0x19,0xe7,
    0x19,0xe7,0x19,0xe7,0x19,0xe7,0x19,0xe7,0x19,0xe7,0x19,0xe7,0x19,0xe7,0x19,0xe7,0x19,0xe7,0x19,0xe7,0x19,0xe7,0x19,0xe7,0x19,0xe7,0x19,0xe7,0x19,0xe7,0x19,0xe7,
    0x19,0xe7,0x19,0xe7,0x19,0xe7,0x19,0xe7,0x19,0xe7,0x19,0xe7,0x19,0xe7,0x19,0xe7,0x19,0xe7,0x19,0xe7,0x19,0xe7,0x19,0xe7,0x19,0xe7,0x19,0xe7,0x19,0xe7,0x19,0xe7,
    0x19,0xe7,0x19,0xe7,0x19,0xe7,0x19,0xe7,0x19,0xe7,0x19,0xe7,0x19,0xe7,0x19,0xe7,0x19,0xe7,0x19,0xe7,0x19,0xe7,0x19,0xe7,0x19,0xe7,0x19,0xe7,0x19,0xe7,0x19,0xe7,
    0x19,0xe7,0x19,0xe7,0x19,0xe7,0x19,0xe7,0x19,0xe7,0x19,0xe7,0x19,0xe7,0x19,0xe7,0x19,0xe7,0x19,0xe7,0x19,0xe7,0x19,0xe7,0x19,0xe7,0x19,0xe7,0x19,0xe7,0x19,0xe7,
    0xc6,0x21,0x65,0x19,0x46,0x6a,0x86,0x72,0x07,0x8b,0x27,0x8b,0x28,0x93,0x27,0x8b,0x28,0x93,0x48,0x8b,0x28,0x8b,0x27,0x93,0x27,0x93,0x27,0x8b,0x27,0x8b,0x27,0x8b,
    0x27,0x8b,0x28,0x8b,0x27,0x8b,0x27,0x8b,0x28,0x8b,0x27,0x8b,0x27,0x8b,0x27,0x8b,0x28,0x93,0x48,0x93,0x27,0x8b,0x27,0x8b,0x28,0x93,0x28,0x93,0x48,0x93,0x48,0x93,
    0x48,0x93,0x48,0x93,0x48,0x8b,0x28,0x8b,0x28,0x8b,0x27,0x8b,0x27,0x8b,0x28,0x8b,0x28,0x8b,0x27,0x8b,0x27,0x8b,0x28,0x8b,0x28,0x8b,0x27,0x8b,0x07,0x8b,0x07,0x8b,
    0x07,0x83,0x27,0x8b,0x28,0x8b,0x28,0x8b,0x28,0x8b,0x27,0x93,0x27,0x93,0x28,0x93,0x28,0x93,0x27,0x8b,0x27,0x8b,0x48,0x8b,0x48,0x8b,0x48,0x8b,0x48,0x8b,0x48,0x93,
    0x48,0x8b,0x47,0x8b,0x48,0x8b,0x48,0x93,0x48,0x93,0x48,0x8b,0x48,0x8b,0x48,0x8b,0x28,0x8b,0x48,0x8b,0x27,0x8b,0x27,0x8b,0x27,0x8b,0x27,0x8b,0x28,0x8b,0x48,0x8b,
    0x48,0x8b,0x47,0x8b,0x27,0x8b,0x27,0x8b,0x27,0x8b,0x27,0x8b,0x27,0x8b,0x27,0x8b,0x27,0x8b,0x07,0x8b,0x66,0x72,0x66,0x6a,0x65,0x11,0xca,0x4a,0x19,0xe7,0x19,0xe7,
    0x19,0xe7,0x19,0xe7,0x19,0xe7,0x19,0xe7,0x19,0xe7,0x19,0xe7,0x19,0xe7,0x19,0xe7,0x19,0xe7,0x19,0xe7,0x19,0xe7,0x19,0xe7,0x19,0xe7,0x19,0xe7,0x19,0xe7,0x19,0xe7,
    0x19,0xe7,0x19,0xe7,0x19,0xe7,0x19,0xe7,0x19,0xe7,0x19,0xe7,0x19,0xe7,0x19,0xe7,0x19,0xe7,0x19,0xe7,0x19,0xe7,0x19,0xe7,0x19,0xe7,0x19,0xe7,0x19,0xe7,0x19,0xe7,
    0x19,0xe7,0x19,0xe7,0x19,0xe7,0x19,0xe7,0x19,0xe7,0x19,0xe7,0x19,0xe7,0x19,0xe7,0x19,0xe7,0x19,0xe7,0x19,0xe7,0x19,0xe7,0x19,0xe7,0x19,0xe7,0x19,0xe7,0x19,0xe7,
    0x19,0xe7,0x19,0xe7,0x19,0xe7,0x19,0xe7,0x19,0xe7,0x19,0xe7,0x19,0xe7,0x19,0xe7,0x19,0xe7,0x19,0xe7,0x19,0xe7,0x19,0xe7,0x19,0xe7,0x19,0xe7,0x19,0xe7,0x19,0xe7,
    0x19,0xe7,0x19,0xe7,0x19,0xe7,0x19,0xe7,0x19,0xe7,0x19,0xe7,0x19,0xe7,0x19,0xe7,0x19,0xe7,0x19,0xe7,0x19,0xe7,0x19,0xe7,0x19,0xe7,0x19,0xe7,0x19,0xe7,0x19,0xe7,
    0x19,0xe7,0x19,0xe7,0x19,0xe7,0x19,0xe7,0x19,0xe7,0x19,0xe7,0x19,0xe7,0x19,0xe7,0x19,0xe7,0x19,0xe7,0x19,0xe7,0x19,0xe7,0x19,0xe7,0x19,0xe7,0x19,0xe7,0x19,0xe7,
    0x19,0xe7,0x19,0xe7,0x19,0xe7,0x19,0xe7,0x19,0xe7,0x19,0xe7,0x19,0xe7,0x19,0xe7,0x19,0xe7,0x19,0xe7,0x19,0xe7,0x19,0xe7,0x19,0xe7,0x19,0xe7,0x19,0xe7,0x19,0xe7,
    0x19,0xe7,0x19,0xe7,0x19,0xe7,0x19,0xe7,0x19,0xe7,0x19,0xe7,0x19,0xe7,0x19,0xe7,0x19,0xe7,0x19,0xe7,0x19,0xe7,0x19,0xe7,0x19,0xe7,0x19,0xe7,0x19,0xe7,0x19,0xe7,
    0x19,0xe7,0x19,0xe7,0x19,0xe7,0x19,0xe7,0x19,0xe7,0x19,0xe7,0xe7,0x29,0x65,0x19,0x46,0x6a,0x66,0x6a,0x07,0x83,0xc7,0x7a,0x05,0x52,0x26,0x5a,0x26,0x5a,0x25,0x5a,
    0x05,0x5a,0x06,0x5a,0x06,0x52,0x05,0x52,0x05,0x5a,0x05,0x5a,0x06,0x5a,0x25,0x5a,0x25,0x5a,0x05,0x5a,0x05,0x5a,0x05,0x5a,0x05,0x5a,0x05,0x5a,0x25,0x5a,0x26,0x5a,
    0x25,0x5a,0x25,0x5a,0x05,0x5a,0x05,0x5a,0x05,0x5a,0x25,0x5a,0x25,0x5a,0x06,0x5a,0x26,0x5a,0x25,0x5a,0x25,0x5a,0x05,0x5a,0x05,0x5a,0x05,0x5a,0x05,0x5a,0x05,0x5a,
    0x26,0x5a,0x25,0x5a,0x25,0x5a,0x05,0x5a,0x46,0x62,0x46,0x62,0x45,0x62,0x05,0x5a,0x26,0x5a,0x26,0x5a,0x26,0x5a,0x26,0x5a,0x05,0x5a,0x05,0x5a,0x25,0x5a,0x25,0x5a,
    0x05,0x5a,0x05,0x5a,0x06,0x5a,0x25,0x5a,0x25,0x62,0x26,0x62,0x26,0x62,0x26,0x62,0x06,0x62,0x26,0x62,0x26,0x5a,0x06,0x62,0x25,0x62,0x05,0x5a,0x05,0x5a,0x05,0x5a,
    0x05,0x5a,0x05,0x5a,0x06,0x5a,0x06,0x5a,0x05,0x5a,0x06,0x5a,0x26,0x5a,0x25,0x5a,0x26,0x5a,0x26,0x5a,0x05,0x5a,0x05,0x5a,0x05,0x5a,0xe5,0x59,0x86,0x72,0xe6,0x82,
    0x86,0x72,0x66,0x6a,0x65,0x11,0xca,0x4a,0x19,0xe7,0x19,0xe7,0x19,0xe7,0x19,0xe7,0x19,0xe7,0x19,0xe7,0x19,0xe7,0x19,0xe7,0x19,0xe7,0x19,0xe7,0x19,0xe7,0x19,0xe7,
    0x19,0xe7,0x19,0xe7,0x19,0xe7,0x19,0xe7,0x19,0xe7,0x19,0xe7,0x19,0xe7,0x19,0xe7,0x19,0xe7,0x19,0xe7,0x19,0xe7,0x19,0xe7,0x19,0xe7,0x19,0xe7,0x19,0xe7,0x19,0xe7,
    0x19,0xe7,0x19,0xe7,0x19,0xe7,0x19,0xe7,0x19,0xe7,0x19,0xe7,0x19,0xe7,0x19,0xe7,0x19,0xe7,0x19,0xe7,0x19,0xe7,0x19,0xe7,0x19,0xe7,0x19,0xe7,0x19,0xe7,0x19,0xe7,
    0x19,0xe7,0x19,0xe7,0x19,0xe7,0x19,0xe7,0x19,0xe7,0x19,0xe7,0x19,0xe7,0x19,0xe7,0x19,0xe7,0x19,0xe7,0x19,0xe7,0x19,0xe7,0x19,0xe7,0x19,0xe7,0x19,0xe7,0x19,0xe7,
    0x19,0xe7,0x19,0xe7,0x19,0xe7,0x19,0xe7,0x19,0xe7,0x19,0xe7,0x19,0xe7,0x19,0xe7,0x19,0xe7,0x19,0xe7,0x19,0xe7,0x19,0xe7,0x19,0xe7,0x19,0xe7,0x19,0xe7,0x19,0xe7,
    0x19,0xe7,0x19,0xe7,0x19,0xe7,0x19,0xe7,0x19,0xe7,0x19,0xe7,0x19,0xe7,0x19,0xe7,0x19,0xe7,0x19,0xe7,0x19,0xe7,0x19,0xe7,0x19,0xe7,0x19,0xe7,0x19,0xe7,0x19,0xe7,
    0x19,0xe7,0x19,0xe7,0x19,0xe7,0x19,0xe7,0x19,0xe7,0x19,0xe7,0x19,0xe7,0x19,0xe7,0x19,0xe7,0x19,0xe7,0x19,0xe7,0x19,0xe7,0x19,0xe7,0x19,0xe7,0x19,0xe7,0x19,0xe7,
    0x19,0xe7,0x19,0xe7,0x19,0xe7,0x19,0xe7,0x19,0xe7,0x19,0xe7,0x19,0xe7,0x19,0xe7,0x19,0xe7,0x19,0xe7,0x19,0xe7,0x19,0xe7,0x19,0xe7,0x19,0xe7,0x19,0xe7,0x19,0xe7,
    0x19,0xe7,0x19,0xe7,0x19,0xe7,0x19,0xe7,0x19,0xe7,0x19,0xe7,0x19,0xe7,0x19,0xe7,0x19,0xe7,0x19,0xe7,0x19,0xe7,0x19,0xe7,0xe6,0x21,0x65,0x11,0x66,0x6a,0x66,0x6a,
    0x28,0x8b,0x27,0x83,0x46,0x6a,0x06,0x4a,0x07,0x42,0x28,0x42,0x28,0x42,0x27,0x42,0x27,0x42,0x28,0x42,0x08,0x42,0x08,0x42,0x08,0x42,0x08,0x42,0x08,0x42,0x28,0x4a,
    0x08,0x4a,0x27,0x42,0x28,0x4a,0x28,0x42,0x28,0x42,0x08,0x42,0x07,0x42,0x07,0x42,0x07,0x42,0x07,0x42,0x08,0x42,0x08,0x42,0x08,0x42,0x28,0x42,0x28,0x42,0x07,0x42,
    0x07,0x42,0x07,0x42,0x08,0x42,0x08,0x42,0x08,0x42,0x08,0x42,0x08,0x42,0x08,0x42,0x07,0x3a,0x05,0x5a,0x45,0x6a,0x66,0x6a,0x66,0x6a,0x27,0x52,0x27,0x42,0x27,0x42,
    0x28,0x42,0x08,0x42,0x08,0x42,0x08,0x42,0x08,0x42,0x07,0x42,0x08,0x3a,0x08,0x42,0x28,0x42,0x48,0x4a,0x68,0x52,0x68,0x52,0x88,0x52,0x88,0x52,0x68,0x52,0x68,0x52,
    0x68,0x52,0x68,0x52,0x68,0x52,0x68,0x52,0x48,0x52,0x28,0x4a,0x08,0x42,0x07,0x42,0x07,0x42,0x08,0x42,0x27,0x42,0x27,0x42,0x28,0x42,0x28,0x42,0x28,0x42,0x08,0x42,
    0x07,0x42,0x07,0x42,0x07,0x4a,0x05,0x62,0x86,0x72,0xe7,0x82,0x86,0x72,0x46,0x6a,0x65,0x11,0xaa,0x42,0x19,0xe7,0x19,0xe7,0x19,0xe7,0x19,0xe7,0x19,0xe7,0x19,0xe7,
    0x19,0xe7,0x19,0xe7,0x19,0xe7,0x19,0xe7,0x19,0xe7,0x19,0xe7,0x19,0xe7,0x19,0xe7,0x19,0xe7,0x19,0xe7,0x19,0xe7,0x19,0xe7,0x19,0xe7,0x19,0xe7,0x19,0xe7,0x19,0xe7,
    0x19,0xe7,0x19,0xe7,0x19,0xe7,0x19,0xe7,0x19,0xe7,0x19,0xe7,0x19,0xe7,0x19,0xe7,0x19,0xe7,0x19,0xe7,0x19,0xe7,0x19,0xe7,0x19,0xe7,0x19,0xe7,0x19,0xe7,0x19,0xe7,
    0x19,0xe7,0x19,0xe7,0x19,0xe7,0x19,0xe7,0x19,0xe7,0x19,0xe7,0x19,0xe7,0x19,0xe7,0x19,0xe7,0x19,0xe7,0x19,0xe7,0x19,0xe7,0x19,0xe7,0x19,0xe7,0x19,0xe7,0x19,0xe7,
    0x19,0xe7,0x19,0xe7,0x19,0xe7,0x19,0xe7,0x19,0xe7,0x19,0xe7,0x19,0xe7,0x19,0xe7,0x19,0xe7,0x19,0xe7,0x19,0xe7,0x19,0xe7,0x19,0xe7,0x19,0xe7,0x19,0xe7,0x19,0xe7,
    0x19,0xe7,0x19,0xe7,0x19,0xe7,0x19,0xe7,0x19,0xe7,0x19,0xe7,0x19,0xe7,0x19,0xe7,0x19,0xe7,0x19,0xe7,0x19,0xe7,0x19,0xe7,0x19,0xe7,0x19,0xe7,0x19,0xe7,0x19,0xe7,
    0x19,0xe7,0x19,0xe7,0x19,0xe7,0x19,0xe7,0x19,0xe7,0x19,0xe7,0x19,0xe7,0x19,0xe7,0x19,0xe7,0x19,0xe7,0x19,0xe7,0x19,0xe7,0x19,0xe7,0x19,0xe7,0x19,0xe7,0x19,0xe7,
    0x19,0xe7,0x19,0xe7,0x19,0xe7,0x19,0xe7,0x19,0xe7,0x19,0xe7,0x19,0xe7,0x19,0xe7,0x19,0xe7,0x19,0xe7,0x19,0xe7,0x19,0xe7,0x19,0xe7,0x19,0xe7,0x19,0xe7,0x19,0xe7,
    0x19,0xe7,0x19,0xe7,0x19,0xe7,0x19,0xe7,0x19,0xe7,0x19,0xe7,0x19,0xe7,0x19,0xe7,0x19,0xe7,0x19,0xe7,0x19,0xe7,0x19,0xe7,0x19,0xe7,0x19,0xe7,0x19,0xe7,0x19,0xe7,
    0x19,0xe7,0x19,0xe7,0xe6,0x21,0x65,0x11,0x66,0x6a,0x66,0x6a,0x07,0x8b,0xe7,0x82,0x66,0x6a,0x49,0x2a,0x2b,0x1a,0x2a,0x22,0x0a,0x22,0x2a,0x22,0x09,0x22,0x09,0x22,
    0x09,0x22,0x09,0x22,0x09,0x22,0x09,0x22,0x2a,0x22,0x29,0x22,0x29,0x22,0x2a,0x22,0x29,0x22,0x29,0x22,0x29,0x22,0x29,0x22,0x2a,0x1a,0x2a,0x1a,0x2a,0x1a,0x2a,0x1a,
    0x29,0x22,0x2a,0x22,0x2a,0x22,0x29,0x22,0x29,0x22,0x29,0x22,0x29,0x22,0x29,0x22,0x29,0x22,0x29,0x22,0x29,0x22,0x29,0x22,0x09,0x22,0x09,0x22,0xe8,0x29,0x45,0x62,
    0x07,0x8b,0xe7,0x82,0xa6,0x7a,0x07,0x3a,0x09,0x22,0x09,0x22,0x29,0x22,0x09,0x22,0x0a,0x22,0x09,0x22,0x09,0x22,0x09,0x22,0x09,0x22,0x09,0x22,0x09,0x22,0xe9,0x21,
    0x0a,0x22,0x0a,0x22,0x0a,0x22,0x0a,0x22,0x09,0x22,0x0a,0x22,0x2a,0x1a,0x2a,0x1a,0x0a,0x1a,0x0a,0x1a,0x0a,0x22,0x0a,0x22,0x0a,0x22,0x09,0x22,0x09,0x22,0x09,0x22,
    0x09,0x22,0x29,0x22,0x0a,0x22,0x0a,0x22,0x0a,0x22,0x29,0x22,0x29,0x22,0x2b,0x22,0x0a,0x22,0x45,0x6a,0xa6,0x72,0xe7,0x82,0x86,0x72,0x46,0x6a,0x65,0x11,0xca,0x42,
    0x19,0xe7,0x19,0xe7,0x19,0xe7,0x19,0xe7,0x19,0xe7,0x19,0xe7,0x19,0xe7,0x19,0xe7,0x19,0xe7,0x19,0xe7,0x19,0xe7,0x19,0xe7,0x19,0xe7,0x19,0xe7,0x19,0xe7,0x19,0xe7,
    0x19,0xe7,0x19,0xe7,0x19,0xe7,0x19,0xe7,0x19,0xe7,0x19,0xe7,0x19,0xe7,0x19,0xe7,0x19,0xe7,0x19,0xe7,0x19,0xe7,0x19,0xe7,0x19,0xe7,0x19,0xe7,0x19,0xe7,0x19,0xe7,
    0x19,0xe7,0x19,0xe7,0x19,0xe7,0x19,0xe7,0x19,0xe7,0x19,0xe7,0x19,0xe7,0x19,0xe7,0x19,0xe7,0x19,0xe7,0x19,0xe7,0x19,0xe7,0x19,0xe7,0x19,0xe7,0x19,0xe7,0x19,0xe7,
    0x19,0xe7,0x19,0xe7,0x19,0xe7,0x19,0xe7,0x19,0xe7,0x19,0xe7,0x19,0xe7,0x19,0xe7,0x19,0xe7,0x19,0xe7,0x19,0xe7,0x19,0xe7,0x19,0xe7,0x19,0xe7,0x19,0xe7,0x19,0xe7,
    0x19,0xe7,0x19,0xe7,0x19,0xe7,0x19,0xe7,0x19,0xe7,0x19,0xe7,0x19,0xe7,0x19,0xe7,0x19,0xe7,0x19,0xe7,0x19,0xe7,0x19,0xe7,0x19,0xe7,0x19,0xe7,0x19,0xe7,0x19,0xe7,
    0x19,0xe7,0x19,0xe7,0x19,0xe7,0x19,0xe7,0x19,0xe7,0x19,0xe7,0x19,0xe7,0x19,0xe7,0x19,0xe7,0x19,0xe7,0x19,0xe7,0x19,0xe7,0x19,0xe7,0x19,0xe7,0x19,0xe7,0x19,0xe7,
    0x19,0xe7,0x19,0xe7,0x19,0xe7,0x19,0xe7,0x19,0xe7,0x19,0xe7,0x19,0xe7,0x19,0xe7,0x19,0xe7,0x19,0xe7,0x19,0xe7,0x19,0xe7,0x19,0xe7,0x19,0xe7,0x19,0xe7,0x19,0xe7,
    0x19,0xe7,0x19,0xe7,0x19,0xe7,0x19,0xe7,0x19,0xe7,0x19,0xe7,0x19,0xe7,0x19,0xe7,0x19,0xe7,0x19,0xe7,0x19,0xe7,0x19,0xe7,0x19,0xe7,0x19,0xe7,0x19,0xe7,0x19,0xe7,
    0x19,0xe7,0x19,0xe7,0x19,0xe7,0x19,0xe7,0x19,0xe7,0x19,0xe7,0x19,0xe7,0x19,0xe7,0xe6,0x21,0x45,0x11,0x46,0x6a,0x86,0x72,0x07,0x8b,0x27,0x8b,0x48,0x8b,0x4a,0x2a,
    0x2b,0x2a,0x2a,0x1a,0x2a,0x22,0x2a,0x22,0x2a,0x22,0x2a,0x22,0x2a,0x22,0x2a,0x22,0x2a,0x22,0x2a,0x22,0x2a,0x22,0x2a,0x22,0x2a,0x22,0x2a,0x22,0x2a,0x22,0x2a,0x22,
    0x2a,0x22,0x2a,0x22,0x2a,0x1a,0x2a,0x1a,0x2a,0x22,0x2a,0x22,0x2a,0x1a,0x2a,0x22,0x2a,0x22,0x2a,0x22,0x2a,0x22,0x2a,0x22,0x2a,0x22,0x2a,0x22,0x2a,0x22,0x2a,0x22,
    0x0a,0x22,0x0a,0x22,0x0a,0x22,0x0a,0x22,0x08,0x22,0x66,0x6a,0x07,0x83,0x06,0x83,0xc9,0xab,0x88,0x4a,0x2a,0x1a,0x09,0x1a,0x2a,0x22,0x2a,0x22,0x2a,0x22,0x2a,0x1a,
    0x0a,0x22,0x0a,0x22,0x0a,0x22,0x2a,0x22,0x2a,0x22,0x2a,0x22,0x2a,0x22,0x2a,0x22,0x2a,0x22,0x2a,0x22,0x2a,0x22,0x2a,0x22,0x2a,0x1a,0x2a,0x1a,0x2a,0x1a,0x0a,0x1a,
    0x0a,0x1a,0x0a,0x22,0x0a,0x22,0x2a,0x22,0x0a,0x22,0x0a,0x22,0x2a,0x22,0x2a,0x22,0x2a,0x22,0x2a,0x22,0x2a,0x22,0x2a,0x22,0x2a,0x22,0x29,0x22,0x09,0x22,0xa6,0x72,
    0xc7,0x7a,0xe7,0x82,0x86,0x72,0x46,0x6a,0x65,0x11,0xca,0x42,0x19,0xe7,0x19,0xe7,0x19,0xe7,0x19,0xe7,0x19,0xe7,0x19,0xe7,0x19,0xe7,0x19,0xe7,0x19,0xe7,0x19,0xe7,
    0x19,0xe7,0x19,0xe7,0x19,0xe7,0x19,0xe7,0x19,0xe7,0x19,0xe7,0x19,0xe7,0x19,0xe7,0x19,0xe7,0x19,0xe7,0x19,0xe7,0x19,0xe7,0x19,0xe7,0x19,0xe7,0x19,0xe7,0x19,0xe7,
    0x19,0xe7,0x19,0xe7,0x19,0xe7,0x19,0xe7,0x19,0xe7,0x19,0xe7,0x19,0xe7,0x19,0xe7,0x19,0xe7,0x19,0xe7,0x19,0xe7,0x19,0xe7,0x19,0xe7,0x19,0xe7,0x19,0xe7,0x19,0xe7,
    0x19,0xe7,0x19,0xe7,0x19,0xe7,0x19,0xe7,0x19,0xe7,0x19,0xe7,0x19,0xe7,0x19,0xe7,0x19,0xe7,0x19,0xe7,0x19,0xe7,0x19,0xe7,0x19,0xe7,0x19,0xe7,0x19,0xe7,0x19,0xe7,
    0x19,0xe7,0x19,0xe7,0x19,0xe7,0x19,0xe7,0x19,0xe7,0x19,0xe7,0x19,0xe7,0x19,0xe7,0x19,0xe7,0x19,0xe7,0x19,0xe7,0x19,0xe7,0x19,0xe7,0x19,0xe7,0x19,0xe7,0x19,0xe7,
    0x19,0xe7,0x19,0xe7,0x19,0xe7,0x19,0xe7,0x19,0xe7,0x19,0xe7,0x19,0xe7,0x19,0xe7,0x19,0xe7,0x19,0xe7,0x19,0xe7,0x19,0xe7,0x19,0xe7,0x19,0xe7,0x19,0xe7,0x19,0xe7,
    0x19,0xe7,0x19,0xe7,0x19,0xe7,0x19,0xe7,0x19,0xe7,0x19,0xe7,0x19,0xe7,0x19,0xe7,0x19,0xe7,0x19,0xe7,0x19,0xe7,0x19,0xe7,0x19,0xe7,0x19,0xe7,0x19,0xe7,0x19,0xe7,
    0x19,0xe7,0x19,0xe7,0x19,0xe7,0x19,0xe7,0x19,0xe7,0x19,0xe7,0x19,0xe7,0x19,0xe7,0x19,0xe7,0x19,0xe7,0x19,0xe7,0x19,0xe7,0x19,0xe7,0x19,0xe7,0x19,0xe7,0x19,0xe7,
    0x19,0xe7,0x19,0xe7,0x19,0xe7,0x19,0xe7,0x19,0xe7,0x19,0xe7,0x19,0xe7,0x19,0xe7,0x19,0xe7,0x19,0xe7,0x19,0xe7,0x19,0xe7,0x19,0xe7,0x19,0xe7,0xe6,0x21,0x65,0x11,
    0x46,0x6a,0xa7,0x72,0x07,0x83,0x27,0x8b,0x06,0x8b,0x29,0x2a,0x0a,0x22,0x2a,0x22,0x2a,0x22,0x2a,0x22,0x2a,0x22,0x2a,0x22,0x2a,0x22,0x2a,0x22,0x2a,0x22,0x2a,0x22,
    0x2a,0x22,0x2a,0x22,0x2a,0x22,0x2a,0x22,0x2a,0x22,0x2a,0x22,0x2a,0x22,0x2a,0x22,0x2a,0x22,0x2a,0x22,0x2a,0x22,0x2a,0x22,0x2a,0x22,0x2a,0x22,0x2a,0x22,0x2a,0x22,
    0x2a,0x22,0x2a,0x22,0x2a,0x22,0x2a,0x22,0x2a,0x22,0x2a,0x22,0x0a,0x22,0x0a,0x22,0x0a,0x22,0x0a,0x22,0xe8,0x21,0x86,0x6a,0x07,0x83,0x06,0x83,0xc8,0xab,0x68,0x4a,
    0x2a,0x1a,0x0a,0x1a,0x2a,0x22,0x2a,0x22,0x2a,0x22,0x2a,0x22,0x2a,0x22,0x0a,0x22,0x0a,0x22,0x0a,0x22,0x2a,0x22,0x2a,0x22,0x2a,0x22,0x2a,0x22,0x2a,0x22,0x2a,0x22,
    0x4a,0x22,0x2b,0x22,0x2a,0x22,0x2a,0x1a,0x2a,0x22,0x0a,0x22,0x2a,0x22,0x2a,0x22,0x2a,0x22,0x2a,0x22,0x0a,0x22,0x2a,0x22,0x2a,0x22,0x2a,0x22,0x2a,0x22,0x2a,0x22,
    0x2a,0x22,0x2a,0x22,0x2a,0x22,0x2a,0x22,0x09,0x22,0xc7,0x82,0xe7,0x82,0xe7,0x82,0x86,0x72,0x66,0x6a,0x65,0x11,0xca,0x4a,0x19,0xe7,0x19,0xe7,0x19,0xe7,0x19,0xe7,
    0x19,0xe7,0x19,0xe7,0x19,0xe7,0x19,0xe7,0x19,0xe7,0x19,0xe7,0x19,0xe7,0x19,0xe7,0x19,0xe7,0x19,0xe7,0x19,0xe7,0x19,0xe7,0x19,0xe7,0x19,0xe7,0x19,0xe7,0x19,0xe7,
    0x19,0xe7,0x19,0xe7,0x19,0xe7,0x19,0xe7,0x19,0xe7,0x19,0xe7,0x19,0xe7,0x19,0xe7,0x19,0xe7,0x19,0xe7,0x19,0xe7,0x19,0xe7,0x19,0xe7,0x19,0xe7,0x19,0xe7,0x19,0xe7,
    0x19,0xe7,0x19,0xe7,0x19,0xe7,0x19,0xe7,0x19,0xe7,0x19,0xe7,0x19,0xe7,0x19,0xe7,0x19,0xe7,0x19,0xe7,0x19,0xe7,0x19,0xe7,0x19,0xe7,0x19,0xe7,0x19,0xe7,0x19,0xe7,
    0x19,0xe7,0x19,0xe7,0x19,0xe7,0x19,0xe7,0x19,0xe7,0x19,0xe7,0x19,0xe7,0x19,0xe7,0x19,0xe7,0x19,0xe7,0x19,0xe7,0x19,0xe7,0x19,0xe7,0x19,0xe7,0x19,0xe7,0x19,0xe7,
    0x19,0xe7,0x19,0xe7,0x19,0xe7,0x19,0xe7,0x19,0xe7,0x19,0xe7,0x19,0xe7,0x19,0xe7,0x19,0xe7,0x19,0xe7,0x19,0xe7,0x19,0xe7,0x19,0xe7,0x19,0xe7,0x19,0xe7,0x19,0xe7,
    0x19,0xe7,0x19,0xe7,0x19,0xe7,0x19,0xe7,0x19,0xe7,0x19,0xe7,0x19,0xe7,0x19,0xe7,0x19,0xe7,0x19,0xe7,0x19,0xe7,0x19,0xe7,0x19,0xe7,0x19,0xe7,0x19,0xe7,0x19,0xe7,
    0x19,0xe7,0x19,0xe7,0x19,0xe7,0x19,0xe7,0x19,0xe7,0x19,0xe7,0x19,0xe7,0x19,0xe7,0x19,0xe7,0x19,0xe7,0x19,0xe7,0x19,0xe7,0x19,0xe7,0x19,0xe7,0x19,0xe7,0x19,0xe7,
    0x19,0xe7,0x19,0xe7,0x19,0xe7,0x19,0xe7,0x19,0xe7,0x19,0xe7,0x19,0xe7,0x19,0xe7,0x19,0xe7,0x19,0xe7,0x19,0xe7,0x19,0xe7,0x19,0xe7,0x19,0xe7,0x19,0xe7,0x19,0xe7,
    0x19,0xe7,0x19,0xe7,0x19,0xe7,0x19,0xe7,0xe6,0x21,0x65,0x11,0x86,0x6a,0xa6,0x72,0x07,0x83,0x07,0x8b,0x07,0x8b,0x29,0x22,0x2a,0x22,0x2a,0x22,0x2a,0x22,0x2a,0x22,
    0x4b,0x22,0x2a,0x22,0x0a,0x1a,0x2a,0x22,0x2a,0x22,0x2a,0x22,0x2a,0x22,0x2a,0x22,0x2a,0x22,0x2a,0x22,0x2a,0x22,0x2a,0x22,0x2a,0x22,0x2a,0x22,0x0a,0x1a,0x2a,0x1a,
    0x2a,0x22,0x2a,0x22,0x2a,0x22,0x2a,0x22,0x2a,0x22,0x2a,0x22,0x2a,0x22,0x2a,0x22,0x2a,0x22,0x2a,0x22,0x2a,0x22,0x2a,0x22,0x0a,0x22,0x0a,0x22,0x0a,0x22,0x0a,0x22,
    0x09,0x2a,0x86,0x72,0xe7,0x82,0xe6,0x82,0xc8,0xab,0x89,0x4a,0x2a,0x1a,0x2a,0x22,0x2a,0x22,0x2a,0x22,0x2a,0x22,0x2a,0x22,0x2a,0x22,0x2a,0x22,0x2a,0x22,0x2a,0x22,
    0x2a,0x22,0x2a,0x22,0x2a,0x22,0x29,0x22,0x2a,0x22,0x4b,0x22,0x27,0x32,0x48,0x32,0x28,0x2a,0x48,0x32,0x08,0x2a,0x0a,0x1a,0x0b,0x22,0x2a,0x22,0x0a,0x22,0x2a,0x22,
    0x2a,0x22,0x2a,0x22,0x2a,0x22,0x2a,0x22,0x2a,0x22,0x2a,0x22,0x2a,0x22,0x2a,0x22,0x2a,0x22,0x2a,0x1a,0x09,0x22,0xc6,0x82,0xc7,0x82,0xe7,0x82,0x86,0x72,0x46,0x6a,
    0x65,0x11,0xca,0x42,0x19,0xe7,0x19,0xe7,0x19,0xe7,0x19,0xe7,0x19,0xe7,0x19,0xe7,0x19,0xe7,0x19,0xe7,0x19,0xe7,0x19,0xe7,0x19,0xe7,0x19,0xe7,0x19,0xe7,0x19,0xe7,
    0x19,0xe7,0x19,0xe7,0x19,0xe7,0x19,0xe7,0x19,0xe7,0x19,0xe7,0x19,0xe7,0x19,0xe7,0x19,0xe7,0x19,0xe7,0x19,0xe7,0x19,0xe7,0x19,0xe7,0x19,0xe7,0x19,0xe7,0x19,0xe7,
    0x19,0xe7,0x19,0xe7,0x19,0xe7,0x19,0xe7,0x19,0xe7,0x19,0xe7,0x19,0xe7,0x19,0xe7,0x19,0xe7,0x19,0xe7,0x19,0xe7,0x19,0xe7,0x19,0xe7,0x19,0xe7,0x19,0xe7,0x19,0xe7,
    0x19,0xe7,0x19,0xe7,0x19,0xe7,0x19,0xe7,0x19,0xe7,0x19,0xe7,0x19,0xe7,0x19,0xe7,0x19,0xe7,0x19,0xe7,0x19,0xe7,0x19,0xe7,0x19,0xe7,0x19,0xe7,0x19,0xe7,0x19,0xe7,
    0x19,0xe7,0x19,0xe7,0x19,0xe7,0x19,0xe7,0x19,0xe7,0x19,0xe7,0x19,0xe7,0x19,0xe7,0x19,0xe7,0x19,0xe7,0x19,0xe7,0x19,0xe7,0x19,0xe7,0x19,0xe7,0x19,0xe7,0x19,0xe7,
    0x19,0xe7,0x19,0xe7,0x19,0xe7,0x19,0xe7,0x19,0xe7,0x19,0xe7,0x19,0xe7,0x19,0xe7,0x19,0xe7,0x19,0xe7,0x19,0xe7,0x19,0xe7,0x19,0xe7,0x19,0xe7,0x19,0xe7,0x19,0xe7,
    0x19,0xe7,0x19,0xe7,0x19,0xe7,0x19,0xe7,0x19,0xe7,0x19,0xe7,0x19,0xe7,0x19,0xe7,0x19,0xe7,0x19,0xe7,0x19,0xe7,0x19,0xe7,0x19,0xe7,0x19,0xe7,0x19,0xe7,0x19,0xe7,
    0x19,0xe7,0x19,0xe7,0x19,0xe7,0x19,0xe7,0x19,0xe7,0x19,0xe7,0x19,0xe7,0x19,0xe7,0x19,0xe7,0x19,0xe7,0x19,0xe7,0x19,0xe7,0x19,0xe7,0x19,0xe7,0x19,0xe7,0x19,0xe7,
    0x19,0xe7,0x19,0xe7,0x19,0xe7,0x19,0xe7,0x19,0xe7,0x19,0xe7,0x19,0xe7,0x19,0xe7,0x19,0xe7,0x19,0xe7,0xe6,0x21,0x65,0x11,0x66,0x6a,0xa7,0x72,0x07,0x83,0x07,0x8b,
    0x06,0x8b,0x29,0x22,0x09,0x1a,0x2a,0x22,0x2a,0x22,0x4b,0x22,0x4b,0x22,0x4b,0x22,0x2a,0x22,0x2a,0x22,0x2a,0x22,0x2a,0x22,0x2a,0x22,0x2a,0x22,0x2a,0x22,0x2a,0x22,
    0x2a,0x22,0x2a,0x22,0x2a,0x22,0x2a,0x22,0x2a,0x22,0x2a,0x22,0x4a,0x1a,0x2a,0x22,0x2a,0x22,0x4a,0x1a,0x2a,0x22,0x0a,0x22,0x2a,0x22,0x2a,0x22,0x2a,0x22,0x2a,0x22,
    0x2a,0x1a,0x2a,0x22,0x2a,0x22,0x2a,0x22,0x0a,0x22,0x0a,0x22,0x09,0x2a,0x86,0x72,0x07,0x83,0xe6,0x82,0xe8,0xab,0xa9,0x4a,0x2b,0x22,0x2a,0x22,0x2a,0x22,0x2a,0x22,
    0x2a,0x22,0x2a,0x22,0x2a,0x22,0x2a,0x22,0x2a,0x22,0x0a,0x22,0x2a,0x22,0x2a,0x22,0x29,0x22,0x2a,0x1a,0x2a,0x12,0xc9,0x11,0xf2,0xfe,0xd0,0xfe,0xd1,0xfe,0xf1,0xfe,
    0xd1,0xf6,0x0b,0x22,0x2a,0x1a,0x2b,0x22,0x0a,0x22,0x2a,0x22,0x2a,0x22,0x2a,0x22,0x2a,0x22,0x2a,0x22,0x2a,0x22,0x2a,0x22,0x2a,0x22,0x2a,0x22,0x2a,0x22,0x2a,0x1a,
    0x09,0x22,0xc6,0x82,0xc7,0x82,0xe7,0x82,0x86,0x72,0x66,0x6a,0x65,0x11,0xaa,0x42,0x19,0xe7,0x19,0xe7,0x19,0xe7,0x19,0xe7,0x19,0xe7,0x19,0xe7,0x19,0xe7,0x19,0xe7,
    0x19,0xe7,0x19,0xe7,0x19,0xe7,0x19,0xe7,0x19,0xe7,0x19,0xe7,0x19,0xe7,0x19,0xe7,0x19,0xe7,0x19,0xe7,0x19,0xe7,0x19,0xe7,0x19,0xe7,0x19,0xe7,0x19,0xe7,0x19,0xe7,
    0x19,0xe7,0x19,0xe7,0x19,0xe7,0x19,0xe7,0x19,0xe7,0x19,0xe7,0x19,0xe7,0x19,0xe7,0x19,0xe7,0x19,0xe7,0x19,0xe7,0x19,0xe7,0x19,0xe7,0x19,0xe7,0x19,0xe7,0x19,0xe7,
    0x19,0xe7,0x19,0xe7,0x19,0xe7,0x19,0xe7,0x19,0xe7,0x19,0xe7,0x19,0xe7,0x19,0xe7,0x19,0xe7,0x19,0xe7,0x19,0xe7,0x19,0xe7,0x19,0xe7,0x19,0xe7,0x19,0xe7,0x19,0xe7,
    0x19,0xe7,0x19,0xe7,0x19,0xe7,0x19,0xe7,0x19,0xe7,0x19,0xe7,0x19,0xe7,0x19,0xe7,0x19,0xe7,0x19,0xe7,0x19,0xe7,0x19,0xe7,0x19,0xe7,0x19,0xe7,0x19,0xe7,0x19,0xe7,
    0x19,0xe7,0x19,0xe7,0x19,0xe7,0x19,0xe7,0x19,0xe7,0x19,0xe7,0x19,0xe7,0x19,0xe7,0x19,0xe7,0x19,0xe7,0x19,0xe7,0x19,0xe7,0x19,0xe7,0x19,0xe7,0x19,0xe7,0x19,0xe7,
    0x19,0xe7,0x19,0xe7,0x19,0xe7,0x19,0xe7,0x19,0xe7,0x19,0xe7,0x19,0xe7,0x19,0xe7,0x19,0xe7,0x19,0xe7,0x19,0xe7,0x19,0xe7,0x19,0xe7,0x19,0xe7,0x19,0xe7,0x19,0xe7,
    0x19,0xe7,0x19,0xe7,0x19,0xe7,0x19,0xe7,0x19,0xe7,0x19,0xe7,0x19,0xe7,0x19,0xe7,0x19,0xe7,0x19,0xe7,0x19,0xe7,0x19,0xe7,0x19,0xe7,0x19,0xe7,0x19,0xe7,0x19,0xe7,
    0x19,0xe7,0x19,0xe7,0x19,0xe7,0x19,0xe7,0x19,0xe7,0x19,0xe7,0x19,0xe7,0x19,0xe7,0x19,0xe7,0x19,0xe7,0x19,0xe7,0x19,0xe7,0x19,0xe7,0x19,0xe7,0x19,0xe7,0x19,0xe7,
    0xe6,0x29,0x65,0x11,0x86,0x72,0xc7,0x72,0xe7,0x7a,0x47,0x93,0x09,0xb4,0x49,0x2a,0x0a,0x22,0x2a,0x22,0x2a,0x22,0xe9,0x21,0xb2,0xe6,0x29,0x32,0x4b,0x22,0x2a,0x22,
    0x2a,0x22,0x2a,0x22,0x2a,0x22,0x2a,0x22,0x2a,0x22,0x2a,0x22,0x2a,0x22,0x2a,0x22,0x2a,0x22,0x2a,0x22,0x2a,0x22,0x2a,0x22,0x2a,0x22,0x2a,0x1a,0x2a,0x22,0x2a,0x1a,
    0x2a,0x1a,0x2a,0x22,0x2a,0x22,0x2a,0x22,0x2a,0x22,0x2a,0x22,0x2a,0x22,0x2a,0x22,0x2a,0x22,0x2a,0x22,0x2a,0x22,0x0a,0x22,0x09,0x2a,0x86,0x72,0x07,0x83,0xe7,0x82,
    0xe8,0xb3,0xa9,0x4a,0x2a,0x1a,0x2a,0x22,0x2a,0x22,0x2a,0x22,0x2a,0x22,0x2a,0x22,0x2a,0x22,0x2a,0x22,0x2a,0x22,0x2a,0x22,0x2a,0x22,0x2a,0x22,0x2a,0x22,0x4a,0x22,
    0xef,0xa4,0x8f,0xf6,0xb1,0xfe,0xd1,0xfe,0x71,0xf6,0x91,0xf6,0xb1,0xfe,0xef,0xfe,0x6b,0x63,0x2a,0x2a,0x2b,0x22,0x2a,0x22,0x2a,0x22,0x2a,0x22,0x2a,0x22,0x2a,0x22,
    0x2a,0x22,0x2a,0x22,0x2a,0x22,0x2a,0x22,0x2a,0x22,0x4b,0x1a,0x09,0x22,0xe7,0x8a,0xe7,0x8a,0x07,0x83,0x86,0x72,0x66,0x6a,0x85,0x11,0xca,0x4a,0x19,0xe7,0x19,0xe7,
    0x19,0xe7,0x19,0xe7,0x19,0xe7,0x19,0xe7,0x19,0xe7,0x19,0xe7,0x19,0xe7,0x19,0xe7,0x19,0xe7,0x19,0xe7,0x19,0xe7,0x19,0xe7,0x19,0xe7,0x19,0xe7,0x19,0xe7,0x19,0xe7,
    0x19,0xe7,0x19,0xe7,0x19,0xe7,0x19,0xe7,0x19,0xe7,0x19,0xe7,0x19,0xe7,0x19,0xe7,0x19,0xe7,0x19,0xe7,0x19,0xe7,0x19,0xe7,0x19,0xe7,0x19,0xe7,0x19,0xe7,0x19,0xe7,
    0x19,0xe7,0x19,0xe7,0x19,0xe7,0x19,0xe7,0x19,0xe7,0x19,0xe7,0x19,0xe7,0x19,0xe7,0x19,0xe7,0x19,0xe7,0x19,0xe7,0x19,0xe7,0x19,0xe7,0x19,0xe7,0x19,0xe7,0x19,0xe7,
    0x19,0xe7,0x19,0xe7,0x19,0xe7,0x19,0xe7,0x19,0xe7,0x19,0xe7,0x19,0xe7,0x19,0xe7,0x19,0xe7,0x19,0xe7,0x19,0xe7,0x19,0xe7,0x19,0xe7,0x19,0xe7,0x19,0xe7,0x19,0xe7,
    0x19,0xe7,0x19,0xe7,0x19,0xe7,0x19,0xe7,0x19,0xe7,0x19,0xe7,0x19,0xe7,0x19,0xe7,0x19,0xe7,0x19,0xe7,0x19,0xe7,0x19,0xe7,0x19,0xe7,0x19,0xe7,0x19,0xe7,0x19,0xe7,
    0x19,0xe7,0x19,0xe7,0x19,0xe7,0x19,0xe7,0x19,0xe7,0x19,0xe7,0x19,0xe7,0x19,0xe7,0x19,0xe7,0x19,0xe7,0x19,0xe7,0x19,0xe7,0x19,0xe7,0x19,0xe7,0x19,0xe7,0x19,0xe7,
    0x19,0xe7,0x19,0xe7,0x19,0xe7,0x19,0xe7,0x19,0xe7,0x19,0xe7,0x19,0xe7,0x19,0xe7,0x19,0xe7,0x19,0xe7,0x19,0xe7,0x19,0xe7,0x19,0xe7,0x19,0xe7,0x19,0xe7,0x19,0xe7,
    0x19,0xe7,0x19,0xe7,0x19,0xe7,0x19,0xe7,0x19,0xe7,0x19,0xe7,0x19,0xe7,0x19,0xe7,0x19,0xe7,0x19,0xe7,0x19,0xe7,0x19,0xe7,0x19,0xe7,0x19,0xe7,0x19,0xe7,0x19,0xe7,
    0x19,0xe7,0x19,0xe7,0x19,0xe7,0x19,0xe7,0x19,0xe7,0x19,0xe7,0xe6,0x21,0x65,0x11,0xa7,0x72,0xc7,0x7a,0x86,0x72,0xe6,0x82,0xe8,0xab,0x29,0x2a,0x0a,0x22,0x2a,0x22,
    0x2a,0x22,0x2a,0x1a,0x2a,0x22,0x4a,0x22,0x2a,0x22,0x2a,0x22,0x2a,0x22,0x2a,0x22,0x2a,0x22,0x2a,0x22,0x2a,0x22,0x2a,0x22,0x2a,0x22,0x2a,0x22,0x2a,0x22,0x2a,0x22,
    0x2a,0x22,0x2a,0x22,0x29,0x22,0x2a,0x22,0x2a,0x2a,0xca,0x4a,0x2c,0x22,0x2b,0x22,0x2a,0x22,0x2a,0x22,0x2a,0x22,0x2a,0x22,0x2a,0x22,0x2a,0x22,0x2a,0x22,0x2a,0x22,
    0x2a,0x22,0x2a,0x1a,0x09,0x22,0xa6,0x72,0xe7,0x82,0xe6,0x82,0x08,0xbc,0xa9,0x52,0x2a,0x1a,0x2a,0x1a,0x2a,0x22,0x2a,0x22,0x2a,0x22,0x2a,0x22,0x2a,0x22,0x2a,0x22,
    0x2a,0x22,0x2a,0x22,0x2a,0x22,0x2a,0x1a,0x4b,0x22,0x8c,0x5b,0x12,0xff,0xf2,0xfe,0xd1,0xfe,0xd1,0xfe,0xb1,0xfe,0xb1,0xfe,0xb1,0xfe,0xd1,0xfe,0x12,0xff,0x08,0x22,
    0x2a,0x22,0x2a,0x22,0x2a,0x22,0x2a,0x22,0x2a,0x22,0x2a,0x22,0x2a,0x22,0x2a,0x22,0x2a,0x22,0x2a,0x22,0x2a,0x22,0x2a,0x1a,0x09,0x22,0x07,0x8b,0xe7,0x8a,0x07,0x83,
    0x86,0x72,0x66,0x6a,0x85,0x11,0xca,0x4a,0x19,0xe7,0x19,0xe7,0x19,0xe7,0x19,0xe7,0x19,0xe7,0x19,0xe7,0x19,0xe7,0x19,0xe7,0x19,0xe7,0x19,0xe7,0x19,0xe7,0x19,0xe7,
    0x19,0xe7,0x19,0xe7,0x19,0xe7,0x19,0xe7,0x19,0xe7,0x19,0xe7,0x19,0xe7,0x19,0xe7,0x19,0xe7,0x19,0xe7,0x19,0xe7,0x19,0xe7,0x19,0xe7,0x19,0xe7,0x19,0xe7,0x19,0xe7,
    0x19,0xe7,0x19,0xe7,0x19,0xe7,0x19,0xe7,0x19,0xe7,0x19,0xe7,0x19,0xe7,0x19,0xe7,0x19,0xe7,0x19,0xe7,0x19,0xe7,0x19,0xe7,0x19,0xe7,0x19,0xe7,0x19,0xe7,0x19,0xe7,
    0x19,0xe7,0x19,0xe7,0x19,0xe7,0x19,0xe7,0x19,0xe7,0x19,0xe7,0x19,0xe7,0x19,0xe7,0x19,0xe7,0x19,0xe7,0x19,0xe7,0x19,0xe7,0x19,0xe7,0x19,0xe7,0x19,0xe7,0x19,0xe7,
    0x19,0xe7,0x19,0xe7,0x19,0xe7,0x19,0xe7,0x19,0xe7,0x19,0xe7,0x19,0xe7,0x19,0xe7,0x19,0xe7,0x19,0xe7,0x19,0xe7,0x19,0xe7,0x19,0xe7,0x19,0xe7,0x19,0xe7,0x19,0xe7,
    0x19,0xe7,0x19,0xe7,0x19,0xe7,0x19,0xe7,0x19,0xe7,0x19,0xe7,0x19,0xe7,0x19,0xe7,0x19,0xe7,0x19,0xe7,0x19,0xe7,0x19,0xe7,0x19,0xe7,0x19,0xe7,0x19,0xe7,0x19,0xe7,
    0x19,0xe7,0x19,0xe7,0x19,0xe7,0x19,0xe7,0x19,0xe7,0x19,0xe7,0x19,0xe7,0x19,0xe7,0x19,0xe7,0x19,0xe7,0x19,0xe7,0x19,0xe7,0x19,0xe7,0x19,0xe7,0x19,0xe7,0x19,0xe7,
    0x19,0xe7,0x19,0xe7,0x19,0xe7,0x19,0xe7,0x19,0xe7,0x19,0xe7,0x19,0xe7,0x19,0xe7,0x19,0xe7,0x19,0xe7,0x19,0xe7,0x19,0xe7,0x19,0xe7,0x19,0xe7,0x19,0xe7,0x19,0xe7,
    0x19,0xe7,0x19,0xe7,0x19,0xe7,0x19,0xe7,0x19,0xe7,0x19,0xe7,0x19,0xe7,0x19,0xe7,0x19,0xe7,0x19,0xe7,0x19,0xe7,0x19,0xe7,0xc6,0x29,0x65,0x11,0xa6,0x72,0xc7,0x72,
    0x86,0x6a,0xe6,0x82,0xe8,0xab,0x28,0x2a,0x0a,0x22,0x2a,0x22,0x2a,0x22,0x2a,0x22,0x4a,0x22,0x4b,0x22,0x2a,0x22,0x4b,0x22,0x4a,0x22,0x2a,0x22,0x2a,0x22,0x2a,0x22,
    0x2a,0x22,0x2a,0x22,0x2a,0x22,0x2a,0x22,0x2a,0x22,0x2a,0x22,0x2a,0x22,0x2a,0x22,0x2a,0x22,0x2a,0x1a,0x2a,0x53,0x2f,0xee,0x2b,0x12,0x2a,0x22,0x2a,0x22,0x2a,0x22,
    0x2a,0x22,0x2a,0x22,0x2a,0x22,0x2a,0x22,0x2a,0x22,0x2a,0x22,0x2a,0x22,0x2a,0x22,0x09,0x22,0xa6,0x72,0xe7,0x82,0xe6,0x82,0x28,0xbc,0xaa,0x52,0x0a,0x1a,0x2a,0x22,
    0x2a,0x22,0x2a,0x1a,0x2a,0x22,0x2a,0x22,0x2a,0x22,0x2a,0x22,0x2a,0x22,0x2a,0x22,0x2a,0x22,0x0a,0x1a,0x09,0x22,0x6a,0x63,0xf1,0xfe,0x91,0xfe,0xb1,0xfe,0xb1,0xfe,
    0xb1,0xfe,0xb1,0xfe,0xb1,0xfe,0xb1,0xfe,0xb1,0xfe,0xe7,0x21,0x4a,0x1a,0x2a,0x22,0x2b,0x22,0x2b,0x22,0x2a,0x22,0x2a,0x22,0x2a,0x22,0x2a,0x22,0x4a,0x22,0x2a,0x22,
    0x2a,0x22,0x2a,0x22,0x29,0x22,0x07,0x8b,0x07,0x8b,0x07,0x83,0x86,0x72,0x66,0x6a,0x65,0x11,0xea,0x4a,0x19,0xe7,0x19,0xe7,0x19,0xe7,0x19,0xe7,0x19,0xe7,0x19,0xe7,
    0x19,0xe7,0x19,0xe7,0x19,0xe7,0x19,0xe7,0x19,0xe7,0x19,0xe7,0x19,0xe7,0x19,0xe7,0x19,0xe7,0x19,0xe7,0x19,0xe7,0x19,0xe7,0x19,0xe7,0x19,0xe7,0x19,0xe7,0x19,0xe7,
    0x19,0xe7,0x19,0xe7,0x19,0xe7,0x19,0xe7,0x19,0xe7,0x19,0xe7,0x19,0xe7,0x19,0xe7,0x19,0xe7,0x19,0xe7,0x19,0xe7,0x19,0xe7,0x19,0xe7,0x19,0xe7,0x19,0xe7,0x19,0xe7,
    0x19,0xe7,0x19,0xe7,0x19,0xe7,0x19,0xe7,0x19,0xe7,0x19,0xe7,0x19,0xe7,0x19,0xe7,0x19,0xe7,0x19,0xe7,0x19,0xe7,0x19,0xe7,0x19,0xe7,0x19,0xe7,0x19,0xe7,0x19,0xe7,
    0x19,0xe7,0x19,0xe7,0x19,0xe7,0x19,0xe7,0x19,0xe7,0x19,0xe7,0x19,0xe7,0x19,0xe7,0x19,0xe7,0x19,0xe7,0x19,0xe7,0x19,0xe7,0x19,0xe7,0x19,0xe7,0x19,0xe7,0x19,0xe7,
    0x19,0xe7,0x19,0xe7,0x19,0xe7,0x19,0xe7,0x19,0xe7,0x19,0xe7,0x19,0xe7,0x19,0xe7,0x19,0xe7,0x19,0xe7,0x19,0xe7,0x19,0xe7,0x19,0xe7,0x19,0xe7,0x19,0xe7,0x19,0xe7,
    0x19,0xe7,0x19,0xe7,0x19,0xe7,0x19,0xe7,0x19,0xe7,0x19,0xe7,0x19,0xe7,0x19,0xe7,0x19,0xe7,0x19,0xe7,0x19,0xe7,0x19,0xe7,0x19,0xe7,0x19,0xe7,0x19,0xe7,0x19,0xe7,
    0x19,0xe7,0x19,0xe7,0x19,0xe7,0x19,0xe7,0x19,0xe7,0x19,0xe7,0x19,0xe7,0x19,0xe7,0x19,0xe7,0x19,0xe7,0x19,0xe7,0x19,0xe7,0x19,0xe7,0x19,0xe7,0x19,0xe7,0x19,0xe7,
    0x19,0xe7,0x19,0xe7,0x19,0xe7,0x19,0xe7,0x19,0xe7,0x19,0xe7,0x19,0xe7,0x19,0xe7,0x19,0xe7,0x19,0xe7,0x19,0xe7,0x19,0xe7,0x19,0xe7,0x19,0xe7,0x19,0xe7,0x19,0xe7,
    0x19,0xe7,0x19,0xe7,0xc6,0x29,0x65,0x11,0xa6,0x7a,0xa7,0x72,0x86,0x6a,0xc6,0x82,0x08,0xb4,0x49,0x2a,0x2a,0x22,0x2a,0x22,0x2a,0x22,0x2a,0x22,0x2a,0x22,0x2a,0x22,
    0x2a,0x1a,0x2a,0x22,0x2a,0x22,0x4b,0x22,0x2b,0x22,0x2a,0x22,0x4b,0x22,0x4a,0x22,0x4a,0x22,0x4b,0x22,0x4b,0x22,0x4b,0x22,0x4b,0x22,0x4a,0x22,0x2a,0x22,0x2a,0x22,
    0x0a,0x22,0x2a,0x22,0x2a,0x22,0x4a,0x22,0x4b,0x22,0x4b,0x22,0x2a,0x22,0x2a,0x22,0x2a,0x22,0x2a,0x22,0x2a,0x22,0x2a,0x22,0x2b,0x22,0x2a,0x22,0x09,0x22,0x86,0x72,
    0xc7,0x82,0xe6,0x82,0x08,0xbc,0xca,0x52,0x0a,0x1a,0x2a,0x1a,0x2a,0x1a,0x2a,0x22,0x2a,0x22,0x2a,0x1a,0x4c,0x2a,0x08,0x1a,0x2a,0x22,0x2a,0x22,0x2a,0x22,0x2b,0x22,
    0x2a,0x22,0x4a,0x63,0xd1,0xfe,0xd1,0xfe,0xd1,0xfe,0xb1,0xfe,0xb1,0xfe,0xb1,0xfe,0xb1,0xfe,0xb1,0xfe,0xd0,0xfe,0x08,0x22,0x2a,0x22,0x2a,0x22,0x2b,0x22,0x4b,0x22,
    0x4b,0x2a,0x2a,0x22,0x2a,0x22,0x4a,0x22,0x2b,0x22,0x2a,0x22,0x2a,0x22,0x2a,0x22,0x09,0x22,0x07,0x8b,0xe7,0x8a,0x07,0x83,0x86,0x6a,0x66,0x72,0x65,0x11,0xea,0x4a,
    0x19,0xe7,0x19,0xe7,0x19,0xe7,0x19,0xe7,0x19,0xe7,0x19,0xe7,0x19,0xe7,0x19,0xe7,0x19,0xe7,0x19,0xe7,0x19,0xe7,0x19,0xe7,0x19,0xe7,0x19,0xe7,0x19,0xe7,0x19,0xe7,
    0x19,0xe7,0x19,0xe7,0x19,0xe7,0x19,0xe7,0x19,0xe7,0x19,0xe7,0x19,0xe7,0x19,0xe7,0x19,0xe7,0x19,0xe7,0x19,0xe7,0x19,0xe7,0x19,0xe7,0x19,0xe7,0x19,0xe7,0x19,0xe7,
    0x19,0xe7,0x19,0xe7,0x19,0xe7,0x19,0xe7,0x19,0xe7,0x19,0xe7,0x19,0xe7,0x19,0xe7,0x19,0xe7,0x19,0xe7,0x19,0xe7,0x19,0xe7,0x19,0xe7,0x19,0xe7,0x19,0xe7,0x19,0xe7,
    0x19,0xe7,0x19,0xe7,0x19,0xe7,0x19,0xe7,0x19,0xe7,0x19,0xe7,0x19,0xe7,0x19,0xe7,0x19,0xe7,0x19,0xe7,0x19,0xe7,0x19,0xe7,0x19,0xe7,0x19,0xe7,0x19,0xe7,0x19,0xe7,
    0x19,0xe7,0x19,0xe7,0x19,0xe7,0x19,0xe7,0x19,0xe7,0x19,0xe7,0x19,0xe7,0x19,0xe7,0x19,0xe7,0x19,0xe7,0x19,0xe7,0x19,0xe7,0x19,0xe7,0x19,0xe7,0x19,0xe7,0x19,0xe7,
    0x19,0xe7,0x19,0xe7,0x19,0xe7,0x19,0xe7,0x19,0xe7,0x19,0xe7,0x19,0xe7,0x19,0xe7,0x19,0xe7,0x19,0xe7,0x19,0xe7,0x19,0xe7,0x19,0xe7,0x19,0xe7,0x19,0xe7,0x19,0xe7,
    0x19,0xe7,0x19,0xe7,0x19,0xe7,0x19,0xe7,0x19,0xe7,0x19,0xe7,0x19,0xe7,0x19,0xe7,0x19,0xe7,0x19,0xe7,0x19,0xe7,0x19,0xe7,0x19,0xe7,0x19,0xe7,0x19,0xe7,0x19,0xe7,
    0x19,0xe7,0x19,0xe7,0x19,0xe7,0x19,0xe7,0x19,0xe7,0x19,0xe7,0x19,0xe7,0x19,0xe7,0x19,0xe7,0x19,0xe7,0x19,0xe7,0x19,0xe7,0x19,0xe7,0x19,0xe7,0x19,0xe7,0x19,0xe7,
    0x19,0xe7,0x19,0xe7,0x19,0xe7,0x19,0xe7,0x19,0xe7,0x19,0xe7,0x19,0xe7,0x19,0xe7,0xc6,0x21,0x65,0x19,0xa6,0x7a,0xa7,0x72,0x86,0x6a,0xc7,0x82,0xe7,0xab,0x69,0x2a,
    0x2a,0x22,0x2a,0x22,0x2a,0x22,0x2a,0x22,0x2a,0x22,0x2a,0x22,0x2a,0x1a,0x29,0x22,0xe7,0x21,0x2a,0x22,0x2b,0x22,0x4b,0x22,0x4b,0x22,0x4a,0x22,0x4a,0x22,0x4b,0x22,
    0x4b,0x22,0x4b,0x22,0x4b,0x22,0x4b,0x22,0x2a,0x22,0x2a,0x22,0x4a,0x22,0x2a,0x22,0x2a,0x22,0x4b,0x22,0x4b,0x22,0x4b,0x22,0x2a,0x22,0x2a,0x22,0x2a,0x22,0x2a,0x22,
    0x2a,0x22,0x2a,0x22,0x2a,0x22,0x2a,0x22,0x09,0x22,0xa6,0x72,0xc7,0x82,0x06,0x8b,0x29,0xbc,0xea,0x5a,0x2a,0x1a,0x2a,0x22,0x2a,0x22,0x2a,0x22,0x0b,0x22,0x4b,0x1a,
    0x0a,0x53,0x2b,0x22,0x4a,0x22,0x2a,0x22,0x2a,0x22,0x2a,0x22,0x4b,0x22,0x6a,0x63,0xb1,0xfe,0xd1,0xfe,0xb1,0xfe,0xb1,0xfe,0xb1,0xfe,0xd1,0xfe,0xd1,0xfe,0xd1,0xfe,
    0xb0,0xfe,0x08,0x2a,0x2a,0x22,0x2a,0x22,0x2b,0x22,0x2b,0x22,0x4a,0x22,0x2a,0x22,0x08,0x22,0x2a,0x22,0x2b,0x22,0x2a,0x22,0x2a,0x22,0x2a,0x22,0x09,0x22,0xe7,0x8a,
    0xe7,0x8a,0x07,0x83,0x86,0x6a,0x66,0x72,0x65,0x11,0xca,0x4a,0x19,0xe7,0x19,0xe7,0x19,0xe7,0x19,0xe7,0x19,0xe7,0x19,0xe7,0x19,0xe7,0x19,0xe7,0x19,0xe7,0x19,0xe7,
    0x19,0xe7,0x19,0xe7,0x19,0xe7,0x19,0xe7,0x19,0xe7,0x19,0xe7,0x19,0xe7,0x19,0xe7,0x19,0xe7,0x19,0xe7,0x19,0xe7,0x19,0xe7,0x19,0xe7,0x19,0xe7,0x19,0xe7,0x19,0xe7,
    0x19,0xe7,0x19,0xe7,0x19,0xe7,0x19,0xe7,0x19,0xe7,0x19,0xe7,0x19,0xe7,0x19,0xe7,0x19,0xe7,0x19,0xe7,0x19,0xe7,0x19,0xe7,0x19,0xe7,0x19,0xe7,0x19,0xe7,0x19,0xe7,
    0x19,0xe7,0x19,0xe7,0x19,0xe7,0x19,0xe7,0x19,0xe7,0x19,0xe7,0x19,0xe7,0x19,0xe7,0x19,0xe7,0x19,0xe7,0x19,0xe7,0x19,0xe7,0x19,0xe7,0x19,0xe7,0x19,0xe7,0x19,0xe7,
    0x19,0xe7,0x19,0xe7,0x19,0xe7,0x19,0xe7,0x19,0xe7,0x19,0xe7,0x19,0xe7,0x19,0xe7,0x19,0xe7,0x19,0xe7,0x19,0xe7,0x19,0xe7,0x19,0xe7,0x19,0xe7,0x19,0xe7,0x19,0xe7,
    0x19,0xe7,0x19,0xe7,0x19,0xe7,0x19,0xe7,0x19,0xe7,0x19,0xe7,0x19,0xe7,0x19,0xe7,0x19,0xe7,0x19,0xe7,0x19,0xe7,0x19,0xe7,0x19,0xe7,0x19,0xe7,0x19,0xe7,0x19,0xe7,
    0x19,0xe7,0x19,0xe7,0x19,0xe7,0x19,0xe7,0x19,0xe7,0x19,0xe7,0x19,0xe7,0x19,0xe7,0x19,0xe7,0x19,0xe7,0x19,0xe7,0x19,0xe7,0x19,0xe7,0x19,0xe7,0x19,0xe7,0x19,0xe7,
    0x19,0xe7,0x19,0xe7,0x19,0xe7,0x19,0xe7,0x19,0xe7,0x19,0xe7,0x19,0xe7,0x19,0xe7,0x19,0xe7,0x19,0xe7,0x19,0xe7,0x19,0xe7,0x19,0xe7,0x19,0xe7,0x19,0xe7,0x19,0xe7,
    0x19,0xe7,0x19,0xe7,0x19,0xe7,0x19,0xe7,0x19,0xe7,0x19,0xe7,0x19,0xe7,0x19,0xe7,0x19,0xe7,0x19,0xe7,0x19,0xe7,0x19,0xe7,0x19,0xe7,0x19,0xe7,0xe6,0x21,0x65,0x19,
    0xa6,0x7a,0xa7,0x72,0x86,0x6a,0xc6,0x82,0xe8,0xab,0x6a,0x2a,0x2a,0x22,0x2a,0x22,0x4b,0x22,0x2a,0x22,0x4a,0x22,0x2a,0x22,0x2a,0x22,0x08,0x22,0xe6,0x19,0x29,0x22,
    0x4b,0x22,0x4b,0x22,0x4b,0x22,0x4a,0x22,0x2a,0x22,0x2a,0x22,0x4b,0x22,0x4b,0x22,0x4b,0x22,0x4b,0x22,0x4b,0x22,0x2a,0x22,0x2a,0x22,0x4b,0x22,0x2a,0x22,0x4b,0x22,
    0x4b,0x22,0x4b,0x22,0x2a,0x22,0x2a,0x22,0x2a,0x22,0x2a,0x22,0x4b,0x22,0x4a,0x22,0x4b,0x22,0x2b,0x22,0x2a,0x2a,0xa6,0x72,0xe7,0x82,0xe6,0x8a,0x28,0xbc,0xea,0x5a,
    0x2b,0x22,0x2a,0x22,0x2b,0x22,0x2a,0x22,0x2a,0x22,0x4b,0x22,0x89,0x4a,0x0a,0x2a,0x4a,0x22,0x4b,0x22,0x4b,0x22,0x2a,0x22,0x2a,0x22,0x6a,0x63,0xb1,0xf6,0xb1,0xfe,
    0xb1,0xfe,0xb1,0xfe,0xd1,0xfe,0xd1,0xfe,0xd1,0xfe,0xd1,0xfe,0xb0,0xfe,0x07,0x2a,0x2a,0x22,0x2a,0x22,0x4b,0x22,0x4b,0x22,0x4a,0x22,0x2a,0x22,0xe6,0x21,0x4a,0x22,
    0x4b,0x22,0x4b,0x22,0x2b,0x22,0x2a,0x22,0x09,0x22,0x07,0x8b,0xe7,0x8a,0x07,0x83,0x86,0x72,0x66,0x6a,0x65,0x11,0xca,0x4a,0x19,0xe7,0x19,0xe7,0x19,0xe7,0x19,0xe7,
    0x19,0xe7,0x19,0xe7,0x19,0xe7,0x19,0xe7,0x19,0xe7,0x19,0xe7,0x19,0xe7,0x19,0xe7,0x19,0xe7,0x19,0xe7,0x19,0xe7,0x19,0xe7,0x19,0xe7,0x19,0xe7,0x19,0xe7,0x19,0xe7,
    0x19,0xe7,0x19,0xe7,0x19,0xe7,0x19,0xe7,0x19,0xe7,0x19,0xe7,0x19,0xe7,0x19,0xe7,0x19,0xe7,0x19,0xe7,0x19,0xe7,0xee,0xbc,0x19,0xe7,0x19,0xe7,0x19,0xe7,0x19,0xe7,
    0x19,0xe7,0x19,0xe7,0x19,0xe7,0x19,0xe7,0x19,0xe7,0x19,0xe7,0x19,0xe7,0x19,0xe7,0x19,0xe7,0x19,0xe7,0x19,0xe7,0x19,0xe7,0x19,0xe7,0x19,0xe7,0x19,0xe7,0x19,0xe7,
    0x19,0xe7,0x19,0xe7,0x19,0xe7,0x19,0xe7,0x19,0xe7,0x19,0xe7,0x19,0xe7,0x19,0xe7,0x19,0xe7,0x19,0xe7,0x19,0xe7,0x19,0xe7,0x19,0xe7,0x19,0xe7,0x19,0xe7,0x19,0xe7,
    0x19,0xe7,0x19,0xe7,0x19,0xe7,0x19,0xe7,0x19,0xe7,0x19,0xe7,0x19,0xe7,0x19,0xe7,0x19,0xe7,0x19,0xe7,0x19,0xe7,0x19,0xe7,0x19,0xe7,0x19,0xe7,0x19,0xe7,0x19,0xe7,
    0x19,0xe7,0x19,0xe7,0x19,0xe7,0x19,0xe7,0x19,0xe7,0x19,0xe7,0x19,0xe7,0x19,0xe7,0x19,0xe7,0x19,0xe7,0x19,0xe7,0x19,0xe7,0x19,0xe7,0x19,0xe7,0x19,0xe7,0x19,0xe7,
    0x19,0xe7,0x19,0xe7,0x19,0xe7,0x19,0xe7,0x19,0xe7,0x19,0xe7,0x19,0xe7,0x19,0xe7,0x19,0xe7,0x19,0xe7,0x19,0xe7,0x19,0xe7,0x19,0xe7,0x19,0xe7,0x19,0xe7,0x19,0xe7,
    0x19,0xe7,0x19,0xe7,0x19,0xe7,0x19,0xe7,0x19,0xe7,0x19,0xe7,0x19,0xe7,0x19,0xe7,0x19,0xe7,0x19,0xe7,0x19,0xe7,0x19,0xe7,0x19,0xe7,0x19,0xe7,0x19,0xe7,0x19,0xe7,
    0x19,0xe7,0x19,0xe7,0x19,0xe7,0x19,0xe7,0xe6,0x21,0x65,0x19,0xa6,0x7a,0xa7,0x72,0x87,0x6a,0xe7,0x82,0x08,0xb4,0x8a,0x2a,0x4b,0x22,0x4b,0x22,0x8b,0x2a,0xcc,0x2a,
    0x4b,0x22,0x2a,0x22,0x2a,0x1a,0x08,0x22,0xa5,0x19,0x4a,0x22,0x4b,0x22,0x4a,0x22,0x4a,0x22,0x2a,0x22,0x2a,0x22,0x2a,0x22,0x4b,0x22,0x4b,0x22,0x4b,0x22,0x4b,0x22,
    0x4b,0x22,0x4b,0x22,0x4b,0x22,0x4b,0x22,0x4b,0x22,0x4b,0x22,0x4b,0x22,0x4b,0x22,0x4b,0x22,0x4b,0x22,0x4b,0x22,0x4a,0x22,0x4a,0x22,0x0a,0x22,0x2b,0x22,0x2b,0x22,
    0x29,0x2a,0x86,0x6a,0xe7,0x82,0x06,0x8b,0x28,0xbc,0xea,0x5a,0x2b,0x22,0x2a,0x22,0x2a,0x22,0x4b,0x22,0x4b,0x22,0x4a,0x22,0x4b,0x22,0x4b,0x22,0x4a,0x22,0x2b,0x22,
    0x4b,0x22,0x2b,0x22,0x4a,0x1a,0x49,0x2a,0xcd,0x94,0x6e,0xee,0xb1,0xfe,0xb1,0xfe,0xb1,0xfe,0xd1,0xfe,0xb0,0xfe,0xf1,0xfe,0xec,0x7b,0x2a,0x22,0x4a,0x22,0x4b,0x22,
    0x4b,0x22,0x4b,0x22,0x2a,0x22,0x2a,0x22,0xc6,0x19,0x4a,0x2a,0x2b,0x22,0x4b,0x22,0x2b,0x22,0x2a,0x22,0x29,0x22,0xe7,0x8a,0xe7,0x8a,0xe7,0x82,0x86,0x72,0x65,0x6a,
    0x65,0x19,0xea,0x4a,0x19,0xe7,0x19,0xe7,0x19,0xe7,0x19,0xe7,0x19,0xe7,0x19,0xe7,0x19,0xe7,0x19,0xe7,0x19,0xe7,0x19,0xe7,0x19,0xe7,0x19,0xe7,0x19,0xe7,0x19,0xe7,
    0x19,0xe7,0x19,0xe7,0x19,0xe7,0x19,0xe7,0x19,0xe7,0x19,0xe7,0x19,0xe7,0x19,0xe7,0x19,0xe7,0x19,0xe7,0x19,0xe7,0x19,0xe7,0x19,0xe7,0x19,0xe7,0x19,0xe7,0x19,0xe7,
    0x19,0xe7,0xac,0xc4,0x19,0xe7,0x19,0xe7,0x19,0xe7,0x19,0xe7,0x19,0xe7,0x19,0xe7,0x19,0xe7,0x19,0xe7,0x19,0xe7,0x19,0xe7,0x19,0xe7,0x19,0xe7,0x19,0xe7,0x19,0xe7,
    0x19,0xe7,0x19,0xe7,0x19,0xe7,0x19,0xe7,0x19,0xe7,0x19,0xe7,0x19,0xe7,0x19,0xe7,0x19,0xe7,0x19,0xe7,0x19,0xe7,0x19,0xe7,0x19,0xe7,0x19,0xe7,0x19,0xe7,0x19,0xe7,
    0x19,0xe7,0x19,0xe7,0x19,0xe7,0x19,0xe7,0x19,0xe7,0x19,0xe7,0x19,0xe7,0x19,0xe7,0x19,0xe7,0x19,0xe7,0x19,0xe7,0x19,0xe7,0x19,0xe7,0x19,0xe7,0x19,0xe7,0x19,0xe7,
    0x19,0xe7,0x19,0xe7,0x19,0xe7,0x19,0xe7,0x19,0xe7,0x19,0xe7,0x19,0xe7,0x19,0xe7,0x19,0xe7,0x19,0xe7,0x19,0xe7,0x19,0xe7,0x19,0xe7,0x19,0xe7,0x19,0xe7,0x19,0xe7,
    0x19,0xe7,0x19,0xe7,0x19,0xe7,0x19,0xe7,0x19,0xe7,0x19,0xe7,0x19,0xe7,0x19,0xe7,0x19,0xe7,0x19,0xe7,0x19,0xe7,0x19,0xe7,0x19,0xe7,0x19,0xe7,0x19,0xe7,0x19,0xe7,
    0x19,0xe7,0x19,0xe7,0x19,0xe7,0x19,0xe7,0x19,0xe7,0x19,0xe7,0x19,0xe7,0x50,0xa5,0x91,0xa5,0xb2,0xad,0xb2,0xad,0xb2,0xb5,0xb2,0xb5,0x91,0xad,0x92,0xad,0x54,0xce,
    0x19,0xe7,0x19,0xe7,0x19,0xe7,0x19,0xe7,0x19,0xe7,0x19,0xe7,0x19,0xe7,0x19,0xe7,0x19,0xe7,0x19,0xe7,0xe6,0x29,0x65,0x11,0xa6,0x7a,0xa7,0x72,0x66,0x6a,0xc7,0x82,
    0x08,0xac,0x8b,0x2a,0x4b,0x22,0x6b,0x22,0x8c,0x2a,0xcc,0x2a,0x6a,0x22,0x4b,0x22,0x09,0x22,0xc7,0x19,0xc6,0x19,0x28,0x22,0x4b,0x22,0x4a,0x22,0x4b,0x22,0x4b,0x22,
    0x2a,0x22,0x2a,0x22,0x4b,0x22,0x4b,0x22,0x4b,0x22,0x4b,0x22,0x4b,0x22,0x4b,0x22,0x4b,0x22,0x4b,0x22,0x4b,0x22,0x4b,0x22,0x4b,0x22,0x4b,0x22,0x4b,0x22,0x4b,0x22,
    0x4b,0x22,0x4b,0x22,0x08,0x1a,0x2b,0x22,0x4b,0x22,0x4b,0x22,0x2a,0x2a,0x86,0x6a,0xe7,0x8a,0xe7,0x8a,0x29,0xbc,0xca,0x5a,0x2b,0x22,0x4b,0x22,0x4b,0x22,0x4b,0x22,
    0x4b,0x22,0x4b,0x22,0x4a,0x22,0x4b,0x22,0x4b,0x22,0x4b,0x22,0x4b,0x22,0x4b,0x22,0x4a,0x22,0x4b,0x22,0x6c,0x5b,0xb2,0xee,0xd1,0xfe,0xd1,0xfe,0xb0,0xfe,0xb1,0xfe,
    0xd1,0xfe,0x52,0xde,0x2c,0x53,0x4a,0x22,0x2a,0x22,0x4b,0x22,0x2a,0x22,0x4b,0x22,0x4b,0x22,0x29,0x22,0xe6,0x21,0x09,0x22,0x2b,0x22,0x2b,0x22,0x2a,0x22,0x4b,0x22,
    0x2a,0x22,0x07,0x8b,0xe7,0x8a,0xe7,0x82,0x86,0x72,0x65,0x6a,0x65,0x11,0x0a,0x53,0x19,0xe7,0x19,0xe7,0x19,0xe7,0x19,0xe7,0x19,0xe7,0x19,0xe7,0x19,0xe7,0x19,0xe7,
    0x19,0xe7,0x19,0xe7,0x19,0xe7,0x19,0xe7,0x19,0xe7,0x19,0xe7,0x19,0xe7,0x19,0xe7,0x19,0xe7,0x19,0xe7,0x19,0xe7,0x19,0xe7,0x19,0xe7,0x19,0xe7,0x19,0xe7,0x19,0xe7,
    0x19,0xe7,0x19,0xe7,0x19,0xe7,0x19,0xe7,0x19,0xe7,0x13,0xd6,0x91,0xcd,0xb2,0xcd,0x19,0xe7,0x19,0xe7,0x19,0xe7,0x19,0xe7,0x19,0xe7,0x19,0xe7,0x19,0xe7,0x19,0xe7,
    0x19,0xe7,0x19,0xe7,0x19,0xe7,0x19,0xe7,0x19,0xe7,0x19,0xe7,0x19,0xe7,0x19,0xe7,0x19,0xe7,0x19,0xe7,0x19,0xe7,0x19,0xe7,0x19,0xe7,0x19,0xe7,0x19,0xe7,0x19,0xe7,
    0x19,0xe7,0x19,0xe7,0x19,0xe7,0x19,0xe7,0x19,0xe7,0x19,0xe7,0x19,0xe7,0x19,0xe7,0x19,0xe7,0x19,0xe7,0x19,0xe7,0x19,0xe7,0x19,0xe7,0x19,0xe7,0x19,0xe7,0x19,0xe7,
    0x19,0xe7,0x19,0xe7,0x19,0xe7,0x19,0xe7,0x19,0xe7,0x19,0xe7,0x19,0xe7,0x19,0xe7,0x19,0xe7,0x19,0xe7,0x19,0xe7,0x19,0xe7,0x19,0xe7,0x19,0xe7,0x19,0xe7,0x19,0xe7,
    0x19,0xe7,0x19,0xe7,0x19,0xe7,0x19,0xe7,0x19,0xe7,0x19,0xe7,0x19,0xe7,0x19,0xe7,0x19,0xe7,0x19,0xe7,0x19,0xe7,0x19,0xe7,0x19,0xe7,0x19,0xe7,0x19,0xe7,0x19,0xe7,
    0x19,0xe7,0x19,0xe7,0x19,0xe7,0x19,0xe7,0x19,0xe7,0x19,0xe7,0x19,0xe7,0x19,0xe7,0x19,0xe7,0x19,0xe7,0x19,0xe7,0x19,0xe7,0x19,0xe7,0x49,0x4b,0x08,0x43,0x08,0x43,
    0x07,0x43,0xe7,0x42,0xe7,0x42,0xe7,0x42,0x07,0x4b,0xce,0x94,0x19,0xe7,0x19,0xe7,0x19,0xe7,0x19,0xe7,0x19,0xe7,0x19,0xe7,0x19,0xe7,0x19,0xe7,0x19,0xe7,0x19,0xe7,
    0xc5,0x21,0x65,0x11,0xa6,0x7a,0xa7,0x72,0x66,0x6a,0xc7,0x82,0x28,0xb4,0xcc,0x32,0x8c,0x2a,0xac,0x2a,0xab,0x2a,0xab,0x2a,0xac,0x2a,0x8b,0x2a,0xa6,0x19,0xa6,0x19,
    0xa5,0x21,0xe7,0x19,0x8b,0x22,0x8c,0x22,0x8b,0x22,0x2a,0x22,0x4b,0x22,0x4b,0x22,0x4b,0x22,0x4b,0x22,0x4b,0x22,0x4b,0x22,0x2a,0x22,0x4b,0x22,0x4b,0x22,0x4b,0x22,
    0x4b,0x22,0x4b,0x22,0x4b,0x22,0x4b,0x22,0x4b,0x22,0x4b,0x22,0x2b,0x22,0xe9,0x19,0xf2,0xb5,0x8c,0x1a,0x2b,0x22,0x4b,0x22,0x2a,0x2a,0x86,0x72,0x07,0x8b,0x07,0x8b,
    0x08,0xbc,0xc9,0x52,0x4b,0x22,0x4b,0x22,0x4b,0x22,0x4b,0x22,0x4b,0x22,0x4b,0x22,0x4b,0x22,0x4b,0x22,0x4b,0x22,0x4b,0x22,0x4b,0x22,0x4b,0x22,0x2b,0x22,0x4b,0x22,
    0x4b,0x22,0x6a,0x2a,0x14,0xef,0xf3,0xf6,0xf3,0xf6,0x13,0xf7,0xf5,0xf6,0x4a,0x1a,0x4b,0x22,0x4a,0x22,0x4b,0x22,0x2a,0x22,0x2b,0x22,0x2b,0x22,0x2a,0x22,0x07,0x22,
    0xe6,0x21,0xe6,0x21,0x07,0x22,0x6c,0x2a,0x8c,0x2a,0x2a,0x22,0x2a,0x22,0xe7,0x8a,0xe7,0x8a,0xe7,0x82,0x86,0x72,0x65,0x6a,0x65,0x11,0xea,0x4a,0x19,0xe7,0x19,0xe7,
    0x19,0xe7,0x19,0xe7,0x19,0xe7,0x19,0xe7,0x19,0xe7,0x19,0xe7,0x19,0xe7,0x19,0xe7,0x19,0xe7,0x19,0xe7,0x19,0xe7,0x19,0xe7,0x19,0xe7,0x19,0xe7,0x19,0xe7,0x19,0xe7,
    0x19,0xe7,0x19,0xe7,0x19,0xe7,0x19,0xe7,0x19,0xe7,0x19,0xe7,0x19,0xe7,0x19,0xe7,0x19,0xe7,0x19,0xe7,0x19,0xe7,0xee,0xbc,0xcd,0xbc,0x19,0xe7,0x19,0xe7,0x19,0xe7,
    0x19,0xe7,0x19,0xe7,0x19,0xe7,0x19,0xe7,0x19,0xe7,0x19,0xe7,0x19,0xe7,0x19,0xe7,0x19,0xe7,0x19,0xe7,0x19,0xe7,0x19,0xe7,0x19,0xe7,0x19,0xe7,0x19,0xe7,0x19,0xe7,
    0x19,0xe7,0x19,0xe7,0x19,0xe7,0x19,0xe7,0x19,0xe7,0x19,0xe7,0x19,0xe7,0x19,0xe7,0x19,0xe7,0x19,0xe7,0x19,0xe7,0x19,0xe7,0x19,0xe7,0x19,0xe7,0x19,0xe7,0x19,0xe7,
    0x19,0xe7,0x19,0xe7,0x19,0xe7,0x19,0xe7,0x19,0xe7,0x19,0xe7,0x19,0xe7,0x19,0xe7,0x19,0xe7,0x19,0xe7,0x19,0xe7,0x19,0xe7,0x19,0xe7,0x19,0xe7,0x19,0xe7,0x19,0xe7,
    0x19,0xe7,0x19,0xe7,0x19,0xe7,0x19,0xe7,0x19,0xe7,0x19,0xe7,0x19,0xe7,0x19,0xe7,0x19,0xe7,0x19,0xe7,0x19,0xe7,0x19,0xe7,0x19,0xe7,0x19,0xe7,0x19,0xe7,0x19,0xe7,
    0x19,0xe7,0x19,0xe7,0x19,0xe7,0x19,0xe7,0x19,0xe7,0x19,0xe7,0x19,0xe7,0x19,0xe7,0x19,0xe7,0x19,0xe7,0x19,0xe7,0x19,0xe7,0x19,0xe7,0xb4,0xde,0xcd,0x8c,0x8b,0x8c,
    0xac,0x8c,0xcc,0x94,0xed,0x94,0x87,0x53,0xc9,0x5b,0x67,0x53,0x28,0x4b,0x07,0x4b,0x07,0x43,0xe8,0x42,0xe7,0x42,0xce,0x94,0x19,0xe7,0x19,0xe7,0x19,0xe7,0x19,0xe7,
    0x19,0xe7,0x19,0xe7,0x19,0xe7,0x19,0xe7,0x19,0xe7,0x19,0xe7,0xc5,0x21,0x65,0x11,0xa6,0x7a,0xc7,0x7a,0x86,0x6a,0xa6,0x82,0xe8,0xb3,0xcc,0x32,0x8c,0x2a,0x8b,0x2a,
    0xaa,0x2a,0xaa,0x2a,0x8b,0x2a,0xac,0x2a,0xe6,0x19,0xc6,0x19,0xc6,0x19,0xa5,0x19,0xc6,0x19,0xac,0x22,0x8b,0x2a,0x8b,0x22,0x8b,0x22,0x6b,0x22,0x6b,0x22,0x4b,0x22,
    0x4b,0x22,0x6b,0x2a,0x8c,0x2a,0x4b,0x22,0x4b,0x22,0x4b,0x22,0x4b,0x22,0x4b,0x22,0x4b,0x22,0x4b,0x22,0x4b,0x22,0x4b,0x22,0x4b,0x22,0x4a,0x22,0x6b,0x22,0x4b,0x22,
    0x4b,0x22,0x4b,0x22,0x2a,0x2a,0x86,0x72,0x07,0x8b,0x07,0x8b,0x08,0xbc,0xca,0x52,0x4b,0x22,0x4b,0x22,0x4b,0x22,0x4b,0x22,0x4b,0x22,0x4b,0x22,0x4b,0x22,0x4a,0x22,
    0x4a,0x22,0x4b,0x22,0x4a,0x22,0x4b,0x22,0x4b,0x22,0x4b,0x22,0x4a,0x22,0x2b,0x22,0x2b,0x22,0x4b,0x22,0x4b,0x22,0x4b,0x22,0x2a,0x22,0x2a,0x22,0x2a,0x22,0x4a,0x22,
    0x4b,0x22,0x4a,0x22,0x4b,0x22,0x4b,0x22,0x07,0x22,0xe6,0x21,0xc6,0x21,0xe6,0x21,0x6a,0x2a,0x8c,0x2a,0x6c,0x2a,0x2a,0x22,0x2a,0x22,0x06,0x8b,0xe7,0x8a,0xe7,0x82,
    0x86,0x72,0x66,0x72,0x65,0x11,0xc9,0x42,0x19,0xe7,0x19,0xe7,0x19,0xe7,0x19,0xe7,0x19,0xe7,0x19,0xe7,0x19,0xe7,0x19,0xe7,0x19,0xe7,0x19,0xe7,0x19,0xe7,0x19,0xe7,
    0x19,0xe7,0x19,0xe7,0x19,0xe7,0x19,0xe7,0x19,0xe7,0x19,0xe7,0x19,0xe7,0x19,0xe7,0x19,0xe7,0x19,0xe7,0x19,0xe7,0x19,0xe7,0x19,0xe7,0x19,0xe7,0x19,0xe7,0x75,0xd6,
    0xb1,0xcd,0xed,0xc4,0xac,0xc4,0x19,0xe7,0x19,0xe7,0x19,0xe7,0x19,0xe7,0x19,0xe7,0x19,0xe7,0x19,0xe7,0x19,0xe7,0x19,0xe7,0x19,0xe7,0x19,0xe7,0x19,0xe7,0x19,0xe7,
    0x19,0xe7,0x19,0xe7,0x19,0xe7,0x19,0xe7,0x19,0xe7,0x19,0xe7,0x19,0xe7,0x19,0xe7,0x19,0xe7,0x19,0xe7,0x19,0xe7,0x19,0xe7,0x19,0xe7,0x19,0xe7,0x19,0xe7,0x19,0xe7,
    0x19,0xe7,0x19,0xe7,0x19,0xe7,0x19,0xe7,0x19,0xe7,0x19,0xe7,0x19,0xe7,0x19,0xe7,0x19,0xe7,0x19,0xe7,0x19,0xe7,0x19,0xe7,0x19,0xe7,0x19,0xe7,0x19,0xe7,0x19,0xe7,
    0x19,0xe7,0x19,0xe7,0x19,0xe7,0x19,0xe7,0x19,0xe7,0x19,0xe7,0x19,0xe7,0x19,0xe7,0x19,0xe7,0x19,0xe7,0x19,0xe7,0x19,0xe7,0x19,0xe7,0x19,0xe7,0x19,0xe7,0x19,0xe7,
    0x19,0xe7,0x19,0xe7,0x19,0xe7,0x19,0xe7,0x19,0xe7,0x19,0xe7,0x19,0xe7,0x19,0xe7,0x19,0xe7,0x19,0xe7,0x19,0xe7,0x19,0xe7,0x19,0xe7,0x19,0xe7,0x19,0xe7,0x19,0xe7,
    0x19,0xe7,0x19,0xe7,0x19,0xe7,0x73,0xd6,0xe9,0x63,0xc8,0x63,0xc8,0x63,0xc8,0x63,0xc8,0x63,0xc9,0x63,0xe8,0x63,0xc7,0x63,0x27,0x4b,0xe7,0x42,0xe7,0x42,0xe7,0x42,
    0x08,0x43,0xae,0x8c,0x19,0xe7,0x19,0xe7,0x19,0xe7,0x19,0xe7,0x19,0xe7,0x19,0xe7,0x19,0xe7,0x19,0xe7,0x19,0xe7,0x19,0xe7,0xc5,0x21,0x65,0x11,0xa6,0x82,0xc7,0x7a,
    0x86,0x6a,0xc6,0x82,0x08,0xb4,0xcb,0x32,0x8c,0x2a,0x8b,0x2a,0xab,0x32,0xaa,0x32,0xac,0x2a,0xcd,0x2a,0x29,0x22,0xa6,0x19,0xc5,0x21,0xc6,0x21,0xc6,0x19,0x8d,0x2a,
    0xac,0x2a,0xcd,0x2a,0x8c,0x2a,0x6b,0x2a,0x4b,0x22,0x4b,0x22,0x4b,0x22,0x8c,0x2a,0xac,0x2a,0x4b,0x22,0x4b,0x22,0x4b,0x22,0x4b,0x22,0x4b,0x22,0x4b,0x22,0x4b,0x22,
    0x4b,0x2a,0x6b,0x22,0x6b,0x22,0x4b,0x22,0x4b,0x22,0x4a,0x22,0x4b,0x22,0x4b,0x22,0x2a,0x2a,0x86,0x72,0x07,0x8b,0xe6,0x8a,0x29,0xbc,0xca,0x52,0x4c,0x22,0x6b,0x22,
    0x4b,0x22,0x6b,0x22,0x6b,0x22,0x4b,0x22,0x4b,0x22,0x4a,0x22,0x4b,0x22,0x4b,0x22,0x4b,0x22,0x2b,0x22,0x4b,0x22,0x4b,0x22,0x6b,0x2a,0x4b,0x22,0x2b,0x2a,0x4a,0x2a,
    0x2a,0x22,0x2a,0x22,0x4b,0x22,0x2a,0x22,0x4a,0x22,0x4b,0x22,0x4b,0x22,0x2a,0x22,0x4a,0x22,0x4b,0x22,0x27,0x22,0x06,0x22,0xc6,0x21,0xa5,0x21,0x4a,0x22,0x8c,0x2a,
    0x8c,0x2a,0x2b,0x22,0x2a,0x2a,0x07,0x8b,0xe6,0x82,0xe7,0x82,0xa6,0x72,0x65,0x72,0x65,0x11,0xc9,0x4a,0x19,0xe7,0x19,0xe7,0x19,0xe7,0x19,0xe7,0x19,0xe7,0x19,0xe7,
    0x19,0xe7,0x19,0xe7,0x19,0xe7,0x19,0xe7,0x19,0xe7,0x19,0xe7,0x19,0xe7,0x19,0xe7,0x19,0xe7,0x19,0xe7,0x19,0xe7,0x19,0xe7,0x19,0xe7,0x19,0xe7,0x19,0xe7,0x19,0xe7,
    0x19,0xe7,0x19,0xe7,0x19,0xe7,0x19,0xe7,0x19,0xe7,0x55,0xde,0xed,0xc4,0x19,0xe7,0x19,0xe7,0x19,0xe7,0x19,0xe7,0x19,0xe7,0x19,0xe7,0x19,0xe7,0x19,0xe7,0x19,0xe7,
    0x19,0xe7,0x19,0xe7,0x19,0xe7,0x19,0xe7,0x19,0xe7,0x19,0xe7,0x19,0xe7,0x19,0xe7,0x19,0xe7,0x19,0xe7,0x19,0xe7,0x19,0xe7,0x19,0xe7,0x19,0xe7,0x19,0xe7,0x19,0xe7,
    0x19,0xe7,0x19,0xe7,0x19,0xe7,0x19,0xe7,0x19,0xe7,0x19,0xe7,0x19,0xe7,0x19,0xe7,0x19,0xe7,0x19,0xe7,0x19,0xe7,0x19,0xe7,0x19,0xe7,0x19,0xe7,0x19,0xe7,0x19,0xe7,
    0x19,0xe7,0x19,0xe7,0x19,0xe7,0x19,0xe7,0x19,0xe7,0x19,0xe7,0x19,0xe7,0x19,0xe7,0x19,0xe7,0x19,0xe7,0x19,0xe7,0x19,0xe7,0x19,0xe7,0x19,0xe7,0x19,0xe7,0x19,0xe7,
    0x19,0xe7,0x19,0xe7,0x19,0xe7,0x19,0xe7,0x19,0xe7,0x19,0xe7,0x19,0xe7,0x19,0xe7,0x19,0xe7,0x19,0xe7,0x19,0xe7,0x19,0xe7,0x19,0xe7,0x19,0xe7,0x19,0xe7,0x19,0xe7,
    0x19,0xe7,0x19,0xe7,0x19,0xe7,0x19,0xe7,0x77,0xff,0x56,0xff,0xa8,0x63,0xa8,0x63,0xa8,0x5b,0x67,0x5b,0xe8,0x63,0xa8,0x63,0xa8,0x63,0xc8,0x63,0xe8,0x63,0xc8,0x63,
    0xc9,0x5b,0x25,0x2a,0xa6,0x3a,0xe7,0x42,0xe7,0x42,0x49,0x53,0x19,0xe7,0x19,0xe7,0x19,0xe7,0x19,0xe7,0x19,0xe7,0x19,0xe7,0x19,0xe7,0x19,0xe7,0x19,0xe7,0x19,0xe7,
    0x19,0xe7,0x19,0xe7,0xc5,0x21,0x65,0x11,0xc6,0x82,0xc7,0x7a,0x86,0x72,0xc6,0x82,0xe8,0xab,0x8b,0x32,0x6b,0x22,0x8b,0x2a,0x8b,0x2a,0x8b,0x2a,0x86,0x11,0x85,0x11,
    0xa6,0x19,0xa6,0x19,0xa6,0x21,0xc6,0x21,0xa5,0x19,0xc6,0x19,0x86,0x11,0xac,0x2a,0x8c,0x2a,0x6b,0x2a,0x4b,0x22,0x6b,0x22,0xcc,0x32,0xcc,0x2a,0xcc,0x2a,0x6c,0x2a,
    0x6b,0x22,0x6b,0x22,0x4b,0x22,0x4a,0x22,0x4a,0x22,0x4b,0x22,0xe7,0x19,0x4b,0x22,0x4b,0x22,0x4b,0x22,0x4b,0x22,0x4a,0x22,0x4b,0x22,0x4b,0x22,0x2a,0x2a,0x86,0x72,
    0x07,0x8b,0x06,0x8b,0x29,0xbc,0xca,0x52,0x4c,0x22,0x6b,0x22,0x6c,0x2a,0x6c,0x2a,0x6b,0x22,0x4b,0x22,0x4b,0x22,0x4b,0x22,0x4b,0x22,0x4b,0x22,0x6b,0x2a,0x4a,0x22,
    0x4b,0x22,0x4b,0x22,0x4b,0x22,0x4b,0x22,0x4b,0x22,0x4a,0x22,0x4a,0x22,0x4b,0x22,0x4b,0x22,0x4a,0x22,0x4a,0x22,0x4b,0x22,0x4b,0x22,0xac,0x2a,0x6b,0x2a,0xe6,0x21,
    0xe6,0x21,0xe5,0x21,0xe6,0x21,0xe6,0x21,0xa6,0x19,0xe8,0x21,0x28,0x22,0x8c,0x22,0x6b,0x2a,0xe7,0x8a,0xe6,0x82,0xe7,0x82,0x86,0x72,0x65,0x6a,0x65,0x11,0xc9,0x4a,
    0x19,0xe7,0x19,0xe7,0x19,0xe7,0x19,0xe7,0x19,0xe7,0x19,0xe7,0x19,0xe7,0x19,0xe7,0x19,0xe7,0x19,0xe7,0x19,0xe7,0x19,0xe7,0x19,0xe7,0x19,0xe7,0x19,0xe7,0x19,0xe7,
    0x19,0xe7,0x19,0xe7,0x19,0xe7,0x19,0xe7,0x19,0xe7,0x19,0xe7,0x19,0xe7,0x19,0xe7,0x19,0xe7,0x19,0xe7,0x19,0xe7,0x55,0xde,0xed,0xcc,0x19,0xe7,0x19,0xe7,0x19,0xe7,
    0x19,0xe7,0x19,0xe7,0x19,0xe7,0x14,0xd6,0xee,0xc4,0x19,0xe7,0x19,0xe7,0x19,0xe7,0x19,0xe7,0x19,0xe7,0x19,0xe7,0x19,0xe7,0x19,0xe7,0x19,0xe7,0x19,0xe7,0x19,0xe7,
    0x19,0xe7,0x19,0xe7,0x19,0xe7,0x19,0xe7,0x19,0xe7,0x19,0xe7,0x19,0xe7,0x19,0xe7,0x19,0xe7,0x19,0xe7,0x19,0xe7,0x19,0xe7,0x19,0xe7,0x19,0xe7,0x19,0xe7,0x19,0xe7,
    0x19,0xe7,0x19,0xe7,0x19,0xe7,0x19,0xe7,0x19,0xe7,0x19,0xe7,0x19,0xe7,0x19,0xe7,0x19,0xe7,0x19,0xe7,0x19,0xe7,0x19,0xe7,0x19,0xe7,0x19,0xe7,0x19,0xe7,0x30,0x9d,
    0x71,0xa5,0x92,0xad,0x91,0xad,0x91,0xad,0x91,0xad,0x92,0xb5,0xb1,0xb5,0x13,0xbe,0x91,0xad,0x19,0xe7,0x19,0xe7,0x19,0xe7,0x19,0xe7,0x19,0xe7,0x19,0xe7,0x19,0xe7,
    0x19,0xe7,0x19,0xe7,0x19,0xe7,0x19,0xe7,0x19,0xe7,0x19,0xe7,0x19,0xe7,0x19,0xe7,0x19,0xe7,0x19,0xe7,0xb4,0xde,0x94,0xd6,0xc8,0x63,0xc8,0x63,0xc8,0x63,0xa8,0x63,
    0x09,0x6c,0xc8,0x63,0xe8,0x63,0x48,0x53,0x48,0x53,0x48,0x53,0x28,0x4b,0x46,0x32,0xc7,0x3a,0x08,0x4b,0xe7,0x42,0xa6,0x42,0x19,0xe7,0x19,0xe7,0x19,0xe7,0x19,0xe7,
    0x19,0xe7,0x19,0xe7,0x19,0xe7,0x19,0xe7,0x19,0xe7,0x19,0xe7,0x19,0xe7,0x19,0xe7,0xc5,0x21,0x65,0x11,0xa6,0x7a,0xa7,0x7a,0x86,0x6a,0xc7,0x82,0x08,0xb4,0x8a,0x32,
    0x8b,0x22,0x8b,0x2a,0x4a,0x22,0x4a,0x22,0xa6,0x19,0xa5,0x19,0xa5,0x19,0xa6,0x19,0xc6,0x21,0xa6,0x21,0xc5,0x19,0xc5,0x19,0xc6,0x19,0xac,0x2a,0xac,0x22,0x6b,0x22,
    0x6b,0x22,0x6b,0x2a,0xcb,0x32,0xcc,0x2a,0xcd,0x2a,0xac,0x2a,0x8c,0x2a,0x4b,0x22,0x4b,0x22,0x4b,0x22,0x4b,0x22,0x4a,0x22,0xe6,0x21,0x4a,0x22,0x4b,0x22,0x4a,0x22,
    0x4b,0x22,0x4b,0x22,0x4b,0x22,0x4b,0x22,0x2a,0x2a,0x86,0x72,0x27,0x8b,0x06,0x8b,0x29,0xbc,0xca,0x52,0x6c,0x22,0x8c,0x2a,0x8c,0x2a,0x6b,0x22,0x4b,0x22,0x4b,0x22,
    0x4b,0x22,0x4b,0x22,0x4b,0x22,0x2a,0x22,0x29,0x22,0x4a,0x22,0x4b,0x22,0x4b,0x22,0x4b,0x22,0x4b,0x22,0x4b,0x22,0x4b,0x22,0x4a,0x22,0x4b,0x22,0x4a,0x22,0x4b,0x22,
    0x4b,0x22,0x8b,0x22,0x8b,0x22,0xac,0x2a,0x8b,0x2a,0x08,0x22,0x07,0x22,0xe6,0x21,0xe6,0x21,0xc5,0x21,0xe7,0x19,0x29,0x22,0x28,0x22,0x8c,0x2a,0x8b,0x2a,0xe7,0x8a,
    0xe6,0x82,0xe7,0x82,0x86,0x72,0x65,0x72,0x65,0x11,0xa9,0x42,0x19,0xe7,0x19,0xe7,0x19,0xe7,0x19,0xe7,0x19,0xe7,0x19,0xe7,0x19,0xe7,0x19,0xe7,0x19,0xe7,0x19,0xe7,
    0x19,0xe7,0x19,0xe7,0x19,0xe7,0x19,0xe7,0x19,0xe7,0x19,0xe7,0x19,0xe7,0x19,0xe7,0x19,0xe7,0x19,0xe7,0x19,0xe7,0x19,0xe7,0x19,0xe7,0x19,0xe7,0x19,0xe7,0x19,0xe7,
    0x19,0xe7,0x54,0xde,0xed,0xcc,0x19,0xe7,0x19,0xe7,0x19,0xe7,0x19,0xe7,0x19,0xe7,0x19,0xe7,0x14,0xd6,0x0d,0xcd,0x19,0xe7,0x19,0xe7,0x19,0xe7,0x19,0xe7,0x19,0xe7,
    0x19,0xe7,0x19,0xe7,0x19,0xe7,0x19,0xe7,0x19,0xe7,0x19,0xe7,0x19,0xe7,0x19,0xe7,0x19,0xe7,0x19,0xe7,0x19,0xe7,0x19,0xe7,0x19,0xe7,0x19,0xe7,0x19,0xe7,0x19,0xe7,
    0x19,0xe7,0x19,0xe7,0x19,0xe7,0x19,0xe7,0x19,0xe7,0x19,0xe7,0x19,0xe7,0x19,0xe7,0x19,0xe7,0x19,0xe7,0x19,0xe7,0x19,0xe7,0x19,0xe7,0x19,0xe7,0x19,0xe7,0x19,0xe7,
    0x19,0xe7,0x19,0xe7,0x19,0xe7,0x19,0xe7,0x19,0xe7,0xe7,0x4a,0xc7,0x42,0xc7,0x42,0xc7,0x42,0xc7,0x42,0xc7,0x42,0xc7,0x42,0xc7,0x42,0xa7,0x3a,0xe8,0x42,0x57,0xff,
    0x19,0xe7,0x19,0xe7,0x19,0xe7,0x19,0xe7,0x19,0xe7,0x19,0xe7,0x19,0xe7,0x19,0xe7,0x19,0xe7,0x19,0xe7,0x19,0xe7,0x19,0xe7,0x19,0xe7,0x19,0xe7,0x19,0xe7,0xf5,0xf6,
    0x87,0x5b,0xe8,0x63,0xc8,0x63,0xc8,0x63,0xa8,0x63,0xc8,0x63,0xc8,0x63,0xc8,0x63,0xc8,0x5b,0xc5,0x21,0xe6,0x21,0xe6,0x21,0xc5,0x21,0xc7,0x3a,0xe7,0x42,0xe7,0x42,
    0xe7,0x42,0xe7,0x4a,0x19,0xe7,0x19,0xe7,0x19,0xe7,0x19,0xe7,0x19,0xe7,0x19,0xe7,0x19,0xe7,0x19,0xe7,0x19,0xe7,0x19,0xe7,0x19,0xe7,0x19,0xe7,0xc5,0x29,0x65,0x11,
    0xa6,0x7a,0xc7,0x7a,0x66,0x6a,0xc6,0x82,0xe7,0xab,0x8a,0x32,0x6b,0x22,0x8b,0x2a,0x4a,0x2a,0x29,0x22,0x08,0x22,0x28,0x22,0xc6,0x19,0xc6,0x21,0xc6,0x21,0xc6,0x21,
    0xa5,0x19,0x08,0x1a,0x08,0x22,0x8b,0x2a,0xad,0x32,0xac,0x2a,0x4b,0x22,0x6b,0x2a,0x8a,0x32,0xab,0x2a,0xcd,0x2a,0xcd,0x2a,0xac,0x2a,0x6b,0x22,0x4b,0x22,0x4b,0x22,
    0x4b,0x22,0x4a,0x22,0x85,0x19,0x49,0x22,0x4b,0x22,0x6b,0x22,0x4b,0x22,0x4b,0x22,0x4b,0x22,0x4b,0x22,0x29,0x2a,0x86,0x6a,0x07,0x8b,0x06,0x8b,0x28,0xb4,0xea,0x52,
    0x4a,0x22,0xac,0x2a,0xcc,0x2a,0x4b,0x22,0x4b,0x22,0x4b,0x22,0x4b,0x22,0x6b,0x22,0x4b,0x22,0x6b,0x2a,0xa5,0x19,0x8b,0x2a,0x8b,0x2a,0x6b,0x2a,0x4b,0x22,0x4b,0x2a,
    0x4b,0x22,0x4a,0x22,0x4b,0x22,0x4a,0x22,0x6b,0x22,0x4b,0x22,0x4b,0x22,0xac,0x2a,0xac,0x2a,0xcc,0x2a,0xcc,0x2a,0xcd,0x2a,0x49,0x22,0xe6,0x21,0xe6,0x21,0xc5,0x21,
    0x4a,0x22,0x8b,0x22,0xab,0x2a,0xac,0x2a,0xac,0x32,0x07,0x8b,0xe6,0x82,0xc6,0x82,0x85,0x72,0x65,0x72,0x65,0x11,0xa9,0x42,0x19,0xe7,0x19,0xe7,0x19,0xe7,0x19,0xe7,
    0x19,0xe7,0x19,0xe7,0x19,0xe7,0x19,0xe7,0x19,0xe7,0x19,0xe7,0x19,0xe7,0x19,0xe7,0x19,0xe7,0x19,0xe7,0x19,0xe7,0x19,0xe7,0x19,0xe7,0x19,0xe7,0x19,0xe7,0x19,0xe7,
    0x19,0xe7,0x19,0xe7,0x19,0xe7,0x19,0xe7,0x19,0xe7,0x19,0xe7,0x19,0xe7,0x54,0xde,0x0d,0xd5,0x19,0xe7,0x19,0xe7,0x19,0xe7,0x19,0xe7,0x19,0xe7,0x19,0xe7,0x13,0xd6,
    0x0d,0xcd,0x8c,0xbc,0x4b,0xac,0x19,0xe7,0x19,0xe7,0x19,0xe7,0x19,0xe7,0x19,0xe7,0x19,0xe7,0x19,0xe7,0x19,0xe7,0x19,0xe7,0x19,0xe7,0x19,0xe7,0x19,0xe7,0x19,0xe7,
    0x19,0xe7,0x19,0xe7,0x19,0xe7,0x19,0xe7,0x19,0xe7,0x19,0xe7,0x19,0xe7,0x19,0xe7,0x19,0xe7,0x19,0xe7,0x19,0xe7,0x19,0xe7,0x19,0xe7,0x19,0xe7,0x19,0xe7,0x19,0xe7,
    0x19,0xe7,0x19,0xe7,0x19,0xe7,0x19,0xe7,0x19,0xe7,0x19,0xe7,0x19,0xe7,0x19,0xe7,0x19,0xe7,0x19,0xe7,0x19,0xe7,0xc7,0x42,0xc7,0x3a,0xc7,0x42,0xc7,0x42,0xc7,0x42,
    0xc7,0x42,0xc7,0x42,0xc7,0x42,0xc7,0x42,0x86,0x3a,0x0f,0x9d,0x0e,0x9d,0xee,0x94,0xce,0x94,0xce,0x94,0x19,0xe7,0x19,0xe7,0x19,0xe7,0x19,0xe7,0x19,0xe7,0x19,0xe7,
    0x19,0xe7,0x19,0xe7,0x19,0xe7,0x19,0xe7,0x98,0xff,0x19,0xe7,0x46,0x53,0xc8,0x63,0xc8,0x63,0xc8,0x63,0xa8,0x63,0xc8,0x63,0xc8,0x63,0x47,0x4b,0xe7,0x42,0x46,0x32,
    0x46,0x32,0x46,0x32,0x66,0x32,0xe7,0x42,0xe7,0x42,0x08,0x43,0x4c,0x7c,0x0a,0x7c,0x19,0xe7,0x19,0xe7,0x19,0xe7,0x19,0xe7,0x19,0xe7,0x19,0xe7,0x19,0xe7,0x19,0xe7,
    0x19,0xe7,0x19,0xe7,0x19,0xe7,0x19,0xe7,0xc6,0x29,0x65,0x11,0xa6,0x7a,0xc7,0x7a,0x66,0x6a,0xc6,0x82,0x08,0xb4,0x89,0x32,0x6a,0x2a,0x8b,0x2a,0x4a,0x22,0x49,0x22,
    0x8b,0x2a,0xab,0x2a,0xc6,0x19,0xa5,0x21,0xc6,0x21,0xc6,0x21,0xa5,0x19,0xee,0x2a,0xad,0x2a,0xcd,0x2a,0xcd,0x2a,0xcd,0x32,0x8b,0x2a,0x6b,0x22,0x8a,0x2a,0xab,0x2a,
    0xcd,0x2a,0xcd,0x2a,0xac,0x2a,0xac,0x2a,0xac,0x2a,0x8c,0x2a,0x08,0x22,0xe8,0x21,0xa6,0x19,0x08,0x22,0x6c,0x22,0x6b,0x22,0x6b,0x22,0x4b,0x22,0x4b,0x22,0x4b,0x22,
    0x4a,0x2a,0x65,0x6a,0x07,0x8b,0x06,0x8b,0x28,0xbc,0xea,0x52,0x6b,0x22,0xac,0x2a,0xac,0x2a,0x8b,0x2a,0x8b,0x2a,0x6b,0x22,0x4b,0x22,0x4b,0x22,0x6b,0x22,0x8b,0x2a,
    0xc5,0x21,0x6a,0x2a,0x8c,0x2a,0x8b,0x2a,0x8b,0x2a,0x4b,0x22,0x4b,0x22,0x4b,0x22,0x4b,0x22,0x4a,0x22,0x6b,0x2a,0x6b,0x22,0x6c,0x22,0xcc,0x2a,0xac,0x2a,0xac,0x2a,
    0xac,0x2a,0x49,0x2a,0xe6,0x21,0xc5,0x21,0xc6,0x21,0xe6,0x21,0xe7,0x21,0x6a,0x2a,0x8b,0x22,0xac,0x2a,0xac,0x32,0xe7,0x8a,0xe7,0x8a,0xc6,0x82,0x86,0x72,0x65,0x6a,
    0x65,0x11,0xa9,0x42,0x19,0xe7,0x19,0xe7,0x19,0xe7,0x19,0xe7,0x19,0xe7,0x19,0xe7,0x19,0xe7,0x19,0xe7,0x19,0xe7,0x19,0xe7,0x19,0xe7,0x19,0xe7,0x19,0xe7,0x19,0xe7,
    0x19,0xe7,0x19,0xe7,0x19,0xe7,0x19,0xe7,0x19,0xe7,0x19,0xe7,0x19,0xe7,0x19,0xe7,0x19,0xe7,0x19,0xe7,0x19,0xe7,0x19,0xe7,0x19,0xe7,0x75,0xde,0x90,0xc5,0xf2,0xd5,
    0x54,0xde,0x19,0xe7,0x19,0xe7,0x19,0xe7,0x19,0xe7,0x19,0xe7,0x14,0xd6,0xac,0xbc,0xab,0xc4,0x19,0xe7,0x19,0xe7,0x19,0xe7,0x19,0xe7,0x19,0xe7,0x19,0xe7,0x19,0xe7,
    0x19,0xe7,0x19,0xe7,0x19,0xe7,0x19,0xe7,0x19,0xe7,0x19,0xe7,0x19,0xe7,0x19,0xe7,0x19,0xe7,0x19,0xe7,0x19,0xe7,0x19,0xe7,0x19,0xe7,0x19,0xe7,0x19,0xe7,0x19,0xe7,
    0x19,0xe7,0x19,0xe7,0x19,0xe7,0x19,0xe7,0x19,0xe7,0x19,0xe7,0x19,0xe7,0x19,0xe7,0x19,0xe7,0x19,0xe7,0x19,0xe7,0x19,0xe7,0x19,0xe7,0x19,0xe7,0x19,0xe7,0x19,0xe7,
    0x19,0xe7,0x86,0x42,0xc7,0x3a,0xa7,0x3a,0xe7,0x42,0xc7,0x42,0xc7,0x42,0xc7,0x42,0xc6,0x42,0xa6,0x3a,0xc7,0x42,0xc7,0x3a,0xc7,0x42,0xc7,0x3a,0xa7,0x3a,0xe7,0x42,
    0x19,0xe7,0x19,0xe7,0x19,0xe7,0x19,0xe7,0x19,0xe7,0x19,0xe7,0x19,0xe7,0x19,0xe7,0x19,0xe7,0x19,0xe7,0x4a,0x7c,0xe8,0x63,0xe8,0x63,0xc8,0x63,0xc8,0x63,0xc8,0x63,
    0xc8,0x63,0xa7,0x5b,0xa7,0x5b,0x86,0x32,0xe7,0x29,0x28,0x4b,0xe7,0x42,0xe7,0x42,0xe7,0x42,0xe7,0x42,0xe7,0x42,0xc7,0x42,0x19,0xe7,0x19,0xe7,0x19,0xe7,0x19,0xe7,
    0x19,0xe7,0x19,0xe7,0x19,0xe7,0x19,0xe7,0x19,0xe7,0x19,0xe7,0x19,0xe7,0x19,0xe7,0x19,0xe7,0x19,0xe7,0xc6,0x29,0x65,0x11,0xa6,0x7a,0xc7,0x7a,0x66,0x6a,0xc7,0x82,
    0xe8,0xb3,0x69,0x32,0x29,0x22,0x8b,0x2a,0x6a,0x2a,0x49,0x2a,0x49,0x2a,0x29,0x2a,0xa6,0x19,0xc6,0x19,0xc6,0x21,0xc6,0x21,0xa5,0x19,0xcb,0x32,0xcc,0x2a,0xcd,0x2a,
    0xac,0x22,0xed,0x2a,0xcc,0x32,0x4a,0x22,0x49,0x22,0xab,0x2a,0xcd,0x2a,0xed,0x32,0xcd,0x2a,0xcd,0x2a,0xac,0x2a,0xac,0x22,0xe7,0x19,0xc6,0x21,0xc6,0x21,0xc6,0x19,
    0xac,0x2a,0x4b,0x22,0x4b,0x22,0x6c,0x2a,0x8c,0x2a,0x6b,0x22,0x4a,0x2a,0x86,0x6a,0x27,0x8b,0x26,0x8b,0x08,0xbc,0xe9,0x52,0x8b,0x22,0xac,0x2a,0xaa,0x2a,0xcc,0x2a,
    0xac,0x2a,0x4b,0x22,0x6b,0x22,0x6b,0x22,0xac,0x2a,0x8b,0x2a,0xa5,0x19,0x08,0x22,0x8c,0x2a,0xac,0x2a,0xac,0x2a,0x4b,0x22,0x4b,0x22,0x4b,0x22,0x4b,0x22,0x6b,0x22,
    0xaa,0x32,0x8b,0x2a,0x8b,0x2a,0xab,0x2a,0xac,0x2a,0x8c,0x22,0xab,0x2a,0xc5,0x21,0xc6,0x21,0xc6,0x21,0xa6,0x19,0xc6,0x19,0x85,0x19,0xa6,0x21,0x08,0x22,0xac,0x2a,
    0xac,0x32,0xe6,0x8a,0xe7,0x8a,0xe7,0x82,0x85,0x72,0x65,0x6a,0x66,0x19,0xa9,0x42,0x19,0xe7,0x19,0xe7,0x19,0xe7,0x19,0xe7,0x19,0xe7,0x19,0xe7,0x19,0xe7,0x19,0xe7,
    0x19,0xe7,0x19,0xe7,0x19,0xe7,0x19,0xe7,0x19,0xe7,0x19,0xe7,0x19,0xe7,0x19,0xe7,0x19,0xe7,0x19,0xe7,0x19,0xe7,0x19,0xe7,0x19,0xe7,0x19,0xe7,0x19,0xe7,0x19,0xe7,
    0x19,0xe7,0x19,0xe7,0x19,0xe7,0x19,0xe7,0x19,0xe7,0x0d,0xcd,0xed,0xc4,0x19,0xe7,0x19,0xe7,0x19,0xe7,0x19,0xe7,0x19,0xe7,0x19,0xe7,0xcd,0xc4,0xcd,0xc4,0x19,0xe7,
    0x19,0xe7,0x19,0xe7,0x19,0xe7,0x19,0xe7,0x19,0xe7,0x19,0xe7,0x19,0xe7,0x19,0xe7,0x19,0xe7,0x19,0xe7,0x19,0xe7,0x19,0xe7,0x19,0xe7,0x19,0xe7,0x19,0xe7,0x19,0xe7,
    0x19,0xe7,0x19,0xe7,0x19,0xe7,0x19,0xe7,0x19,0xe7,0x19,0xe7,0x19,0xe7,0x19,0xe7,0x19,0xe7,0x19,0xe7,0x19,0xe7,0x19,0xe7,0x19,0xe7,0x19,0xe7,0x19,0xe7,0x19,0xe7,
    0x19,0xe7,0x19,0xe7,0x19,0xe7,0x19,0xe7,0x19,0xe7,0x19,0xe7,0x19,0xe7,0xb2,0xb5,0xd3,0xb5,0xa7,0x3a,0xc7,0x42,0xc7,0x42,0xa7,0x3a,0xc4,0x21,0x85,0x19,0xc7,0x42,
    0xc7,0x42,0xc7,0x3a,0xc7,0x3a,0xc7,0x42,0xe7,0x42,0xc7,0x42,0xca,0x63,0x69,0x53,0x19,0xe7,0x19,0xe7,0x19,0xe7,0x36,0xff,0x19,0xe7,0x19,0xe7,0x19,0xe7,0x19,0xe7,
    0xa7,0x63,0xe9,0x63,0xc8,0x63,0xc8,0x63,0xc8,0x63,0xc8,0x63,0xc8,0x63,0x47,0x53,0x05,0x2a,0x47,0x32,0x87,0x3a,0x08,0x4b,0x07,0x43,0xe7,0x42,0xe7,0x42,0xe7,0x42,
    0xe7,0x42,0xe7,0x3a,0x19,0xe7,0x19,0xe7,0x19,0xe7,0x19,0xe7,0x19,0xe7,0x19,0xe7,0x19,0xe7,0x19,0xe7,0x19,0xe7,0x19,0xe7,0x19,0xe7,0x19,0xe7,0x19,0xe7,0x19,0xe7,
    0xe6,0x29,0x65,0x11,0xa6,0x7a,0xc7,0x7a,0x66,0x6a,0xc7,0x82,0xe7,0xab,0x69,0x32,0x4a,0x22,0x4a,0x2a,0x4a,0x2a,0x6a,0x2a,0x86,0x19,0xa6,0x19,0xc6,0x21,0xc6,0x19,
    0xc6,0x21,0xc6,0x21,0xc6,0x21,0xc6,0x19,0xc6,0x19,0x29,0x22,0xab,0x2a,0xcc,0x2a,0x6a,0x22,0x49,0x22,0x49,0x22,0x49,0x22,0xcc,0x32,0xac,0x2a,0xcd,0x2a,0xcd,0x2a,
    0xcc,0x2a,0xac,0x2a,0xc6,0x19,0xa6,0x21,0xc6,0x19,0xa5,0x19,0xc7,0x19,0xec,0x32,0xac,0x2a,0xac,0x2a,0xac,0x2a,0xac,0x2a,0xab,0x32,0x66,0x72,0x27,0x8b,0x26,0x8b,
    0x08,0xbc,0x2a,0x5b,0xec,0x2a,0x6a,0x2a,0x89,0x2a,0xcc,0x2a,0xac,0x2a,0x6b,0x2a,0xac,0x2a,0xcc,0x32,0x2a,0x22,0x29,0x22,0xc5,0x21,0xa6,0x19,0xcd,0x32,0xcc,0x2a,
    0xcc,0x2a,0xac,0x2a,0x6b,0x2a,0x4a,0x22,0xac,0x2a,0xab,0x2a,0xaa,0x2a,0x8a,0x2a,0xac,0x2a,0xcc,0x2a,0xcc,0x2a,0x28,0x22,0x27,0x22,0xe6,0x21,0xa5,0x21,0xa5,0x19,
    0x86,0x19,0xa6,0x19,0xe7,0x21,0x07,0x22,0x07,0x22,0x8b,0x2a,0x8b,0x2a,0xe7,0x8a,0xe7,0x8a,0xe7,0x82,0x86,0x72,0x65,0x72,0x66,0x19,0x88,0x42,0x19,0xe7,0x19,0xe7,
    0x19,0xe7,0x19,0xe7,0x19,0xe7,0x19,0xe7,0x19,0xe7,0x19,0xe7,0x19,0xe7,0x19,0xe7,0x19,0xe7,0x19,0xe7,0x19,0xe7,0x19,0xe7,0x19,0xe7,0x19,0xe7,0x19,0xe7,0x19,0xe7,
    0x19,0xe7,0x19,0xe7,0x19,0xe7,0x19,0xe7,0x19,0xe7,0x19,0xe7,0x19,0xe7,0x19,0xe7,0x19,0xe7,0x19,0xe7,0x19,0xe7,0x2e,0xbd,0xcc,0xcc,0x0e,0xcd,0x55,0xde,0x19,0xe7,
    0x19,0xe7,0x19,0xe7,0x19,0xe7,0xac,0xbc,0xcd,0xc4,0x19,0xe7,0x19,0xe7,0x19,0xe7,0x19,0xe7,0x19,0xe7,0x19,0xe7,0x19,0xe7,0x19,0xe7,0x19,0xe7,0x19,0xe7,0x19,0xe7,
    0x19,0xe7,0x19,0xe7,0x19,0xe7,0x19,0xe7,0x19,0xe7,0x19,0xe7,0x19,0xe7,0x19,0xe7,0x19,0xe7,0x19,0xe7,0x19,0xe7,0x19,0xe7,0x19,0xe7,0x19,0xe7,0x19,0xe7,0x19,0xe7,
    0x19,0xe7,0x19,0xe7,0x19,0xe7,0x19,0xe7,0x19,0xe7,0x19,0xe7,0x19,0xe7,0x19,0xe7,0x19,0xe7,0x19,0xe7,0x19,0xe7,0x19,0xe7,0x19,0xe7,0x19,0xe7,0x19,0xe7,0xe7,0x4a,
    0x86,0x3a,0xc7,0x3a,0xc7,0x42,0x84,0x19,0x84,0x19,0xe8,0x42,0xe8,0x42,0xc7,0x42,0xc7,0x42,0xc7,0x42,0xe7,0x42,0xc7,0x42,0xe7,0x42,0xa7,0x3a,0x19,0xe7,0x56,0xff,
    0x56,0xff,0x36,0xff,0x36,0xff,0x36,0xff,0x19,0xe7,0x76,0xff,0xa7,0x5b,0xa8,0x5b,0xc8,0x63,0xc8,0x63,0xc8,0x63,0xc8,0x63,0xe9,0x63,0x69,0x53,0xe6,0x21,0xa7,0x3a,
    0x07,0x43,0x08,0x43,0x07,0x43,0xe7,0x42,0xe7,0x42,0xe7,0x42,0xe6,0x42,0xe7,0x42,0x19,0xe7,0x19,0xe7,0x19,0xe7,0x19,0xe7,0x19,0xe7,0x19,0xe7,0x19,0xe7,0x19,0xe7,
    0x19,0xe7,0x19,0xe7,0x19,0xe7,0x19,0xe7,0x19,0xe7,0x19,0xe7,0xc6,0x29,0x65,0x11,0xa6,0x7a,0xc7,0x7a,0x66,0x6a,0xc6,0x82,0x08,0xb4,0x69,0x32,0x49,0x22,0x49,0x22,
    0x28,0x2a,0x29,0x2a,0xc6,0x21,0xa6,0x21,0xa6,0x19,0xc6,0x21,0xc6,0x21,0xc6,0x21,0xc6,0x19,0xa5,0x19,0xc6,0x19,0xc6,0x21,0x8a,0x2a,0xab,0x2a,0x49,0x22,0x49,0x2a,
    0x6a,0x2a,0x49,0x2a,0xab,0x2a,0xed,0x32,0xed,0x2a,0xed,0x2a,0xcc,0x32,0xec,0x32,0x85,0x11,0xa5,0x19,0xc6,0x21,0xe6,0x21,0xe6,0x19,0xed,0x2a,0xcc,0x2a,0xcc,0x2a,
    0xcc,0x2a,0xab,0x2a,0xab,0x32,0x66,0x72,0x27,0x8b,0x26,0x93,0x08,0xb4,0x0a,0x53,0xcc,0x2a,0x69,0x2a,0x89,0x2a,0xec,0x2a,0xcc,0x2a,0x6c,0x2a,0xac,0x2a,0xac,0x2a,
    0x08,0x22,0x08,0x22,0xc6,0x21,0xa5,0x19,0x8b,0x32,0xcc,0x2a,0xac,0x2a,0xac,0x2a,0x6b,0x22,0x4b,0x22,0xab,0x2a,0xcb,0x32,0xaa,0x2a,0x8a,0x2a,0x8b,0x2a,0xab,0x2a,
    0x8a,0x2a,0x07,0x22,0x08,0x22,0xe7,0x21,0xc6,0x19,0xa6,0x19,0xa5,0x19,0xa5,0x19,0x07,0x22,0x07,0x22,0xe6,0x21,0x8b,0x2a,0x8b,0x32,0xe6,0x8a,0xe6,0x82,0xe6,0x82,
    0x86,0x72,0x65,0x72,0x66,0x11,0xc9,0x4a,0x19,0xe7,0x19,0xe7,0x19,0xe7,0x19,0xe7,0x19,0xe7,0x19,0xe7,0x19,0xe7,0x19,0xe7,0x19,0xe7,0x19,0xe7,0x19,0xe7,0x19,0xe7,
    0x19,0xe7,0x19,0xe7,0x19,0xe7,0x19,0xe7,0x19,0xe7,0x19,0xe7,0x19,0xe7,0x19,0xe7,0x19,0xe7,0x19,0xe7,0x19,0xe7,0x19,0xe7,0x19,0xe7,0x19,0xe7,0x19,0xe7,0x19,0xe7,
    0x19,0xe7,0x2f,0xc5,0xed,0xcc,0x0e,0xcd,0x19,0xe7,0x19,0xe7,0x19,0xe7,0x19,0xe7,0x19,0xe7,0xac,0xb4,0xce,0xbc,0x19,0xe7,0x19,0xe7,0x19,0xe7,0x19,0xe7,0x19,0xe7,
    0x19,0xe7,0x19,0xe7,0x19,0xe7,0x19,0xe7,0x19,0xe7,0x19,0xe7,0x19,0xe7,0x19,0xe7,0x19,0xe7,0x19,0xe7,0x19,0xe7,0x19,0xe7,0x19,0xe7,0x19,0xe7,0x19,0xe7,0x19,0xe7,
    0x19,0xe7,0x19,0xe7,0x19,0xe7,0x19,0xe7,0x19,0xe7,0x19,0xe7,0x19,0xe7,0x19,0xe7,0x19,0xe7,0x19,0xe7,0x19,0xe7,0x19,0xe7,0x19,0xe7,0x19,0xe7,0x19,0xe7,0x19,0xe7,
    0x19,0xe7,0x19,0xe7,0x19,0xe7,0x19,0xe7,0x19,0xe7,0x19,0xe7,0x86,0x3a,0xa7,0x3a,0xa7,0x42,0xa7,0x3a,0xc7,0x42,0xc6,0x21,0xa5,0x21,0x47,0x32,0x66,0x32,0xc6,0x3a,
    0xc7,0x42,0xc7,0x42,0xe7,0x42,0xc7,0x42,0xe8,0x3a,0x88,0x5b,0x36,0xff,0x56,0xff,0x56,0xff,0x56,0xff,0xcc,0x94,0xe8,0x63,0xc8,0x5b,0xe8,0x63,0xc8,0x63,0xc8,0x63,
    0xc8,0x63,0xea,0x63,0xe6,0x21,0xc5,0x21,0x46,0x32,0xa7,0x3a,0xe7,0x42,0x07,0x43,0x07,0x43,0x07,0x43,0x08,0x4b,0x28,0x4b,0x33,0xbe,0x19,0xe7,0x35,0xf7,0x19,0xe7,
    0x19,0xe7,0x19,0xe7,0x19,0xe7,0x19,0xe7,0x19,0xe7,0x19,0xe7,0x19,0xe7,0x19,0xe7,0x19,0xe7,0x19,0xe7,0x19,0xe7,0x19,0xe7,0xc6,0x29,0x65,0x11,0xa6,0x7a,0xc7,0x7a,
    0x86,0x6a,0xc6,0x82,0xe8,0xab,0x07,0x2a,0xe8,0x21,0x4a,0x22,0x28,0x2a,0xc6,0x19,0xc6,0x19,0xc6,0x19,0xc6,0x21,0xc6,0x21,0xc6,0x21,0xc6,0x21,0xa6,0x19,0xa6,0x19,
    0xc6,0x19,0x85,0x19,0x08,0x22,0x49,0x2a,0x49,0x2a,0x4a,0x2a,0x49,0x22,0x4a,0x2a,0x6a,0x2a,0x0d,0x33,0xec,0x32,0xcc,0x2a,0x4a,0x2a,0xa6,0x19,0xc6,0x21,0xc6,0x21,
    0xc6,0x21,0x85,0x21,0x49,0x22,0xcc,0x2a,0xcc,0x2a,0xcc,0x32,0xab,0x2a,0x6a,0x22,0x6a,0x2a,0x66,0x72,0x27,0x8b,0x06,0x8b,0x28,0xbc,0x0a,0x5b,0xcc,0x2a,0x69,0x2a,
    0x69,0x2a,0xcc,0x32,0xcc,0x2a,0xcc,0x2a,0xed,0x2a,0xed,0x32,0xc6,0x21,0xc6,0x21,0xc6,0x19,0xa5,0x21,0xa5,0x19,0xab,0x2a,0xac,0x2a,0xac,0x2a,0xac,0x2a,0x8c,0x2a,
    0xcb,0x2a,0xcb,0x32,0x8a,0x2a,0x6a,0x2a,0x6a,0x2a,0x6a,0x2a,0x49,0x2a,0x08,0x22,0x08,0x22,0x08,0x22,0xc6,0x19,0xa5,0x19,0xa5,0x19,0xa5,0x19,0x07,0x2a,0x07,0x22,
    0xe7,0x21,0x08,0x22,0x08,0x22,0xe6,0x8a,0xe6,0x82,0xc6,0x82,0x86,0x72,0x86,0x72,0x66,0x11,0xc9,0x4a,0x19,0xe7,0x19,0xe7,0x19,0xe7,0x19,0xe7,0x19,0xe7,0x19,0xe7,
    0x19,0xe7,0x19,0xe7,0x19,0xe7,0x19,0xe7,0x19,0xe7,0x19,0xe7,0x19,0xe7,0x19,0xe7,0x19,0xe7,0x19,0xe7,0x19,0xe7,0x19,0xe7,0x19,0xe7,0x19,0xe7,0x19,0xe7,0x19,0xe7,
    0x19,0xe7,0x19,0xe7,0x19,0xe7,0x19,0xe7,0x19,0xe7,0x19,0xe7,0x19,0xe7,0x19,0xe7,0x19,0xe7,0x0d,0xcd,0x19,0xe7,0x19,0xe7,0x19,0xe7,0x33,0xde,0xed,0xcc,0x19,0xe7,
    0x19,0xe7,0x19,0xe7,0x19,0xe7,0x19,0xe7,0x19,0xe7,0x19,0xe7,0x19,0xe7,0x19,0xe7,0x19,0xe7,0x19,0xe7,0x19,0xe7,0x19,0xe7,0x19,0xe7,0x19,0xe7,0x19,0xe7,0x19,0xe7,
    0x19,0xe7,0x19,0xe7,0x19,0xe7,0x19,0xe7,0x19,0xe7,0x19,0xe7,0x19,0xe7,0x19,0xe7,0x19,0xe7,0x19,0xe7,0x19,0xe7,0x19,0xe7,0x19,0xe7,0x19,0xe7,0x19,0xe7,0x19,0xe7,
    0x19,0xe7,0x19,0xe7,0x19,0xe7,0x19,0xe7,0x19,0xe7,0x19,0xe7,0x19,0xe7,0x19,0xe7,0x19,0xe7,0x19,0xe7,0x19,0xe7,0x19,0xe7,0x27,0x5b,0xe7,0x4a,0xe7,0x3a,0xc7,0x3a,
    0xe7,0x42,0xc7,0x3a,0x87,0x3a,0x85,0x19,0xa4,0x21,0xe5,0x21,0xc8,0x42,0xc7,0x42,0xa7,0x3a,0xe7,0x42,0xc7,0x3a,0xaa,0x63,0x4f,0x9d,0x76,0xff,0x36,0xff,0x56,0xff,
    0xac,0x94,0xc8,0x63,0xe8,0x63,0xe9,0x63,0xc8,0x63,0xc8,0x63,0xe8,0x63,0xc9,0x63,0xe6,0x21,0x26,0x2a,0x07,0x43,0xc7,0x42,0xe7,0x42,0x07,0x43,0x07,0x43,0x07,0x43,
    0xe7,0x42,0x07,0x43,0x13,0xc6,0x57,0xff,0x19,0xe7,0x19,0xe7,0x19,0xe7,0x19,0xe7,0x19,0xe7,0x19,0xe7,0x19,0xe7,0x19,0xe7,0x19,0xe7,0x19,0xe7,0x19,0xe7,0x19,0xe7,
    0x19,0xe7,0x19,0xe7,0xc6,0x29,0x65,0x11,0xa6,0x7a,0xa7,0x7a,0x66,0x6a,0xa6,0x7a,0x87,0x9b,0xe6,0x21,0xa6,0x19,0xa6,0x19,0xa6,0x19,0xa6,0x19,0xc6,0x21,0xa6,0x19,
    0xa6,0x21,0xc6,0x19,0xc6,0x19,0xc6,0x19,0xa6,0x19,0xc5,0x19,0xc6,0x19,0xe7,0x21,0xc6,0x19,0xa6,0x11,0x6a,0x2a,0x6a,0x2a,0x4a,0x2a,0x4a,0x2a,0x4a,0x22,0x29,0x22,
    0x4a,0x22,0xcc,0x2a,0xab,0x32,0x07,0x22,0xc6,0x19,0xc6,0x21,0xa6,0x21,0xc6,0x19,0x85,0x21,0x8a,0x2a,0xcc,0x2a,0x8b,0x2a,0x8a,0x2a,0x29,0x22,0x28,0x2a,0x66,0x6a,
    0x07,0x8b,0xe6,0x8a,0x28,0xb4,0xc9,0x52,0x6a,0x2a,0x69,0x2a,0x8a,0x2a,0x8a,0x2a,0xab,0x2a,0xed,0x32,0xeb,0x32,0xc7,0x19,0x65,0x19,0xc6,0x19,0xc6,0x19,0xc6,0x21,
    0xe6,0x19,0x49,0x22,0xcc,0x2a,0xcd,0x2a,0xac,0x2a,0xac,0x2a,0xab,0x2a,0xcb,0x2a,0x89,0x2a,0x4a,0x2a,0x49,0x22,0x4a,0x2a,0x4a,0x22,0x08,0x22,0x07,0x22,0xa6,0x19,
    0xc6,0x21,0xa6,0x19,0xa5,0x19,0xa5,0x19,0xa6,0x19,0xe6,0x21,0x07,0x22,0x07,0x22,0x07,0x22,0xe7,0x82,0xe6,0x82,0xe7,0x82,0x86,0x72,0x86,0x72,0x66,0x11,0xe9,0x4a,
    0x19,0xe7,0x19,0xe7,0x19,0xe7,0x19,0xe7,0x19,0xe7,0x19,0xe7,0x19,0xe7,0x19,0xe7,0x19,0xe7,0x19,0xe7,0x19,0xe7,0x19,0xe7,0x19,0xe7,0x19,0xe7,0x19,0xe7,0x19,0xe7,
    0x19,0xe7,0x19,0xe7,0x19,0xe7,0x19,0xe7,0x19,0xe7,0x19,0xe7,0x19,0xe7,0x19,0xe7,0x19,0xe7,0x19,0xe7,0x19,0xe7,0x19,0xe7,0x19,0xe7,0x19,0xe7,0x19,0xe7,0x0e,0xc5,
    0x19,0xe7,0x19,0xe7,0x19,0xe7,0x13,0xd6,0xec,0xcc,0x19,0xe7,0x19,0xe7,0x19,0xe7,0x19,0xe7,0x19,0xe7,0x19,0xe7,0x19,0xe7,0x19,0xe7,0x19,0xe7,0x19,0xe7,0x19,0xe7,
    0x19,0xe7,0x19,0xe7,0x19,0xe7,0x19,0xe7,0x19,0xe7,0x19,0xe7,0x19,0xe7,0x19,0xe7,0x19,0xe7,0x19,0xe7,0x19,0xe7,0x19,0xe7,0x19,0xe7,0x19,0xe7,0x19,0xe7,0x19,0xe7,
    0x19,0xe7,0x19,0xe7,0x19,0xe7,0x19,0xe7,0x19,0xe7,0x19,0xe7,0x19,0xe7,0x19,0xe7,0x19,0xe7,0x19,0xe7,0x19,0xe7,0x19,0xe7,0x19,0xe7,0x19,0xe7,0x19,0xe7,0x19,0xe7,
    0x19,0xe7,0x19,0xe7,0x56,0xff,0x8e,0x94,0xc7,0x3a,0xc7,0x42,0xc7,0x42,0xc7,0x3a,0xc7,0x42,0xa5,0x19,0xa4,0x19,0x85,0x19,0x66,0x32,0xa6,0x3a,0xc7,0x42,0xc7,0x3a,
    0xe8,0x42,0xc7,0x42,0x86,0x3a,0x77,0xff,0x36,0xff,0x36,0xff,0xcc,0x94,0xe8,0x63,0xc8,0x63,0xc8,0x63,0xe9,0x63,0xe8,0x63,0xe9,0x63,0xa9,0x5b,0xa4,0x19,0x66,0x32,
    0x07,0x43,0xe7,0x42,0x07,0x43,0x07,0x43,0xe7,0x42,0xe7,0x42,0x07,0x43,0x07,0x4b,0x13,0xc6,0x36,0xff,0x19,0xe7,0x19,0xe7,0x19,0xe7,0x19,0xe7,0x19,0xe7,0x19,0xe7,
    0x19,0xe7,0x19,0xe7,0x19,0xe7,0x19,0xe7,0x19,0xe7,0x19,0xe7,0x19,0xe7,0x19,0xe7,0xa5,0x21,0x65,0x11,0xa6,0x7a,0xc7,0x7a,0x86,0x6a,0xc6,0x7a,0x67,0x9b,0x06,0x2a,
    0xa6,0x19,0xc6,0x19,0xa6,0x19,0xa6,0x19,0xc6,0x21,0xa5,0x19,0xc6,0x21,0xa6,0x19,0xc6,0x21,0xc6,0x21,0xc6,0x21,0xa6,0x19,0xa6,0x19,0x07,0x22,0xe6,0x19,0xa6,0x19,
    0x69,0x2a,0x4a,0x2a,0x4a,0x2a,0x49,0x2a,0x49,0x22,0x49,0x22,0x4a,0x22,0xac,0x2a,0x69,0x2a,0xe7,0x21,0xc6,0x21,0xa6,0x19,0xa6,0x21,0xc6,0x19,0x84,0x19,0x8a,0x2a,
    0xed,0x32,0x6b,0x2a,0x8a,0x2a,0x49,0x2a,0x08,0x22,0x66,0x6a,0x07,0x8b,0xe6,0x8a,0x28,0xb4,0xa8,0x4a,0x49,0x2a,0xaa,0x32,0x8a,0x2a,0x8a,0x32,0x6a,0x2a,0xcc,0x2a,
    0x69,0x2a,0x85,0x19,0xa5,0x19,0xc5,0x19,0xc6,0x21,0xc6,0x21,0xc5,0x19,0x08,0x22,0xab,0x2a,0xcd,0x2a,0xac,0x32,0xcc,0x2a,0xcb,0x2a,0xcb,0x32,0x89,0x2a,0x4a,0x2a,
    0x49,0x2a,0x49,0x2a,0x4a,0x2a,0x07,0x22,0xe7,0x21,0xa6,0x19,0x85,0x19,0xa6,0x19,0xa6,0x19,0xa6,0x21,0xa6,0x19,0xe7,0x21,0x07,0x22,0x07,0x22,0xe7,0x19,0xe7,0x82,
    0xe6,0x8a,0xe7,0x8a,0xa6,0x7a,0x85,0x72,0x65,0x11,0xe9,0x4a,0x19,0xe7,0x19,0xe7,0x19,0xe7,0x19,0xe7,0x19,0xe7,0x19,0xe7,0x19,0xe7,0x19,0xe7,0x19,0xe7,0x19,0xe7,
    0x19,0xe7,0x19,0xe7,0x19,0xe7,0x19,0xe7,0x19,0xe7,0x19,0xe7,0x19,0xe7,0x19,0xe7,0x19,0xe7,0x19,0xe7,0x19,0xe7,0x19,0xe7,0x19,0xe7,0x19,0xe7,0x19,0xe7,0x19,0xe7,
    0x19,0xe7,0x19,0xe7,0x19,0xe7,0x19,0xe7,0x19,0xe7,0x4f,0xc5,0x19,0xe7,0x19,0xe7,0x19,0xe7,0xf3,0xcd,0xcd,0xbc,0x19,0xe7,0x19,0xe7,0x19,0xe7,0x19,0xe7,0x19,0xe7,
    0x19,0xe7,0x19,0xe7,0x19,0xe7,0x19,0xe7,0x19,0xe7,0x19,0xe7,0x19,0xe7,0x19,0xe7,0x19,0xe7,0x19,0xe7,0x19,0xe7,0x19,0xe7,0x19,0xe7,0x19,0xe7,0x19,0xe7,0x19,0xe7,
    0x19,0xe7,0x19,0xe7,0x19,0xe7,0x19,0xe7,0x19,0xe7,0x19,0xe7,0x19,0xe7,0x19,0xe7,0x19,0xe7,0x19,0xe7,0x19,0xe7,0x19,0xe7,0x19,0xe7,0x19,0xe7,0x19,0xe7,0x19,0xe7,
    0x19,0xe7,0x19,0xe7,0x19,0xe7,0x19,0xe7,0x19,0xe7,0x19,0xe7,0x19,0xe7,0x19,0xe7,0x19,0xe7,0xae,0x8c,0xc6,0x42,0xc7,0x42,0xc7,0x42,0xc7,0x3a,0xa6,0x3a,0xc7,0x3a,
    0xa7,0x3a,0xa5,0x19,0xe5,0x21,0xa7,0x3a,0xc7,0x42,0xc7,0x42,0xc7,0x42,0xc7,0x42,0x86,0x32,0x77,0xff,0x36,0xff,0x36,0xff,0xcc,0x94,0xe8,0x63,0xc8,0x63,0xa8,0x63,
    0xc8,0x63,0xe9,0x63,0xc5,0x21,0xc6,0x21,0x08,0x4b,0x08,0x43,0x07,0x43,0x07,0x43,0x07,0x43,0x07,0x43,0x07,0x43,0x08,0x4b,0xc6,0x4a,0x19,0xe7,0x19,0xe7,0x19,0xe7,
    0x19,0xe7,0x19,0xe7,0x19,0xe7,0x19,0xe7,0x19,0xe7,0x19,0xe7,0x19,0xe7,0x19,0xe7,0x19,0xe7,0x19,0xe7,0x19,0xe7,0x19,0xe7,0x19,0xe7,0x19,0xe7,0xa5,0x21,0x65,0x11,
    0xa7,0x72,0xa7,0x7a,0xa7,0x72,0xc6,0x82,0x67,0x93,0xe5,0x29,0xc6,0x19,0xc6,0x19,0xc6,0x21,0xe7,0x21,0xc6,0x21,0xc6,0x21,0xa5,0x19,0xc6,0x21,0xc6,0x21,0xc6,0x21,
    0xc6,0x21,0xa5,0x21,0xa6,0x19,0x07,0x22,0x27,0x22,0x49,0x2a,0x28,0x2a,0x49,0x22,0x6a,0x2a,0x69,0x2a,0x49,0x2a,0x49,0x22,0x49,0x22,0x49,0x22,0xe7,0x21,0x86,0x19,
    0xc6,0x21,0xa6,0x21,0xa6,0x21,0xe6,0x21,0xc6,0x21,0xc5,0x21,0xa6,0x19,0xaa,0x2a,0x8b,0x2a,0x08,0x22,0x08,0x2a,0x86,0x72,0xe7,0x8a,0xc6,0x82,0x08,0xb4,0xe9,0x5a,
    0x6a,0x32,0x28,0x22,0x07,0x22,0x8a,0x2a,0x8b,0x2a,0xed,0x2a,0xe7,0x19,0xc6,0x19,0xc5,0x19,0xc6,0x21,0xc6,0x21,0xc5,0x19,0xc5,0x21,0xc5,0x19,0x85,0x19,0xed,0x32,
    0xcc,0x2a,0xed,0x32,0x6a,0x22,0x49,0x22,0x8a,0x2a,0x69,0x2a,0x4a,0x2a,0x29,0x2a,0x29,0x22,0x85,0x19,0xa6,0x19,0xa6,0x19,0xa6,0x19,0xa6,0x21,0xa6,0x19,0xc6,0x21,
    0xc6,0x21,0xc6,0x21,0x85,0x19,0xe7,0x21,0xe7,0x19,0x07,0x8b,0x07,0x8b,0x07,0x8b,0xa6,0x72,0x85,0x72,0x65,0x11,0xc9,0x4a,0x19,0xe7,0x19,0xe7,0x19,0xe7,0x19,0xe7,
    0x19,0xe7,0x19,0xe7,0x19,0xe7,0x19,0xe7,0x19,0xe7,0x19,0xe7,0x19,0xe7,0x19,0xe7,0x19,0xe7,0x19,0xe7,0x19,0xe7,0x19,0xe7,0x19,0xe7,0x19,0xe7,0x19,0xe7,0x19,0xe7,
    0x19,0xe7,0x19,0xe7,0x19,0xe7,0x19,0xe7,0x19,0xe7,0x19,0xe7,0x19,0xe7,0x19,0xe7,0x19,0xe7,0x19,0xe7,0x19,0xe7,0x19,0xe7,0x19,0xe7,0x19,0xe7,0x19,0xe7,0x19,0xe7,
    0x19,0xe7,0x19,0xe7,0x19,0xe7,0x19,0xe7,0x19,0xe7,0x19,0xe7,0x19,0xe7,0x19,0xe7,0x19,0xe7,0x19,0xe7,0x19,0xe7,0x19,0xe7,0x19,0xe7,0x19,0xe7,0x19,0xe7,0x19,0xe7,
    0x19,0xe7,0x19,0xe7,0x19,0xe7,0x19,0xe7,0x19,0xe7,0x19,0xe7,0x19,0xe7,0x19,0xe7,0x19,0xe7,0x19,0xe7,0x19,0xe7,0x19,0xe7,0x19,0xe7,0x19,0xe7,0x19,0xe7,0x19,0xe7,
    0x19,0xe7,0x19,0xe7,0x19,0xe7,0x18,0xe7,0x18,0xef,0x17,0xef,0x17,0xef,0x16,0xf7,0x16,0xf7,0x37,0xf7,0x37,0xf7,0x37,0xf7,0x36,0xf7,0x36,0xff,0x36,0xff,0x12,0xc6,
    0xcd,0x94,0xa6,0x3a,0xc7,0x42,0xc7,0x42,0xc7,0x42,0xa7,0x3a,0xc7,0x3a,0x46,0x32,0x46,0x32,0x47,0x32,0xe7,0x42,0xe7,0x42,0xe7,0x42,0xc7,0x42,0x86,0x3a,0x70,0xa5,
    0x73,0xde,0x36,0xff,0xcc,0x94,0xc8,0x63,0xc9,0x63,0xa8,0x63,0x27,0x53,0x88,0x53,0x26,0x2a,0x05,0x2a,0x08,0x4b,0x07,0x4b,0x07,0x4b,0x07,0x43,0x07,0x43,0x07,0x43,
    0xe7,0x42,0x2f,0xa5,0x90,0xb5,0x15,0xf7,0x36,0xff,0x36,0xff,0x36,0xff,0x36,0xf7,0x36,0xf7,0x36,0xf7,0x36,0xf7,0x36,0xf7,0x36,0xf7,0x36,0xf7,0x36,0xf7,0x37,0xf7,
    0x37,0xf7,0x37,0xf7,0x37,0xf7,0x37,0xf7,0xc6,0x21,0x65,0x11,0x66,0x72,0xa6,0x72,0xa7,0x72,0xe7,0x82,0x67,0x9b,0x06,0x2a,0xc6,0x19,0xe7,0x21,0xe7,0x21,0xe7,0x21,
    0xc6,0x19,0xa6,0x19,0xa6,0x19,0xa5,0x19,0xc6,0x21,0xc6,0x21,0xc6,0x21,0xc6,0x21,0xa6,0x21,0xa6,0x19,0xe7,0x19,0x28,0x22,0x29,0x2a,0x29,0x22,0x49,0x22,0x49,0x2a,
    0x29,0x2a,0x29,0x2a,0x49,0x2a,0xe6,0x19,0xc6,0x21,0xa6,0x21,0xa5,0x19,0xa6,0x19,0xc6,0x21,0xc6,0x19,0xe6,0x21,0xe6,0x21,0xe7,0x21,0x4a,0x22,0x4a,0x22,0x07,0x22,
    0xe7,0x21,0x86,0x6a,0x07,0x8b,0xe6,0x8a,0x08,0xb4,0xa8,0x52,0x08,0x22,0x28,0x22,0x07,0x22,0x8a,0x2a,0x8a,0x2a,0xab,0x2a,0x07,0x22,0xa5,0x19,0xc6,0x21,0xc6,0x21,
    0xc5,0x21,0xc6,0x21,0xc6,0x19,0xc6,0x21,0xc5,0x21,0xcb,0x32,0xab,0x2a,0xcc,0x32,0x6a,0x22,0x6a,0x2a,0x49,0x2a,0x49,0x22,0x29,0x22,0x48,0x22,0x08,0x22,0xa6,0x19,
    0xa5,0x19,0xa6,0x19,0xa6,0x21,0xc6,0x21,0xc6,0x21,0xa6,0x19,0x85,0x19,0xa5,0x19,0x85,0x19,0x07,0x22,0xe7,0x19,0x07,0x8b,0x07,0x8b,0x07,0x8b,0xa6,0x7a,0x85,0x72,
    0x65,0x11,0xc9,0x4a,0x38,0xf7,0x17,0xef,0x17,0xef,0x17,0xef,0x17,0xef,0x17,0xef,0x17,0xef,0x37,0xef,0x17,0xef,0x17,0xef,0x17,0xef,0x17,0xef,0x17,0xef,0x18,0xef,
    0x18,0xef,0x18,0xe7,0x18,0xe7,0x18,0xe7,0x18,0xe7,0x18,0xe7,0xf8,0xe6,0x18,0xef,0x18,0xef,0x18,0xe7,0x18,0xe7,0x18,0xe7,0x18,0xe7,0x19,0xe7,0x19,0xe7,0x19,0xe7,
    0x18,0xe7,0x19,0xe7,0x19,0xe7,0xf9,0xe6,0x19,0xdf,0x19,0xdf,0x19,0xe7,0x19,0xe7,0x19,0xdf,0xf9,0xde,0xf9,0xde,0x19,0xe7,0xf9,0xde,0xf9,0xe6,0xf9,0xe6,0xf9,0xde,
    0xf9,0xde,0xf9,0xde,0xf9,0xde,0x19,0xdf,0x19,0xdf,0x19,0xdf,0x19,0xdf,0x19,0xdf,0x19,0xdf,0x19,0xdf,0x19,0xdf,0x19,0xdf,0x19,0xdf,0x19,0xdf,0x19,0xdf,0x19,0xdf,
    0x19,0xdf,0x19,0xdf,0x19,0xdf,0x19,0xe7,0x19,0xe7,0x19,0xe7,0x19,0xe7,0x19,0xe7,0x19,0xe7,0x18,0xe7,0x18,0xef,0x17,0xef,0x17,0xf7,0x16,0xf7,0x37,0xf7,0x37,0xf7,
    0x36,0xf7,0x37,0xf7,0x36,0xff,0x36,0xff,0x36,0xff,0x36,0xf7,0x15,0xf7,0xa6,0x42,0xc7,0x3a,0xc7,0x42,0xc7,0x42,0xc7,0x3a,0xc7,0x3a,0xc7,0x3a,0x05,0x2a,0x65,0x19,
    0xc7,0x42,0xe7,0x42,0xe7,0x42,0xe7,0x42,0xc7,0x42,0xc7,0x3a,0x4f,0xa5,0x35,0xff,0xac,0x94,0xc8,0x63,0xc8,0x63,0xc8,0x63,0xc6,0x42,0x07,0x43,0x05,0x2a,0x26,0x2a,
    0x28,0x4b,0x08,0x4b,0x28,0x4b,0x08,0x43,0x48,0x43,0x28,0x43,0xe7,0x3a,0x36,0xf7,0x36,0xff,0x36,0xff,0x36,0xff,0x36,0xff,0x36,0xff,0x36,0xf7,0x36,0xf7,0x36,0xf7,
    0x36,0xf7,0x36,0xff,0x16,0xff,0x16,0xff,0x36,0xf7,0x36,0xf7,0x36,0xf7,0x37,0xf7,0x37,0xf7,0x36,0xf7,0xc6,0x21,0x65,0x11,0x66,0x6a,0x86,0x72,0xa7,0x7a,0xc6,0x82,
    0x67,0x93,0xe6,0x29,0xc6,0x19,0x07,0x22,0x07,0x22,0x07,0x22,0xc6,0x19,0xa6,0x21,0xa6,0x21,0xc6,0x19,0xc6,0x21,0xc6,0x21,0xc6,0x21,0xc5,0x21,0xc6,0x21,0x85,0x19,
    0x86,0x19,0xa6,0x19,0x28,0x22,0x28,0x22,0x28,0x22,0x49,0x2a,0x49,0x22,0x49,0x22,0x49,0x22,0xa5,0x19,0xa6,0x19,0xc6,0x21,0xc6,0x21,0xa6,0x21,0xc6,0x21,0xc6,0x19,
    0xe6,0x21,0xe6,0x21,0xe6,0x21,0x69,0x2a,0x49,0x22,0x07,0x22,0x07,0x2a,0x86,0x72,0x07,0x8b,0xe6,0x8a,0x08,0xb4,0x87,0x52,0xe7,0x19,0x28,0x2a,0x28,0x2a,0x6a,0x2a,
    0x49,0x2a,0x07,0x22,0xa6,0x19,0xa6,0x19,0xc6,0x21,0xc6,0x21,0xc6,0x21,0xc6,0x21,0xc6,0x21,0xc5,0x21,0xc6,0x19,0x4a,0x22,0x8a,0x2a,0x8b,0x2a,0x4a,0x2a,0x49,0x2a,
    0x28,0x22,0x29,0x2a,0x49,0x22,0x49,0x22,0x29,0x22,0x08,0x22,0x08,0x22,0xe6,0x19,0xc6,0x21,0xc6,0x21,0xc6,0x21,0xa5,0x19,0x85,0x19,0xe7,0x21,0x07,0x22,0x08,0x22,
    0x07,0x1a,0x07,0x8b,0x07,0x8b,0x07,0x8b,0xa6,0x7a,0x86,0x72,0x45,0x11,0xe9,0x52,0x58,0xf7,0x17,0xef,0x17,0xef,0x17,0xef,0x17,0xef,0x17,0xef,0x17,0xf7,0x17,0xef,
    0x37,0xef,0x37,0xef,0x38,0xef,0x38,0xef,0x17,0xef,0x18,0xef,0x18,0xef,0x38,0xef,0x38,0xef,0x18,0xe7,0x18,0xe7,0x18,0xe7,0xf8,0xe6,0x18,0xe7,0x18,0xe7,0x18,0xef,
    0x19,0xef,0x39,0xef,0x39,0xef,0x39,0xef,0x39,0xe7,0x38,0xe7,0x38,0xe7,0x39,0xef,0x39,0xef,0x19,0xe7,0x39,0xe7,0x39,0xe7,0x19,0xe7,0x39,0xe7,0x19,0xe7,0x19,0xe7,
    0x19,0xe7,0xf9,0xde,0x19,0xe7,0x3a,0xe7,0xf9,0xe6,0xf9,0xde,0xf9,0xde,0xf9,0xde,0xf9,0xde,0x19,0xdf,0x19,0xdf,0x19,0xdf,0x19,0xdf,0x19,0xdf,0x19,0xdf,0x19,0xdf,
    0x19,0xdf,0x19,0xdf,0x19,0xdf,0x19,0xdf,0x19,0xdf,0x19,0xdf,0x19,0xdf,0x19,0xdf,0x19,0xdf,0x19,0xe7,0x19,0xe7,0x19,0xe7,0x19,0xe7,0x19,0xe7,0x19,0xe7,0x18,0xe7,
    0x18,0xef,0x17,0xef,0x17,0xef,0x16,0xf7,0x37,0xf7,0x37,0xf7,0x37,0xf7,0x37,0xf7,0x36,0xff,0x36,0xff,0x36,0xff,0x36,0xff,0x16,0xff,0xc6,0x42,0xc7,0x42,0xc7,0x42,
    0xc7,0x42,0xc7,0x42,0xc7,0x3a,0xc7,0x3a,0xc7,0x42,0xa7,0x3a,0x84,0x19,0xa5,0x19,0xc7,0x42,0xe7,0x42,0xc7,0x42,0xe7,0x42,0x2f,0xa5,0x36,0xff,0xed,0x9c,0xe8,0x63,
    0xc8,0x63,0xc8,0x63,0x04,0x2a,0x04,0x2a,0x28,0x4b,0x07,0x4b,0x07,0x43,0x07,0x43,0x28,0x4b,0x53,0xc6,0x98,0xff,0x97,0xff,0x76,0xf7,0x36,0xf7,0x36,0xff,0x36,0xff,
    0x36,0xff,0x36,0xff,0x36,0xff,0x36,0xf7,0x36,0xf7,0x36,0xf7,0x36,0xf7,0x36,0xf7,0x36,0xf7,0x36,0xf7,0x36,0xf7,0x36,0xf7,0x36,0xf7,0x37,0xf7,0x37,0xf7,0x37,0xf7,
    0xc6,0x21,0x65,0x11,0x46,0x72,0x86,0x72,0xa7,0x72,0xc6,0x82,0x67,0x93,0xe6,0x29,0xc6,0x21,0xc7,0x21,0xc6,0x19,0xc7,0x21,0xa6,0x19,0xc6,0x21,0xa6,0x21,0xc6,0x21,
    0xc6,0x21,0xc6,0x21,0xc6,0x21,0xc5,0x21,0xc5,0x21,0xa6,0x21,0xa5,0x21,0xa6,0x19,0x08,0x22,0x28,0x22,0x07,0x22,0x27,0x22,0x08,0x22,0x28,0x22,0x29,0x2a,0x07,0x2a,
    0xe7,0x21,0xc6,0x21,0xa6,0x21,0xa6,0x21,0xc6,0x21,0xa6,0x19,0xc6,0x19,0xc6,0x19,0xc5,0x19,0xe6,0x19,0x28,0x22,0x08,0x22,0xe7,0x21,0x66,0x6a,0x07,0x8b,0xe6,0x8a,
    0x08,0xbc,0xa8,0x52,0x08,0x22,0x08,0x22,0x07,0x22,0x49,0x2a,0x08,0x22,0xe7,0x21,0xe7,0x21,0xe7,0x21,0xa6,0x19,0xc6,0x21,0xc6,0x21,0xc6,0x19,0xc6,0x19,0xc6,0x19,
    0xe6,0x21,0xe6,0x21,0x07,0x22,0x29,0x22,0x29,0x2a,0x29,0x2a,0xe7,0x21,0x28,0x22,0x49,0x22,0x49,0x22,0x29,0x22,0x28,0x22,0x07,0x2a,0xc5,0x21,0xc6,0x21,0xc6,0x21,
    0xc6,0x21,0xc6,0x21,0xa6,0x21,0xe7,0x21,0xe6,0x21,0x07,0x22,0x07,0x1a,0x07,0x8b,0x07,0x8b,0x07,0x8b,0xa6,0x72,0x85,0x72,0x65,0x11,0xe9,0x4a,0x37,0xf7,0x37,0xf7,
    0x17,0xef,0x17,0xef,0x17,0xef,0x17,0xef,0x17,0xef,0x17,0xef,0x37,0xef,0x38,0xef,0x38,0xef,0x38,0xef,0x17,0xef,0x17,0xef,0x18,0xef,0x38,0xef,0x38,0xef,0x38,0xef,
    0x18,0xe7,0x18,0xe7,0xf8,0xe6,0xe3,0x08,0x65,0x11,0x44,0x11,0x45,0x11,0x44,0x11,0x65,0x11,0x65,0x11,0x65,0x11,0x65,0x11,0x66,0x11,0x86,0x11,0x65,0x11,0x65,0x11,
    0x65,0x19,0x65,0x11,0x45,0x11,0x45,0x11,0x45,0x11,0x65,0x11,0x65,0x11,0x65,0x19,0x66,0x11,0x0a,0x53,0xf8,0xde,0x19,0xe7,0xf9,0xde,0xf9,0xe6,0xf9,0xe6,0x19,0xdf,
    0x19,0xdf,0x19,0xdf,0x19,0xdf,0x19,0xdf,0x19,0xdf,0x19,0xdf,0x19,0xdf,0x19,0xdf,0x19,0xdf,0x19,0xdf,0x19,0xdf,0x19,0xdf,0x19,0xdf,0x19,0xdf,0x19,0xdf,0x19,0xe7,
    0x19,0xe7,0x19,0xe7,0x19,0xe7,0x19,0xe7,0x19,0xe7,0x18,0xe7,0x18,0xef,0x17,0xef,0x17,0xef,0x17,0xf7,0x36,0xf7,0x36,0xf7,0x36,0xf7,0x36,0xf7,0x36,0xff,0x36,0xff,
    0x36,0xff,0x36,0xff,0x36,0xff,0x86,0x42,0xc7,0x42,0xc7,0x3a,0xc7,0x42,0xc7,0x42,0xc7,0x42,0xc7,0x3a,0xa7,0x3a,0xa7,0x3a,0xa5,0x19,0xc5,0x21,0xe8,0x42,0xe7,0x42,
    0x07,0x43,0xc7,0x42,0x2f,0xa5,0x56,0xff,0xed,0x9c,0xe8,0x63,0xc8,0x63,0xc8,0x63,0x25,0x2a,0x46,0x32,0x07,0x4b,0x07,0x4b,0x64,0x32,0xa6,0x3a,0x08,0x43,0x12,0xbe,
    0x77,0xff,0x77,0xff,0x76,0xff,0x76,0xff,0x57,0xff,0x57,0xff,0x57,0xff,0xf5,0xf6,0x77,0xff,0x36,0xff,0x36,0xff,0x36,0xff,0x36,0xff,0x36,0xff,0x36,0xf7,0x36,0xf7,
    0x36,0xf7,0x36,0xf7,0x36,0xf7,0x37,0xf7,0x37,0xf7,0x37,0xf7,0xe6,0x21,0x65,0x11,0x66,0x72,0x86,0x72,0xa7,0x72,0xc6,0x7a,0x67,0x93,0xe6,0x21,0xe6,0x21,0xa6,0x21,
    0xa6,0x19,0xc6,0x19,0xa6,0x21,0xa6,0x21,0xa6,0x21,0xc6,0x21,0xc6,0x21,0xc6,0x21,0xc6,0x21,0xc6,0x21,0xc6,0x21,0xc6,0x21,0xc6,0x19,0xa5,0x19,0xe7,0x21,0x07,0x22,
    0xe7,0x21,0x07,0x22,0x28,0x22,0x29,0x2a,0x28,0x22,0x28,0x22,0x07,0x22,0xc6,0x21,0xa6,0x21,0xa6,0x21,0xc6,0x21,0xc6,0x21,0xc6,0x21,0xc6,0x21,0xa5,0x19,0x28,0x2a,
    0x08,0x22,0x28,0x22,0xe7,0x29,0x66,0x6a,0x07,0x8b,0xe6,0x8a,0x08,0xb4,0xc8,0x5a,0x28,0x22,0x08,0x22,0xe7,0x21,0x49,0x2a,0x28,0x2a,0x07,0x22,0xe7,0x21,0xe7,0x21,
    0xa5,0x19,0xc6,0x21,0xc6,0x21,0xc6,0x19,0xc6,0x19,0xc6,0x21,0xc5,0x21,0xc5,0x19,0x27,0x22,0x29,0x2a,0x28,0x22,0x49,0x2a,0xc6,0x19,0x08,0x22,0x29,0x22,0x49,0x2a,
    0x69,0x2a,0xe6,0x19,0xc6,0x21,0xc6,0x21,0xc5,0x19,0xc6,0x19,0xc6,0x19,0xc6,0x21,0xc6,0x19,0xc6,0x19,0xa5,0x19,0x28,0x2a,0x07,0x1a,0x07,0x83,0xe7,0x8a,0x07,0x8b,
    0xa6,0x7a,0x85,0x72,0x65,0x19,0xe9,0x52,0x37,0xf7,0x37,0xf7,0x37,0xf7,0x17,0xef,0x17,0xef,0x17,0xef,0x17,0xef,0x17,0xef,0x17,0xef,0x17,0xef,0x17,0xef,0x38,0xef,
    0x38,0xef,0x17,0xef,0x17,0xef,0x18,0xef,0x38,0xef,0x38,0xef,0x18,0xe7,0x97,0xd6,0x57,0xd6,0xe3,0x10,0x44,0x19,0x65,0x19,0x64,0x19,0x44,0x19,0x64,0x19,0x64,0x19,
    0x64,0x19,0x64,0x19,0x64,0x19,0x85,0x19,0x85,0x19,0x85,0x19,0x85,0x19,0x64,0x19,0x44,0x11,0x44,0x11,0x44,0x11,0x44,0x11,0x44,0x11,0x64,0x19,0x43,0x19,0x8b,0x6b,
    0x5b,0xe7,0x19,0xe7,0xf9,0xde,0xf9,0xde,0xf9,0xde,0x19,0xdf,0x19,0xdf,0x19,0xdf,0x19,0xdf,0x19,0xdf,0x19,0xdf,0x19,0xdf,0x19,0xdf,0x19,0xdf,0x19,0xdf,0x19,0xdf,
    0x19,0xdf,0x19,0xdf,0x19,0xdf,0x19,0xdf,0x19,0xdf,0x19,0xe7,0x19,0xe7,0x19,0xe7,0x19,0xe7,0x19,0xe7,0x19,0xe7,0x18,0xe7,0x18,0xef,0x17,0xef,0x17,0xef,0x17,0xf7,
    0x37,0xf7,0x37,0xf7,0x36,0xf7,0x36,0xf7,0x36,0xff,0x36,0xff,0x36,0xff,0x36,0xff,0x36,0xff,0xf5,0xf6,0x15,0xf7,0xc7,0x42,0xc7,0x42,0xc7,0x42,0xc7,0x42,0xc7,0x42,
    0xa6,0x3a,0xa7,0x3a,0xc5,0x21,0xc5,0x21,0xc5,0x21,0x46,0x32,0xc7,0x42,0xc7,0x42,0x4f,0xa5,0x57,0xff,0xed,0x94,0xe9,0x63,0xc8,0x63,0xc8,0x63,0x25,0x2a,0x66,0x32,
    0x48,0x4b,0x27,0x53,0x57,0xff,0x35,0xff,0x35,0xf7,0x56,0xff,0x57,0xff,0xc7,0x42,0xe8,0x42,0xe7,0x42,0xe7,0x42,0xe7,0x42,0x68,0x53,0x47,0x53,0xa8,0x6b,0x36,0xff,
    0x36,0xf7,0x36,0xff,0x36,0xff,0x36,0xff,0x36,0xf7,0x36,0xf7,0x36,0xf7,0x36,0xf7,0x36,0xf7,0x37,0xf7,0x37,0xf7,0x37,0xf7,0xc6,0x21,0x65,0x11,0x66,0x72,0x86,0x72,
    0xa7,0x72,0xc6,0x82,0x87,0x9b,0xc5,0x21,0x85,0x19,0xa6,0x21,0xa6,0x19,0xa6,0x19,0xa6,0x21,0xc6,0x21,0xa6,0x21,0xc6,0x21,0xc6,0x21,0xc6,0x21,0xc6,0x21,0xc6,0x21,
    0xc6,0x19,0xe6,0x21,0xc6,0x19,0xc5,0x19,0xe7,0x21,0x08,0x22,0xe7,0x21,0x07,0x22,0x07,0x22,0x85,0x19,0x85,0x19,0xa6,0x19,0xa6,0x19,0xc6,0x21,0xa6,0x21,0xa6,0x21,
    0xc6,0x19,0xc6,0x21,0xc6,0x21,0xc6,0x21,0xe6,0x21,0xc5,0x21,0xa5,0x19,0xe7,0x21,0xe6,0x21,0x86,0x6a,0xe1,0x40,0xc1,0x38,0x01,0x49,0xa5,0x31,0x08,0x2a,0x07,0x22,
    0x07,0x22,0x07,0x22,0x07,0x22,0xe7,0x21,0xc6,0x19,0xa5,0x19,0xe6,0x21,0xc6,0x21,0xc6,0x21,0xc6,0x21,0xc6,0x19,0xc6,0x19,0xc6,0x19,0x49,0x2a,0x28,0x22,0x28,0x22,
    0x08,0x22,0x08,0x22,0xc6,0x21,0xe7,0x21,0x08,0x22,0xa6,0x19,0xa6,0x19,0xa5,0x11,0xa5,0x19,0xc6,0x19,0xc6,0x19,0xc6,0x21,0xc6,0x19,0xc6,0x21,0xc6,0x19,0xa6,0x19,
    0xa5,0x19,0x85,0x19,0x85,0x11,0xe7,0x82,0x07,0x8b,0xe7,0x8a,0xa6,0x72,0x85,0x6a,0x66,0x19,0xc9,0x4a,0x37,0xf7,0x37,0xf7,0x37,0xf7,0x17,0xef,0x17,0xef,0x17,0xef,
    0x17,0xef,0x17,0xef,0x17,0xf7,0x17,0xef,0x17,0xef,0x37,0xef,0x37,0xef,0x37,0xef,0x17,0xef,0x38,0xef,0x38,0xef,0x38,0xef,0x38,0xef,0x43,0x09,0xc7,0x21,0x67,0x4a,
    0xd4,0xee,0x78,0xff,0x58,0xff,0x78,0xff,0x58,0xff,0x78,0xff,0x78,0xff,0x59,0xff,0x78,0xff,0x78,0xff,0x99,0xff,0x79,0xff,0x79,0xff,0x79,0xff,0x79,0xff,0x59,0xff,
    0x79,0xf7,0x79,0xff,0x38,0xf7,0x38,0xff,0xe8,0xb3,0x08,0x7b,0xe8,0x19,0xd8,0xd6,0xf9,0xde,0xf8,0xde,0xf9,0xde,0x19,0xdf,0x19,0xdf,0x19,0xdf,0x19,0xdf,0x19,0xdf,
    0x19,0xdf,0x19,0xdf,0x19,0xdf,0x19,0xdf,0x19,0xdf,0x19,0xdf,0x19,0xdf,0x19,0xdf,0x19,0xdf,0x19,0xdf,0x19,0xdf,0x19,0xe7,0x19,0xe7,0x19,0xe7,0x19,0xe7,0x19,0xe7,
    0x19,0xe7,0x18,0xe7,0x18,0xef,0x17,0xef,0x37,0xef,0x36,0xf7,0x36,0xf7,0x36,0xff,0x56,0xff,0x56,0xf7,0x16,0xf7,0x16,0xf7,0x16,0xf7,0x36,0xff,0x36,0xff,0x36,0xff,
    0x16,0xf7,0x04,0x2a,0x45,0x2a,0x85,0x32,0xa5,0x3a,0xa6,0x42,0xa6,0x42,0xc7,0x42,0x05,0x2a,0xe5,0x21,0xc6,0x21,0x66,0x32,0x07,0x43,0xe7,0x42,0x6f,0xa5,0x35,0xff,
    0xcc,0x94,0xe8,0x63,0xe9,0x63,0xa8,0x63,0x26,0x2a,0x66,0x32,0xe7,0x42,0xe6,0x42,0x36,0xff,0x56,0xff,0x98,0xff,0x57,0xf7,0x17,0xef,0x29,0x4b,0xe6,0x42,0xc6,0x3a,
    0xe7,0x42,0xe6,0x42,0x47,0x53,0x67,0x4b,0xe9,0x73,0xb8,0xff,0x97,0xff,0x97,0xff,0x36,0xff,0x36,0xff,0x36,0xff,0x36,0xf7,0x36,0xf7,0x36,0xff,0x36,0xff,0x37,0xf7,
    0x37,0xf7,0x37,0xf7,0x06,0x22,0x65,0x11,0x46,0x6a,0x86,0x72,0xc7,0x7a,0xe7,0x82,0x67,0x9b,0xa5,0x21,0x85,0x19,0xa6,0x19,0xa6,0x19,0xa6,0x19,0xa6,0x21,0xa6,0x21,
    0xc6,0x21,0xc6,0x21,0xa6,0x21,0xc6,0x21,0xc6,0x21,0xc6,0x21,0xc6,0x21,0xc6,0x21,0xc6,0x21,0xc6,0x21,0x08,0x22,0x08,0x22,0x07,0x22,0x08,0x22,0xe7,0x21,0xc7,0x19,
    0xc7,0x21,0xa6,0x19,0xa6,0x19,0xa6,0x21,0xa6,0x21,0xc6,0x21,0xe6,0x19,0xc6,0x21,0xc6,0x21,0xc6,0x21,0xe6,0x21,0xc5,0x19,0xa5,0x19,0x07,0x22,0xe6,0x29,0xc6,0x72,
    0x61,0x30,0x81,0x30,0x81,0x30,0x85,0x31,0x08,0x22,0x28,0x22,0x28,0x22,0x07,0x22,0xe7,0x21,0xc7,0x21,0xc6,0x21,0xa6,0x21,0xc6,0x21,0xe6,0x21,0xc6,0x21,0xc6,0x19,
    0xa5,0x21,0xc5,0x19,0xc6,0x19,0x28,0x22,0x08,0x22,0x28,0x22,0x28,0x2a,0xe7,0x21,0xe7,0x21,0xe7,0x21,0x28,0x2a,0xc6,0x19,0xa6,0x19,0xa5,0x19,0xa5,0x19,0xc5,0x19,
    0xc6,0x21,0xc6,0x21,0xc6,0x21,0xc6,0x21,0xc6,0x21,0xa6,0x19,0xa6,0x19,0x85,0x19,0x85,0x11,0x07,0x8b,0xe7,0x8a,0xe7,0x82,0xa6,0x72,0x85,0x72,0x65,0x11,0xc9,0x4a,
    0x37,0xf7,0x37,0xf7,0x37,0xf7,0x17,0xef,0x17,0xef,0x17,0xef,0x17,0xef,0x17,0xef,0x17,0xef,0x17,0xef,0x37,0xef,0x17,0xef,0x17,0xef,0x18,0xef,0x38,0xef,0x38,0xef,
    0x17,0xef,0xb6,0xd6,0xd7,0xde,0x44,0x09,0x03,0x11,0xec,0x8b,0xf4,0xf6,0x58,0xff,0x58,0xff,0x78,0xff,0x79,0xff,0x79,0xff,0x59,0xff,0x59,0xff,0x59,0xff,0x59,0xff,
    0x79,0xff,0x59,0xff,0x59,0xff,0x59,0xff,0x59,0xff,0x59,0xff,0x59,0xff,0x59,0xff,0x38,0xff,0x78,0xff,0x2a,0xb4,0x07,0x7b,0x85,0x11,0x37,0xc6,0xd9,0xde,0xd9,0xde,
    0xf8,0xde,0xf9,0xde,0x19,0xe7,0xf9,0xde,0x19,0xdf,0xf9,0xde,0x19,0xdf,0x19,0xdf,0x19,0xdf,0x19,0xdf,0x19,0xdf,0x19,0xdf,0x19,0xdf,0x19,0xdf,0x19,0xdf,0x19,0xdf,
    0x19,0xdf,0x19,0xe7,0x19,0xe7,0x19,0xe7,0x19,0xe7,0x19,0xe7,0x19,0xe7,0x18,0xe7,0x18,0xef,0x17,0xef,0x37,0xef,0x36,0xf7,0x36,0xf7,0x36,0xff,0x36,0xf7,0x36,0xff,
    0x36,0xff,0x36,0xff,0x36,0xff,0x36,0xff,0x36,0xff,0x56,0xf7,0x56,0xff,0x36,0xf7,0xf5,0xee,0x15,0xf7,0x95,0xce,0xc7,0x3a,0xa6,0x32,0xc6,0x3a,0xa6,0x3a,0xa7,0x3a,
    0xe6,0x21,0x66,0x32,0xe7,0x42,0x07,0x43,0x2e,0x9d,0x35,0xf7,0x56,0xff,0x35,0xf7,0x47,0x53,0x47,0x53,0x26,0x2a,0xe5,0x21,0xd5,0xee,0x14,0xf7,0x15,0xff,0x74,0xd6,
    0xe6,0x3a,0xe8,0x3a,0xe8,0x42,0xc6,0x42,0x86,0x3a,0xe8,0x63,0xc8,0x63,0xc8,0x63,0xe8,0x63,0x09,0x64,0xe8,0x6b,0xc8,0x63,0xe8,0x63,0x6f,0xad,0x56,0xff,0x36,0xff,
    0x36,0xff,0x36,0xf7,0x36,0xff,0x36,0xff,0x36,0xff,0x37,0xf7,0x37,0xf7,0x36,0xf7,0xe6,0x21,0x45,0x11,0x25,0x5a,0x86,0x6a,0xc7,0x7a,0xe7,0x8a,0x67,0x9b,0x85,0x19,
    0x65,0x19,0x86,0x19,0xa6,0x19,0xa6,0x21,0xa6,0x21,0xa6,0x21,0xc6,0x21,0xc6,0x21,0xc6,0x21,0xc6,0x21,0xa6,0x21,0xa6,0x21,0xc6,0x21,0xc6,0x21,0xa6,0x19,0xa6,0x19,
    0x62,0x38,0x82,0x38,0x81,0x38,0x82,0x38,0x82,0x38,0x82,0x38,0x81,0x38,0x81,0x38,0x82,0x38,0x82,0x38,0x82,0x38,0x82,0x38,0xa2,0x38,0x82,0x30,0xc6,0x21,0xc6,0x21,
    0xc6,0x21,0xc6,0x21,0xe6,0x21,0xa6,0x21,0x03,0x21,0x81,0x38,0x69,0xe4,0x48,0xdc,0xa8,0xec,0x24,0x7a,0x82,0x30,0x28,0x2a,0x48,0x2a,0xa6,0x19,0x86,0x19,0x85,0x19,
    0xa6,0x21,0xc6,0x21,0xc6,0x21,0xe6,0x21,0xc6,0x21,0xc6,0x21,0xc6,0x21,0xc6,0x21,0xa5,0x19,0xa5,0x21,0xc7,0x21,0x28,0x22,0xe7,0x21,0xe7,0x21,0xe7,0x21,0x07,0x22,
    0x07,0x22,0x07,0x22,0x07,0x22,0xc6,0x21,0xc6,0x19,0xc6,0x21,0xc6,0x21,0xc6,0x21,0xc6,0x21,0xc6,0x21,0xc6,0x21,0xa6,0x19,0xa6,0x19,0xe6,0x21,0xe5,0x21,0x07,0x8b,
    0xe7,0x82,0x07,0x83,0xa6,0x72,0x86,0x72,0x45,0x11,0xa9,0x4a,0x37,0xf7,0x17,0xef,0x37,0xf7,0x17,0xef,0x17,0xef,0x17,0xef,0x17,0xef,0x17,0xef,0x17,0xef,0x17,0xef,
    0x17,0xef,0x17,0xef,0x17,0xef,0x17,0xef,0x18,0xef,0x17,0xef,0x17,0xef,0xee,0x73,0x45,0x09,0x2b,0x9c,0xae,0xdd,0xb3,0xf6,0xb4,0xf6,0xb4,0xf6,0xb4,0xf6,0xb5,0xee,
    0xd5,0xf6,0xb5,0xee,0xb5,0xee,0xb5,0xee,0xb5,0xee,0x95,0xee,0xb5,0xee,0xb5,0xee,0xb5,0xee,0xb5,0xee,0xb5,0xee,0xb5,0xee,0xb5,0xee,0xb5,0xee,0xb1,0xd5,0xb1,0xd5,
    0x6b,0xc4,0x07,0x7b,0x44,0x11,0x66,0x19,0x86,0x21,0x65,0x19,0xc7,0x21,0xd9,0xce,0xf8,0xde,0xf9,0xde,0xf8,0xde,0x19,0xdf,0x19,0xdf,0x19,0xdf,0x19,0xdf,0x19,0xdf,
    0x19,0xdf,0x19,0xdf,0x19,0xdf,0x19,0xdf,0x19,0xdf,0x19,0xdf,0x19,0xdf,0x19,0xe7,0x19,0xe7,0x19,0xe7,0x19,0xe7,0x19,0xe7,0x19,0xe7,0x18,0xe7,0x18,0xef,0x17,0xef,
    0x37,0xef,0x36,0xf7,0x36,0xf7,0x36,0xf7,0x16,0xf7,0xaf,0xb5,0x2e,0xa5,0x4e,0xa5,0x4e,0xa5,0x0e,0x9d,0xcd,0x94,0xad,0x8c,0x8c,0x8c,0x8e,0x8c,0x6d,0x84,0x97,0xff,
    0x73,0xd6,0x2c,0x84,0x0b,0x74,0x87,0x3a,0xc7,0x3a,0xc7,0x42,0x86,0x3a,0x46,0x32,0x26,0x2a,0xe7,0x42,0xed,0x9c,0x55,0xff,0x36,0xff,0x35,0xff,0x86,0x3a,0xc7,0x42,
    0xee,0x94,0x8d,0x8c,0x36,0xff,0x77,0xff,0xce,0x94,0x4c,0x7c,0x28,0x4b,0xc6,0x42,0xc6,0x3a,0xe7,0x42,0xc7,0x42,0x47,0x4b,0x87,0x53,0xe8,0x63,0xe8,0x63,0xe8,0x63,
    0xe9,0x63,0xc8,0x63,0xe8,0x63,0x4f,0xa5,0x56,0xff,0x36,0xf7,0x36,0xf7,0x36,0xff,0x36,0xff,0x36,0xff,0x36,0xf7,0x37,0xf7,0x37,0xf7,0x37,0xf7,0xe6,0x21,0x65,0x11,
    0x25,0x62,0x66,0x72,0xc7,0x7a,0xe7,0x82,0x87,0x9b,0xa5,0x21,0x85,0x19,0x85,0x19,0xa6,0x19,0xa6,0x19,0xc6,0x19,0xc6,0x19,0xc6,0x21,0xc6,0x21,0xc6,0x21,0xa6,0x21,
    0xc6,0x21,0xc6,0x21,0xa6,0x21,0xc6,0x21,0xc6,0x21,0xc6,0x21,0x82,0x38,0x81,0x38,0x81,0x38,0x61,0x38,0x81,0x38,0x61,0x38,0x61,0x38,0x61,0x38,0x61,0x38,0x61,0x38,
    0x61,0x30,0x81,0x38,0x81,0x38,0xa1,0x30,0xc6,0x21,0xc6,0x21,0xc6,0x19,0xc5,0x21,0xa6,0x21,0xc6,0x21,0x04,0x29,0x82,0x38,0x49,0xe4,0x26,0xe4,0x87,0xec,0x25,0x82,
    0x61,0x38,0x07,0x22,0x27,0x22,0xa6,0x19,0xa6,0x21,0xc6,0x21,0xc6,0x21,0xe6,0x21,0xc6,0x21,0xe6,0x21,0xe6,0x21,0xc6,0x21,0xc6,0x21,0xc6,0x21,0xa6,0x19,0xa5,0x19,
    0xc6,0x19,0xe7,0x21,0x08,0x2a,0xe7,0x21,0xc6,0x21,0xc6,0x21,0xc6,0x21,0xc6,0x21,0xc6,0x21,0xc6,0x21,0xc6,0x21,0xc5,0x21,0xc5,0x21,0xc6,0x21,0xc6,0x19,0xa5,0x19,
    0x86,0x19,0xc6,0x19,0xa5,0x19,0xc6,0x19,0xa5,0x19,0x07,0x8b,0x07,0x8b,0x07,0x83,0x85,0x6a,0x66,0x72,0x65,0x11,0xc9,0x4a,0x37,0xf7,0x37,0xf7,0x37,0xf7,0x17,0xef,
    0x17,0xef,0x17,0xef,0x17,0xef,0x17,0xef,0x17,0xef,0x17,0xef,0x17,0xef,0x17,0xef,0x17,0xef,0x17,0xef,0x18,0xef,0x17,0xef,0x18,0xef,0x0d,0x74,0x65,0x19,0xca,0x93,
    0x8e,0xe5,0xd3,0xf6,0xd4,0xf6,0xb5,0xf6,0xd5,0xf6,0xb5,0xee,0xb5,0xee,0xd5,0xee,0xb5,0xee,0xb5,0xee,0xb5,0xee,0x95,0xee,0x95,0xe6,0x95,0xe6,0xb5,0xe6,0x95,0xee,
    0x95,0xee,0xb5,0xee,0xb5,0xee,0xb5,0xee,0xb1,0xd5,0xb0,0xd5,0x8c,0xc4,0x28,0x7b,0xc7,0x19,0xef,0xa4,0x0f,0xad,0xb1,0xb5,0xd2,0xc5,0xa5,0x21,0xe7,0x29,0x53,0x9d,
    0x19,0xdf,0xd8,0xde,0x19,0xdf,0x19,0xdf,0x19,0xdf,0x19,0xdf,0x19,0xdf,0x19,0xdf,0x19,0xdf,0x19,0xdf,0x19,0xdf,0x19,0xdf,0x19,0xdf,0x19,0xe7,0x19,0xe7,0x19,0xe7,
    0x19,0xe7,0x19,0xe7,0x19,0xe7,0x18,0xe7,0x18,0xef,0x17,0xef,0x37,0xf7,0x57,0xf7,0x37,0xff,0x16,0xff,0xf5,0xf6,0x09,0x7c,0x09,0x6c,0xc8,0x63,0xc8,0x63,0x89,0x5b,
    0xe8,0x42,0xe7,0x42,0xe7,0x42,0xa6,0x42,0xa6,0x3a,0x36,0xf7,0x35,0xf7,0x35,0xf7,0x57,0xef,0xe7,0x42,0xe7,0x42,0xc7,0x42,0xc7,0x42,0xe5,0x29,0xc5,0x21,0x07,0x43,
    0xed,0x9c,0x15,0xf7,0x36,0xff,0x35,0xff,0xa4,0x21,0x05,0x22,0x78,0xf7,0x77,0xff,0x55,0xff,0x56,0xf7,0xe9,0x42,0xe7,0x42,0xe7,0x42,0xc6,0x3a,0xc6,0x3a,0xa6,0x3a,
    0xc7,0x3a,0xe7,0x3a,0x06,0x43,0x07,0x6c,0xe7,0x63,0xc8,0x63,0xe8,0x63,0xc8,0x63,0xe9,0x63,0x2e,0x9d,0x16,0xff,0x57,0xff,0x36,0xff,0x36,0xff,0x36,0xff,0x36,0xff,
    0x36,0xff,0x36,0xff,0x37,0xff,0x36,0xf7,0xe6,0x21,0x65,0x11,0x46,0x6a,0x46,0x6a,0xe7,0x7a,0x07,0x83,0xc8,0xa3,0x85,0x19,0xa6,0x21,0xa6,0x19,0xa6,0x19,0xc6,0x19,
    0xc6,0x21,0xc6,0x19,0xc6,0x19,0xc6,0x21,0xc6,0x21,0x82,0x38,0x82,0x38,0x81,0x38,0x81,0x38,0x82,0x38,0x62,0x38,0x62,0x38,0x64,0xcb,0x44,0xcb,0x67,0xec,0x47,0xe4,
    0x47,0xe4,0xc5,0xdb,0x24,0xcb,0x44,0xcb,0x44,0xcb,0x45,0xcb,0x68,0xec,0x67,0xe4,0x67,0xe4,0x88,0xe4,0x82,0x38,0x61,0x38,0x62,0x38,0x81,0x38,0x61,0x38,0xc6,0x21,
    0x04,0x29,0x62,0x38,0xd0,0xf4,0xaf,0xf4,0xe8,0xba,0xe7,0xdb,0x47,0xe4,0x81,0x38,0x62,0x40,0xc6,0x21,0xc6,0x21,0xe6,0x21,0xe6,0x21,0xe6,0x21,0xe6,0x21,0xe6,0x21,
    0xe6,0x21,0xc6,0x21,0xc6,0x21,0xc5,0x21,0xc5,0x19,0xc6,0x19,0xa6,0x19,0xa6,0x19,0xe7,0x21,0x08,0x1a,0xc6,0x19,0xc6,0x19,0xa6,0x19,0xc6,0x19,0xc6,0x19,0xe6,0x19,
    0xc6,0x19,0xc6,0x19,0xc6,0x19,0xc6,0x19,0xa6,0x19,0xa6,0x19,0xa6,0x11,0xa6,0x19,0xa6,0x11,0x85,0x19,0x65,0x11,0x27,0x8b,0x07,0x8b,0xe7,0x82,0x86,0x6a,0x45,0x6a,
    0x65,0x11,0xc9,0x4a,0x37,0xf7,0x37,0xef,0x37,0xef,0x37,0xef,0x37,0xf7,0x37,0xf7,0x17,0xef,0x37,0xf7,0x37,0xf7,0x37,0xf7,0x37,0xf7,0x17,0xef,0x17,0xef,0x37,0xef,
    0x17,0xef,0x18,0xef,0x37,0xef,0x0e,0x74,0x65,0x11,0x0b,0x9c,0xaf,0xe5,0xd4,0xfe,0xb4,0xf6,0xd4,0xee,0xb4,0xee,0xb5,0xee,0xb5,0xe6,0xb5,0xe6,0x94,0xe6,0xb5,0xee,
    0xb6,0xee,0xb5,0xee,0x95,0xe6,0x75,0xe6,0x95,0xe6,0xb5,0xee,0x95,0xee,0x95,0xee,0xb5,0xee,0x95,0xe6,0xb1,0xd5,0xb0,0xd5,0x4b,0xbc,0x08,0x73,0x45,0x11,0xd1,0xd5,
    0xd0,0xdd,0xb6,0xee,0xb6,0xee,0x44,0x11,0x44,0x11,0xd1,0x94,0xf8,0xe6,0x19,0xe7,0x19,0xdf,0x19,0xdf,0x19,0xdf,0x19,0xdf,0x19,0xdf,0x19,0xdf,0x19,0xdf,0x19,0xdf,
    0x19,0xdf,0x19,0xe7,0x19,0xe7,0x19,0xe7,0x19,0xe7,0x19,0xe7,0x19,0xe7,0x19,0xe7,0x19,0xe7,0x18,0xe7,0x18,0xef,0x17,0xef,0x37,0xf7,0x56,0xff,0x57,0xff,0xe8,0x73,
    0x66,0x5b,0x86,0x53,0xe8,0x63,0xe8,0x63,0xe8,0x63,0xc8,0x63,0xa9,0x63,0x07,0x43,0xe7,0x42,0xc7,0x3a,0x08,0x4b,0x85,0x3a,0x65,0x3a,0x65,0x3a,0x57,0xe7,0xb9,0xff,
    0x77,0xf7,0x77,0xf7,0x57,0xf7,0x8a,0x6b,0x06,0x22,0x4f,0xa5,0x77,0xff,0x76,0xff,0x6e,0xad,0x87,0x63,0xc7,0x42,0x66,0x2a,0xb8,0xff,0x56,0xf7,0xc7,0x42,0x65,0x3a,
    0xe8,0x42,0x66,0x3a,0xc5,0x21,0xc4,0x21,0xc5,0x21,0xc5,0x21,0xa4,0x19,0xa5,0x21,0xa4,0x19,0xa4,0x19,0x46,0x2a,0xa5,0x3a,0x08,0x6c,0xe8,0x63,0x08,0x6c,0x09,0x6c,
    0xa7,0x5b,0x36,0xef,0x36,0xff,0x36,0xff,0x36,0xff,0x36,0xff,0x36,0xff,0x36,0xff,0x36,0xff,0x36,0xf7,0xe6,0x21,0x65,0x11,0x66,0x6a,0x66,0x72,0xc7,0x7a,0xe6,0x82,
    0xc8,0xa3,0x84,0x21,0x86,0x19,0x85,0x19,0xc6,0x21,0xc6,0x21,0xc6,0x21,0xc6,0x21,0x85,0x29,0x65,0x29,0x65,0x29,0x22,0x61,0x00,0x61,0x20,0x61,0x20,0x61,0xe0,0x58,
    0xe0,0x58,0x00,0x61,0x24,0xcb,0x44,0xcb,0x67,0xec,0x67,0xe4,0x87,0xec,0xa5,0xd3,0x64,0xcb,0x64,0xcb,0x64,0xd3,0xa5,0xd3,0x67,0xec,0x67,0xec,0x47,0xe4,0x28,0xe4,
    0xe0,0x58,0xe0,0x58,0xe0,0x58,0xe0,0x58,0x01,0x59,0x45,0x29,0x02,0x39,0xe0,0x50,0xd1,0xf4,0xb0,0xf4,0x09,0xbb,0xc9,0xd3,0xe8,0xdb,0x21,0x59,0x00,0x59,0x65,0x29,
    0x85,0x31,0x85,0x31,0x85,0x31,0x65,0x31,0x85,0x31,0x85,0x31,0x85,0x31,0x85,0x31,0x65,0x29,0xa5,0x21,0xa5,0x21,0xa5,0x21,0xc6,0x21,0xe6,0x21,0xc6,0x21,0xc7,0x21,
    0xc6,0x21,0xa5,0x21,0xa5,0x21,0xc6,0x21,0xc6,0x21,0xc6,0x21,0xc6,0x21,0xc6,0x21,0xc5,0x21,0xa5,0x21,0x85,0x19,0xa5,0x19,0xa5,0x19,0x85,0x19,0x85,0x19,0x85,0x11,
    0xa5,0x19,0xc6,0x7a,0x07,0x83,0xe7,0x82,0x86,0x6a,0x25,0x6a,0x65,0x11,0xe9,0x4a,0x37,0xf7,0x37,0xf7,0x37,0xef,0x37,0xf7,0x37,0xf7,0x37,0xf7,0x37,0xf7,0x17,0xef,
    0x37,0xf7,0x37,0xf7,0x37,0xf7,0x17,0xef,0x17,0xef,0x37,0xef,0x17,0xef,0x17,0xef,0x38,0xef,0x0e,0x74,0x65,0x11,0x0a,0x94,0x8e,0xe5,0xd4,0xfe,0xd4,0xf6,0xd4,0xee,
    0xb4,0xee,0xb5,0xee,0xd5,0xee,0xd6,0xee,0xb5,0xee,0xb5,0xee,0xb6,0xee,0xb5,0xee,0xb6,0xee,0xd6,0xe6,0xe9,0x63,0xc8,0x63,0x67,0x53,0x95,0xe6,0x75,0xe6,0x95,0xe6,
    0xb0,0xd5,0xd1,0xd5,0x4b,0xbc,0xe7,0x72,0x65,0x11,0x64,0x11,0x03,0x11,0x8e,0xac,0x4f,0xcd,0x59,0xff,0x79,0xf7,0x65,0x11,0x24,0x11,0xf9,0xde,0x19,0xdf,0x19,0xdf,
    0x19,0xdf,0x19,0xdf,0x19,0xdf,0x19,0xdf,0x19,0xdf,0x19,0xdf,0x19,0xdf,0x19,0xe7,0x19,0xe7,0x19,0xe7,0x19,0xe7,0x19,0xe7,0x19,0xe7,0x19,0xe7,0x19,0xe7,0x18,0xe7,
    0x18,0xef,0x37,0xef,0x17,0xf7,0x36,0xf7,0x37,0xff,0xa8,0x6b,0xe8,0x63,0xc8,0x63,0xc8,0x63,0xc8,0x63,0x09,0x64,0xe8,0x63,0xe8,0x63,0x07,0x4b,0xc7,0x3a,0xc7,0x42,
    0xc7,0x42,0xe7,0x42,0xc7,0x42,0xe7,0x42,0x16,0xdf,0x77,0xff,0x36,0xff,0x56,0xff,0x56,0xff,0xab,0x73,0x26,0x2a,0x8f,0xad,0x13,0xf7,0x14,0xf7,0x6e,0xad,0x09,0x6c,
    0xe7,0x42,0x65,0x2a,0x98,0xff,0x36,0xff,0xa7,0x3a,0xe7,0x3a,0xc6,0x3a,0x66,0x32,0xc6,0x21,0xc5,0x21,0xc5,0x19,0xc5,0x21,0xc5,0x19,0xa5,0x19,0xc5,0x19,0xc5,0x21,
    0x87,0x32,0xc7,0x3a,0x09,0x6c,0xe8,0x63,0xe8,0x63,0x08,0x64,0xe8,0x63,0x36,0xf7,0x36,0xff,0x36,0xff,0x36,0xff,0x36,0xff,0x36,0xff,0x36,0xff,0x57,0xff,0x36,0xf7,
    0xe6,0x21,0x65,0x11,0x66,0x6a,0x66,0x72,0xc7,0x7a,0xc7,0x82,0x27,0x93,0xa8,0xa3,0xc8,0xab,0x88,0x9b,0x88,0x9b,0x88,0x9b,0x88,0x9b,0x89,0x9b,0x82,0x38,0x82,0x30,
    0x82,0x30,0xc7,0xd3,0xa5,0xd3,0x46,0xe4,0x67,0xec,0x44,0xcb,0x44,0xcb,0x44,0xcb,0x44,0xcb,0x44,0xcb,0x67,0xec,0x46,0xe4,0x67,0xec,0x64,0xcb,0x64,0xcb,0x44,0xd3,
    0xa5,0xd3,0x67,0xec,0x67,0xec,0x67,0xec,0x64,0xcb,0x64,0xcb,0x64,0xcb,0x44,0xcb,0x44,0xcb,0x44,0xcb,0x44,0xcb,0x61,0x30,0x44,0x82,0x67,0xec,0xaf,0xf4,0x8f,0xf4,
    0x8f,0xf4,0xac,0xd3,0xe9,0xba,0x88,0xec,0x47,0xe4,0x61,0x30,0x81,0x38,0x81,0x38,0x81,0x38,0x81,0x38,0x81,0x38,0x61,0x38,0x81,0x38,0x61,0x38,0x81,0x38,0xa8,0x9b,
    0x88,0x9b,0x88,0x9b,0x88,0x9b,0x88,0x9b,0xa9,0xa3,0xa8,0xa3,0xa8,0xa3,0xa8,0xa3,0xa8,0xa3,0xa8,0xa3,0xa8,0xa3,0x88,0xa3,0xa8,0xa3,0xa8,0xa3,0xa8,0xa3,0xa8,0xa3,
    0xa8,0xa3,0x88,0x9b,0x88,0x9b,0x88,0xa3,0x88,0x9b,0xa8,0xa3,0xa8,0xa3,0x87,0xa3,0x27,0x93,0x07,0x83,0x65,0x6a,0x45,0x6a,0x45,0x11,0xc8,0x4a,0x57,0xf7,0x37,0xf7,
    0x37,0xef,0x37,0xef,0x37,0xf7,0x37,0xef,0x37,0xf7,0x37,0xf7,0x37,0xf7,0x37,0xf7,0x37,0xf7,0x37,0xf7,0x37,0xf7,0x17,0xef,0x17,0xef,0x17,0xef,0x17,0xef,0xed,0x73,
    0x65,0x19,0x0a,0x94,0x8e,0xe5,0xf4,0xfe,0xd4,0xf6,0xb4,0xf6,0xd5,0xee,0xe8,0x63,0xe9,0x63,0xe9,0x63,0xd6,0xee,0x95,0xee,0x95,0xee,0x95,0xee,0xd6,0xf6,0xee,0x94,
    0xc8,0x5b,0xe8,0x63,0xa8,0x5b,0x95,0xee,0x95,0xe6,0x95,0xe6,0x90,0xd5,0xd1,0xdd,0x4b,0xbc,0x08,0x7b,0x86,0x11,0x04,0x09,0x45,0x11,0xce,0xb4,0x0e,0xcd,0x95,0xe6,
    0xd7,0xf6,0x45,0x11,0x04,0x09,0xf9,0xde,0x19,0xdf,0x19,0xdf,0x19,0xdf,0x19,0xdf,0x19,0xdf,0x19,0xdf,0xf9,0xde,0x19,0xdf,0x19,0xdf,0x19,0xdf,0x19,0xdf,0x19,0xe7,
    0x19,0xe7,0x19,0xe7,0x19,0xe7,0x19,0xe7,0x19,0xe7,0x18,0xe7,0x38,0xef,0x37,0xef,0x37,0xf7,0x0d,0x9d,0xa7,0x5b,0xc8,0x63,0xe8,0x63,0xe8,0x63,0xc8,0x63,0xc8,0x63,
    0xe8,0x63,0x88,0x53,0xc7,0x42,0xa7,0x3a,0xc7,0x42,0xe7,0x42,0xc7,0x42,0xc7,0x42,0xc7,0x42,0xc7,0x3a,0x85,0x3a,0x28,0x4b,0x77,0xf7,0x35,0xf7,0x56,0xff,0x0c,0x7c,
    0x46,0x2a,0xe6,0x42,0x07,0x53,0x36,0xf7,0x11,0xc6,0xc9,0x5b,0xe6,0x52,0x77,0xff,0x35,0xff,0x55,0xff,0x86,0x3a,0xc8,0x3a,0xa5,0x19,0xa5,0x19,0x06,0x2a,0xa6,0x3a,
    0xe7,0x42,0xc7,0x42,0x07,0x43,0x07,0x4b,0x28,0x4b,0x28,0x4b,0x08,0x4b,0xe7,0x42,0xe5,0x21,0x04,0x2a,0xc8,0x63,0xe8,0x63,0x29,0x6c,0x57,0xf7,0x36,0xff,0x36,0xff,
    0x36,0xff,0x36,0xff,0x36,0xff,0x36,0xff,0x36,0xff,0x36,0xf7,0xe6,0x21,0x65,0x19,0x86,0x6a,0x66,0x6a,0xe7,0x82,0x07,0x83,0x48,0x8b,0x48,0x93,0x27,0x8b,0x27,0x8b,
    0x47,0x93,0x27,0x93,0x60,0x30,0x61,0x38,0xa6,0xd3,0xc6,0xdb,0x88,0xf4,0x46,0xec,0x67,0xec,0x47,0xe4,0x47,0xe4,0x44,0xcb,0x44,0xcb,0x44,0xcb,0x67,0xec,0x88,0xec,
    0x67,0xec,0x06,0xdc,0x44,0xcb,0x64,0xcb,0x44,0xcb,0x67,0xec,0x67,0xec,0x67,0xec,0x67,0xec,0x67,0xe4,0x64,0xcb,0x64,0xcb,0x64,0xcb,0x64,0xcb,0x44,0xcb,0x67,0xec,
    0x67,0xec,0x81,0x38,0x44,0x82,0x68,0xec,0xaf,0xf4,0x8f,0xf4,0x8f,0xf4,0xb0,0xf4,0xaf,0xf4,0xc7,0xb2,0xe7,0xb2,0xa9,0xec,0xc9,0xf4,0xe7,0xd3,0xa6,0xd3,0x85,0xd3,
    0x85,0xd3,0x85,0xd3,0xc9,0xec,0x07,0xdc,0xe6,0xdb,0x40,0x38,0x61,0x30,0x61,0x38,0x81,0x30,0x81,0x38,0x48,0x93,0x48,0x93,0x47,0x93,0x27,0x93,0x27,0x93,0x47,0x93,
    0x27,0x93,0x47,0x93,0x47,0x93,0x47,0x93,0x47,0x93,0x48,0x93,0x48,0x93,0x47,0x93,0x47,0x93,0x47,0x93,0x47,0x93,0x27,0x8b,0x27,0x8b,0x27,0x8b,0x07,0x83,0x07,0x83,
    0x45,0x6a,0x45,0x6a,0x45,0x11,0xc8,0x4a,0x57,0xf7,0x37,0xf7,0x37,0xf7,0x37,0xf7,0x37,0xef,0x37,0xf7,0x37,0xf7,0x37,0xf7,0x37,0xf7,0x37,0xf7,0x37,0xf7,0x37,0xf7,
    0x17,0xef,0x17,0xef,0x17,0xef,0x17,0xef,0x37,0xef,0xed,0x73,0x45,0x11,0x0a,0x94,0x8e,0xe5,0xd4,0xfe,0xd4,0xf6,0xd5,0xf6,0xd5,0xee,0x09,0x64,0x09,0x64,0x29,0x64,
    0x29,0x64,0xf1,0xbd,0x96,0xee,0x95,0xee,0x88,0x5b,0xc8,0x63,0xe9,0x5b,0x09,0x64,0xa8,0x5b,0x95,0xee,0x95,0xe6,0x95,0xee,0x91,0xd5,0xd1,0xdd,0x4b,0xbc,0x29,0x7b,
    0x66,0x11,0x98,0xce,0xf9,0xde,0x08,0x7b,0xe7,0x82,0xd6,0xee,0xd6,0xf6,0x45,0x11,0x04,0x09,0xf9,0xde,0x19,0xdf,0x19,0xdf,0x19,0xdf,0x19,0xdf,0x19,0xdf,0x19,0xdf,
    0x19,0xdf,0x19,0xdf,0x19,0xdf,0x19,0xdf,0x19,0xdf,0x19,0xe7,0x19,0xe7,0x19,0xe7,0x19,0xe7,0x19,0xe7,0x19,0xe7,0x18,0xef,0x38,0xef,0x37,0xef,0x37,0xf7,0x0e,0x9d,
    0xa8,0x63,0xc8,0x63,0xc8,0x63,0xe8,0x63,0xe8,0x63,0xe8,0x63,0xc9,0x63,0x28,0x4b,0xa7,0x3a,0xe7,0x42,0xe8,0x42,0xc7,0x42,0xa7,0x3a,0xc8,0x42,0xa7,0x3a,0xe7,0x42,
    0xe6,0x42,0x28,0x4b,0x98,0xf7,0x77,0xef,0x56,0xff,0x6c,0x94,0xe7,0x52,0xc7,0x42,0xc7,0x4a,0x57,0xff,0x12,0xbe,0x07,0x4b,0xa6,0x4a,0x55,0xff,0x57,0xef,0x78,0xef,
    0x87,0x32,0x68,0x3a,0x84,0x19,0xc4,0x21,0x25,0x2a,0x86,0x3a,0xe7,0x42,0x07,0x43,0xe7,0x42,0x07,0x43,0xe7,0x42,0x07,0x4b,0x07,0x4b,0xe7,0x42,0x04,0x22,0x04,0x22,
    0x09,0x6c,0x08,0x64,0xc8,0x5b,0x15,0xe7,0x15,0xef,0x36,0xff,0x36,0xff,0x36,0xff,0x36,0xff,0x36,0xff,0x57,0xff,0x36,0xf7,0xe6,0x29,0x65,0x19,0x66,0x6a,0x46,0x6a,
    0xe7,0x82,0xe7,0x82,0xc6,0x7a,0xc7,0x7a,0xc7,0x7a,0xe7,0x7a,0x08,0x83,0xe7,0x8a,0x60,0x30,0x81,0x38,0x64,0xd3,0x85,0xd3,0x67,0xec,0x66,0xec,0x67,0xec,0x67,0xe4,
    0x67,0xec,0x44,0xcb,0x44,0xcb,0x44,0xcb,0x67,0xe4,0x67,0xec,0x67,0xec,0x06,0xe4,0x64,0xcb,0x64,0xcb,0x44,0xcb,0x67,0xec,0x67,0xec,0x67,0xec,0x67,0xe4,0x67,0xe4,
    0x64,0xcb,0x64,0xcb,0x64,0xcb,0x64,0xcb,0x44,0xcb,0x67,0xec,0x46,0xe4,0x81,0x38,0x04,0x7a,0x47,0xe4,0xaf,0xf4,0x8f,0xf4,0x8f,0xf4,0x8f,0xf4,0x8f,0xf4,0xe8,0xb2,
    0x08,0xbb,0x87,0xec,0x88,0xec,0x85,0xd3,0x44,0xcb,0x44,0xcb,0x44,0xcb,0x43,0xcb,0x87,0xec,0xc5,0xdb,0x85,0xd3,0x81,0x38,0x82,0x30,0x82,0x38,0x82,0x38,0x82,0x38,
    0xe7,0x7a,0xe6,0x82,0xe7,0x82,0xe7,0x82,0xe7,0x82,0xe7,0x82,0xe7,0x82,0xe7,0x82,0xe7,0x8a,0x07,0x8b,0x07,0x8b,0xe7,0x82,0xe7,0x82,0xe7,0x82,0xc6,0x82,0xc6,0x82,
    0xc7,0x7a,0xe7,0x82,0xe7,0x82,0xe7,0x82,0xc6,0x7a,0xc7,0x82,0x65,0x6a,0x66,0x6a,0x65,0x11,0xc8,0x4a,0x37,0xf7,0x37,0xef,0x57,0xf7,0x37,0xf7,0x57,0xf7,0x37,0xf7,
    0x37,0xf7,0x37,0xf7,0x37,0xf7,0x37,0xf7,0x37,0xf7,0x37,0xf7,0x37,0xf7,0x17,0xef,0x17,0xef,0x17,0xef,0x17,0xef,0x0e,0x7c,0x65,0x11,0x0a,0x94,0x6d,0xdd,0xd4,0xf6,
    0xd4,0xf6,0xb5,0xf6,0xd5,0xf6,0xe8,0x5b,0x09,0x64,0x47,0x4b,0xc8,0x5b,0x67,0x53,0x55,0xde,0x53,0xde,0x2a,0x6c,0x0a,0x64,0x27,0x4b,0xc9,0x63,0x87,0x5b,0xb6,0xee,
    0x95,0xe6,0x95,0xe6,0xb1,0xd5,0xd1,0xdd,0x4b,0xbc,0x28,0x7b,0x65,0x11,0xd8,0xd6,0xd9,0xde,0xe8,0x82,0xe7,0x82,0xd6,0xee,0xf7,0xf6,0x45,0x11,0x04,0x09,0xf9,0xde,
    0x19,0xdf,0x19,0xdf,0x19,0xdf,0x19,0xdf,0x19,0xdf,0xf9,0xde,0x19,0xdf,0x19,0xdf,0x19,0xdf,0x19,0xdf,0x19,0xdf,0x19,0xe7,0x19,0xe7,0x19,0xe7,0x19,0xe7,0x19,0xe7,
    0x19,0xe7,0x18,0xe7,0x38,0xef,0x37,0xef,0x37,0xf7,0x2e,0xa5,0xc8,0x63,0xc8,0x63,0xe8,0x63,0xc7,0x63,0xc7,0x63,0xe9,0x63,0x45,0x32,0xe5,0x21,0xa5,0x19,0xa5,0x19,
    0xa5,0x19,0xe6,0x21,0xc5,0x19,0xe6,0x21,0x06,0x2a,0xe7,0x42,0xe7,0x42,0xe7,0x42,0x08,0x4b,0xa6,0x3a,0xf4,0xf6,0x56,0xff,0x78,0xff,0xe5,0x21,0x83,0x21,0x36,0xf7,
    0x4b,0x84,0xc7,0x42,0xc7,0x4a,0x55,0xf7,0x05,0x2a,0x65,0x2a,0xc5,0x19,0xe5,0x21,0xe7,0x42,0xc7,0x42,0xe7,0x42,0xe7,0x42,0xe7,0x42,0x07,0x43,0x07,0x43,0x07,0x43,
    0x27,0x4b,0x88,0x53,0x67,0x53,0x67,0x53,0x47,0x53,0x48,0x4b,0x66,0x32,0x07,0x43,0x08,0x64,0x09,0x6c,0x09,0x74,0x37,0xff,0x36,0xff,0x36,0xff,0x37,0xff,0x37,0xf7,
    0x37,0xf7,0x36,0xf7,0xe6,0x29,0x65,0x11,0x46,0x72,0x46,0x62,0x65,0x62,0x46,0x62,0x66,0x62,0x66,0x62,0x66,0x62,0x46,0x6a,0x26,0x62,0x82,0x38,0x07,0xd4,0xa5,0xd3,
    0x64,0xcb,0x65,0xcb,0x44,0xd3,0x88,0xf4,0x67,0xec,0x67,0xec,0x68,0xec,0x44,0xcb,0x44,0xcb,0x44,0xcb,0x87,0xec,0x67,0xec,0xc6,0xdb,0xa5,0xd3,0x44,0xcb,0x64,0xd3,
    0x44,0xcb,0x67,0xec,0x67,0xec,0x67,0xe4,0x64,0xcb,0x64,0xcb,0x44,0xd3,0x44,0xd3,0x64,0xd3,0x47,0xec,0x46,0xe4,0x24,0xc3,0x24,0xc3,0x81,0x30,0xe3,0x71,0x47,0xe4,
    0xaf,0xf4,0x8f,0xf4,0x90,0xf4,0xac,0xd3,0xe8,0xba,0x87,0xec,0x67,0xec,0x87,0xec,0x87,0xec,0x67,0xec,0x67,0xec,0x67,0xec,0x44,0xcb,0x44,0xcb,0x87,0xec,0x87,0xec,
    0x67,0xec,0x24,0xcb,0x44,0xcb,0x44,0xcb,0x27,0xe4,0x67,0xec,0x82,0x38,0x81,0x30,0x82,0x38,0x82,0x38,0x62,0x38,0x82,0x38,0x82,0x38,0x82,0x38,0x82,0x38,0x82,0x38,
    0x62,0x30,0x62,0x38,0x61,0x30,0x60,0x30,0x86,0x72,0x86,0x6a,0x66,0x6a,0x66,0x6a,0x66,0x6a,0x65,0x62,0x45,0x6a,0x45,0x62,0x45,0x62,0x45,0x6a,0x86,0x19,0xc8,0x4a,
    0x57,0xf7,0x57,0xf7,0x37,0xef,0xe1,0x08,0x65,0x09,0x85,0x11,0x86,0x19,0x44,0x11,0x38,0xf7,0x37,0xf7,0x17,0xef,0x37,0xf7,0x37,0xf7,0x37,0xf7,0x17,0xef,0x17,0xef,
    0x37,0xef,0x0e,0x7c,0x65,0x11,0x2b,0x9c,0x8d,0xdd,0xd5,0xf6,0xb4,0xf6,0xb5,0xee,0xd6,0xf6,0xe8,0x63,0x09,0x6c,0xc9,0x5b,0xc7,0x42,0xea,0x63,0x33,0xce,0x53,0xd6,
    0x48,0x4b,0xc7,0x42,0xa8,0x5b,0xa8,0x5b,0x67,0x5b,0xb5,0xee,0x75,0xe6,0x95,0xe6,0xb1,0xd5,0xd1,0xdd,0x4b,0xbc,0x08,0x7b,0x65,0x11,0xb8,0xce,0xf9,0xde,0x08,0x83,
    0xe7,0x82,0xf7,0xf6,0xd7,0xf6,0x45,0x11,0x24,0x09,0xd9,0xd6,0xf9,0xde,0x19,0xdf,0x19,0xdf,0x19,0xdf,0xf9,0xde,0x19,0xdf,0x19,0xdf,0x19,0xdf,0x19,0xdf,0x19,0xdf,
    0x19,0xdf,0x19,0xe7,0x19,0xe7,0x19,0xe7,0x19,0xe7,0x19,0xe7,0x19,0xe7,0x18,0xef,0x18,0xef,0x38,0xef,0xb5,0xde,0xcc,0x8c,0xe8,0x63,0xa8,0x5b,0xe8,0x63,0xa8,0x5b,
    0xa9,0x5b,0x05,0x2a,0xe5,0x21,0x05,0x2a,0xa5,0x19,0x24,0x2a,0x27,0x4b,0x68,0x53,0x68,0x53,0xe5,0x21,0x84,0x19,0xa5,0x21,0xa7,0x3a,0xc8,0x42,0xc6,0x42,0x85,0x3a,
    0x35,0xff,0x56,0xff,0x78,0xff,0xc4,0x19,0xa3,0x21,0x36,0xf7,0x6c,0x8c,0x86,0x3a,0x8a,0x63,0x35,0xf7,0x45,0x2a,0x86,0x32,0x06,0x2a,0xc5,0x19,0x07,0x4b,0x07,0x4b,
    0x07,0x43,0x07,0x43,0x07,0x43,0x07,0x4b,0x07,0x43,0x07,0x43,0x07,0x4b,0x27,0x4b,0x68,0x53,0x68,0x53,0x68,0x53,0x27,0x4b,0x46,0x32,0xe6,0x42,0x09,0x64,0x09,0x6c,
    0x09,0x74,0x36,0xff,0x36,0xff,0x36,0xff,0x36,0xff,0x37,0xf7,0x37,0xf7,0x36,0xf7,0xe6,0x21,0x85,0x11,0xa5,0x39,0xc6,0x39,0xc5,0x39,0xc5,0x39,0xc5,0x39,0xe5,0x39,
    0xe6,0x39,0xe5,0x41,0x85,0x41,0x60,0x30,0x28,0xdc,0xa5,0xd3,0x44,0xcb,0x44,0xcb,0x64,0xcb,0x88,0xf4,0x87,0xec,0x67,0xec,0x67,0xec,0x44,0xcb,0x44,0xcb,0x24,0xcb,
    0x87,0xec,0x67,0xec,0xc5,0xdb,0xa5,0xd3,0x64,0xcb,0x44,0xcb,0x44,0xcb,0x67,0xec,0x67,0xec,0x87,0xec,0x64,0xcb,0x64,0xcb,0x64,0xcb,0x44,0xcb,0x44,0xcb,0x47,0xe4,
    0x47,0xe4,0x24,0xc3,0x45,0xc3,0x81,0x30,0xe3,0x71,0x47,0xe4,0xd0,0xf4,0xb0,0xf4,0xaf,0xf4,0xac,0xd3,0xe8,0xba,0x87,0xe4,0x67,0xec,0x67,0xec,0x67,0xec,0x67,0xec,
    0x67,0xec,0x67,0xec,0x44,0xcb,0x43,0xcb,0xa7,0xec,0x87,0xec,0x67,0xec,0x44,0xcb,0x44,0xcb,0x44,0xcb,0x27,0xe4,0x67,0xec,0x61,0x30,0x60,0x38,0x61,0x30,0x61,0x30,
    0x81,0x30,0x81,0x38,0x61,0x30,0x61,0x30,0x61,0x30,0x40,0x30,0x40,0x30,0x40,0x30,0x81,0x38,0x81,0x28,0x05,0x3a,0xe6,0x39,0xc5,0x39,0xc5,0x39,0xc5,0x31,0xa5,0x31,
    0xa5,0x31,0xa5,0x31,0xc5,0x31,0xa4,0x31,0x45,0x11,0xc8,0x4a,0x57,0xff,0x36,0xef,0x37,0xf7,0x29,0x5b,0xe8,0x52,0x47,0x3a,0x65,0x19,0x24,0x09,0x57,0xf7,0x37,0xf7,
    0x38,0xf7,0x37,0xf7,0x37,0xf7,0x37,0xf7,0x37,0xf7,0x17,0xef,0x37,0xef,0x0e,0x7c,0x45,0x11,0x2b,0x94,0x6d,0xdd,0xf5,0xf6,0xb4,0xf6,0xb5,0xee,0xd5,0xee,0x16,0xf7,
    0xa8,0x5b,0x09,0x64,0xc9,0x63,0x08,0x43,0x89,0x5b,0x88,0x63,0xe7,0x42,0xa9,0x5b,0xe8,0x5b,0xa8,0x5b,0x95,0xee,0x75,0xee,0xb5,0xee,0x95,0xe6,0xb1,0xd5,0xd1,0xdd,
    0x4b,0xbc,0x08,0x7b,0x65,0x11,0xd9,0xd6,0xf9,0xe6,0x08,0x83,0xe7,0x82,0xf7,0xf6,0xf6,0xf6,0x45,0x11,0x24,0x09,0xd9,0xd6,0xf9,0xde,0x19,0xdf,0x19,0xdf,0x19,0xdf,
    0xf9,0xde,0x19,0xdf,0x19,0xdf,0x19,0xdf,0x19,0xdf,0x19,0xdf,0x19,0xdf,0x19,0xe7,0x19,0xe7,0x19,0xe7,0x19,0xe7,0x19,0xe7,0x19,0xe7,0x18,0xe7,0x18,0xef,0x37,0xe7,
    0x6b,0x7c,0xc8,0x63,0xe8,0x63,0xc8,0x63,0xe8,0x63,0xc7,0x42,0x87,0x3a,0x06,0x22,0x07,0x4b,0xa8,0x63,0xc8,0x63,0xe9,0x63,0xe8,0x63,0xe8,0x63,0xc8,0x63,0xa8,0x63,
    0xa8,0x63,0xc8,0x63,0xa6,0x3a,0x06,0x22,0xc7,0x42,0x65,0x32,0x14,0xff,0x56,0xff,0x78,0xff,0x84,0x19,0x83,0x21,0x77,0xff,0xad,0x8c,0xa7,0x3a,0x27,0x4b,0xc6,0x42,
    0x63,0x11,0x64,0x19,0x78,0xff,0x98,0xf7,0x98,0xff,0x98,0xf7,0xe7,0x42,0xe7,0x42,0x27,0x4b,0xe7,0x42,0x07,0x4b,0x07,0x43,0x48,0x4b,0xc6,0x42,0x48,0x53,0x67,0x53,
    0x47,0x53,0x68,0x53,0x48,0x53,0xa8,0x5b,0x09,0x6c,0xe9,0x6b,0xe9,0x73,0x37,0xff,0x36,0xff,0x36,0xff,0x36,0xf7,0x36,0xf7,0x36,0xf7,0x77,0xff,0xc6,0x29,0x85,0x19,
    0x86,0x19,0x86,0x19,0x85,0x19,0xa5,0x19,0x86,0x19,0xa6,0x19,0xa6,0x19,0x81,0x38,0x80,0x40,0x67,0xec,0x88,0xec,0x67,0xec,0x67,0xec,0x47,0xec,0x44,0xcb,0x44,0xcb,
    0x64,0xd3,0x66,0xec,0x67,0xec,0x67,0xec,0x64,0xd3,0x24,0xcb,0x87,0xec,0x67,0xec,0xc5,0xdb,0x85,0xd3,0x44,0xcb,0xa8,0xec,0x87,0xec,0x67,0xec,0x06,0xe4,0x44,0xcb,
    0x44,0xcb,0x64,0xcb,0x44,0xd3,0x43,0xcb,0x67,0xec,0x67,0xec,0x66,0xe4,0x24,0xc3,0x24,0xcb,0x61,0x30,0xe3,0x71,0x67,0xe4,0xe8,0xb2,0xe8,0xba,0x67,0xe4,0x87,0xec,
    0x67,0xec,0x67,0xec,0x67,0xec,0x67,0xec,0x67,0xec,0x67,0xec,0x67,0xec,0x67,0xec,0x44,0xcb,0x24,0xcb,0x23,0xcb,0x06,0xe4,0x67,0xec,0x44,0xcb,0x44,0xcb,0x44,0xcb,
    0x27,0xe4,0x67,0xec,0x64,0xcb,0x65,0xd3,0x04,0xc3,0xa5,0xa2,0xe2,0x50,0xa8,0xec,0x67,0xec,0x67,0xec,0x68,0xec,0xc6,0xd3,0x47,0xe4,0x67,0xec,0x81,0x38,0xa2,0x30,
    0x85,0x19,0x85,0x11,0x85,0x19,0x85,0x19,0x85,0x19,0x65,0x11,0x65,0x11,0x65,0x11,0x65,0x19,0x65,0x19,0x66,0x11,0xc9,0x4a,0x98,0xff,0x37,0xf7,0x16,0xef,0x16,0xef,
    0x78,0xf7,0x24,0x11,0xe7,0x21,0xd7,0xde,0x37,0xf7,0x37,0xf7,0x37,0xf7,0x37,0xf7,0x37,0xf7,0x37,0xf7,0x38,0xef,0x37,0xf7,0x37,0xef,0x0e,0x7c,0x45,0x11,0x2c,0x94,
    0x6e,0xd5,0xf5,0xfe,0xd5,0xee,0xb5,0xee,0xb5,0xee,0xd5,0xee,0x90,0xad,0x4a,0x6c,0xc7,0x5b,0x28,0x4b,0xe7,0x42,0xc7,0x42,0xa8,0x5b,0xe9,0x63,0xe8,0x5b,0x70,0xad,
    0x34,0xde,0xb5,0xe6,0xb5,0xe6,0xb6,0xe6,0xb0,0xd5,0xd1,0xdd,0x6b,0xc4,0x07,0x7b,0x45,0x11,0x4c,0x63,0x8d,0x6b,0x69,0x8b,0x88,0x93,0x17,0xff,0x17,0xff,0x65,0x11,
    0x24,0x09,0xd8,0xd6,0xf9,0xde,0x19,0xdf,0x19,0xdf,0x19,0xdf,0x19,0xdf,0x19,0xdf,0x19,0xdf,0x19,0xdf,0x19,0xdf,0x19,0xe7,0x19,0xe7,0x19,0xe7,0x19,0xe7,0x19,0xe7,
    0x19,0xe7,0x19,0xe7,0x19,0xe7,0x18,0xe7,0x18,0xef,0x17,0xe7,0x4a,0x7c,0xc8,0x63,0xc8,0x63,0xc8,0x63,0x08,0x64,0x66,0x32,0x05,0x2a,0xa9,0x5b,0xc9,0x63,0xc8,0x63,
    0xe9,0x63,0xe8,0x63,0xe8,0x63,0xc8,0x63,0xe8,0x63,0xc8,0x63,0x09,0x64,0x89,0x53,0x87,0x3a,0x66,0x32,0x87,0x3a,0x85,0x3a,0x11,0xc6,0x92,0xde,0x76,0xff,0x84,0x19,
    0xa3,0x21,0x73,0xc6,0x0b,0x74,0x86,0x32,0xa6,0x3a,0xc7,0x3a,0x05,0x32,0x25,0x3a,0x32,0xc6,0x12,0xc6,0x12,0xc6,0x33,0xc6,0x07,0x4b,0x07,0x4b,0x27,0x43,0xe6,0x42,
    0x07,0x53,0x07,0x4b,0xe6,0x42,0xc5,0x42,0x68,0x53,0x68,0x53,0x68,0x53,0x47,0x53,0x47,0x53,0x88,0x53,0xa8,0x5b,0x09,0x6c,0xe8,0x73,0x36,0xff,0x36,0xff,0x36,0xff,
    0x36,0xf7,0x36,0xf7,0x36,0xf7,0x36,0xf7,0x98,0xff,0x78,0xff,0x78,0xff,0x78,0xff,0x98,0xff,0x98,0xff,0x98,0xff,0xc4,0x51,0x26,0x62,0x27,0xbb,0x05,0xab,0x68,0xec,
    0x67,0xec,0x67,0xec,0x67,0xec,0x67,0xec,0x06,0xe4,0x44,0xcb,0x64,0xd3,0x67,0xec,0x67,0xec,0x67,0xec,0x26,0xe4,0xe6,0xe3,0x67,0xe4,0x67,0xec,0x26,0xe4,0x06,0xe4,
    0x44,0xcb,0x88,0xec,0x67,0xec,0x67,0xec,0x06,0xe4,0x44,0xcb,0x44,0xcb,0x64,0xcb,0x27,0xe4,0x06,0xe4,0x67,0xec,0xa5,0xd3,0xa5,0xd3,0x01,0x61,0x01,0x61,0x27,0xab,
    0x86,0xbb,0x67,0xe4,0xc8,0xd3,0xe8,0xdb,0x87,0xec,0x67,0xec,0x67,0xec,0x67,0xec,0x67,0xec,0x67,0xec,0x67,0xec,0x67,0xec,0x67,0xec,0x67,0xec,0x06,0xe4,0x06,0xe4,
    0x24,0xcb,0x26,0xe4,0x67,0xec,0x44,0xcb,0x44,0xcb,0x44,0xcb,0x47,0xe4,0x67,0xec,0x44,0xcb,0x44,0xcb,0x27,0xe4,0x07,0xd4,0xa7,0xbb,0x88,0xec,0x67,0xe4,0x27,0xc3,
    0x67,0xc3,0x6d,0xe4,0x49,0xec,0x67,0xe4,0x81,0x38,0x60,0x30,0x57,0xf7,0x78,0xff,0x78,0xff,0x78,0xff,0x78,0xff,0x99,0xff,0x98,0xff,0x98,0xff,0x99,0xff,0x99,0xf7,
    0x99,0xff,0x79,0xf7,0x37,0xf7,0x37,0xf7,0x37,0xf7,0x38,0xef,0x03,0x09,0xa6,0x19,0xba,0xff,0x36,0xf7,0x37,0xef,0x37,0xef,0x37,0xf7,0x37,0xf7,0x37,0xf7,0x37,0xf7,
    0x37,0xef,0x37,0xf7,0x37,0xef,0xed,0x7b,0x45,0x11,0x0b,0x94,0x4f,0xd5,0xd5,0xf6,0xd5,0xee,0xb5,0xee,0xb6,0xee,0x95,0xee,0x95,0xee,0x75,0xd6,0x07,0x43,0xe6,0x42,
    0x28,0x4b,0xc6,0x3a,0x85,0x3a,0x44,0x32,0xf7,0xee,0x94,0xe6,0xb5,0xe6,0x95,0xee,0xb5,0xe6,0xb5,0xe6,0xd1,0xd5,0xd1,0xdd,0x4b,0xbc,0x08,0x73,0x85,0x19,0x03,0x09,
    0xe3,0x08,0x4c,0xa4,0x4b,0xb4,0x13,0xe6,0xb1,0xdd,0x65,0x11,0x24,0x09,0xd8,0xd6,0xf9,0xde,0x19,0xdf,0x19,0xdf,0x19,0xdf,0x19,0xdf,0x19,0xdf,0x19,0xdf,0x19,0xdf,
    0x19,0xdf,0x19,0xe7,0x19,0xe7,0x19,0xe7,0x19,0xe7,0x19,0xe7,0x19,0xe7,0x19,0xe7,0x19,0xe7,0x18,0xef,0x18,0xef,0x17,0xe7,0x4b,0x74,0xc8,0x63,0xe8,0x63,0x27,0x4b,
    0x07,0x43,0x27,0x2a,0x05,0x22,0xa8,0x5b,0xc8,0x63,0xe8,0x63,0xe8,0x63,0xc8,0x63,0xe9,0x63,0xc8,0x63,0xe8,0x63,0xe8,0x5b,0xea,0x63,0x68,0x3a,0xc7,0x42,0xc6,0x42,
    0x65,0x19,0xa5,0x19,0x08,0x4b,0x50,0xa5,0xb8,0xff,0x85,0x19,0xa4,0x21,0x68,0x5b,0xe7,0x42,0x86,0x3a,0xe5,0x21,0xe6,0x21,0x58,0xef,0x15,0xf7,0x28,0x4b,0x08,0x4b,
    0x07,0x4b,0x47,0x4b,0xe8,0x63,0xc8,0x63,0xc9,0x63,0x56,0xf7,0x56,0xff,0x56,0xf7,0x56,0xf7,0x77,0xff,0x4b,0x84,0x68,0x53,0x68,0x53,0x48,0x4b,0x27,0x4b,0x88,0x53,
    0x68,0x53,0x09,0x6c,0xe8,0x73,0x37,0xff,0x36,0xff,0x36,0xff,0x56,0xff,0x56,0xff,0x56,0xff,0x36,0xf7,0x36,0xf7,0x37,0xf7,0x37,0xf7,0x37,0xf7,0x37,0xff,0x57,0xf7,
    0x58,0xf7,0x82,0x30,0x82,0x38,0x64,0xd3,0x65,0xd3,0x67,0xec,0x67,0xec,0x67,0xec,0x67,0xec,0x67,0xec,0x67,0xec,0x44,0xcb,0x64,0xd3,0x67,0xe4,0x67,0xec,0x67,0xec,
    0x67,0xec,0x67,0xec,0x67,0xec,0x47,0xec,0x47,0xec,0x06,0xe4,0x44,0xcb,0x88,0xec,0x67,0xec,0x67,0xec,0x06,0xe4,0x64,0xcb,0x44,0xcb,0x44,0xcb,0x67,0xec,0x67,0xec,
    0x67,0xec,0x44,0xcb,0x65,0xcb,0x61,0x30,0x81,0x30,0x85,0xd3,0xe6,0xdb,0x67,0xec,0x67,0xec,0x67,0xec,0x67,0xec,0x67,0xec,0x67,0xec,0x67,0xec,0x67,0xec,0x67,0xec,
    0x67,0xec,0x67,0xec,0x67,0xec,0x67,0xec,0x67,0xec,0x67,0xec,0x44,0xcb,0x06,0xe4,0x67,0xec,0x44,0xcb,0x44,0xcb,0x44,0xcb,0x47,0xe4,0x67,0xe4,0x44,0xcb,0x44,0xcb,
    0x67,0xec,0x67,0xec,0x67,0xec,0x67,0xec,0x67,0xe4,0xe8,0xba,0xa8,0xb2,0x8f,0xf4,0x49,0xe4,0x67,0xe4,0x82,0x38,0x40,0x30,0x17,0xf7,0x17,0xf7,0x37,0xf7,0x37,0xf7,
    0x37,0xf7,0x37,0xf7,0x38,0xf7,0x38,0xf7,0x39,0xef,0x58,0xf7,0x37,0xef,0x37,0xf7,0x57,0xf7,0x37,0xf7,0x37,0xf7,0x43,0x19,0xa7,0x19,0xad,0x6b,0x0d,0x7c,0xec,0x73,
    0x37,0xf7,0x37,0xef,0x37,0xef,0x37,0xf7,0x37,0xf7,0x37,0xf7,0x37,0xf7,0x37,0xef,0x17,0xef,0x0d,0x7c,0x45,0x11,0x2c,0x9c,0x6e,0xd5,0xd5,0xf6,0xb5,0xee,0x95,0xee,
    0xb6,0xee,0xb6,0xee,0xb5,0xee,0x95,0xee,0x75,0xee,0x74,0xee,0xa6,0x3a,0x85,0x32,0x95,0xe6,0xb5,0xee,0x95,0xe6,0x95,0xe6,0xb5,0xee,0x95,0xe6,0xb5,0xe6,0x95,0xe6,
    0xd1,0xdd,0xf1,0xdd,0x6b,0xc4,0x28,0x73,0x45,0x11,0x0e,0xc5,0xed,0xcc,0x32,0xde,0x54,0xde,0xc5,0x29,0x47,0x3a,0xa6,0x19,0xe3,0x00,0xd8,0xd6,0x19,0xdf,0xf9,0xde,
    0xf9,0xde,0xf9,0xde,0x19,0xdf,0x19,0xdf,0x19,0xdf,0x19,0xe7,0x19,0xe7,0x19,0xe7,0x19,0xe7,0x19,0xe7,0x19,0xe7,0x19,0xe7,0x19,0xe7,0x19,0xe7,0x19,0xe7,0x18,0xef,
    0x18,0xef,0x17,0xe7,0x4a,0x74,0xe8,0x63,0x08,0x64,0xc7,0x42,0x46,0x2a,0x89,0x5b,0xa9,0x63,0xe9,0x63,0xe9,0x63,0xe9,0x63,0xe9,0x63,0xc8,0x63,0xc8,0x63,0x0a,0x74,
    0xa8,0x5b,0x56,0xff,0x57,0xff,0x36,0xf7,0xec,0x7b,0x43,0x11,0x06,0x2a,0x26,0x2a,0xc6,0x3a,0x4f,0xa5,0xb8,0xff,0x85,0x19,0x83,0x19,0x48,0x53,0xe7,0x42,0xe5,0x21,
    0xa7,0x3a,0x08,0x43,0x02,0x11,0x83,0x19,0x06,0x2a,0xc5,0x21,0xc4,0x21,0x24,0x2a,0x09,0x6c,0xe8,0x63,0xe8,0x63,0x87,0x5b,0x45,0x53,0x76,0xff,0x56,0xff,0x77,0xff,
    0x56,0xf7,0x56,0xf7,0x76,0xf7,0x36,0xe7,0x89,0x5b,0x68,0x53,0x48,0x53,0xe8,0x6b,0xc8,0x6b,0x37,0xff,0x56,0xff,0x56,0xf7,0x56,0xf7,0x56,0xf7,0x56,0xf7,0x37,0xf7,
    0x37,0xff,0x37,0xf7,0x37,0xff,0x37,0xff,0x37,0xf7,0x49,0x83,0xa1,0x30,0x84,0xcb,0x45,0xd3,0x65,0xd3,0x44,0xcb,0x44,0xcb,0x88,0xec,0x67,0xec,0x67,0xec,0x67,0xec,
    0x67,0xec,0x44,0xcb,0x64,0xcb,0x64,0xcb,0x44,0xcb,0x67,0xec,0x67,0xec,0x67,0xec,0x67,0xec,0x47,0xec,0x67,0xec,0x06,0xe4,0x24,0xcb,0x88,0xec,0x87,0xec,0x87,0xec,
    0x26,0xe4,0x44,0xcb,0x68,0xec,0x67,0xec,0x67,0xec,0x67,0xec,0x66,0xec,0x60,0x40,0x61,0x30,0x24,0xc3,0x25,0xc3,0x67,0xec,0x67,0xec,0x67,0xec,0x67,0xec,0x67,0xec,
    0x67,0xec,0x67,0xec,0x67,0xec,0x67,0xec,0x67,0xec,0x67,0xec,0x67,0xec,0x67,0xec,0x67,0xec,0x67,0xec,0x67,0xec,0x67,0xec,0x24,0xcb,0x06,0xe4,0x67,0xec,0x44,0xcb,
    0x44,0xcb,0x88,0xec,0x67,0xec,0x43,0xc3,0x44,0xcb,0x44,0xcb,0x67,0xec,0x67,0xec,0x67,0xec,0xc7,0xb2,0xc8,0xb2,0xaf,0xf4,0x6f,0xec,0x6f,0xf4,0x49,0xe4,0x67,0xe4,
    0x82,0x38,0x60,0x30,0x37,0xf7,0x37,0xf7,0x37,0xf7,0x37,0xf7,0x37,0xf7,0x37,0xf7,0x37,0xf7,0x58,0xf7,0x58,0xf7,0xb9,0xff,0x58,0xf7,0x37,0xf7,0x17,0xef,0x57,0xf7,
    0x37,0xef,0xc4,0x29,0x44,0x11,0x64,0x19,0x85,0x19,0x44,0x11,0x37,0xf7,0x17,0xef,0x17,0xef,0x37,0xf7,0x37,0xf7,0x37,0xf7,0x37,0xf7,0x37,0xef,0x17,0xef,0x0d,0x7c,
    0x65,0x19,0x4c,0x9c,0x4e,0xd5,0x94,0xee,0xb5,0xee,0xb5,0xee,0xb5,0xee,0xb5,0xee,0xb5,0xee,0xb5,0xee,0x95,0xee,0x95,0xee,0xc6,0x42,0x44,0x32,0xb5,0xee,0xb5,0xee,
    0x95,0xe6,0xb5,0xe6,0xb5,0xe6,0xb5,0xe6,0xb5,0xe6,0xb6,0xe6,0xb1,0xd5,0xd1,0xdd,0x6b,0xc4,0x49,0x7b,0xa5,0x19,0x0f,0xbd,0x2e,0xcd,0x4e,0xcd,0x0d,0xbd,0x24,0x11,
    0xa6,0x21,0xf1,0x94,0xb7,0xde,0x3a,0xe7,0xf9,0xde,0xf9,0xde,0xf9,0xde,0xf9,0xde,0x19,0xdf,0x19,0xdf,0x19,0xdf,0x19,0xe7,0x19,0xe7,0x19,0xe7,0x19,0xe7,0x19,0xe7,
    0x19,0xe7,0x19,0xe7,0x19,0xe7,0x19,0xe7,0x19,0xe7,0x18,0xef,0x18,0xef,0x17,0xe7,0x4a,0x74,0xc8,0x63,0xc8,0x5b,0x45,0x32,0x87,0x32,0xa7,0x5b,0xc8,0x63,0xe9,0x63,
    0xe9,0x63,0xc8,0x63,0xc8,0x63,0xa7,0x5b,0x87,0x5b,0xc8,0x63,0xa8,0x63,0x36,0xff,0x36,0xff,0x36,0xf7,0x4e,0x84,0xc6,0x21,0x05,0x2a,0x26,0x2a,0x86,0x3a,0x2f,0x9d,
    0xb8,0xff,0x85,0x19,0x83,0x19,0x47,0x53,0x28,0x4b,0xe6,0x21,0xe7,0x42,0x07,0x43,0xa5,0x19,0xc5,0x19,0xe5,0x21,0xe5,0x21,0xe5,0x21,0x05,0x2a,0xe8,0x63,0xe8,0x63,
    0xe8,0x63,0xc8,0x5b,0x87,0x5b,0x56,0xff,0x35,0xf7,0x56,0xff,0x56,0xff,0x56,0xff,0x56,0xff,0xf4,0xde,0x68,0x4b,0x68,0x53,0x48,0x53,0x09,0x6c,0xe8,0x6b,0x57,0xff,
    0x36,0xff,0x56,0xff,0x56,0xf7,0x56,0xf7,0x56,0xf7,0x57,0xf7,0x37,0xf7,0x36,0xf7,0x36,0xf7,0x56,0xff,0x36,0xf7,0x09,0x7b,0xa2,0x38,0x45,0xcb,0x64,0xcb,0x64,0xd3,
    0x44,0xcb,0x64,0xd3,0x68,0xec,0x67,0xec,0x67,0xec,0x67,0xec,0x67,0xec,0x44,0xcb,0x65,0xcb,0x45,0xd3,0x44,0xcb,0x67,0xec,0x87,0xec,0x87,0xec,0x67,0xec,0x67,0xec,
    0x67,0xec,0x06,0xe4,0x24,0xcb,0x88,0xec,0x67,0xec,0x87,0xec,0x27,0xe4,0x44,0xcb,0x88,0xec,0x67,0xec,0x67,0xec,0x67,0xec,0x67,0xec,0x40,0x40,0x82,0x38,0x25,0xc3,
    0x05,0xc3,0x67,0xec,0x67,0xec,0x67,0xec,0x67,0xec,0x67,0xec,0x67,0xec,0x67,0xec,0x67,0xec,0x67,0xec,0x67,0xec,0x67,0xec,0x67,0xec,0x67,0xec,0x67,0xec,0x67,0xec,
    0x67,0xec,0x67,0xec,0x24,0xcb,0x06,0xe4,0x67,0xec,0x44,0xcb,0x23,0xcb,0x67,0xe4,0x67,0xec,0x24,0xcb,0x24,0xcb,0x44,0xcb,0x67,0xec,0x67,0xec,0x67,0xec,0xc8,0xba,
    0xc8,0xb2,0xb0,0xf4,0x8f,0xf4,0x8f,0xf4,0x69,0xe4,0x87,0xe4,0x82,0x38,0x60,0x30,0x37,0xf7,0x37,0xf7,0x37,0xf7,0x37,0xf7,0x37,0xf7,0x37,0xf7,0x37,0xf7,0x37,0xf7,
    0xb5,0xd6,0x14,0xbe,0x14,0xc6,0x35,0xc6,0x76,0xce,0x57,0xf7,0x36,0xef,0x16,0xef,0x17,0xef,0x16,0xef,0xf6,0xee,0x57,0xf7,0xf6,0xee,0x17,0xef,0x17,0xef,0x37,0xf7,
    0x37,0xf7,0x37,0xf7,0x17,0xef,0x37,0xef,0x17,0xef,0x2e,0x7c,0x65,0x19,0x2c,0x94,0x4e,0xd5,0x4e,0xd5,0x2f,0xd5,0x94,0xee,0xb5,0xee,0xb5,0xee,0xb5,0xee,0x95,0xee,
    0x95,0xee,0x95,0xee,0x74,0xe6,0x74,0xe6,0x95,0xee,0x95,0xee,0x95,0xee,0xb5,0xe6,0xb5,0xe6,0xb5,0xe6,0x95,0xee,0x94,0xe6,0x8b,0xbc,0x6b,0xb4,0x8b,0xc4,0x28,0x7b,
    0x24,0x11,0x85,0x11,0x45,0x11,0x65,0x11,0x86,0x19,0x4f,0x7c,0x4e,0x7c,0x15,0xbe,0x19,0xe7,0x19,0xdf,0xf9,0xde,0xf9,0xde,0xf9,0xde,0xf9,0xde,0x19,0xdf,0x19,0xdf,
    0x19,0xdf,0x19,0xe7,0x19,0xe7,0x19,0xe7,0x19,0xe7,0x19,0xe7,0x19,0xe7,0x19,0xe7,0x19,0xe7,0x19,0xe7,0x19,0xe7,0x18,0xef,0x18,0xef,0x37,0xe7,0x6a,0x74,0x48,0x53,
    0xc7,0x42,0xc9,0x5b,0x09,0x64,0xe8,0x63,0x09,0x6c,0xc8,0x63,0xc9,0x63,0xe9,0x63,0xf5,0xe6,0x57,0xff,0x56,0xff,0x15,0xf7,0x15,0xff,0x16,0xf7,0x16,0xf7,0x57,0xff,
    0x36,0xf7,0x55,0xf7,0xc5,0x19,0xe5,0x21,0xa7,0x3a,0x2e,0x9d,0x97,0xff,0xc5,0x19,0xc4,0x21,0x07,0x4b,0x07,0x43,0x06,0x2a,0xa5,0x19,0xa5,0x19,0x28,0x4b,0x27,0x4b,
    0x07,0x43,0x07,0x43,0xe7,0x42,0xc7,0x3a,0xe6,0x21,0x48,0x53,0xe8,0x6b,0xe8,0x63,0xe9,0x63,0xe8,0x63,0xe9,0x73,0x57,0xff,0x77,0xff,0x36,0xff,0x36,0xff,0x98,0xff,
    0xb9,0xff,0x36,0xf7,0x47,0x4b,0x6a,0x74,0x08,0x74,0x57,0xff,0x57,0xff,0x36,0xff,0x36,0xff,0x37,0xff,0x37,0xff,0x37,0xff,0x37,0xf7,0x36,0xf7,0x56,0xff,0x57,0xff,
    0x82,0x38,0xe6,0xa2,0xe6,0xdb,0x47,0xec,0x47,0xec,0x64,0xd3,0x64,0xd3,0x64,0xd3,0x64,0xcb,0x65,0xd3,0x47,0xe4,0x67,0xec,0x67,0xec,0x67,0xec,0x67,0xec,0x67,0xec,
    0x88,0xf4,0x65,0xcb,0x65,0xcb,0x44,0xcb,0x44,0xcb,0x44,0xc3,0x87,0xec,0x87,0xec,0x67,0xec,0x87,0xec,0x67,0xec,0x67,0xec,0x27,0xe4,0x44,0xcb,0x67,0xec,0x67,0xec,
    0x67,0xec,0x68,0xec,0x64,0xcb,0x60,0x40,0xa2,0x38,0x67,0xec,0x67,0xec,0x67,0xec,0x67,0xec,0x67,0xec,0x67,0xec,0x67,0xec,0x67,0xec,0x67,0xec,0x67,0xec,0x67,0xec,
    0x67,0xec,0x67,0xec,0x67,0xec,0x67,0xec,0x03,0xc3,0x24,0xc3,0x67,0xec,0x67,0xec,0x44,0xcb,0x06,0xe4,0x67,0xec,0x24,0xcb,0x24,0xc3,0x66,0xe4,0x85,0xd3,0x44,0xcb,
    0x67,0xec,0x67,0xec,0x67,0xec,0x67,0xec,0x67,0xec,0x87,0xec,0x67,0xec,0x09,0xbb,0xc8,0xb2,0x6f,0xf4,0x40,0x38,0xa2,0x38,0x36,0xf7,0x37,0xf7,0x37,0xf7,0x37,0xf7,
    0x37,0xf7,0x37,0xf7,0x37,0xf7,0x37,0xf7,0x37,0xf7,0x37,0xf7,0x87,0x42,0x65,0x09,0x84,0x19,0x65,0x11,0x65,0x19,0x57,0xf7,0x37,0xef,0x37,0xef,0x37,0xef,0x37,0xef,
    0x37,0xef,0x37,0xf7,0x37,0xf7,0x37,0xef,0x37,0xef,0x37,0xef,0x37,0xef,0x37,0xef,0x37,0xef,0x58,0xf7,0x17,0xef,0x6f,0x84,0x43,0x11,0xcf,0xac,0x8f,0xd5,0x6e,0xd5,
    0x4e,0xd5,0x94,0xee,0xb6,0xee,0xb5,0xee,0x95,0xee,0xb5,0xee,0xb5,0xee,0xb5,0xee,0x95,0xee,0xb5,0xee,0xb5,0xee,0xb5,0xee,0xb5,0xee,0xb5,0xee,0xb5,0xee,0xb5,0xee,
    0xb5,0xee,0xf2,0xdd,0x8c,0xc4,0x4a,0xbc,0x6b,0xc4,0x08,0x6b,0x86,0x21,0x89,0x3a,0xca,0x4a,0x89,0x42,0x47,0x3a,0x77,0xce,0x1a,0xe7,0x19,0xdf,0xf9,0xe6,0x19,0xdf,
    0xf9,0xde,0xf9,0xde,0x19,0xdf,0x19,0xdf,0x19,0xdf,0x19,0xdf,0x19,0xdf,0x19,0xe7,0x19,0xe7,0x19,0xe7,0x19,0xe7,0x19,0xe7,0x19,0xe7,0x19,0xe7,0x19,0xe7,0x19,0xe7,
    0x19,0xe7,0x18,0xef,0x18,0xef,0x37,0xe7,0x6b,0x74,0x27,0x4b,0xa7,0x3a,0xa8,0x5b,0xc8,0x5b,0xe8,0x63,0xe8,0x5b,0xc8,0x63,0xe8,0x6b,0x09,0x6c,0xf5,0xe6,0x56,0xff,
    0x36,0xff,0x56,0xff,0x15,0xff,0xb8,0xff,0x77,0xef,0x6b,0x7c,0x4b,0x7c,0x09,0x7c,0xa4,0x19,0x05,0x2a,0xe8,0x42,0x4f,0x9d,0xd8,0xff,0x85,0x19,0xc4,0x21,0x07,0x43,
    0xc7,0x3a,0xc5,0x19,0xc6,0x21,0xa5,0x19,0x29,0x4b,0x07,0x4b,0x07,0x43,0xe7,0x42,0xe7,0x42,0xc7,0x3a,0x06,0x2a,0x48,0x4b,0x4a,0x74,0x09,0x64,0xe8,0x63,0xe9,0x63,
    0xe9,0x73,0x36,0xf7,0x56,0xff,0x56,0xff,0x36,0xff,0x16,0xef,0x36,0xf7,0x37,0xff,0x06,0x4b,0xe9,0x6b,0xc8,0x73,0x77,0xff,0x36,0xff,0x36,0xff,0x36,0xff,0x37,0xff,
    0x37,0xff,0x37,0xff,0x37,0xf7,0x36,0xf7,0x36,0xf7,0x57,0xff,0x82,0x38,0x07,0xab,0x06,0xdc,0x47,0xec,0x46,0xec,0x84,0xd3,0x85,0xd3,0x64,0xd3,0x64,0xd3,0x44,0xcb,
    0x27,0xe4,0x47,0xe4,0x67,0xec,0x67,0xec,0x67,0xec,0x67,0xec,0x67,0xec,0x44,0xcb,0x44,0xcb,0x44,0xcb,0x44,0xcb,0x24,0xcb,0x88,0xec,0x67,0xec,0x47,0xec,0x47,0xec,
    0x67,0xec,0x67,0xec,0x06,0xe4,0x44,0xcb,0x67,0xec,0x67,0xec,0x66,0xec,0x67,0xf4,0x87,0xc3,0x20,0x40,0x40,0x38,0x87,0xec,0x67,0xec,0x67,0xec,0x67,0xec,0x67,0xec,
    0x67,0xec,0x67,0xec,0x67,0xec,0x67,0xec,0x67,0xec,0x67,0xec,0x67,0xec,0x67,0xec,0x87,0xec,0x47,0xec,0x03,0xc3,0x24,0xc3,0x67,0xec,0x67,0xec,0x24,0xcb,0x06,0xe4,
    0x67,0xec,0x43,0xcb,0x23,0xc3,0x67,0xec,0x84,0xcb,0x24,0xcb,0x67,0xec,0x67,0xec,0x67,0xec,0x67,0xec,0x67,0xec,0x67,0xec,0x67,0xec,0xe7,0xba,0x07,0xbb,0xaf,0xf4,
    0x60,0x40,0xa2,0x38,0x17,0xf7,0x37,0xf7,0x37,0xf7,0x37,0xf7,0x37,0xf7,0x37,0xf7,0x37,0xf7,0x37,0xf7,0x37,0xf7,0x37,0xf7,0xd5,0xe6,0xb4,0xe6,0xe9,0x52,0xe6,0x19,
    0xf1,0x94,0x37,0xf7,0x37,0xf7,0x37,0xef,0x37,0xef,0x37,0xef,0x37,0xef,0x37,0xf7,0x37,0xf7,0x37,0xef,0x37,0xef,0x37,0xef,0x37,0xef,0x37,0xef,0x37,0xf7,0x17,0xef,
    0x58,0xf7,0x17,0xef,0xf6,0xee,0x0a,0x5b,0x86,0x19,0xa6,0x19,0x85,0x11,0x8b,0xc4,0xcd,0xc4,0xb0,0xd5,0xb1,0xd5,0xb0,0xd5,0xb0,0xd5,0xb1,0xd5,0xb1,0xd5,0xb1,0xd5,
    0x90,0xd5,0xb0,0xd5,0xb0,0xd5,0xb1,0xd5,0xb1,0xd5,0xb0,0xd5,0x0b,0xac,0x4b,0xbc,0x2a,0x73,0x66,0x19,0x66,0x11,0xe3,0x08,0xb8,0xd6,0x19,0xe7,0xd8,0xde,0xf8,0xde,
    0xf9,0xde,0x3a,0xe7,0xf9,0xde,0x19,0xdf,0xf9,0xe6,0xf9,0xde,0xf9,0xde,0x19,0xdf,0x19,0xdf,0x19,0xdf,0x19,0xdf,0x19,0xdf,0x19,0xdf,0x19,0xe7,0x19,0xe7,0x19,0xe7,
    0x19,0xe7,0x19,0xe7,0x19,0xe7,0x19,0xe7,0x19,0xe7,0x19,0xe7,0x19,0xe7,0x18,0xe7,0x18,0xef,0x37,0xe7,0x8b,0x74,0x88,0x53,0xc7,0x42,0xa8,0x5b,0xc8,0x5b,0x09,0x64,
    0xe8,0x5b,0x57,0xf7,0x36,0xff,0x36,0xff,0x37,0xff,0x57,0xff,0x57,0xff,0x36,0xff,0x56,0xff,0xc7,0x3a,0xc7,0x3a,0xe7,0x42,0xa7,0x3a,0x87,0x3a,0x26,0x2a,0x26,0x2a,
    0xa6,0x21,0x46,0x32,0x28,0x4b,0xa5,0x19,0xa5,0x19,0xc6,0x42,0x87,0x3a,0x85,0x19,0xe4,0x31,0x15,0xef,0xc7,0x42,0x28,0x4b,0x27,0x4b,0x07,0x43,0x07,0x43,0x07,0x4b,
    0x28,0x4b,0x87,0x32,0x06,0x2a,0xe9,0x63,0xc8,0x63,0xe8,0x63,0xc8,0x63,0xc8,0x63,0x52,0xce,0x56,0xff,0x56,0xff,0x56,0xff,0x56,0xf7,0x56,0xff,0x56,0xff,0x56,0xff,
    0x56,0xff,0x56,0xff,0x37,0xff,0x37,0xff,0x37,0xff,0x37,0xff,0x37,0xff,0x57,0xf7,0x57,0xf7,0x37,0xf7,0x16,0xf7,0x57,0xff,0x61,0x30,0xc6,0x9a,0xe6,0xdb,0x67,0xec,
    0x67,0xec,0x67,0xec,0x47,0xec,0x44,0xcb,0x44,0xcb,0x65,0xcb,0x64,0xcb,0x84,0xd3,0x87,0xec,0x67,0xec,0x67,0xec,0x67,0xec,0x67,0xec,0x67,0xec,0x87,0xec,0x67,0xec,
    0x64,0xd3,0x65,0xcb,0x04,0xc3,0x45,0xcb,0xe6,0xdb,0x27,0xe4,0x66,0xec,0x67,0xec,0x67,0xec,0x67,0xec,0x67,0xec,0x67,0xec,0x67,0xec,0xaa,0xec,0x61,0x30,0x69,0xdc,
    0x87,0xe4,0x67,0xec,0x67,0xec,0x67,0xec,0x67,0xec,0x67,0xec,0x67,0xec,0x67,0xec,0x87,0xec,0x67,0xec,0x68,0xec,0x67,0xec,0x87,0xec,0x67,0xec,0x67,0xec,0x67,0xec,
    0x03,0xc3,0x04,0xc3,0x67,0xec,0x67,0xec,0x44,0xcb,0x06,0xe4,0x67,0xec,0x67,0xec,0x88,0xec,0x24,0xcb,0x27,0xe4,0x67,0xec,0x67,0xec,0x67,0xec,0x67,0xec,0x67,0xec,
    0x67,0xec,0x67,0xec,0x67,0xec,0x67,0xec,0x67,0xec,0x66,0xcb,0x60,0x38,0xa2,0x38,0x37,0xf7,0x37,0xf7,0x37,0xf7,0x37,0xf7,0x37,0xf7,0x37,0xf7,0x37,0xf7,0x37,0xf7,
    0x37,0xf7,0x37,0xf7,0xd6,0xe6,0x49,0x63,0xc7,0x21,0xe9,0x4a,0x17,0xf7,0x37,0xf7,0x37,0xf7,0x37,0xef,0x37,0xef,0x37,0xef,0x37,0xef,0x36,0xf7,0x37,0xf7,0x57,0xf7,
    0x37,0xf7,0x37,0xf7,0x37,0xf7,0x17,0xef,0x17,0xef,0x17,0xef,0x37,0xef,0x37,0xef,0x17,0xef,0x4b,0x63,0x85,0x19,0x85,0x19,0x65,0x11,0x8b,0xc4,0x0e,0xcd,0xd0,0xdd,
    0xb0,0xd5,0xb0,0xd5,0xb0,0xdd,0xb0,0xd5,0xaf,0xd5,0x8f,0xd5,0xb0,0xdd,0xb0,0xdd,0xb0,0xd5,0x90,0xd5,0xb0,0xd5,0x90,0xd5,0x2a,0xb4,0x4b,0xbc,0x2a,0x6b,0x85,0x19,
    0x85,0x19,0x03,0x11,0x39,0xe7,0x19,0xe7,0x39,0xe7,0x19,0xe7,0x19,0xdf,0xf9,0xde,0x19,0xe7,0x19,0xe7,0x19,0xe7,0x19,0xe7,0x19,0xe7,0x19,0xe7,0x19,0xe7,0x5a,0xef,
    0x19,0xe7,0x19,0xdf,0x19,0xdf,0x19,0xe7,0x19,0xe7,0x19,0xe7,0x19,0xe7,0x19,0xe7,0x19,0xe7,0x19,0xe7,0x19,0xe7,0x19,0xe7,0x19,0xe7,0x18,0xe7,0x18,0xef,0x17,0xe7,
    0x4f,0xa5,0x0a,0x64,0x28,0x4b,0xc8,0x5b,0x09,0x6c,0x77,0xf7,0x98,0xff,0x36,0xff,0x36,0xff,0x36,0xff,0x56,0xff,0x37,0xff,0x57,0xff,0xe7,0x4a,0xe6,0x42,0x08,0x43,
    0xe7,0x42,0xe7,0x42,0xc7,0x42,0xc7,0x3a,0x68,0x53,0x69,0x53,0xe6,0x21,0x26,0x2a,0xc7,0x3a,0x85,0x19,0xa4,0x19,0xc6,0x3a,0xa7,0x3a,0x65,0x11,0xef,0x94,0x35,0xf7,
    0x98,0xf7,0x78,0xef,0xc6,0x42,0xe6,0x42,0xe7,0x42,0x07,0x43,0x07,0x4b,0xc7,0x42,0x87,0x3a,0xc7,0x42,0xa6,0x3a,0x09,0x6c,0xe8,0x63,0xe8,0x63,0x52,0xce,0x36,0xff,
    0x56,0xff,0x56,0xff,0x56,0xf7,0x56,0xf7,0x56,0xff,0x56,0xff,0x56,0xff,0x56,0xff,0x37,0xff,0x37,0xff,0x37,0xff,0x37,0xff,0x37,0xff,0x37,0xf7,0x37,0xf7,0x57,0xf7,
    0x40,0x28,0x40,0x28,0xc5,0xaa,0x05,0xbb,0x64,0xcb,0x47,0xec,0x67,0xec,0x67,0xec,0x87,0xec,0x67,0xec,0x68,0xec,0x67,0xec,0x64,0xcb,0x64,0xcb,0x64,0xcb,0x88,0xec,
    0x87,0xec,0x67,0xec,0x67,0xec,0x67,0xec,0x67,0xec,0x87,0xec,0x68,0xec,0x68,0xec,0x45,0xcb,0xa4,0x9a,0x20,0x38,0xa9,0xec,0x86,0xec,0x67,0xec,0x67,0xec,0x67,0xec,
    0x67,0xec,0x67,0xec,0x44,0xcb,0x86,0xcb,0x61,0x30,0x49,0xdc,0x87,0xec,0x67,0xec,0x67,0xec,0x67,0xec,0x87,0xec,0x67,0xec,0x67,0xec,0x88,0xec,0x87,0xec,0x67,0xe4,
    0x88,0xec,0x87,0xec,0x87,0xec,0x67,0xec,0x67,0xec,0x67,0xec,0x68,0xec,0x88,0xec,0x43,0xc3,0x23,0xc3,0x88,0xec,0x67,0xec,0x67,0xec,0x67,0xec,0x88,0xec,0x44,0xcb,
    0x07,0xe4,0x67,0xec,0x44,0xcb,0x64,0xcb,0x87,0xec,0x87,0xec,0x67,0xec,0x67,0xec,0x67,0xec,0x67,0xec,0x88,0xe4,0x40,0x38,0x96,0xee,0xf7,0xee,0x37,0xf7,0x37,0xf7,
    0x37,0xf7,0x37,0xf7,0x37,0xf7,0x37,0xf7,0x37,0xf7,0x37,0xf7,0x17,0xef,0x37,0xf7,0x2d,0x7c,0xa7,0x19,0x88,0x42,0x92,0xad,0x30,0xa5,0x37,0xf7,0x37,0xf7,0x37,0xef,
    0x37,0xef,0x37,0xf7,0x16,0xef,0x99,0xff,0x24,0x11,0x45,0x11,0x45,0x11,0x45,0x11,0x45,0x11,0x65,0x11,0x65,0x11,0x45,0x11,0x65,0x11,0x65,0x11,0x25,0x11,0x66,0x19,
    0x86,0x19,0x65,0x11,0x45,0x19,0x86,0x21,0x65,0x19,0x44,0x19,0x64,0x11,0x43,0x11,0x64,0x19,0x64,0x11,0x44,0x11,0x45,0x11,0x44,0x11,0x64,0x19,0x64,0x19,0x44,0x11,
    0x44,0x11,0x45,0x11,0x24,0x11,0x25,0x09,0x45,0x11,0x65,0x11,0x24,0x09,0x65,0x19,0x24,0x11,0x24,0x11,0x24,0x11,0x45,0x11,0x45,0x11,0x45,0x11,0x45,0x11,0x45,0x11,
    0x45,0x11,0x65,0x11,0x65,0x11,0x65,0x11,0x85,0x19,0xad,0x6b,0x19,0xdf,0x19,0xe7,0x19,0xdf,0x19,0xe7,0x19,0xe7,0x19,0xe7,0x19,0xe7,0x19,0xe7,0x19,0xe7,0x19,0xe7,
    0x19,0xe7,0x19,0xe7,0x19,0xe7,0x18,0xe7,0x18,0xef,0x37,0xef,0x17,0xf7,0x0e,0x95,0xe8,0x42,0x67,0x53,0x08,0x64,0x56,0xf7,0x56,0xff,0x35,0xf7,0x56,0xff,0x36,0xff,
    0x56,0xff,0x56,0xff,0x36,0xff,0xc6,0x3a,0xe7,0x42,0xe7,0x42,0xe7,0x42,0xe7,0x42,0xc6,0x42,0xa7,0x42,0x47,0x53,0x88,0x53,0xe6,0x21,0x46,0x32,0xa7,0x3a,0xa5,0x19,
    0xe6,0x21,0xc6,0x3a,0x66,0x32,0x64,0x11,0x71,0xad,0x76,0xff,0x97,0xff,0x76,0xff,0xe7,0x42,0xe7,0x42,0x07,0x43,0x07,0x43,0x08,0x4b,0x07,0x4b,0xe7,0x42,0x05,0x2a,
    0x05,0x22,0xe8,0x63,0xe8,0x6b,0xc8,0x63,0x31,0xc6,0x36,0xff,0x56,0xff,0x56,0xff,0x56,0xf7,0x56,0xf7,0x56,0xff,0x56,0xff,0x56,0xff,0x56,0xff,0x37,0xf7,0x37,0xf7,
    0x37,0xff,0x37,0xff,0x37,0xf7,0x37,0xf7,0x37,0xf7,0x57,0xf7,0x82,0x38,0x81,0x30,0xc4,0xb2,0x25,0xc3,0x64,0xcb,0x67,0xec,0x67,0xec,0x67,0xec,0x67,0xec,0x87,0xec,
    0x67,0xec,0x67,0xec,0x64,0xcb,0x44,0xcb,0x44,0xcb,0x68,0xec,0x87,0xec,0x67,0xec,0x67,0xec,0x87,0xec,0x67,0xec,0x67,0xec,0x87,0xec,0x88,0xec,0x65,0xcb,0x44,0x92,
    0x61,0x38,0xc9,0xf4,0x87,0xe4,0x67,0xec,0x67,0xec,0x67,0xec,0x67,0xec,0x67,0xec,0x64,0xcb,0x86,0xcb,0x61,0x30,0x49,0xdc,0x87,0xec,0x67,0xec,0x67,0xec,0x87,0xec,
    0x27,0xe4,0x04,0xcb,0x24,0xc3,0x24,0xcb,0x24,0xcb,0x83,0xaa,0x23,0x92,0xea,0xf4,0xa8,0xec,0x67,0xec,0x67,0xec,0x67,0xec,0x67,0xec,0x68,0xec,0x44,0xcb,0x44,0xc3,
    0x67,0xec,0x87,0xec,0x67,0xec,0x67,0xec,0x88,0xec,0x44,0xcb,0x07,0xe4,0x67,0xe4,0x44,0xcb,0x44,0xcb,0x87,0xec,0x87,0xec,0x67,0xec,0x67,0xec,0x67,0xec,0x67,0xec,
    0x88,0xec,0x61,0x30,0xf7,0xee,0x37,0xef,0x37,0xf7,0x37,0xf7,0x37,0xf7,0x37,0xf7,0x37,0xf7,0x57,0xf7,0x57,0xf7,0x57,0xf7,0x37,0xf7,0x37,0xf7,0xec,0x7b,0x24,0x11,
    0x64,0x11,0x86,0x19,0x44,0x19,0x37,0xf7,0x37,0xf7,0x37,0xef,0x37,0xf7,0x37,0xef,0x79,0xf7,0x99,0xf7,0x85,0x19,0x64,0x11,0x44,0x11,0x03,0x09,0x02,0x09,0x02,0x09,
    0x02,0x09,0x43,0x11,0x64,0x11,0x44,0x09,0x44,0x11,0x24,0x11,0x24,0x11,0x23,0x09,0x24,0x09,0x44,0x11,0x45,0x11,0x44,0x11,0x44,0x11,0x24,0x11,0x24,0x11,0x23,0x11,
    0x23,0x11,0x23,0x09,0x24,0x09,0x24,0x09,0x24,0x11,0x24,0x11,0x24,0x11,0x24,0x09,0x04,0x09,0x43,0x09,0x43,0x09,0x24,0x11,0x03,0x11,0x03,0x09,0x23,0x09,0x43,0x09,
    0x23,0x09,0x23,0x09,0x23,0x09,0xe3,0x08,0x03,0x09,0x03,0x09,0x02,0x09,0xe2,0x08,0x64,0x11,0xa6,0x19,0x85,0x19,0x0f,0x74,0xf8,0xde,0x19,0xdf,0x19,0xdf,0x19,0xdf,
    0x19,0xe7,0x19,0xe7,0x19,0xe7,0x19,0xe7,0x19,0xe7,0x19,0xe7,0x19,0xe7,0x19,0xe7,0x19,0xe7,0x18,0xe7,0x18,0xef,0x38,0xef,0x37,0xf7,0xee,0x94,0x28,0x4b,0xb5,0xd6,
    0x16,0xff,0x36,0xff,0x36,0xff,0x36,0xff,0x56,0xff,0x56,0xff,0x16,0xf7,0x03,0x09,0x85,0x19,0x44,0x11,0x45,0x19,0x45,0x11,0x65,0x19,0x24,0x11,0x65,0x11,0x45,0x11,
    0x85,0x19,0x86,0x19,0xa6,0x19,0x84,0x11,0x65,0x11,0x64,0x11,0x65,0x11,0x64,0x11,0x65,0x11,0x65,0x11,0x85,0x11,0xa6,0x19,0x65,0x19,0x85,0x19,0x65,0x19,0x65,0x19,
    0x64,0x11,0x64,0x19,0x48,0x43,0x28,0x4b,0x07,0x4b,0xa7,0x3a,0x87,0x3a,0xc8,0x63,0xc9,0x63,0x29,0x74,0x73,0xd6,0x36,0xff,0x56,0xff,0x56,0xff,0x56,0xf7,0x56,0xf7,
    0x56,0xff,0x56,0xff,0x56,0xff,0x37,0xf7,0x37,0xf7,0x37,0xf7,0x37,0xf7,0x37,0xf7,0x37,0xf7,0x37,0xff,0x37,0xf7,0x37,0xf7,0x82,0x38,0x81,0x38,0x84,0xcb,0x65,0xcb,
    0x64,0xd3,0x64,0xd3,0x64,0xd3,0x64,0xd3,0x84,0xd3,0x67,0xec,0x67,0xec,0x67,0xec,0x66,0xe4,0x67,0xec,0x67,0xec,0x67,0xe4,0x67,0xec,0x67,0xec,0x67,0xec,0x67,0xec,
    0x67,0xec,0x67,0xec,0x67,0xec,0x67,0xec,0x67,0xec,0xc6,0xdb,0x45,0xc3,0x61,0x38,0x62,0x38,0x87,0xec,0x66,0xec,0x67,0xec,0x67,0xec,0x67,0xec,0x64,0xcb,0x87,0xcb,
    0x62,0x30,0x46,0xbb,0x44,0xcb,0x24,0xcb,0x44,0xcb,0x44,0xcb,0x24,0xcb,0x24,0xc3,0x64,0xcb,0x64,0xcb,0x65,0xcb,0xc6,0xd3,0xe6,0xdb,0x61,0x38,0x83,0x38,0xea,0xec,
    0x0a,0xf5,0x0a,0xf5,0x2a,0xed,0x2a,0xf5,0x44,0xcb,0x65,0xcb,0x65,0xcb,0x44,0xcb,0x44,0xcb,0x44,0xcb,0x24,0xcb,0x88,0xec,0x67,0xe4,0x67,0xe4,0x67,0xec,0x67,0xe4,
    0x67,0xec,0x67,0xec,0x67,0xec,0x67,0xec,0x67,0xec,0x87,0xec,0xa9,0xec,0x81,0x38,0xf7,0xee,0x17,0xf7,0x37,0xf7,0x37,0xf7,0x37,0xef,0x51,0xa5,0xc7,0x21,0xa6,0x19,
    0xc7,0x19,0x65,0x11,0x77,0xf7,0x78,0xf7,0x57,0xf7,0xf6,0xee,0x17,0xef,0x17,0xf7,0x17,0xf7,0x37,0xef,0x37,0xef,0x37,0xef,0x37,0xef,0x36,0xef,0x85,0x21,0x44,0x11,
    0x07,0x64,0x28,0x64,0x69,0x6c,0xea,0x9c,0xaa,0xf5,0xcc,0xed,0xac,0xed,0xca,0x9c,0x69,0x7c,0x89,0x7c,0xa8,0x7c,0x89,0x7c,0x69,0x7c,0x49,0x74,0x49,0x74,0x29,0x6c,
    0x28,0x6c,0x29,0x64,0x29,0x64,0x08,0x64,0x08,0x64,0xe8,0x63,0x08,0x64,0x08,0x64,0xe8,0x63,0x09,0x64,0x29,0x64,0x29,0x6c,0x29,0x64,0x09,0x64,0x09,0x64,0x09,0x64,
    0xe9,0x63,0xe9,0x5b,0xe9,0x5b,0xe9,0x63,0xc8,0x5b,0xc9,0x5b,0xc8,0x5b,0xc8,0x5b,0xe9,0x63,0x0e,0xcd,0xcd,0xcc,0xcc,0xc4,0xed,0xcc,0xed,0xcc,0xc6,0x4a,0xa6,0x32,
    0xa5,0x19,0xad,0x63,0xf9,0xde,0x19,0xdf,0x19,0xdf,0x19,0xdf,0x19,0xdf,0x19,0xdf,0x19,0xdf,0x19,0xe7,0x19,0xe7,0x19,0xe7,0x19,0xe7,0x19,0xe7,0x19,0xe7,0x18,0xe7,
    0x18,0xef,0x37,0xef,0x37,0xf7,0xee,0x94,0xe7,0x4a,0x94,0xd6,0x16,0xf7,0x36,0xf7,0x36,0xff,0x36,0xff,0x56,0xff,0x56,0xff,0x16,0xf7,0x24,0x09,0xa6,0x19,0xc5,0x39,
    0xa5,0x31,0xe5,0x31,0x26,0x32,0x06,0x2a,0x27,0x32,0x27,0x32,0x26,0x32,0x27,0x32,0x27,0x32,0x07,0x2a,0x07,0x2a,0x07,0x2a,0x07,0x32,0x28,0x32,0x47,0x32,0x27,0x32,
    0x27,0x32,0x06,0x32,0x68,0x42,0x67,0x3a,0x26,0x3a,0xc5,0x31,0x84,0x29,0x47,0x42,0xe8,0x42,0x08,0x4b,0x07,0x43,0xa6,0x3a,0xa6,0x3a,0xe8,0x63,0xe8,0x63,0x08,0x6c,
    0x32,0xc6,0x36,0xff,0x56,0xff,0x56,0xff,0x56,0xff,0x56,0xff,0x36,0xf7,0x36,0xf7,0x37,0xff,0x36,0xf7,0x37,0xf7,0x37,0xf7,0x36,0xf7,0x36,0xf7,0x37,0xf7,0x36,0xf7,
    0x77,0xff,0x57,0xff,0x61,0x38,0x81,0x38,0x64,0xcb,0x65,0xcb,0x64,0xcb,0x64,0xd3,0x64,0xd3,0x64,0xd3,0x64,0xcb,0x67,0xec,0x67,0xec,0x67,0xec,0x67,0xec,0x67,0xec,
    0x67,0xec,0x67,0xec,0x67,0xec,0x67,0xec,0x67,0xec,0x87,0xec,0x67,0xec,0x67,0xec,0x67,0xec,0x67,0xec,0x67,0xec,0x06,0xdc,0x25,0xc3,0x40,0x38,0x61,0x38,0x87,0xec,
    0x67,0xec,0x67,0xec,0x67,0xec,0x66,0xe4,0x64,0xcb,0x87,0xcb,0x81,0x30,0x66,0xbb,0x44,0xcb,0x44,0xcb,0x44,0xcb,0x23,0xcb,0x03,0xc3,0x24,0xcb,0x88,0xec,0x88,0xec,
    0x87,0xec,0x88,0xec,0xa8,0xec,0x60,0x38,0xc2,0x20,0xc2,0x20,0xc2,0x20,0xc2,0x20,0xc2,0x20,0xa3,0x30,0x24,0xcb,0x44,0xcb,0x65,0xcb,0x44,0xcb,0x44,0xcb,0x44,0xcb,
    0x23,0xc3,0x88,0xec,0xc2,0x20,0xc2,0x20,0xc2,0x20,0xc2,0x20,0xc2,0x20,0x67,0xec,0x67,0xec,0x67,0xec,0x67,0xec,0x67,0xec,0xa9,0xe4,0x81,0x38,0x18,0xf7,0x37,0xef,
    0x37,0xf7,0x37,0xef,0x37,0xef,0xf6,0xe6,0xb3,0xbd,0x14,0xbe,0x85,0x19,0x85,0x19,0x57,0xf7,0x38,0xf7,0x58,0xf7,0x37,0xf7,0x17,0xef,0x18,0xf7,0x38,0xef,0x37,0xef,
    0x37,0xef,0x17,0xef,0xb9,0xff,0x09,0x53,0x47,0x32,0x08,0x43,0xe8,0x63,0xa8,0x5b,0xc8,0x83,0x88,0xbc,0x09,0xed,0xac,0xe5,0xaa,0xa4,0xe8,0x6b,0xa8,0x5b,0xa8,0x5b,
    0xa8,0x5b,0xa8,0x5b,0xa8,0x5b,0x88,0x5b,0xa8,0x5b,0x88,0x53,0x88,0x53,0x88,0x53,0x88,0x53,0x88,0x53,0x88,0x53,0x88,0x53,0x88,0x53,0x88,0x53,0x68,0x53,0x88,0x53,
    0x88,0x53,0x88,0x53,0x68,0x53,0x88,0x53,0x68,0x53,0x68,0x53,0x68,0x53,0x47,0x53,0x67,0x53,0x47,0x53,0x68,0x53,0x68,0x53,0x48,0x4b,0x27,0x4b,0xc6,0x3a,0x4f,0xd5,
    0x8f,0xd5,0xd1,0xd5,0xb1,0xd5,0x2e,0xd5,0x63,0x19,0x63,0x19,0x5b,0xe7,0x19,0xe7,0x19,0xe7,0x19,0xdf,0x19,0xdf,0x19,0xdf,0x19,0xdf,0x19,0xdf,0x19,0xdf,0x19,0xe7,
    0x19,0xe7,0x19,0xe7,0x19,0xe7,0x19,0xe7,0x19,0xe7,0x18,0xe7,0x18,0xef,0x17,0xef,0x37,0xf7,0x37,0xf7,0x37,0xf7,0x36,0xf7,0x56,0xff,0x36,0xff,0x36,0xff,0x36,0xff,
    0x36,0xff,0x36,0xff,0x36,0xff,0xe2,0x00,0x44,0x09,0x8a,0xcc,0xcb,0xcc,0xef,0xed,0xef,0xe5,0x15,0xf7,0x35,0xff,0x15,0xff,0x15,0xff,0x15,0xff,0x15,0xff,0x15,0xff,
    0x15,0xff,0x15,0xff,0x15,0xf7,0x15,0xf7,0x36,0xff,0x36,0xff,0x36,0xff,0x16,0xf7,0x15,0xf7,0x35,0xf7,0xcf,0xed,0xcf,0xed,0x8a,0xcc,0x0a,0xa4,0x66,0x11,0x87,0x32,
    0x27,0x4b,0x27,0x4b,0x07,0x4b,0x07,0x4b,0x07,0x4b,0xe8,0x63,0x32,0xce,0x36,0xff,0x57,0xff,0x36,0xff,0x36,0xff,0x36,0xff,0x36,0xff,0x36,0xff,0x36,0xff,0x36,0xff,
    0x36,0xf7,0x36,0xf7,0x36,0xf7,0x37,0xf7,0x37,0xf7,0x36,0xf7,0x20,0x20,0x61,0x30,0x44,0xcb,0x24,0xc3,0x44,0xcb,0xe6,0xdb,0x67,0xe4,0x67,0xe4,0x67,0xe4,0x67,0xec,
    0x47,0xe4,0x44,0xcb,0x44,0xcb,0x44,0xcb,0x44,0xcb,0x44,0xcb,0x44,0xcb,0x64,0xcb,0x64,0xcb,0x44,0xd3,0x43,0xcb,0x67,0xec,0x67,0xec,0x67,0xec,0x67,0xec,0x67,0xec,
    0x66,0xec,0x67,0xec,0x67,0xec,0x04,0xc3,0x04,0xc3,0x05,0xbb,0x65,0xcb,0x67,0xec,0x67,0xe4,0x66,0xe4,0x45,0xcb,0xa7,0xcb,0x81,0x30,0xc8,0xc3,0x85,0xd3,0xa9,0xec,
    0xc9,0xf4,0xc9,0xec,0x68,0xe4,0x88,0xec,0x88,0xec,0x88,0xec,0x88,0xec,0x88,0xec,0x88,0xec,0xc2,0x20,0x43,0x49,0x82,0x38,0x82,0x38,0x82,0x38,0x43,0x49,0xc2,0x20,
    0x67,0xe4,0x47,0xe4,0x8d,0xed,0x8d,0xed,0xad,0xf5,0xad,0xf5,0xad,0xf5,0xc2,0x20,0x43,0x49,0x0a,0xf5,0x26,0xe4,0x46,0xe4,0x43,0x49,0xc2,0x20,0x67,0xec,0x67,0xec,
    0x67,0xec,0x67,0xec,0x67,0xec,0x87,0xec,0x60,0x38,0x82,0x38,0x37,0xf7,0x37,0xef,0x37,0xf7,0x17,0xef,0x59,0xef,0xa6,0x19,0x44,0x09,0xf6,0xe6,0x57,0xf7,0x17,0xf7,
    0x37,0xf7,0x37,0xef,0x37,0xf7,0x37,0xf7,0x37,0xf7,0x37,0xf7,0x37,0xf7,0x37,0xef,0xda,0xff,0x04,0x09,0x47,0x32,0x68,0x53,0x68,0x53,0x48,0x4b,0x89,0xac,0xe9,0xdc,
    0x0a,0xdd,0x2b,0xe5,0x27,0x4b,0x48,0x4b,0x48,0x4b,0x48,0x4b,0x48,0x4b,0x48,0x53,0x48,0x53,0x48,0x53,0x48,0x53,0x48,0x53,0x48,0x53,0x48,0x53,0x48,0x53,0x48,0x53,
    0x48,0x4b,0x48,0x4b,0x48,0x4b,0x48,0x4b,0x48,0x4b,0x48,0x4b,0x48,0x53,0x48,0x4b,0x48,0x4b,0x48,0x4b,0x48,0x4b,0x28,0x4b,0x28,0x4b,0x28,0x4b,0x27,0x4b,0x27,0x4b,
    0x27,0x4b,0x28,0x4b,0x28,0x4b,0xe7,0x42,0xc7,0x3a,0xd1,0xdd,0x90,0xd5,0x33,0xe6,0x12,0xe6,0x8f,0xd5,0x85,0x19,0xe2,0x08,0xf9,0xe6,0x19,0xdf,0x19,0xdf,0x19,0xdf,
    0x19,0xdf,0x19,0xdf,0x19,0xdf,0x19,0xdf,0x19,0xdf,0x19,0xe7,0x19,0xe7,0x19,0xe7,0x19,0xe7,0x19,0xe7,0x19,0xe7,0x18,0xe7,0x38,0xef,0x17,0xef,0x37,0xef,0x37,0xf7,
    0x37,0xf7,0x37,0xff,0x37,0xff,0x37,0xff,0x36,0xff,0x36,0xff,0x36,0xff,0x36,0xff,0x36,0xff,0xe3,0x00,0x44,0x09,0x6a,0xc4,0x6a,0xc4,0x8e,0xdd,0x8e,0xdd,0xf0,0xdd,
    0xf1,0xdd,0xf0,0xdd,0xf0,0xdd,0xf1,0xdd,0x11,0xde,0xf1,0xdd,0xf1,0xdd,0xf1,0xdd,0xf1,0xdd,0xf1,0xdd,0xd1,0xdd,0xf1,0xdd,0xf1,0xe5,0xf1,0xdd,0xf0,0xdd,0xf0,0xdd,
    0xaf,0xdd,0xaf,0xe5,0x4a,0xc4,0xeb,0x9b,0x65,0x11,0x87,0x3a,0x27,0x4b,0x27,0x4b,0x07,0x4b,0x07,0x43,0x27,0x4b,0xe8,0x63,0x52,0xce,0x36,0xff,0x36,0xff,0x36,0xff,
    0x36,0xf7,0x36,0xf7,0x36,0xf7,0x36,0xf7,0x36,0xf7,0x36,0xf7,0x36,0xf7,0x36,0xf7,0x36,0xf7,0x36,0xf7,0x36,0xf7,0xf5,0xee,0x20,0x28,0x61,0x30,0x24,0xc3,0x44,0xc3,
    0x84,0xcb,0x06,0xdc,0x67,0xe4,0x67,0xe4,0x47,0xe4,0x67,0xe4,0x26,0xe4,0x84,0xd3,0x84,0xd3,0x85,0xd3,0x44,0xcb,0x44,0xcb,0x44,0xcb,0x64,0xcb,0x64,0xcb,0x84,0xd3,
    0xa5,0xd3,0x67,0xec,0x67,0xec,0x67,0xec,0x67,0xec,0x67,0xec,0x67,0xec,0x67,0xec,0x67,0xec,0x04,0xc3,0x04,0xbb,0xc6,0x9a,0x25,0xb3,0x27,0xe4,0x67,0xec,0x67,0xe4,
    0x65,0xd3,0xa7,0xcb,0x81,0x30,0xa7,0xc3,0x44,0xcb,0x88,0xec,0x88,0xec,0x05,0xc3,0x85,0xcb,0x27,0xe4,0x88,0xec,0x6a,0xec,0x6a,0xec,0x6a,0xec,0x6a,0xec,0x87,0xec,
    0x88,0xec,0x49,0xd4,0x49,0xd4,0x49,0xd4,0x68,0xec,0x67,0xec,0xaa,0xe4,0x89,0xdc,0xc8,0xaa,0xe9,0xba,0x6c,0xd3,0xcd,0xdc,0x2d,0xf5,0x65,0xc3,0x42,0x59,0x82,0x40,
    0x2a,0xf5,0x2a,0xf5,0x4a,0xf5,0xab,0xe4,0x27,0xab,0xa9,0xec,0x67,0xec,0x67,0xec,0x67,0xec,0x67,0xec,0x40,0x38,0x82,0x38,0x37,0xf7,0x37,0xef,0x37,0xf7,0xd6,0xe6,
    0x23,0x09,0x64,0x11,0x59,0xf7,0x57,0xf7,0x58,0xff,0x37,0xf7,0x37,0xf7,0x37,0xef,0x37,0xf7,0x37,0xf7,0x37,0xf7,0x37,0xf7,0x37,0xf7,0x37,0xef,0xb9,0xff,0x04,0x09,
    0x46,0x32,0x68,0x53,0x68,0x53,0x48,0x4b,0x09,0xa4,0x48,0xcc,0x48,0xcc,0xaa,0xd4,0x68,0x4b,0x48,0x4b,0x48,0x4b,0x48,0x4b,0x48,0x4b,0x48,0x53,0x48,0x53,0x48,0x53,
    0x48,0x53,0x48,0x53,0x48,0x4b,0x48,0x53,0x48,0x53,0x48,0x4b,0x48,0x4b,0x48,0x4b,0x48,0x4b,0x48,0x4b,0x48,0x4b,0x48,0x4b,0x48,0x4b,0x48,0x4b,0x48,0x4b,0x48,0x4b,
    0x48,0x4b,0x28,0x4b,0x28,0x4b,0x28,0x4b,0x27,0x4b,0x28,0x4b,0x27,0x4b,0x27,0x4b,0x27,0x4b,0xe7,0x42,0xa7,0x3a,0x53,0xee,0x33,0xe6,0xd6,0xee,0x17,0xf7,0x18,0xf7,
    0x65,0x11,0x03,0x11,0xf9,0xde,0xf9,0xde,0x19,0xdf,0x19,0xdf,0x19,0xdf,0x19,0xdf,0x19,0xdf,0x19,0xdf,0x19,0xdf,0x19,0xe7,0x19,0xe7,0x19,0xe7,0x19,0xe7,0x19,0xe7,
    0x19,0xe7,0x18,0xe7,0x18,0xef,0x17,0xef,0x37,0xef,0x37,0xf7,0x37,0xf7,0x37,0xf7,0x37,0xf7,0x37,0xff,0x36,0xff,0x36,0xf7,0x36,0xff,0x36,0xff,0x16,0xff,0x03,0x01,
    0x44,0x11,0x4b,0xc4,0x6b,0xc4,0x2d,0xd5,0x2e,0xd5,0x6e,0xdd,0x4f,0xd5,0x4e,0xd5,0x4e,0xd5,0x4e,0xd5,0x4f,0xd5,0x4f,0xd5,0x4f,0xd5,0x6f,0xd5,0x6f,0xd5,0x6f,0xd5,
    0x6f,0xd5,0x6f,0xd5,0x6f,0xd5,0x8f,0xdd,0x6f,0xd5,0x6f,0xd5,0x8f,0xd5,0x6f,0xdd,0x2b,0xbc,0xca,0x93,0x65,0x11,0xa7,0x3a,0x27,0x4b,0x07,0x4b,0x07,0x4b,0x07,0x4b,
    0x27,0x4b,0xe8,0x63,0x52,0xce,0x36,0xff,0x36,0xff,0x36,0xff,0x36,0xff,0x36,0xf7,0x36,0xf7,0x36,0xf7,0x36,0xf7,0x36,0xf7,0x36,0xf7,0x36,0xf7,0x36,0xf7,0x36,0xf7,
    0x36,0xf7,0xf6,0xf6,0x40,0x28,0x61,0x30,0x64,0xcb,0x64,0xcb,0x67,0xe4,0x67,0xe4,0x67,0xe4,0x47,0xe4,0x47,0xe4,0x47,0xe4,0x66,0xe4,0x67,0xec,0x67,0xec,0x67,0xec,
    0x44,0xcb,0x44,0xcb,0x44,0xcb,0xa5,0xd3,0xa5,0xd3,0x66,0xe4,0x67,0xec,0x67,0xec,0x67,0xec,0x67,0xec,0x67,0xec,0x67,0xec,0x67,0xec,0x67,0xec,0x67,0xec,0x65,0xcb,
    0x85,0xcb,0x61,0x30,0x20,0x61,0x86,0xcb,0x47,0xe4,0x46,0xe4,0x65,0xd3,0x87,0xcb,0x81,0x30,0x87,0xc3,0x44,0xcb,0x26,0xe4,0x06,0xdc,0x04,0xbb,0x24,0xbb,0xa6,0xcb,
    0xa8,0xec,0x4e,0xec,0x4e,0xec,0x4e,0xec,0x4e,0xec,0x88,0xec,0x88,0xec,0x88,0xec,0x87,0xec,0x87,0xe4,0x0b,0xed,0x6c,0xf5,0xae,0xf5,0xae,0xf5,0x83,0x79,0x67,0xa2,
    0x4b,0xd3,0x22,0x69,0xa8,0xd3,0x6c,0xed,0x22,0x59,0xa2,0x38,0x6c,0xcc,0xea,0xbb,0x09,0xbc,0xaa,0xab,0x81,0x30,0xea,0xec,0x67,0xec,0x67,0xec,0x67,0xec,0x67,0xec,
    0x40,0x38,0x82,0x38,0x37,0xf7,0x37,0xef,0x37,0xef,0x76,0xc6,0xc7,0x21,0x85,0x11,0xc6,0x19,0xc6,0x19,0x7a,0xf7,0x37,0xf7,0x37,0xef,0x37,0xef,0x37,0xef,0x37,0xf7,
    0x37,0xf7,0x37,0xf7,0x37,0xf7,0x37,0xef,0xb9,0xff,0x24,0x09,0x47,0x32,0x68,0x53,0x48,0x4b,0x48,0x4b,0x29,0x9c,0x48,0xcc,0x49,0xcc,0x69,0xcc,0x48,0x4b,0x48,0x4b,
    0x48,0x4b,0x48,0x4b,0x48,0x4b,0x48,0x53,0x68,0x53,0x48,0x53,0x48,0x53,0x48,0x4b,0x48,0x4b,0x48,0x53,0x48,0x53,0x48,0x4b,0x48,0x53,0x48,0x4b,0x48,0x4b,0x48,0x4b,
    0x48,0x4b,0x48,0x4b,0x48,0x4b,0x48,0x4b,0x48,0x4b,0x48,0x4b,0x48,0x4b,0x28,0x4b,0x28,0x4b,0x28,0x4b,0x27,0x4b,0x27,0x4b,0x27,0x4b,0x28,0x4b,0x27,0x4b,0xe7,0x42,
    0x67,0x32,0x74,0xee,0x94,0xee,0x18,0xf7,0x17,0xf7,0x18,0xf7,0x03,0x09,0x03,0x09,0xf9,0xde,0xf9,0xde,0x19,0xdf,0x19,0xdf,0x19,0xdf,0x19,0xdf,0x19,0xdf,0x19,0xdf,
    0x19,0xdf,0x19,0xe7,0x19,0xe7,0x19,0xe7,0x19,0xe7,0x19,0xe7,0x19,0xe7,0x18,0xe7,0x17,0xef,0x17,0xef,0x17,0xef,0x16,0xf7,0x37,0xf7,0x36,0xf7,0x36,0xf7,0x36,0xf7,
    0x36,0xff,0x36,0xff,0x36,0xff,0x36,0xff,0x16,0xff,0x03,0x01,0x45,0x11,0x4b,0xc4,0x2a,0xbc,0x2d,0xd5,0x4e,0xd5,0x8f,0xd5,0x6f,0xd5,0x4f,0xd5,0x6f,0xd5,0x6f,0xdd,
    0x4f,0xd5,0x6f,0xd5,0x6f,0xd5,0x6f,0xd5,0x6f,0xd5,0x6f,0xd5,0x6f,0xd5,0x4f,0xd5,0x6f,0xd5,0x6f,0xdd,0x8f,0xdd,0x8f,0xdd,0x6f,0xd5,0x6f,0xd5,0x2b,0xbc,0xab,0x93,
    0x65,0x19,0xf0,0xa4,0x77,0xff,0xa5,0x3a,0x47,0x4b,0x07,0x4b,0xe7,0x42,0xe6,0x3a,0x13,0xc6,0x36,0xff,0x36,0xff,0x36,0xf7,0x36,0xf7,0x36,0xf7,0x36,0xf7,0x36,0xf7,
    0x36,0xf7,0x36,0xf7,0x36,0xf7,0x36,0xf7,0x36,0xf7,0x57,0xf7,0xcf,0xac,0x60,0x28,0x09,0xcc,0xc7,0xd3,0x2b,0xf5,0x2a,0xed,0xe9,0xec,0x47,0xdc,0xa5,0xd3,0x82,0xa2,
    0x83,0xa2,0x85,0xd3,0xc5,0xd3,0x67,0xec,0x67,0xec,0x67,0xec,0x67,0xec,0x67,0xec,0x67,0xec,0x67,0xec,0x67,0xec,0x67,0xec,0x67,0xec,0x67,0xec,0x67,0xec,0x67,0xec,
    0x67,0xec,0x67,0xec,0x67,0xec,0x67,0xec,0x67,0xec,0x65,0xcb,0x85,0xcb,0x61,0x30,0x00,0x61,0xa3,0xb2,0x27,0xe4,0x06,0xdc,0x64,0xcb,0x87,0xcb,0x62,0x30,0x40,0x30,
    0x20,0x28,0x64,0x9a,0x44,0x9a,0x0a,0xf5,0xe9,0xec,0x88,0xec,0x88,0xec,0x6d,0xec,0x4e,0xec,0x4e,0xec,0x4e,0xec,0x88,0xec,0x88,0xec,0x88,0xec,0x88,0xe4,0xef,0xfd,
    0xcf,0xf5,0xcf,0xf5,0xae,0xf5,0xae,0xf5,0xce,0xed,0x04,0x72,0xf0,0xf5,0xae,0xf5,0xaf,0xfd,0xad,0xed,0xea,0xec,0xa8,0xec,0x81,0x38,0x81,0x38,0x81,0x30,0x62,0x38,
    0x20,0x30,0xe5,0xba,0xa3,0xb2,0x04,0xc3,0x24,0xc3,0xc5,0xdb,0x40,0x40,0x82,0x38,0x37,0xef,0x37,0xef,0x37,0xf7,0x99,0xf7,0x9a,0xf7,0x9a,0xf7,0xba,0xff,0x9a,0xf7,
    0xf6,0xee,0x57,0xf7,0x37,0xf7,0x37,0xf7,0x37,0xf7,0x37,0xf7,0x37,0xf7,0x37,0xf7,0x17,0xef,0x17,0xef,0xb9,0xff,0x45,0x11,0x67,0x32,0x48,0x53,0x69,0x53,0x48,0x4b,
    0x29,0x9c,0x49,0xcc,0x69,0xcc,0x69,0xcc,0x48,0x4b,0x48,0x4b,0x48,0x4b,0x48,0x4b,0x48,0x53,0x48,0x53,0x48,0x4b,0x48,0x53,0x48,0x53,0x48,0x53,0x48,0x53,0x48,0x53,
    0x68,0x53,0x68,0x53,0x48,0x53,0x48,0x53,0x48,0x4b,0x48,0x4b,0x28,0x4b,0x48,0x4b,0x48,0x53,0x48,0x53,0x48,0x4b,0x48,0x4b,0x48,0x4b,0x28,0x4b,0x28,0x4b,0x28,0x4b,
    0x28,0x4b,0x28,0x4b,0x28,0x4b,0x28,0x4b,0x28,0x4b,0xe8,0x42,0xa7,0x3a,0xf2,0xdd,0xd2,0xd5,0xf6,0xf6,0x16,0xf7,0xb1,0xdd,0x65,0x19,0x03,0x09,0xf9,0xe6,0xf9,0xde,
    0xf9,0xe6,0x19,0xdf,0x19,0xdf,0x19,0xdf,0x19,0xdf,0x19,0xdf,0x19,0xdf,0x19,0xe7,0x19,0xe7,0x19,0xe7,0x19,0xe7,0x19,0xe7,0x19,0xe7,0x18,0xe7,0x18,0xef,0x17,0xef,
    0x17,0xef,0x16,0xf7,0x17,0xf7,0x37,0xf7,0x36,0xf7,0x36,0xf7,0x36,0xff,0x36,0xff,0x36,0xff,0x36,0xf7,0x16,0xf7,0x03,0x09,0x45,0x11,0x4b,0xc4,0x2a,0xbc,0x2d,0xd5,
    0x4e,0xd5,0x8f,0xdd,0x6f,0xd5,0x6f,0xd5,0x6f,0xdd,0x6f,0xdd,0x8f,0xdd,0x6f,0xd5,0x6f,0xd5,0x6f,0xd5,0x6f,0xd5,0x6f,0xd5,0x8f,0xd5,0x6f,0xdd,0x4f,0xd5,0x6f,0xd5,
    0x6f,0xd5,0x6f,0xd5,0x6f,0xd5,0x8f,0xdd,0x4b,0xbc,0xab,0x93,0x65,0x19,0xef,0xa4,0x56,0xff,0xa5,0x3a,0x27,0x43,0x07,0x4b,0xe7,0x42,0x08,0x43,0xf2,0xbd,0x37,0xff,
    0x36,0xff,0x36,0xff,0x36,0xf7,0x36,0xf7,0x36,0xf7,0x36,0xf7,0x36,0xf7,0x36,0xf7,0x36,0xf7,0x36,0xf7,0x36,0xf7,0x37,0xf7,0x4e,0x9c,0x81,0x38,0xe8,0xd3,0x85,0xcb,
    0x0a,0xed,0x0a,0xed,0x0a,0xed,0x67,0xe4,0xa5,0xd3,0xa4,0xa2,0xa4,0xaa,0xa4,0xd3,0xc5,0xd3,0x67,0xec,0x67,0xec,0x68,0xec,0x67,0xec,0x67,0xe4,0x66,0xe4,0x66,0xe4,
    0x66,0xec,0x67,0xec,0x67,0xec,0x67,0xec,0x67,0xec,0x67,0xec,0x67,0xec,0x67,0xec,0x67,0xec,0x67,0xec,0x68,0xec,0x65,0xd3,0x85,0xcb,0x61,0x38,0x01,0x61,0xc4,0xb2,
    0x27,0xe4,0x06,0xe4,0x84,0xd3,0xa8,0xcb,0x61,0x28,0x07,0xab,0xa4,0xa2,0x89,0xec,0xc9,0xec,0xc9,0xec,0xa9,0xec,0xa8,0xe4,0x88,0xec,0x88,0xec,0x88,0xec,0x88,0xec,
    0x88,0xec,0x87,0xec,0x88,0xec,0x87,0xec,0x88,0xe4,0xef,0xf5,0xcf,0xf5,0xce,0xed,0xae,0xf5,0xf0,0xf5,0x00,0x20,0x20,0x28,0xb0,0xed,0xae,0xf5,0xce,0xed,0xce,0xf5,
    0xa9,0xe4,0x88,0xec,0xc3,0x69,0xe3,0x71,0xc3,0x71,0xe1,0x81,0x47,0xec,0x45,0xcb,0x64,0xcb,0xe4,0xc2,0xe3,0xba,0xc6,0xdb,0x60,0x48,0xa2,0x38,0x37,0xef,0x37,0xef,
    0x37,0xf7,0x57,0xf7,0x38,0xef,0x37,0xef,0x38,0xef,0x38,0xef,0x37,0xef,0x38,0xf7,0x37,0xf7,0x37,0xf7,0x37,0xf7,0x37,0xf7,0x37,0xf7,0x37,0xf7,0x17,0xef,0x17,0xef,
    0xb9,0xff,0x45,0x11,0x67,0x32,0x68,0x53,0x69,0x53,0x48,0x4b,0x08,0x9c,0x28,0xcc,0x28,0xcc,0x49,0xcc,0x48,0x4b,0x48,0x4b,0x48,0x4b,0x48,0x4b,0x48,0x4b,0x68,0x53,
    0x48,0x53,0x48,0x4b,0x48,0x4b,0x48,0x4b,0x48,0x4b,0x48,0x53,0x48,0x53,0x68,0x53,0x48,0x53,0x48,0x53,0x28,0x4b,0x48,0x4b,0x48,0x4b,0x48,0x4b,0x48,0x53,0x48,0x53,
    0x48,0x4b,0x48,0x4b,0x48,0x4b,0x28,0x4b,0x28,0x4b,0x28,0x4b,0x27,0x4b,0x28,0x4b,0x28,0x4b,0x28,0x4b,0x28,0x4b,0xe7,0x42,0xa7,0x3a,0xd1,0xdd,0xf2,0xd5,0xf6,0xee,
    0x16,0xf7,0xd1,0xdd,0xe3,0x08,0xe3,0x08,0xf9,0xde,0xf9,0xe6,0xf9,0xe6,0x19,0xdf,0x19,0xe7,0x19,0xdf,0x19,0xdf,0x19,0xdf,0x19,0xdf,0x19,0xe7,0x19,0xe7,0x19,0xe7,
    0x19,0xe7,0x19,0xe7,0x19,0xe7,0x18,0xe7,0x18,0xef,0x17,0xef,0x17,0xef,0x16,0xf7,0x17,0xf7,0x37,0xf7,0x36,0xf7,0x36,0xf7,0x36,0xf7,0x36,0xf7,0x36,0xff,0x36,0xff,
    0x16,0xff,0x23,0x09,0x45,0x11,0x6b,0xc4,0x4a,0xbc,0x2e,0xd5,0x4e,0xd5,0x6f,0xd5,0x6f,0xd5,0x8f,0xd5,0x06,0x42,0x23,0x11,0xad,0xac,0x4f,0xd5,0x4f,0xd5,0x6f,0xd5,
    0x6f,0xd5,0x90,0xd5,0xab,0x83,0x45,0x11,0xcb,0x8b,0x6f,0xd5,0x8f,0xdd,0x90,0xd5,0x90,0xd5,0x8f,0xdd,0x4b,0xbc,0xab,0x93,0x65,0x19,0xef,0xa4,0x56,0xff,0x56,0xff,
    0x36,0xf7,0x28,0x4b,0x07,0x53,0x56,0xff,0x36,0xff,0x36,0xff,0x36,0xff,0x36,0xff,0x36,0xff,0x36,0xff,0x36,0xff,0x36,0xff,0x36,0xf7,0x36,0xf7,0x36,0xf7,0x36,0xf7,
    0x36,0xf7,0x36,0xf7,0xcc,0x8b,0x82,0x38,0x2d,0xf5,0xc9,0xec,0x0a,0xed,0x0a,0xed,0x84,0xd3,0x04,0xbb,0xa4,0xb2,0x81,0x30,0x61,0x30,0x04,0xbb,0x05,0xb3,0xe6,0xd3,
    0x85,0xd3,0x84,0xd3,0x67,0xe4,0x67,0xec,0x67,0xec,0x67,0xec,0x67,0xec,0x85,0xd3,0x86,0xd3,0x65,0xcb,0x65,0xcb,0x64,0xcb,0x65,0xcb,0x45,0xcb,0x45,0xcb,0x45,0xcb,
    0x45,0xcb,0x44,0xc3,0x45,0xc3,0x82,0x30,0x21,0x61,0xc4,0xb2,0x27,0xe4,0x06,0xdc,0x65,0xcb,0x04,0xc3,0x04,0xbb,0x80,0x48,0x82,0x38,0x66,0xb3,0x66,0xbb,0x4c,0xed,
    0xea,0xe4,0x88,0xec,0x88,0xec,0x87,0xec,0x87,0xec,0x87,0xec,0x88,0xec,0xa7,0xec,0x87,0xec,0xcf,0xf5,0xcf,0xf5,0xcf,0xf5,0xee,0xf5,0xef,0xf5,0xa3,0x38,0x41,0x30,
    0x0c,0xd5,0xef,0xed,0x60,0x38,0x10,0xf6,0xce,0xf5,0xee,0xf5,0xce,0xf5,0x67,0xec,0x87,0xec,0x88,0xec,0x87,0xec,0x88,0xec,0x88,0xec,0x67,0xec,0x67,0xec,0x67,0xec,
    0x88,0xec,0x04,0xbb,0x80,0x48,0x82,0x38,0x37,0xef,0x17,0xef,0x37,0xef,0x37,0xef,0x37,0xef,0x37,0xef,0x37,0xf7,0x37,0xf7,0x38,0xf7,0x37,0xf7,0x37,0xef,0x37,0xef,
    0x37,0xef,0x37,0xef,0x37,0xef,0x17,0xef,0x37,0xef,0xf7,0xee,0xba,0xff,0x66,0x11,0x27,0x2a,0xc7,0x3a,0xa7,0x3a,0xa7,0x3a,0x08,0x73,0x06,0x9b,0x6a,0xcc,0x48,0xcc,
    0xa6,0x42,0xa7,0x42,0xc7,0x3a,0xc7,0x3a,0xc7,0x3a,0xc7,0x3a,0xa7,0x3a,0xa7,0x3a,0xa7,0x3a,0xa7,0x3a,0xa7,0x3a,0xa7,0x3a,0xa7,0x3a,0xc7,0x3a,0xc7,0x3a,0xa7,0x3a,
    0x87,0x3a,0xa7,0x3a,0xa7,0x3a,0xa7,0x3a,0xa7,0x3a,0xa7,0x3a,0xa7,0x3a,0xa7,0x3a,0xa7,0x3a,0xa7,0x3a,0x87,0x3a,0x87,0x3a,0x87,0x3a,0x87,0x3a,0xa7,0x3a,0xa7,0x3a,
    0xa7,0x3a,0x87,0x32,0x45,0x2a,0x8c,0xc4,0x8c,0xbc,0xcd,0xc4,0xcd,0xc4,0xad,0xc4,0xa6,0x42,0xc6,0x3a,0x64,0x11,0x32,0x9d,0xd8,0xde,0x19,0xdf,0x19,0xe7,0x19,0xdf,
    0x19,0xdf,0x19,0xe7,0x19,0xe7,0x19,0xe7,0x19,0xe7,0x19,0xe7,0x19,0xe7,0x19,0xe7,0x19,0xe7,0x18,0xe7,0x18,0xef,0x17,0xef,0x17,0xef,0x16,0xf7,0x17,0xf7,0x37,0xf7,
    0x36,0xf7,0x36,0xf7,0x36,0xf7,0x36,0xf7,0x36,0xff,0x56,0xff,0x36,0xff,0x23,0x09,0x45,0x11,0x6b,0xc4,0x4a,0xbc,0x2e,0xd5,0x4e,0xd5,0x8f,0xdd,0x6f,0xd5,0x6f,0xd5,
    0x27,0x42,0x44,0x11,0xad,0xac,0x4f,0xd5,0x4f,0xd5,0x6f,0xd5,0x4f,0xd5,0x90,0xd5,0x29,0x73,0x65,0x19,0x0c,0x94,0x8f,0xd5,0x6f,0xdd,0x8f,0xd5,0x90,0xd5,0x8f,0xdd,
    0x2b,0xbc,0xaa,0x93,0x65,0x11,0x10,0xa5,0x36,0xf7,0x56,0xf7,0xb8,0xff,0x47,0x53,0x07,0x5b,0x57,0xf7,0x56,0xff,0x36,0xff,0x36,0xff,0x36,0xff,0x36,0xf7,0x36,0xf7,
    0x36,0xff,0x36,0xff,0x36,0xf7,0x37,0xf7,0x37,0xf7,0x36,0xf7,0x36,0xf7,0x36,0xf7,0xec,0x93,0x82,0x38,0x0c,0xed,0xe9,0xec,0x0b,0xf5,0x2b,0xf5,0xa5,0xd3,0xe3,0xba,
    0xc3,0xb2,0x40,0x30,0x40,0x30,0x04,0xbb,0x44,0xc3,0x06,0xdc,0xc5,0xdb,0x85,0xd3,0x67,0xec,0x67,0xec,0x67,0xec,0x87,0xec,0x88,0xec,0x85,0xd3,0x85,0xcb,0x85,0xcb,
    0x65,0xcb,0x65,0xcb,0x65,0xcb,0x65,0xd3,0x65,0xcb,0x44,0xcb,0x65,0xcb,0x65,0xcb,0x86,0xcb,0x82,0x38,0x01,0x61,0xc4,0xb2,0x03,0xbb,0x04,0xbb,0xe4,0xba,0xe4,0xba,
    0xe4,0xba,0x40,0x40,0x62,0x38,0x87,0xbb,0x86,0xbb,0x8e,0xed,0x2b,0xed,0x88,0xec,0x67,0xe4,0x67,0xec,0x67,0xec,0x67,0xec,0x67,0xec,0x67,0xec,0x88,0xe4,0xef,0xf5,
    0xcf,0xf5,0xef,0xf5,0xee,0xf5,0xce,0xf5,0x41,0x30,0x20,0x30,0xef,0xf5,0xef,0xf5,0x40,0x30,0x10,0xf6,0xef,0xf5,0x0f,0xf6,0xcf,0xf5,0x47,0xe4,0x87,0xec,0x87,0xec,
    0x87,0xec,0x6c,0xec,0x4e,0xec,0x4e,0xec,0x46,0xe4,0x67,0xec,0x88,0xec,0x04,0xbb,0x80,0x48,0xa2,0x40,0x79,0xff,0x79,0xff,0x57,0xf7,0x37,0xef,0x37,0xef,0x37,0xef,
    0x37,0xf7,0x37,0xef,0x37,0xef,0x37,0xef,0x37,0xef,0x37,0xef,0x37,0xef,0x37,0xef,0x37,0xf7,0xf6,0xee,0x58,0xef,0x37,0xef,0xba,0xff,0x45,0x11,0xe6,0x21,0x87,0x3a,
    0xa8,0x3a,0xa8,0x3a,0x28,0x73,0x88,0x9b,0x6b,0xc4,0x4a,0xc4,0xa7,0x4a,0xc7,0x3a,0xa7,0x3a,0xa7,0x3a,0xa8,0x3a,0xa8,0x3a,0xa8,0x3a,0xa7,0x3a,0xa7,0x3a,0xa7,0x3a,
    0xa8,0x3a,0xa8,0x3a,0xc7,0x3a,0xa7,0x3a,0xa7,0x3a,0xa7,0x3a,0xa7,0x3a,0xa7,0x3a,0x87,0x3a,0x87,0x3a,0xa7,0x3a,0xa7,0x3a,0xa7,0x3a,0xa7,0x3a,0xa7,0x3a,0xa7,0x3a,
    0x87,0x3a,0x87,0x3a,0xa7,0x3a,0xa7,0x3a,0x87,0x3a,0xa7,0x3a,0x87,0x32,0x67,0x32,0x66,0x32,0xad,0xbc,0x8d,0xbc,0xee,0xc4,0xee,0xc4,0xcd,0xbc,0x86,0x3a,0xa7,0x3a,
    0x86,0x19,0x54,0x95,0x3a,0xdf,0x5a,0xe7,0xd8,0xd6,0x19,0xdf,0x19,0xdf,0x19,0xe7,0x19,0xe7,0x19,0xe7,0x19,0xe7,0x19,0xe7,0x19,0xe7,0x19,0xe7,0x19,0xe7,0x18,0xe7,
    0x18,0xe7,0x17,0xef,0x17,0xef,0x16,0xf7,0x16,0xf7,0x16,0xf7,0x16,0xf7,0x36,0xf7,0x36,0xf7,0x36,0xff,0x36,0xff,0x36,0xf7,0x36,0xff,0x03,0x09,0x65,0x11,0x6b,0xc4,
    0x6b,0xc4,0x4e,0xd5,0x6f,0xd5,0x8f,0xd5,0x8f,0xd5,0x8f,0xd5,0xee,0xb4,0xce,0xb4,0x6f,0xcd,0xd0,0xdd,0x6f,0xd5,0xe3,0x08,0x4d,0xa4,0x70,0xd5,0x6f,0xc5,0xce,0xb4,
    0x2e,0xc5,0x6f,0xd5,0x8f,0xdd,0x90,0xd5,0x90,0xd5,0x90,0xdd,0x4b,0xbc,0xcb,0x93,0x44,0x11,0x0f,0xa5,0x36,0xf7,0x36,0xff,0x56,0xff,0x36,0xff,0x16,0xf7,0x36,0xf7,
    0x36,0xf7,0x36,0xff,0x36,0xff,0x36,0xff,0x36,0xff,0x36,0xf7,0x36,0xff,0x36,0xff,0x77,0xff,0x37,0xff,0x36,0xf7,0x36,0xff,0x36,0xf7,0x36,0xf7,0xac,0x8b,0xa2,0x38,
    0xeb,0xec,0xc9,0xec,0x65,0xcb,0x65,0xd3,0x64,0xcb,0x85,0xd3,0x65,0xd3,0x6b,0xf5,0x4b,0xed,0xa2,0x30,0x81,0x38,0x81,0x30,0xc6,0xcb,0x65,0xcb,0xa5,0xd3,0x85,0xd3,
    0x85,0xd3,0x85,0xd3,0xa5,0xd3,0xc4,0xb2,0x05,0xbb,0x81,0x30,0x81,0x38,0x81,0x38,0x81,0x38,0x82,0x38,0x81,0x38,0x81,0x38,0x81,0x38,0x81,0x30,0x81,0x38,0x61,0x30,
    0x21,0x61,0xc4,0xb2,0x04,0xc3,0x04,0xc3,0xe4,0xba,0x04,0xbb,0xc4,0xb2,0xa4,0xb2,0xa4,0xb2,0x61,0x30,0x81,0x30,0x8a,0xd4,0x8a,0xd4,0xca,0xdc,0xef,0xf5,0xcf,0xf5,
    0xcf,0xf5,0xcf,0xf5,0xcf,0xf5,0xcf,0xf5,0xcf,0xf5,0xef,0xf5,0xcf,0xf5,0xcf,0xf5,0xcf,0xf5,0xee,0xf5,0xcf,0xf5,0xee,0xf5,0xef,0xf5,0xef,0xed,0xef,0xf5,0x81,0x38,
    0x40,0x30,0xef,0xf5,0xef,0xf5,0xce,0xf5,0x87,0xe4,0x87,0xec,0x88,0xec,0x6b,0xec,0x4e,0xec,0x4e,0xec,0x2f,0xec,0x47,0xe4,0x47,0xe4,0x47,0xec,0x80,0x48,0xc2,0x40,
    0xe2,0x38,0xc3,0x40,0x82,0x38,0x17,0xf7,0x37,0xef,0x37,0xf7,0x38,0xf7,0x38,0xef,0x37,0xef,0x37,0xef,0x37,0xef,0x37,0xef,0x37,0xef,0x17,0xef,0xf6,0xe6,0xaa,0x6b,
    0xa5,0x19,0x86,0x19,0x65,0x19,0x86,0x19,0x45,0x19,0x45,0x11,0x85,0x11,0x85,0x19,0x85,0x21,0x65,0x19,0x65,0x19,0x65,0x19,0x66,0x19,0x65,0x19,0x65,0x19,0x65,0x11,
    0x65,0x19,0x65,0x19,0x65,0x19,0x65,0x19,0x65,0x19,0x65,0x19,0x65,0x11,0x65,0x19,0x65,0x19,0x66,0x19,0x66,0x19,0x65,0x19,0x65,0x19,0x65,0x19,0x65,0x19,0x65,0x19,
    0x85,0x19,0x65,0x19,0x65,0x19,0x65,0x19,0x65,0x19,0x65,0x19,0x85,0x19,0x65,0x19,0x65,0x19,0x65,0x19,0x65,0x19,0x66,0x11,0x65,0x11,0x45,0x11,0x65,0x11,0x45,0x11,
    0x45,0x19,0x65,0x19,0x45,0x19,0x65,0x19,0x66,0x11,0x86,0x19,0x66,0x19,0xc7,0x21,0x45,0x11,0xd9,0xd6,0x19,0xdf,0xf9,0xde,0x19,0xdf,0x19,0xdf,0x19,0xdf,0x19,0xe7,
    0x19,0xe7,0x19,0xe7,0x19,0xe7,0x19,0xe7,0x19,0xe7,0x18,0xe7,0x18,0xe7,0x18,0xef,0x18,0xef,0x17,0xf7,0x16,0xf7,0x17,0xf7,0x37,0xf7,0x36,0xf7,0x36,0xf7,0x37,0xf7,
    0x56,0xff,0x36,0xf7,0x36,0xf7,0xe3,0x08,0x45,0x11,0x6b,0xc4,0x6b,0xc4,0x4e,0xd5,0x6f,0xd5,0x8f,0xd5,0x8f,0xd5,0x8f,0xd5,0x90,0xd5,0x6f,0xd5,0x90,0xd5,0x6c,0x9c,
    0x11,0xee,0x86,0x11,0x4d,0x9c,0x4f,0xcd,0x4c,0x9c,0x90,0xd5,0xb0,0xdd,0x90,0xd5,0x90,0xd5,0x8f,0xd5,0x90,0xd5,0x90,0xdd,0x4b,0xbc,0xcb,0x93,0x44,0x11,0xef,0x9c,
    0x56,0xf7,0x36,0xff,0x36,0xff,0x36,0xff,0x36,0xf7,0x36,0xf7,0x36,0xf7,0x36,0xf7,0x36,0xff,0x36,0xff,0x36,0xff,0x36,0xf7,0x36,0xff,0x36,0xff,0x36,0xf7,0x0c,0x74,
    0x2d,0x7c,0x2d,0x7c,0x0d,0x7c,0x2d,0x7c,0x68,0x52,0x82,0x38,0x4a,0xdc,0x27,0xdc,0x85,0xd3,0x85,0xd3,0x85,0xd3,0x07,0xdc,0x68,0xdc,0x6c,0xf5,0x6c,0xf5,0xa5,0x8a,
    0xe7,0x9a,0xe4,0x81,0x03,0x8a,0xe3,0x79,0x23,0x8a,0x23,0x8a,0x03,0x82,0xe2,0x81,0xe2,0x81,0xa2,0x71,0xa3,0x71,0x24,0x82,0x08,0x9b,0x48,0x9b,0x48,0xa3,0x48,0xa3,
    0x24,0x8a,0x04,0x82,0x04,0x8a,0xe3,0x81,0x45,0x8a,0x82,0x38,0x01,0x61,0xc4,0xb2,0x04,0xc3,0x04,0xc3,0xc6,0xd3,0x48,0xec,0x44,0xcb,0xc3,0xb2,0xc4,0xb2,0x42,0x61,
    0x63,0x61,0x85,0x8a,0x47,0xa3,0x69,0xd4,0x6d,0xed,0x6d,0xed,0x4c,0xe5,0x8d,0xed,0xcf,0xf5,0xcf,0xf5,0xef,0xf5,0xef,0xf5,0xcf,0xf5,0xcf,0xf5,0xce,0xf5,0xcf,0xf5,
    0xcf,0xf5,0xef,0xf5,0xef,0xf5,0xef,0xf5,0xce,0xf5,0x08,0x93,0x08,0x93,0xcf,0xf5,0xcf,0xf5,0xce,0xf5,0x2b,0xf5,0x2b,0xed,0x88,0xec,0x6a,0xec,0x4d,0xec,0x4d,0xec,
    0x6b,0xec,0x89,0xe4,0xa9,0xe4,0x85,0xcb,0x60,0x40,0xa2,0x38,0x17,0xef,0x18,0xf7,0x47,0x62,0x17,0xf7,0x37,0xef,0x37,0xef,0x38,0xef,0x38,0xef,0x37,0xef,0x37,0xef,
    0x37,0xf7,0x37,0xf7,0x37,0xef,0xb5,0xde,0xab,0x73,0xaa,0x73,0xc9,0x8b,0x88,0x8b,0x68,0x83,0x69,0x83,0x89,0x83,0x8d,0x9c,0xae,0x9c,0xae,0xa4,0xca,0x8b,0x49,0x7b,
    0x28,0x7b,0x28,0x7b,0x48,0x7b,0x28,0x7b,0x49,0x83,0x48,0x7b,0x48,0x7b,0x68,0x83,0x48,0x83,0x49,0x83,0x48,0x83,0x28,0x7b,0x08,0x7b,0x28,0x7b,0x28,0x7b,0x28,0x7b,
    0x28,0x7b,0x28,0x7b,0x28,0x7b,0x28,0x7b,0x28,0x7b,0x49,0x7b,0x29,0x83,0x49,0x83,0x29,0x83,0x28,0x7b,0x28,0x7b,0x48,0x7b,0x49,0x7b,0x48,0x7b,0x28,0x7b,0x49,0x7b,
    0x49,0x83,0x49,0x83,0x49,0x83,0x08,0x7b,0x07,0x7b,0x28,0x8b,0x28,0x7b,0xaf,0x9c,0x8f,0x94,0x8f,0x94,0xcf,0x9c,0xae,0x94,0xe8,0x7a,0x09,0x7b,0x66,0x11,0xd8,0xd6,
    0xf9,0xe6,0x19,0xdf,0x19,0xdf,0x19,0xdf,0x19,0xdf,0x19,0xe7,0x19,0xe7,0x19,0xe7,0x19,0xe7,0x19,0xe7,0x19,0xe7,0x18,0xe7,0x18,0xe7,0x18,0xef,0x18,0xef,0x17,0xef,
    0x37,0xef,0x17,0xef,0x17,0xf7,0x36,0xf7,0x36,0xf7,0x37,0xff,0x36,0xff,0x36,0xf7,0x36,0xf7,0xc2,0x00,0x45,0x11,0x6b,0xc4,0x6b,0xc4,0x4e,0xd5,0x6f,0xd5,0x90,0xd5,
    0x90,0xd5,0x90,0xd5,0x90,0xd5,0x6f,0xdd,0x91,0xcd,0x23,0x11,0x24,0x09,0x71,0xcd,0x64,0x19,0x45,0x09,0x0b,0x8c,0x8f,0xd5,0x8f,0xd5,0x90,0xd5,0x90,0xd5,0x8f,0xd5,
    0x90,0xd5,0x90,0xdd,0x6b,0xbc,0xcb,0x93,0x44,0x11,0x0f,0xa5,0x56,0xf7,0x36,0xff,0x36,0xff,0x36,0xff,0x36,0xf7,0x36,0xf7,0x36,0xf7,0x36,0xf7,0x36,0xf7,0x36,0xff,
    0x36,0xff,0x36,0xff,0x36,0xff,0x36,0xff,0x15,0xef,0x04,0x09,0x45,0x11,0x65,0x19,0x65,0x19,0x65,0x19,0x65,0x29,0x61,0x38,0xc8,0xcb,0xa5,0xd3,0xa5,0xd3,0xa5,0xd3,
    0x84,0xd3,0x89,0xe4,0x4c,0xed,0x4c,0xed,0x4b,0xf5,0x4b,0xed,0x2b,0xed,0x44,0xc3,0x40,0x38,0x82,0x30,0x81,0x30,0x82,0x38,0x62,0x38,0x62,0x38,0x61,0x30,0x81,0x30,
    0x40,0x30,0xe6,0xdb,0x6c,0xf5,0x8d,0xf5,0x6c,0xf5,0x6c,0xed,0x44,0xcb,0x44,0xcb,0x44,0xcb,0xe4,0xba,0x04,0xbb,0x61,0x30,0x01,0x61,0xc4,0xb2,0x25,0xc3,0x04,0xc3,
    0x47,0xe4,0xe6,0xdb,0x64,0xd3,0xe4,0xba,0xc4,0xba,0x84,0xa2,0x64,0xa2,0x61,0x30,0x42,0x59,0xe8,0xc3,0x0c,0xe5,0xeb,0xe4,0xeb,0xdc,0x2c,0xe5,0xcf,0xed,0xcf,0xf5,
    0xcf,0xf5,0xef,0xf5,0xcf,0xf5,0xcf,0xf5,0xef,0xf5,0xcf,0xf5,0xcf,0xf5,0xcf,0xf5,0xef,0xf5,0xef,0xf5,0xef,0xf5,0xcf,0xf5,0xef,0xf5,0xce,0xf5,0xcf,0xf5,0xce,0xf5,
    0xee,0xf5,0xce,0xf5,0x88,0xec,0x88,0xec,0x87,0xec,0xa7,0xec,0x88,0xec,0xea,0xe4,0x0b,0xed,0x05,0xbb,0x60,0x40,0x82,0x38,0x17,0xef,0x37,0xef,0x58,0xf7,0x17,0xef,
    0x37,0xef,0x37,0xef,0x38,0xef,0x38,0xef,0x37,0xef,0x37,0xef,0x37,0xef,0x38,0xf7,0x37,0xef,0xb6,0xd6,0x85,0x11,0x67,0x83,0x0a,0xdd,0x68,0xd4,0x68,0xcc,0x68,0xcc,
    0x89,0xcc,0x71,0xee,0xb2,0xf6,0x71,0xee,0xcb,0xcc,0x48,0xc4,0x48,0xcc,0x48,0xcc,0x48,0xcc,0x48,0xcc,0x69,0xcc,0x48,0xcc,0x48,0xcc,0x48,0xcc,0x48,0xcc,0x48,0xcc,
    0x48,0xcc,0x48,0xcc,0x48,0xc4,0x48,0xcc,0x48,0xcc,0x48,0xcc,0x48,0xcc,0x48,0xcc,0x49,0xcc,0x48,0xcc,0x48,0xcc,0x48,0xc4,0x48,0xcc,0x49,0xcc,0x28,0xcc,0x29,0xcc,
    0x29,0xcc,0x49,0xcc,0x49,0xcc,0x49,0xc4,0x49,0xc4,0x49,0xc4,0x49,0xcc,0x29,0xc4,0x28,0xc4,0x28,0xc4,0x08,0xc4,0x49,0xcc,0x52,0xee,0xb5,0xe6,0x74,0xe6,0x74,0xe6,
    0x74,0xe6,0x74,0xee,0x08,0xcc,0xea,0xbb,0x87,0x11,0xd8,0xd6,0xf9,0xde,0xf9,0xde,0x19,0xdf,0x19,0xdf,0x19,0xdf,0x19,0xe7,0x19,0xe7,0x19,0xe7,0x19,0xe7,0x19,0xe7,
    0x19,0xe7,0x18,0xe7,0x18,0xe7,0x18,0xef,0x18,0xef,0x17,0xef,0x17,0xef,0x17,0xef,0x37,0xf7,0x37,0xf7,0x36,0xf7,0x37,0xf7,0x36,0xf7,0x36,0xf7,0x16,0xf7,0xe3,0x00,
    0x25,0x11,0x6b,0xbc,0x6b,0xc4,0x4e,0xd5,0x6f,0xd5,0x90,0xd5,0x6f,0xd5,0x6f,0xd5,0x6f,0xd5,0x70,0xd5,0x90,0xd5,0x50,0xc5,0x51,0xcd,0x4f,0xd5,0x6f,0xcd,0x0f,0xbd,
    0x6f,0xd5,0x8f,0xd5,0x90,0xd5,0x90,0xd5,0x90,0xd5,0x90,0xd5,0x90,0xd5,0x8f,0xdd,0x6b,0xbc,0xeb,0x93,0x44,0x11,0x51,0xad,0x36,0xf7,0x36,0xff,0x36,0xff,0x36,0xff,
    0x36,0xf7,0x36,0xf7,0x36,0xf7,0x36,0xf7,0x36,0xf7,0x37,0xff,0x36,0xf7,0x15,0xf7,0x02,0x11,0x02,0x11,0x03,0x09,0xac,0x84,0x6b,0x7c,0x6b,0x7c,0x8b,0x7c,0x8b,0x7c,
    0x8a,0x73,0x61,0x38,0x06,0xb3,0xc4,0xb2,0xa5,0xd3,0xa5,0xd3,0x4b,0xf5,0x4c,0xf5,0x4c,0xed,0x4c,0xf5,0x4c,0xed,0x65,0xcb,0x44,0xcb,0x65,0xd3,0xa6,0xd3,0xc7,0xd3,
    0xce,0xf5,0xae,0xf5,0x8d,0xf5,0xc7,0xd3,0xc6,0xd3,0xc7,0xd3,0xc6,0xdb,0xad,0xfd,0xad,0xf5,0x8c,0xf5,0x44,0xc3,0x24,0xc3,0x44,0xcb,0x44,0xcb,0x44,0xcb,0x44,0xcb,
    0x24,0xcb,0x25,0xc3,0x45,0x8a,0x60,0x30,0xc4,0xb2,0xa4,0xaa,0x84,0xd3,0x84,0xd3,0x84,0xd3,0x68,0xec,0x67,0xec,0x27,0xe4,0x47,0xe4,0x45,0xbb,0x43,0x8a,0x61,0x38,
    0x61,0x30,0x81,0x38,0x61,0x38,0x81,0x38,0x61,0x30,0x8a,0xcc,0x69,0xd4,0xaa,0xdc,0xca,0xdc,0xcb,0xdc,0xca,0xdc,0xeb,0xdc,0x60,0x30,0x60,0x30,0x81,0x38,0x60,0x30,
    0x61,0x30,0x61,0x30,0x60,0x28,0xef,0xf5,0xcf,0xf5,0xcf,0xf5,0xce,0xf5,0xce,0xf5,0xce,0xf5,0xae,0xfd,0x88,0xe4,0x89,0xe4,0xa9,0xec,0x06,0xab,0x47,0xab,0x61,0x38,
    0x65,0x39,0x85,0x29,0x56,0xc6,0x96,0xd6,0x17,0xef,0x38,0xef,0x38,0xef,0x38,0xef,0x38,0xef,0x38,0xef,0x38,0xef,0x58,0xef,0x37,0xef,0x38,0xf7,0x23,0x11,0x02,0x19,
    0x69,0x93,0x67,0x9b,0x67,0xab,0x67,0xab,0x88,0xb3,0x90,0xed,0x11,0xee,0x31,0xe6,0xd0,0xdd,0x47,0x9b,0x06,0x93,0x48,0xa3,0x27,0xa3,0x27,0xa3,0x27,0xa3,0x27,0xa3,
    0x27,0xa3,0x27,0xa3,0x27,0xa3,0x27,0xa3,0x27,0xa3,0x27,0xa3,0x27,0xa3,0x27,0xa3,0x27,0xa3,0x47,0xa3,0x47,0xa3,0x47,0xa3,0x47,0xa3,0x27,0x9b,0x47,0xa3,0x47,0xa3,
    0x27,0x9b,0x27,0x9b,0x27,0x9b,0x27,0x9b,0x47,0x9b,0x47,0x9b,0x47,0x9b,0x47,0x9b,0x27,0x9b,0x07,0x9b,0x27,0x9b,0x27,0x9b,0x27,0xa3,0x27,0x9b,0x27,0x9b,0x27,0x9b,
    0x27,0x9b,0x90,0xdd,0xb5,0xee,0x95,0xee,0x95,0xee,0x95,0xee,0x70,0xd5,0x90,0xd5,0x87,0x62,0xa8,0x62,0x86,0x21,0xf8,0xd6,0x19,0xe7,0x19,0xdf,0xf9,0xe6,0x19,0xdf,
    0x19,0xdf,0x19,0xe7,0x19,0xe7,0x19,0xe7,0x19,0xe7,0x19,0xe7,0x19,0xe7,0x18,0xe7,0x18,0xe7,0x18,0xef,0x18,0xef,0x17,0xef,0x17,0xef,0x17,0xef,0x17,0xf7,0x17,0xf7,
    0x37,0xf7,0x37,0xf7,0x36,0xf7,0x36,0xf7,0x16,0xf7,0xe2,0x00,0x24,0x11,0x6b,0xc4,0x6b,0xbc,0x4e,0xd5,0x6f,0xd5,0x90,0xd5,0x6f,0xd5,0x6f,0xd5,0x6f,0xd5,0x6f,0xd5,
    0x70,0xcd,0x90,0xd5,0x90,0xd5,0x90,0xd5,0x90,0xdd,0x6f,0xd5,0x90,0xd5,0x6f,0xd5,0x90,0xd5,0x90,0xd5,0x90,0xd5,0x90,0xd5,0x90,0xd5,0x8f,0xdd,0x6b,0xbc,0xcb,0x9b,
    0x44,0x09,0x71,0xad,0x56,0xf7,0x36,0xff,0x36,0xff,0x36,0xff,0x36,0xff,0x36,0xff,0x36,0xf7,0x36,0xf7,0x36,0xf7,0x16,0xf7,0x77,0xf7,0x97,0xff,0x04,0x11,0x04,0x11,
    0x45,0x11,0xca,0x84,0x69,0x7c,0x69,0x7c,0x68,0x7c,0x49,0x7c,0x89,0x73,0x62,0x38,0x27,0xb3,0xe5,0xb2,0x84,0xd3,0xa5,0xd3,0x4b,0xed,0x4b,0xed,0x4c,0xf5,0x2c,0xed,
    0x4c,0xed,0x65,0xd3,0x85,0xd3,0x85,0xcb,0x85,0xd3,0x85,0xd3,0x8c,0xed,0x8c,0xf5,0x8c,0xf5,0xa5,0xcb,0xa5,0xd3,0xa5,0xdb,0x85,0xd3,0x8c,0xf5,0x8d,0xf5,0x8c,0xf5,
    0x44,0xcb,0x44,0xcb,0x64,0xcb,0x44,0xcb,0x44,0xcb,0x44,0xcb,0x44,0xcb,0x24,0xcb,0x44,0x8a,0x61,0x30,0xc4,0xb2,0xa4,0xaa,0x84,0xd3,0x84,0xd3,0x64,0xd3,0x67,0xec,
    0x47,0xe4,0x67,0xe4,0x26,0xe4,0xe4,0xba,0x23,0x8a,0xa2,0x30,0x82,0x38,0x82,0x38,0xa1,0x38,0xa2,0x38,0xa2,0x38,0x8a,0xd4,0x89,0xd4,0xeb,0xdc,0xca,0xdc,0xca,0xdc,
    0xcb,0xdc,0xeb,0xdc,0xa2,0x38,0x81,0x38,0xa2,0x38,0x82,0x38,0x82,0x38,0x82,0x38,0x41,0x30,0xef,0xf5,0xcf,0xf5,0xce,0xf5,0xce,0xed,0xce,0xf5,0xcf,0xed,0xad,0xf5,
    0x88,0xe4,0x89,0xe4,0x89,0xe4,0xe5,0xaa,0x47,0xb3,0x82,0x38,0x65,0x31,0x65,0x21,0xa6,0x21,0x11,0x9d,0x37,0xef,0x38,0xef,0x38,0xef,0x38,0xef,0x38,0xef,0x38,0xef,
    0x38,0xef,0x38,0xef,0x37,0xef,0x99,0xff,0x25,0x09,0x43,0x21,0x86,0xab,0x66,0xab,0x87,0xab,0x87,0xab,0x88,0xab,0xb0,0xdd,0x12,0xe6,0x12,0xe6,0x32,0xee,0x27,0xa3,
    0x26,0x9b,0x07,0x9b,0x07,0x9b,0x06,0x9b,0x27,0x9b,0x27,0x9b,0x06,0x9b,0x06,0x9b,0x27,0x9b,0x27,0x9b,0x06,0x9b,0x06,0x9b,0x06,0x9b,0x27,0x9b,0x27,0x9b,0x27,0x9b,
    0x27,0x9b,0x06,0x9b,0x06,0x9b,0x06,0x9b,0x06,0x9b,0x27,0x9b,0x06,0x93,0x06,0x93,0x07,0x93,0x07,0x93,0x07,0x9b,0x07,0x9b,0x07,0x9b,0x07,0x9b,0x07,0x93,0x06,0x93,
    0x06,0x93,0x06,0x93,0x07,0x93,0x07,0x9b,0x26,0x93,0x06,0x93,0x27,0x93,0xf2,0xdd,0xb5,0xee,0x95,0xee,0x95,0xee,0xb5,0xee,0x4f,0xcd,0x4f,0xd5,0x45,0x11,0x65,0x11,
    0x3a,0xe7,0xf9,0xde,0x1a,0xe7,0xf9,0xe6,0xf9,0xe6,0x19,0xdf,0x19,0xdf,0x19,0xe7,0x19,0xe7,0x19,0xe7,0x19,0xe7,0x19,0xe7,0x19,0xe7,0x19,0xe7,0x18,0xe7,0x38,0xe7,
    0x18,0xef,0x18,0xef,0x37,0xf7,0x37,0xf7,0x17,0xf7,0x17,0xf7,0x37,0xf7,0x37,0xf7,0x37,0xf7,0x37,0xf7,0x16,0xf7,0xe3,0x00,0x45,0x11,0xab,0xcc,0x4b,0xbc,0x4e,0xd5,
    0x6f,0xd5,0x70,0xd5,0x6f,0xd5,0x6f,0xd5,0x6f,0xd5,0x6f,0xd5,0x6f,0xcd,0x6f,0xd5,0x6f,0xd5,0x6f,0xd5,0x6f,0xd5,0x6f,0xd5,0x90,0xd5,0x90,0xd5,0x70,0xd5,0x90,0xd5,
    0x90,0xd5,0x90,0xd5,0x6f,0xd5,0x90,0xd5,0x2a,0xbc,0xca,0x8b,0x65,0x11,0x51,0xad,0x56,0xf7,0x37,0xf7,0x36,0xf7,0x36,0xf7,0x36,0xf7,0x36,0xf7,0x36,0xf7,0x36,0xf7,
    0x37,0xf7,0x16,0xef,0x38,0xef,0x66,0x19,0x86,0x11,0x8a,0x74,0x8a,0x7c,0xa8,0x5b,0xc9,0x5b,0xe9,0x5b,0xc8,0x5b,0xa9,0x63,0x89,0x5b,0xc7,0x42,0x81,0x28,0x81,0x30,
    0xe4,0xba,0xe3,0xba,0x27,0xdc,0xca,0xe4,0x4b,0xed,0x65,0xcb,0x64,0xd3,0x65,0xd3,0x85,0xd3,0x85,0xd3,0xad,0xf5,0x8c,0xf5,0x8c,0xed,0x6b,0xed,0x88,0xe4,0x43,0xcb,
    0x44,0xcb,0x44,0xcb,0x68,0xe4,0x8c,0xf5,0x8c,0xed,0x6c,0xed,0x44,0xcb,0x44,0xcb,0x44,0xcb,0x44,0xcb,0x44,0xcb,0x44,0xcb,0x44,0xcb,0xc4,0xb2,0x04,0x82,0x61,0x30,
    0xa4,0xaa,0x84,0xaa,0x24,0xc3,0x03,0xc3,0x46,0xe4,0x47,0xe4,0x47,0xe4,0x44,0xc3,0x44,0xcb,0x65,0xcb,0xc5,0xd3,0xc8,0xe4,0xc8,0xec,0xc8,0xec,0xc8,0xec,0xc8,0xec,
    0xc8,0xec,0x60,0x30,0x81,0x30,0xc8,0xc3,0xc8,0xc3,0xa8,0xc3,0x60,0x40,0x81,0x38,0xc8,0xec,0xc8,0xec,0xc8,0xec,0xc8,0xec,0xc8,0xec,0xa8,0xec,0xca,0xec,0x81,0x40,
    0x6b,0xc4,0xab,0xdc,0xaa,0xdc,0xaa,0xdc,0xaa,0xdc,0xaa,0xdc,0xe8,0xcb,0x84,0x9a,0x84,0x9a,0x61,0x30,0x40,0x28,0x27,0x4b,0xa8,0x63,0x49,0x74,0xa6,0x21,0xe2,0x08,
    0x58,0xf7,0x38,0xef,0x37,0xef,0x38,0xef,0x38,0xef,0x38,0xef,0x38,0xef,0x38,0xef,0x37,0xf7,0x37,0xef,0x25,0x09,0x84,0x21,0xa7,0xa3,0x87,0xab,0x87,0xab,0x88,0xab,
    0x87,0xab,0xd0,0xe5,0x32,0xe6,0x32,0xe6,0x53,0xee,0x47,0xa3,0x27,0x9b,0x27,0x9b,0x27,0x9b,0x28,0xa3,0x27,0x9b,0x27,0x9b,0x28,0x9b,0x27,0x9b,0x27,0x9b,0x27,0x9b,
    0x27,0x9b,0x27,0x9b,0x07,0x9b,0x27,0x9b,0x27,0x9b,0x27,0x9b,0x27,0x9b,0x27,0x9b,0x27,0x9b,0x27,0x9b,0x07,0x9b,0x27,0x9b,0x27,0x9b,0x27,0x9b,0x27,0x9b,0x27,0x9b,
    0x27,0x9b,0x27,0x9b,0x27,0x9b,0x27,0x9b,0x27,0x9b,0x27,0x9b,0x27,0x9b,0x27,0x9b,0x27,0x9b,0x27,0x9b,0x27,0x9b,0x27,0x9b,0x27,0x9b,0xd2,0xdd,0xb6,0xee,0xb5,0xee,
    0xb5,0xee,0xb5,0xee,0x95,0xee,0x17,0xf7,0x66,0x19,0x66,0x11,0x1a,0xe7,0x19,0xdf,0xf9,0xde,0x19,0xdf,0x19,0xdf,0x19,0xdf,0x19,0xdf,0x19,0xe7,0x19,0xe7,0x19,0xe7,
    0x19,0xe7,0x19,0xe7,0x19,0xe7,0x19,0xe7,0x18,0xe7,0x38,0xe7,0x38,0xef,0x37,0xef,0x38,0xef,0x17,0xef,0x17,0xf7,0x17,0xf7,0x37,0xf7,0x37,0xf7,0x37,0xf7,0x37,0xf7,
    0x16,0xef,0x45,0x09,0x86,0x11,0x49,0xc4,0x2a,0xc4,0x2e,0xcd,0x6f,0xd5,0x90,0xd5,0x70,0xd5,0x6f,0xd5,0x6f,0xd5,0x6f,0xd5,0x6f,0xd5,0x6f,0xd5,0x6f,0xd5,0x6f,0xd5,
    0x6f,0xd5,0x6f,0xd5,0x6f,0xd5,0x90,0xd5,0x70,0xd5,0x70,0xd5,0x90,0xd5,0x90,0xd5,0x90,0xd5,0x4e,0xcd,0x8b,0xbc,0x2c,0xa4,0x46,0x11,0x50,0xa5,0x36,0xf7,0x37,0xf7,
    0x37,0xf7,0x37,0xf7,0x36,0xf7,0x36,0xf7,0x36,0xf7,0x36,0xf7,0x36,0xf7,0x57,0xf7,0xd7,0xde,0x45,0x11,0xa4,0x19,0x6a,0x7c,0x49,0x74,0xa8,0x5b,0xc9,0x5b,0xc9,0x5b,
    0xc9,0x5b,0xa9,0x5b,0x89,0x5b,0xc7,0x42,0x60,0x28,0x61,0x30,0x04,0xbb,0x04,0xbb,0x27,0xdc,0xea,0xec,0x4b,0xf5,0x65,0xcb,0x65,0xcb,0x85,0xcb,0x85,0xcb,0x85,0xcb,
    0x8d,0xf5,0x8c,0xf5,0x6c,0xf5,0x6c,0xf5,0x88,0xe4,0x44,0xcb,0x64,0xcb,0x64,0xcb,0x89,0xec,0x6c,0xed,0x8c,0xf5,0x6c,0xf5,0x43,0xc3,0x44,0xc3,0x44,0xcb,0x44,0xcb,
    0x45,0xcb,0x45,0xcb,0x45,0xcb,0xc4,0xb2,0x04,0x82,0x61,0x30,0xa4,0xaa,0x84,0xa2,0x04,0xbb,0xe3,0xba,0x47,0xe4,0x68,0xec,0x67,0xe4,0x64,0xcb,0x65,0xcb,0x64,0xcb,
    0xc5,0xd3,0xc8,0xec,0xc8,0xec,0xc8,0xec,0xc8,0xec,0xc8,0xec,0xc8,0xec,0x20,0x30,0x40,0x30,0x09,0xc4,0x0a,0xcc,0x0a,0xc4,0x20,0x38,0x40,0x38,0xc8,0xec,0xc8,0xec,
    0xc8,0xec,0xc9,0xec,0xc9,0xec,0xc8,0xec,0xea,0xec,0x40,0x40,0x2b,0xbc,0xec,0xdc,0xec,0xdc,0xec,0xdc,0xcc,0xdc,0xcc,0xdc,0x2a,0xcc,0x85,0x9a,0xe6,0x9a,0x60,0x28,
    0x60,0x20,0x08,0x4b,0xa9,0x5b,0x29,0x6c,0x03,0x11,0x84,0x21,0xf7,0xe6,0x99,0xff,0x37,0xef,0x38,0xef,0x38,0xef,0x38,0xef,0x38,0xef,0x37,0xef,0x37,0xef,0x57,0xf7,
    0x45,0x11,0x84,0x21,0x87,0xab,0xa7,0xab,0xa7,0xab,0x88,0xab,0x87,0xab,0xd0,0xdd,0x32,0xe6,0x32,0xe6,0x73,0xee,0x67,0xa3,0x47,0x9b,0x27,0x9b,0x27,0x9b,0x27,0x9b,
    0x27,0x9b,0x47,0x9b,0x27,0x9b,0x27,0x9b,0x27,0x9b,0x27,0x9b,0x27,0x9b,0x27,0x9b,0x27,0x9b,0x27,0x9b,0x27,0x9b,0x47,0x9b,0x47,0x9b,0x27,0x9b,0x27,0x9b,0x27,0x9b,
    0x27,0x9b,0x27,0x9b,0x27,0x9b,0x27,0x9b,0x27,0x9b,0x27,0x9b,0x27,0x9b,0x27,0x9b,0x27,0x9b,0x27,0x9b,0x27,0x9b,0x27,0x9b,0x27,0x9b,0x27,0x9b,0x27,0x9b,0x27,0x9b,
    0x27,0x9b,0x27,0x9b,0x27,0x9b,0xd1,0xd5,0xb5,0xee,0xb5,0xee,0xb5,0xee,0xb5,0xe6,0x95,0xee,0xf7,0xf6,0x85,0x11,0x65,0x11,0x19,0xdf,0x19,0xdf,0x19,0xdf,0x19,0xdf,
    0x19,0xdf,0x19,0xdf,0x19,0xdf,0x19,0xe7,0x19,0xe7,0x19,0xe7,0x19,0xe7,0x19,0xe7,0x19,0xe7,0x19,0xe7,0x19,0xe7,0x38,0xe7,0x18,0xe7,0x38,0xef,0x18,0xef,0x17,0xef,
    0x17,0xef,0x17,0xef,0x17,0xef,0x37,0xef,0x17,0xef,0x17,0xf7,0x16,0xef,0x78,0xff,0x57,0xff,0xe4,0x08,0x24,0x11,0x6b,0xbc,0x8b,0xbc,0x90,0xd5,0x70,0xd5,0x70,0xd5,
    0x6f,0xd5,0x6f,0xd5,0x6f,0xd5,0x6f,0xd5,0x70,0xd5,0x6f,0xd5,0x8f,0xd5,0x6f,0xd5,0x6f,0xd5,0x6f,0xd5,0x90,0xd5,0x6f,0xd5,0x90,0xd5,0x90,0xd5,0x2b,0xb4,0x4c,0xb4,
    0x45,0x09,0x47,0x3a,0x77,0xff,0x57,0xff,0x36,0xf7,0x37,0xf7,0x37,0xf7,0x37,0xf7,0x37,0xf7,0x37,0xf7,0x37,0xf7,0x36,0xf7,0x15,0xf7,0x79,0xf7,0x86,0x19,0x24,0x11,
    0xa7,0x5b,0xe8,0x63,0xe9,0x63,0xc8,0x5b,0xc8,0x5b,0xc8,0x5b,0xc9,0x5b,0xc8,0x5b,0x48,0x53,0x86,0x3a,0x61,0x28,0x61,0x30,0x83,0xa2,0x84,0xaa,0x65,0xcb,0xa6,0xd3,
    0xc6,0xd3,0xc4,0xb2,0xc4,0xb2,0xc4,0xb2,0xe3,0xb2,0x68,0xe4,0x8c,0xf5,0x8c,0xf5,0x6c,0xf5,0x2b,0xf5,0x64,0xcb,0x65,0xcb,0x64,0xcb,0x65,0xd3,0x44,0xcb,0x8c,0xf5,
    0x6c,0xed,0x6c,0xf5,0xa8,0xe4,0xa8,0xe4,0xa3,0xb2,0xa4,0xb2,0xa3,0xb2,0xa3,0xb2,0xa4,0xb2,0xa4,0xb2,0x04,0x82,0x61,0x30,0xa4,0xaa,0xa4,0xaa,0x65,0xcb,0x65,0xcb,
    0x04,0xbb,0x65,0xcb,0x65,0xcb,0x65,0xcb,0x44,0xcb,0xc8,0xe4,0xc8,0xec,0xa8,0xec,0xa8,0xec,0xc9,0xec,0xc9,0xec,0xc9,0xec,0xc9,0xec,0xc8,0xec,0xa8,0xec,0x82,0x38,
    0x62,0x38,0x61,0x38,0xca,0xe4,0xa8,0xec,0xa8,0xec,0xc9,0xec,0xc8,0xec,0xc9,0xec,0xc9,0xec,0xc9,0xec,0xc8,0xec,0xc9,0xec,0xc3,0x69,0x82,0x38,0x82,0x38,0x82,0x38,
    0x82,0x38,0x62,0x38,0x61,0x38,0x81,0x38,0x82,0x30,0x67,0x3a,0x87,0x3a,0x86,0x3a,0xa9,0x5b,0xe8,0x6b,0x28,0x6c,0x2a,0x74,0x86,0x19,0xd5,0xb5,0x57,0xef,0x38,0xef,
    0x38,0xef,0x38,0xef,0x37,0xef,0x37,0xef,0x57,0xef,0x57,0xf7,0x45,0x11,0x84,0x21,0xa7,0xab,0xa7,0xab,0xa7,0xab,0x88,0xab,0x87,0xab,0xf1,0xe5,0x32,0xe6,0x32,0xe6,
    0x53,0xee,0x67,0xa3,0x47,0x9b,0x27,0x9b,0x27,0x9b,0x27,0x9b,0x27,0x9b,0x47,0x9b,0x47,0x9b,0x47,0x9b,0x27,0x9b,0x27,0x9b,0x47,0x9b,0x27,0x9b,0x27,0x9b,0x27,0x9b,
    0x27,0x9b,0x47,0x9b,0x47,0x9b,0x27,0x9b,0x27,0x9b,0x27,0x9b,0x27,0x9b,0x27,0x9b,0x47,0x9b,0x47,0x9b,0x47,0x9b,0x47,0x9b,0x47,0x9b,0x27,0x9b,0x27,0x9b,0x27,0x9b,
    0x27,0x9b,0x27,0x9b,0x27,0x9b,0x27,0x9b,0x27,0x9b,0x27,0x9b,0x27,0x9b,0x27,0x9b,0x27,0x9b,0xd1,0xd5,0xb6,0xee,0xb5,0xee,0xb5,0xee,0xb6,0xee,0x95,0xee,0x17,0xf7,
    0x65,0x11,0x65,0x11,0x3a,0xdf,0xf9,0xde,0x19,0xdf,0x19,0xdf,0x19,0xdf,0x19,0xdf,0x19,0xdf,0x19,0xe7,0x19,0xe7,0x19,0xe7,0x19,0xe7,0x19,0xe7,0x19,0xe7,0x19,0xe7,
    0x19,0xe7,0x38,0xe7,0x38,0xef,0x18,0xef,0x18,0xef,0x18,0xef,0x17,0xef,0x17,0xef,0x17,0xef,0x17,0xef,0x17,0xef,0x17,0xef,0x17,0xf7,0x37,0xf7,0x57,0xf7,0x04,0x09,
    0x44,0x09,0x4b,0xbc,0xac,0xbc,0x90,0xdd,0x70,0xd5,0x90,0xd5,0x70,0xd5,0x6f,0xd5,0x6f,0xd5,0x90,0xd5,0x90,0xd5,0x8f,0xd5,0x6f,0xd5,0x8f,0xd5,0x6f,0xd5,0x6f,0xd5,
    0x6f,0xd5,0x70,0xd5,0x90,0xd5,0xb0,0xd5,0x0a,0xb4,0x4c,0xb4,0x85,0x11,0xa8,0x42,0x37,0xf7,0x16,0xf7,0x16,0xf7,0x16,0xf7,0x37,0xf7,0x37,0xf7,0x16,0xf7,0x16,0xf7,
    0x17,0xef,0x37,0xf7,0x17,0xf7,0xc9,0x4a,0xe9,0x42,0xc7,0x42,0xe9,0x63,0xc8,0x5b,0xc8,0x5b,0xc8,0x5b,0xc8,0x5b,0xc8,0x5b,0xc8,0x5b,0xc9,0x5b,0xc9,0x5b,0xe9,0x63,
    0xa3,0x29,0xa5,0x31,0xa0,0x40,0xa1,0x48,0xc1,0x50,0x23,0x82,0xe4,0xb2,0xc4,0xb2,0xa4,0xb2,0xc4,0xb2,0xc3,0xb2,0x85,0xcb,0xea,0xec,0xc9,0xe4,0xca,0xe4,0x69,0xdc,
    0xc3,0xb2,0xc4,0xba,0xe4,0xba,0x85,0xcb,0x64,0xcb,0xa9,0xdc,0x88,0xdc,0x89,0xdc,0xc6,0xcb,0xc6,0xd3,0xa4,0xb2,0xa4,0xb2,0xa4,0xb2,0xa4,0xb2,0xa4,0xb2,0xa3,0xb2,
    0x04,0x82,0x82,0x30,0xc1,0x48,0xc1,0x48,0xc0,0x48,0x80,0x40,0x80,0x40,0xa0,0x48,0xa0,0x48,0x65,0xc3,0x45,0xcb,0xc5,0xd3,0x47,0xdc,0xc9,0xec,0x04,0xb3,0x24,0xbb,
    0xc8,0xec,0x84,0x92,0xe0,0x50,0xe9,0xec,0xc8,0xec,0x82,0x38,0x81,0x38,0x82,0x38,0xab,0xe4,0xc8,0xec,0xe0,0x50,0xe0,0x48,0xc8,0xec,0xc6,0xcb,0x65,0xc3,0xc9,0xec,
    0x0b,0xf5,0x01,0x51,0xa1,0x40,0x61,0x30,0x26,0x42,0x26,0x42,0x26,0x42,0x46,0x42,0x08,0x63,0x49,0x63,0x28,0x63,0xa9,0x5b,0x89,0x5b,0x89,0x5b,0xe9,0x63,0xe8,0x63,
    0x09,0x6c,0x09,0x6c,0x65,0x19,0xf4,0xbd,0x58,0xef,0x38,0xef,0x38,0xef,0x38,0xef,0x38,0xef,0x38,0xef,0x38,0xf7,0x57,0xf7,0x66,0x11,0x84,0x21,0xa7,0xab,0xa7,0xab,
    0xa7,0xab,0x88,0xab,0xa7,0xab,0xf1,0xe5,0x32,0xe6,0x32,0xe6,0x52,0xee,0x47,0xa3,0x47,0x9b,0x27,0x9b,0x27,0x9b,0x47,0x9b,0x47,0x9b,0x47,0x9b,0x47,0x9b,0x47,0x9b,
    0x27,0x9b,0x27,0xa3,0x47,0x9b,0x47,0x9b,0x27,0x9b,0x27,0x9b,0x27,0x9b,0x27,0x9b,0x47,0x9b,0x47,0x9b,0x47,0x9b,0x47,0x9b,0x27,0x9b,0x27,0x9b,0x47,0x9b,0x47,0x9b,
    0x47,0x9b,0x47,0x9b,0x47,0x9b,0x47,0x9b,0x27,0x9b,0x27,0x9b,0x27,0x9b,0x27,0x9b,0x27,0x9b,0x27,0x9b,0x47,0x9b,0x27,0x9b,0x27,0x9b,0x27,0x9b,0x27,0x9b,0xd2,0xd5,
    0x96,0xee,0xb5,0xee,0xb5,0xee,0xb6,0xee,0x95,0xee,0x17,0xf7,0x65,0x11,0x65,0x11,0x3a,0xdf,0x19,0xdf,0x19,0xdf,0xf9,0xde,0xf9,0xde,0x19,0xdf,0x19,0xdf,0x19,0xe7,
    0x19,0xe7,0x19,0xe7,0x19,0xe7,0x19,0xe7,0x19,0xe7,0x19,0xe7,0x18,0xe7,0x18,0xe7,0x38,0xef,0x18,0xef,0x18,0xef,0x38,0xef,0x38,0xef,0x38,0xef,0x17,0xef,0x17,0xef,
    0x17,0xef,0x37,0xef,0x17,0xef,0x37,0xf7,0x77,0xf7,0xe3,0x08,0x03,0x09,0x0a,0xb4,0xe9,0xb3,0xc9,0xb3,0x2f,0xd5,0x6f,0xd5,0x90,0xd5,0x70,0xd5,0x90,0xd5,0x90,0xd5,
    0x90,0xd5,0x8f,0xd5,0x8f,0xd5,0x8f,0xd5,0x8f,0xd5,0x6f,0xd5,0x0e,0xcd,0x0e,0xc5,0xea,0xab,0x2b,0xbc,0x4a,0xbc,0x4b,0xb4,0x65,0x11,0x87,0x3a,0x36,0xf7,0x36,0xf7,
    0x36,0xf7,0x36,0xf7,0x36,0xf7,0x36,0xf7,0x36,0xf7,0x17,0xf7,0x17,0xf7,0x17,0xf7,0xf6,0xe6,0x25,0x11,0x69,0x53,0xa8,0x5b,0xa9,0x5b,0xe9,0x63,0xa8,0x5b,0xc9,0x5b,
    0xc8,0x5b,0xc8,0x5b,0xc9,0x5b,0x87,0x53,0x07,0x43,0xc7,0x42,0x66,0x3a,0x66,0x32,0x82,0x38,0x62,0x38,0x81,0x38,0x04,0x82,0xc4,0xb2,0xc4,0xb2,0xc4,0xb2,0xc4,0xb2,
    0xc3,0xb2,0x45,0xc3,0xa9,0xe4,0x88,0xdc,0x88,0xdc,0x48,0xdc,0xc4,0xb2,0xc4,0xb2,0xe4,0xb2,0x84,0xcb,0x64,0xcb,0x68,0xdc,0x68,0xdc,0x68,0xdc,0x85,0xcb,0x85,0xcb,
    0xc4,0xb2,0x84,0xaa,0xa4,0xb2,0xa4,0xb2,0xa3,0xb2,0xc4,0xba,0x04,0x8a,0x61,0x38,0x82,0x38,0x61,0x38,0x61,0x38,0x81,0x38,0x61,0x38,0x81,0x38,0x81,0x30,0x44,0xcb,
    0x45,0xc3,0xc6,0xd3,0x47,0xdc,0xe9,0xec,0xe5,0xb2,0xe5,0xb2,0xc8,0xe4,0x64,0x8a,0x81,0x38,0xc8,0xec,0xc9,0xec,0x82,0x30,0x82,0x38,0x62,0x30,0xcb,0xe4,0xc8,0xec,
    0x82,0x38,0x41,0x30,0xc9,0xec,0xa5,0xc3,0x25,0xbb,0xe9,0xec,0xc9,0xe4,0x62,0x38,0x61,0x38,0x61,0x30,0x66,0x3a,0x67,0x3a,0x87,0x3a,0xc7,0x42,0xa8,0x5b,0xe9,0x63,
    0xe8,0x63,0xc9,0x5b,0xc9,0x5b,0xc9,0x5b,0xa8,0x5b,0xc9,0x5b,0xc9,0x5b,0xea,0x63,0x66,0x19,0x35,0xbe,0x78,0xef,0x38,0xf7,0x38,0xef,0x38,0xef,0x37,0xef,0x37,0xef,
    0x57,0xef,0x57,0xf7,0x45,0x11,0x84,0x21,0xa7,0xab,0xa7,0xab,0xa7,0xab,0xa7,0xab,0xa7,0xab,0xf1,0xe5,0x52,0xe6,0x52,0xe6,0x52,0xee,0x67,0xa3,0x47,0x9b,0x47,0x9b,
    0x47,0x9b,0x47,0xa3,0x47,0xa3,0x47,0x9b,0x47,0x9b,0x47,0x9b,0x27,0x9b,0x27,0xa3,0x47,0x9b,0x47,0x9b,0x47,0x9b,0x27,0x9b,0x27,0x9b,0x47,0x9b,0x47,0x9b,0x47,0x9b,
    0x47,0x9b,0x47,0x9b,0x47,0x9b,0x47,0x9b,0x47,0x9b,0x47,0x9b,0x47,0x9b,0x47,0x9b,0x47,0x9b,0x47,0x9b,0x27,0x9b,0x27,0x9b,0x47,0x9b,0x27,0x9b,0x27,0x9b,0x27,0x9b,
    0x47,0x9b,0x27,0x9b,0x27,0x9b,0x27,0x9b,0x27,0x9b,0xd2,0xd5,0xb5,0xee,0xb5,0xee,0xb5,0xee,0xb6,0xee,0xb6,0xee,0x17,0xf7,0x45,0x11,0x65,0x11,0x3a,0xe7,0x19,0xdf,
    0x19,0xdf,0x19,0xdf,0x19,0xdf,0x19,0xdf,0x19,0xdf,0x19,0xe7,0x19,0xe7,0x19,0xe7,0x19,0xe7,0x19,0xe7,0x19,0xe7,0x19,0xe7,0x18,0xe7,0x51,0xb5,0x87,0x62,0x05,0x5a,
    0xe5,0x51,0xe5,0x59,0xe5,0x59,0xe5,0x59,0xc5,0x51,0xe5,0x51,0xe5,0x51,0xe5,0x59,0xe4,0x51,0x04,0x5a,0x04,0x5a,0x24,0x11,0x45,0x11,0x8a,0x83,0x48,0x8b,0x2a,0xb4,
    0x6b,0xc4,0xad,0xc4,0xad,0xc4,0xcc,0xc4,0xcc,0xc4,0xcc,0xc4,0xac,0xc4,0xcc,0xc4,0xac,0xc4,0xcd,0xc4,0xcd,0xc4,0xcc,0xc4,0x6b,0xbc,0x8c,0xc4,0xc9,0xab,0xe9,0xab,
    0xe8,0x72,0xe8,0x72,0x65,0x11,0x85,0x21,0x25,0x62,0x04,0x5a,0x05,0x5a,0x05,0x5a,0x05,0x5a,0xe4,0x59,0xe4,0x59,0xe4,0x51,0x05,0x5a,0xe5,0x51,0x26,0x52,0x24,0x11,
    0x68,0x4b,0x88,0x53,0xa8,0x5b,0xa8,0x5b,0xa8,0x5b,0xc8,0x5b,0xc8,0x5b,0xa8,0x5b,0x89,0x5b,0xc7,0x3a,0x48,0x53,0xc8,0x5b,0xe9,0x63,0xe9,0x63,0xa9,0x5b,0xa8,0x5b,
    0xa7,0x3a,0x22,0x29,0x82,0x38,0x82,0x38,0x82,0x38,0x82,0x38,0x40,0x38,0xa4,0xb2,0x66,0xc3,0x25,0xc3,0x25,0xbb,0x26,0xbb,0x84,0xaa,0xa4,0xaa,0xa4,0xaa,0x84,0xaa,
    0xa4,0xaa,0xc4,0xaa,0xa4,0xaa,0xa4,0xaa,0xa4,0xb2,0xc4,0xb2,0xa4,0xaa,0x24,0x82,0x82,0x30,0x82,0x30,0xa2,0x38,0xa2,0x38,0x64,0x31,0x87,0x3a,0x86,0x32,0x87,0x32,
    0x87,0x32,0x87,0x3a,0x87,0x32,0x86,0x32,0x86,0x3a,0x82,0x30,0xa1,0x38,0xa2,0x30,0x81,0x30,0x82,0x30,0x61,0x30,0x82,0x30,0x82,0x30,0x82,0x30,0x62,0x38,0xa2,0x38,
    0x82,0x30,0x66,0x32,0x86,0x3a,0x66,0x32,0x80,0x28,0x62,0x38,0x61,0x30,0x82,0x30,0x82,0x38,0xa2,0x38,0x82,0x38,0x81,0x30,0x81,0x30,0x66,0x32,0x27,0x4b,0xc9,0x5b,
    0xe9,0x63,0xe9,0x63,0xa8,0x5b,0x89,0x5b,0xe7,0x42,0xa9,0x63,0xe9,0x5b,0xc9,0x5b,0xc9,0x5b,0xa8,0x5b,0xa8,0x5b,0xa8,0x5b,0xa8,0x5b,0xea,0x63,0x86,0x19,0x26,0x4a,
    0x04,0x52,0xc4,0x51,0xc4,0x59,0xc4,0x59,0xc4,0x59,0xe5,0x59,0x45,0x62,0x45,0x62,0x86,0x11,0x44,0x19,0xa6,0x92,0x26,0x9b,0xa8,0xab,0xa8,0xab,0xa8,0xb3,0xf1,0xe5,
    0x52,0xe6,0x33,0xe6,0x53,0xee,0x68,0xa3,0x47,0x9b,0x47,0xa3,0x68,0xa3,0x47,0x9b,0x47,0x9b,0x47,0x9b,0x47,0x9b,0x47,0x9b,0x47,0x9b,0x47,0x9b,0x27,0x9b,0x47,0x9b,
    0x47,0x9b,0x27,0x9b,0x27,0x9b,0x27,0x9b,0x27,0x9b,0x47,0x9b,0x47,0x9b,0x47,0x9b,0x27,0x9b,0x47,0x9b,0x27,0x9b,0x27,0x9b,0x47,0x9b,0x47,0x9b,0x47,0x9b,0x47,0x9b,
    0x47,0x9b,0x47,0x9b,0x47,0x9b,0x47,0x9b,0x47,0x9b,0x47,0x9b,0x47,0x9b,0x27,0x9b,0x27,0x9b,0x27,0x9b,0x27,0x9b,0xd2,0xdd,0xd6,0xee,0xd6,0xee,0xb6,0xee,0xb6,0xee,
    0x90,0xcd,0x70,0xcd,0x45,0x11,0x45,0x11,0x05,0x52,0xc4,0x51,0x26,0x5a,0x09,0x6b,0xf9,0xde,0x19,0xdf,0x19,0xdf,0x19,0xe7,0x19,0xe7,0x19,0xe7,0x19,0xe7,0x19,0xe7,
    0x19,0xe7,0x19,0xe7,0x19,0xe7,0x93,0xbd,0x09,0x7b,0x46,0x62,0x46,0x62,0x46,0x62,0x46,0x62,0x46,0x62,0x45,0x62,0x46,0x62,0x46,0x62,0x66,0x62,0x66,0x6a,0x66,0x6a,
    0x45,0x62,0x44,0x11,0x85,0x19,0xa6,0x19,0x05,0x3a,0x0a,0xb4,0x4b,0xbc,0x6b,0xbc,0x6b,0xb4,0x6b,0xbc,0x8b,0xbc,0x8c,0xbc,0x8b,0xbc,0x8b,0xbc,0xab,0xbc,0xab,0xbc,
    0x8b,0xbc,0x6b,0xbc,0x6b,0xbc,0x8b,0xbc,0x88,0xa3,0xa8,0xb3,0x86,0x19,0xa6,0x11,0x65,0x11,0x85,0x21,0x45,0x62,0x46,0x62,0x46,0x62,0x46,0x62,0x46,0x62,0x46,0x62,
    0x25,0x62,0x45,0x62,0x46,0x62,0x66,0x6a,0x67,0x62,0x86,0x19,0x6a,0x53,0x48,0x4b,0x89,0x5b,0xa8,0x5b,0xc9,0x5b,0xc8,0x5b,0xa8,0x5b,0xa8,0x5b,0x89,0x5b,0x87,0x3a,
    0x68,0x53,0xa8,0x5b,0xc9,0x63,0xc8,0x5b,0xa9,0x5b,0xa8,0x5b,0x87,0x3a,0x43,0x31,0x82,0x38,0x82,0x38,0x82,0x38,0x82,0x38,0x80,0x40,0xc5,0xb2,0x46,0xc3,0x45,0xc3,
    0x45,0xc3,0x45,0xbb,0x84,0xaa,0xa4,0xaa,0xa4,0xaa,0xa4,0xaa,0xa4,0xaa,0xc4,0xb2,0xc4,0xb2,0xc4,0xb2,0xc4,0xb2,0xc4,0xb2,0xc4,0xb2,0x23,0x8a,0x82,0x38,0x82,0x38,
    0x82,0x38,0x82,0x38,0x64,0x39,0x87,0x3a,0x87,0x3a,0x87,0x3a,0x67,0x3a,0x87,0x3a,0x87,0x3a,0x87,0x3a,0x86,0x3a,0x81,0x38,0x82,0x38,0x81,0x38,0x82,0x38,0x61,0x30,
    0x62,0x30,0x82,0x30,0x81,0x30,0x82,0x30,0x82,0x38,0x82,0x38,0x61,0x30,0x67,0x3a,0x66,0x3a,0x67,0x3a,0xa2,0x30,0x62,0x40,0x81,0x38,0x62,0x38,0x82,0x38,0x82,0x38,
    0x81,0x38,0x82,0x38,0x61,0x30,0x86,0x32,0x48,0x53,0xc9,0x5b,0xe9,0x63,0xea,0x63,0x89,0x53,0x69,0x53,0xc7,0x42,0xea,0x63,0xc9,0x5b,0xc9,0x5b,0xc8,0x5b,0xa8,0x5b,
    0xa8,0x5b,0xa8,0x5b,0xc9,0x5b,0xca,0x63,0x45,0x11,0x06,0x4a,0x66,0x6a,0x66,0x6a,0x66,0x6a,0x66,0x6a,0x66,0x6a,0x66,0x6a,0x66,0x62,0x67,0x62,0x85,0x21,0x43,0x21,
    0x87,0x72,0x68,0x9b,0xa8,0xb3,0x88,0xab,0x68,0xa3,0xd0,0xdd,0x32,0xe6,0x53,0xe6,0x53,0xee,0x88,0xa3,0x48,0x9b,0x48,0xa3,0x48,0x9b,0x27,0x9b,0x27,0x9b,0x27,0x9b,
    0x27,0x9b,0x27,0x9b,0x47,0x9b,0x27,0x9b,0x27,0x9b,0x28,0x9b,0x27,0x9b,0x27,0x9b,0x07,0x9b,0x27,0x9b,0x27,0x9b,0x27,0x9b,0x07,0x9b,0x07,0x9b,0x27,0x9b,0x27,0x9b,
    0x48,0x9b,0x27,0x9b,0x27,0x9b,0x47,0x9b,0x28,0x9b,0x28,0x9b,0x48,0x9b,0x27,0x9b,0x28,0x93,0x27,0x93,0x27,0x93,0x27,0x93,0x27,0x93,0x28,0x93,0x28,0x9b,0x27,0x9b,
    0x27,0x93,0xf2,0xdd,0xd6,0xf6,0x95,0xee,0x95,0xe6,0x95,0xe6,0x50,0xcd,0x4f,0xcd,0xa4,0x21,0xa4,0x29,0x27,0x3a,0x46,0x52,0x46,0x62,0x4a,0x7b,0xf8,0xde,0x19,0xe7,
    0x19,0xdf,0x19,0xe7,0x19,0xe7,0x19,0xe7,0x19,0xe7,0x19,0xe7,0x19,0xe7,0x19,0xe7,0x19,0xe7,0x34,0xde,0x0c,0xd5,0xaa,0xcc,0xca,0xcc,0xca,0xcc,0xaa,0xcc,0xcb,0xcc,
    0xca,0xcc,0xca,0xd4,0xca,0xd4,0x8a,0xcc,0xc8,0xb3,0x06,0x93,0xe6,0x8a,0x86,0x72,0x87,0x6a,0x65,0x09,0x45,0x09,0x44,0x09,0x24,0x09,0x24,0x09,0x04,0x09,0x25,0x09,
    0x04,0x09,0x04,0x09,0x04,0x09,0x04,0x09,0x04,0x09,0x04,0x09,0x04,0x09,0x04,0x09,0xe4,0x08,0x03,0x09,0x04,0x09,0x24,0x11,0x86,0x11,0x65,0x19,0xc6,0x82,0x28,0x8b,
    0x87,0xab,0x68,0xbc,0xea,0xdc,0xea,0xdc,0x0a,0xdd,0x0a,0xdd,0x0a,0xdd,0x0a,0xdd,0x2a,0xdd,0x2b,0xe5,0xcb,0xd4,0x04,0x11,0xa7,0x3a,0xc7,0x3a,0xa7,0x3a,0x07,0x4b,
    0xa8,0x5b,0xa8,0x5b,0xa8,0x5b,0xa8,0x5b,0xa8,0x5b,0xa8,0x5b,0xa8,0x5b,0xc8,0x5b,0xa8,0x5b,0xc9,0x5b,0xa8,0x5b,0xa8,0x5b,0xa8,0x5b,0xa8,0x5b,0xc8,0x5b,0x86,0x3a,
    0x87,0x3a,0x87,0x3a,0x67,0x42,0x82,0x30,0x82,0x38,0x82,0x38,0x82,0x38,0x82,0x30,0x81,0x38,0x81,0x38,0x82,0x38,0x82,0x30,0x81,0x30,0x81,0x30,0x81,0x30,0x81,0x30,
    0x82,0x38,0x62,0x30,0x81,0x30,0x03,0x31,0x66,0x3a,0x66,0x3a,0x66,0x3a,0xc9,0x5b,0xe9,0x5b,0xc9,0x5b,0xc9,0x5b,0xc9,0x5b,0xc9,0x5b,0xc9,0x5b,0xc9,0x5b,0xc9,0x5b,
    0xc9,0x5b,0xc9,0x5b,0xc9,0x5b,0xc9,0x5b,0x68,0x53,0xc7,0x42,0xc7,0x42,0xc7,0x42,0xc7,0x42,0x68,0x53,0xe9,0x63,0xc9,0x5b,0xc9,0x5b,0xc9,0x5b,0xc9,0x5b,0xa9,0x5b,
    0xa6,0x42,0x87,0x3a,0x86,0x3a,0x86,0x3a,0x86,0x3a,0xa7,0x42,0xa7,0x42,0x87,0x3a,0xa6,0x3a,0xe9,0x63,0xc9,0x5b,0xe9,0x63,0xe9,0x63,0xc9,0x5b,0xc9,0x5b,0xc9,0x5b,
    0xc9,0x5b,0xa8,0x5b,0xc9,0x5b,0xc8,0x5b,0xa8,0x53,0xa8,0x5b,0xa8,0x5b,0x89,0x53,0xa7,0x3a,0xe8,0x42,0x66,0x11,0x09,0xac,0x09,0xdd,0x0a,0xdd,0x0a,0xdd,0x0a,0xdd,
    0x0a,0xdd,0x2a,0xdd,0x28,0xbc,0x28,0xbc,0xa7,0xab,0xa9,0xa3,0xa7,0x11,0x46,0x5a,0x06,0x93,0xc6,0x8a,0xc7,0x8a,0x4e,0xd5,0xaf,0xdd,0x8f,0xd5,0x90,0xd5,0xc6,0x82,
    0xa6,0x82,0xc6,0x82,0xc6,0x82,0xa6,0x82,0xa6,0x82,0xa6,0x82,0xa6,0x82,0xa6,0x82,0xa6,0x82,0xa6,0x82,0xa6,0x82,0xa6,0x82,0xa6,0x82,0xa6,0x82,0xa6,0x82,0x86,0x82,
    0x86,0x7a,0xa6,0x82,0xa6,0x82,0xc6,0x82,0xc6,0x82,0xc6,0x82,0xa6,0x82,0xa6,0x82,0xa6,0x82,0xa6,0x82,0xa6,0x82,0xa6,0x82,0xa6,0x82,0xa6,0x82,0xa6,0x82,0xa6,0x82,
    0x86,0x7a,0x86,0x7a,0x86,0x7a,0x86,0x7a,0x85,0x7a,0x86,0x7a,0x85,0x7a,0xef,0xc4,0xd1,0xd5,0xd1,0xd5,0xf1,0xd5,0xd1,0xd5,0xee,0xc4,0xcd,0xc4,0x06,0x93,0x08,0x83,
    0x86,0x11,0x28,0x83,0x49,0xbc,0xcd,0xc4,0xf9,0xe6,0x19,0xdf,0x19,0xdf,0x19,0xe7,0x19,0xe7,0x19,0xe7,0x19,0xe7,0x19,0xe7,0x19,0xe7,0x19,0xe7,0x19,0xe7,0x34,0xde,
    0xec,0xcc,0x8a,0xc4,0xaa,0xcc,0x6a,0xc4,0x8b,0xcc,0xab,0xcc,0xab,0xcc,0xab,0xcc,0xab,0xcc,0x4a,0xc4,0xc8,0xb3,0x06,0x8b,0x06,0x8b,0x85,0x6a,0xa6,0x72,0x86,0x09,
    0x65,0x11,0x65,0x19,0x65,0x19,0x65,0x19,0x65,0x11,0x44,0x11,0x45,0x11,0x64,0x11,0x65,0x11,0x65,0x11,0x45,0x11,0x45,0x11,0x65,0x19,0x65,0x19,0x65,0x19,0x65,0x19,
    0x65,0x19,0x65,0x19,0x86,0x19,0x64,0x19,0xc6,0x82,0xc6,0x82,0x67,0xa3,0x6a,0xcc,0xca,0xdc,0xea,0xdc,0xca,0xdc,0xca,0xd4,0xca,0xd4,0xca,0xdc,0xca,0xdc,0xa9,0xd4,
    0x89,0xc4,0x04,0x11,0xa8,0x42,0xc7,0x3a,0xc7,0x3a,0x27,0x4b,0xe9,0x63,0xc9,0x63,0xca,0x63,0xe9,0x63,0xa9,0x5b,0xa8,0x5b,0xa8,0x5b,0xa8,0x5b,0xc9,0x5b,0xc9,0x5b,
    0xc9,0x5b,0xc9,0x5b,0xa8,0x5b,0xa8,0x5b,0xa8,0x5b,0x85,0x3a,0x86,0x3a,0x86,0x3a,0x25,0x3a,0xa1,0x28,0xa1,0x28,0xa1,0x28,0xc1,0x28,0xc1,0x30,0xc1,0x30,0xc1,0x28,
    0xc1,0x28,0xc1,0x30,0xc1,0x30,0xc1,0x28,0xc1,0x28,0xc1,0x28,0xc1,0x28,0xc1,0x28,0xe1,0x28,0x42,0x21,0x86,0x3a,0x86,0x32,0x65,0x32,0xc9,0x5b,0xe9,0x63,0xc9,0x5b,
    0xc9,0x5b,0xc9,0x5b,0xc9,0x5b,0xc9,0x5b,0xc9,0x5b,0xc9,0x5b,0xe9,0x5b,0xc9,0x5b,0xc9,0x5b,0xc9,0x5b,0x68,0x53,0xe7,0x42,0xe7,0x42,0xe6,0x42,0xe7,0x42,0x88,0x53,
    0xc8,0x5b,0xc9,0x5b,0xc9,0x5b,0xc9,0x5b,0xc8,0x5b,0xa8,0x5b,0xc5,0x3a,0xa6,0x42,0xc6,0x42,0xa6,0x3a,0xa6,0x3a,0xc6,0x42,0xc6,0x42,0xc6,0x42,0xc6,0x42,0xe9,0x63,
    0xc9,0x5b,0xc9,0x5b,0xe9,0x63,0xc9,0x5b,0xc9,0x5b,0xc9,0x5b,0xc9,0x5b,0xc9,0x5b,0xc8,0x5b,0xc9,0x5b,0xc9,0x5b,0xc9,0x5b,0x89,0x5b,0xc7,0x42,0xa7,0x3a,0xc8,0x42,
    0x86,0x11,0xe7,0xa3,0xe9,0xdc,0xea,0xdc,0xea,0xdc,0xea,0xdc,0xea,0xdc,0xca,0xd4,0x08,0xc4,0x08,0xbc,0xa8,0xab,0x67,0xa3,0xa4,0x39,0xa4,0x39,0x05,0x42,0x26,0x4a,
    0x47,0x52,0x2a,0x73,0x6a,0x73,0x6a,0x73,0x6b,0x73,0x26,0x52,0xe5,0x49,0x06,0x4a,0x26,0x4a,0x06,0x42,0x06,0x42,0x06,0x42,0x06,0x42,0x06,0x42,0xe6,0x41,0xe6,0x41,
    0xc6,0x41,0xe6,0x41,0xe6,0x41,0xc6,0x49,0xe6,0x49,0xe6,0x49,0xe6,0x41,0xe6,0x49,0x06,0x4a,0x06,0x4a,0x06,0x4a,0x06,0x4a,0x06,0x4a,0xe6,0x49,0xe6,0x49,0x06,0x4a,
    0x06,0x4a,0xe6,0x41,0x06,0x4a,0x06,0x4a,0xe6,0x41,0xe6,0x41,0xe6,0x41,0xe6,0x41,0xe6,0x41,0xe6,0x49,0xe5,0x41,0xe5,0x41,0xe5,0x41,0x2a,0x6b,0x6b,0x6b,0xab,0x73,
    0x8b,0x73,0xac,0x73,0xe9,0x62,0xe9,0x62,0x06,0x4a,0x06,0x42,0x85,0x21,0x28,0x83,0x29,0xbc,0xac,0xbc,0xf8,0xe6,0x19,0xdf,0x19,0xdf,0x19,0xe7,0x19,0xe7,0x19,0xe7,
    0x19,0xe7,0x19,0xe7,0x19,0xe7,0x19,0xe7,0x19,0xe7,0x54,0xde,0xec,0xcc,0x8a,0xcc,0x8a,0xcc,0xa8,0xab,0xe9,0xb3,0x09,0xb4,0xe9,0xb3,0xc8,0xab,0xe9,0xb3,0xc9,0xb3,
    0xc8,0xb3,0xc8,0xb3,0xc8,0xb3,0xc8,0xb3,0x87,0xa3,0x88,0xab,0x88,0xa3,0x68,0xa3,0x88,0xa3,0xa8,0xa3,0xa8,0xab,0xa8,0xab,0xa8,0xab,0xc8,0xab,0xc9,0xab,0xe9,0xb3,
    0xc9,0xb3,0xe9,0xb3,0xe9,0xbb,0xe9,0xb3,0xe8,0xbb,0xe9,0xbb,0xe8,0xbb,0xe8,0xb3,0xc7,0xb3,0xe8,0xbb,0xa7,0xb3,0xc8,0xbb,0xa8,0xab,0xc8,0xb3,0xa8,0xb3,0x49,0xc4,
    0x68,0xcc,0x48,0xc4,0x48,0xc4,0x48,0xcc,0x68,0xcc,0xa8,0xd4,0x0b,0xd5,0xa5,0x29,0x47,0x32,0x46,0x2a,0xe7,0x42,0xc7,0x3a,0xc7,0x3a,0xc7,0x3a,0xa6,0x3a,0xc9,0x5b,
    0xa8,0x5b,0xc9,0x5b,0xa8,0x5b,0xc9,0x5b,0xc9,0x5b,0xc9,0x5b,0xc9,0x5b,0xc8,0x5b,0xa8,0x5b,0xc9,0x5b,0xa9,0x5b,0xc9,0x5b,0xc9,0x5b,0xc9,0x5b,0xc9,0x5b,0xc9,0x5b,
    0xc9,0x5b,0xc9,0x5b,0xc9,0x5b,0xc9,0x5b,0xc9,0x5b,0xc9,0x5b,0xc9,0x5b,0x48,0x4b,0xe7,0x42,0xc7,0x42,0xc7,0x42,0xa9,0x5b,0xe9,0x63,0xc9,0x5b,0xc9,0x63,0xe9,0x5b,
    0xc8,0x5b,0xc8,0x5b,0xc8,0x5b,0xc9,0x5b,0xc9,0x5b,0xc9,0x5b,0xc9,0x5b,0xc9,0x5b,0xc9,0x5b,0xc9,0x5b,0xc9,0x5b,0xc9,0x5b,0xc9,0x5b,0xc9,0x5b,0xc9,0x5b,0xc9,0x63,
    0xc9,0x5b,0xc8,0x5b,0xc9,0x5b,0xc9,0x5b,0xe9,0x63,0xc9,0x5b,0xc8,0x5b,0xc9,0x5b,0xc9,0x5b,0xc9,0x5b,0xc8,0x5b,0xc9,0x5b,0xc8,0x5b,0xc9,0x5b,0xc9,0x5b,0xc9,0x5b,
    0xc9,0x5b,0xc9,0x5b,0xc9,0x5b,0xc9,0x5b,0xc9,0x5b,0xc9,0x5b,0xc9,0x5b,0xe9,0x63,0xc9,0x5b,0xc9,0x5b,0xc9,0x5b,0xa8,0x5b,0xa8,0x5b,0x48,0x4b,0x48,0x53,0x27,0x4b,
    0x28,0x4b,0xc7,0x42,0xa6,0x3a,0xa6,0x3a,0xa7,0x3a,0xe8,0x42,0x45,0x11,0x08,0xa4,0xea,0xdc,0xe9,0xdc,0xea,0xdc,0x28,0xc4,0x28,0xc4,0x28,0xc4,0x08,0xbc,0x28,0xc4,
    0x87,0xab,0x87,0xa3,0xc6,0x8a,0xa4,0x39,0x24,0x09,0x86,0x19,0x65,0x11,0x45,0x11,0x86,0x19,0x86,0x11,0x65,0x11,0x86,0x11,0x85,0x11,0x85,0x11,0x85,0x11,0x85,0x11,
    0x85,0x19,0x86,0x19,0x66,0x11,0x85,0x11,0x86,0x19,0x86,0x11,0x66,0x11,0x86,0x11,0x86,0x11,0x86,0x11,0x86,0x11,0x86,0x11,0x85,0x19,0x85,0x11,0x85,0x11,0x85,0x11,
    0x86,0x19,0x86,0x19,0x86,0x19,0x86,0x19,0x86,0x19,0x86,0x19,0xa6,0x19,0xa6,0x19,0x86,0x19,0x86,0x19,0x86,0x11,0x86,0x19,0x86,0x11,0x86,0x11,0x86,0x11,0x86,0x11,
    0x86,0x11,0x85,0x11,0x65,0x11,0x24,0x09,0x45,0x11,0x65,0x11,0x85,0x11,0x86,0x19,0x65,0x19,0x66,0x19,0x65,0x11,0x65,0x11,0xa6,0x6a,0x88,0x9b,0xe8,0xb3,0x6c,0xb4,
    0xf8,0xde,0x19,0xdf,0x19,0xdf,0x19,0xe7,0x19,0xe7,0x19,0xe7,0x19,0xe7,0x19,0xe7,0x19,0xe7,0x19,0xe7,0x19,0xe7,0x54,0xde,0xec,0xcc,0xaa,0xcc,0xaa,0xcc,0xaa,0xcc,
    0xaa,0xcc,0xaa,0xcc,0xaa,0xd4,0xca,0xd4,0xca,0xd4,0xca,0xd4,0xca,0xd4,0xaa,0xd4,0x89,0xcc,0x89,0xcc,0x69,0xcc,0x6a,0xcc,0x69,0xcc,0x8a,0xcc,0x8a,0xcc,0x8a,0xcc,
    0xaa,0xcc,0x6a,0xcc,0x6a,0xcc,0x6a,0xcc,0x8a,0xcc,0x8a,0xcc,0x8a,0xcc,0x8a,0xcc,0xaa,0xd4,0xaa,0xd4,0xaa,0xd4,0xaa,0xd4,0x8a,0xd4,0x89,0xcc,0x8a,0xd4,0x89,0xcc,
    0xaa,0xcc,0xc9,0xd4,0xa9,0xd4,0xca,0xdc,0xa9,0xd4,0xca,0xdc,0xca,0xdc,0xca,0xdc,0xca,0xdc,0xea,0xd4,0x0b,0xdd,0x09,0xbc,0xe8,0xb3,0x07,0x8b,0x65,0x21,0x65,0x11,
    0xe5,0x21,0xc7,0x42,0xc7,0x42,0xc7,0x42,0xc7,0x3a,0xc6,0x3a,0x07,0x43,0xe6,0x42,0xa9,0x5b,0xa8,0x5b,0xa8,0x5b,0xa8,0x5b,0xa8,0x5b,0x88,0x5b,0x88,0x5b,0x88,0x5b,
    0xa8,0x5b,0xc8,0x5b,0xa8,0x5b,0xa9,0x5b,0xc9,0x5b,0xa8,0x5b,0xa8,0x5b,0xa8,0x5b,0xa8,0x5b,0xc9,0x5b,0xa8,0x5b,0x88,0x53,0xc9,0x5b,0x28,0x4b,0xca,0x5b,0x07,0x43,
    0xe7,0x42,0xa8,0x5b,0xc9,0x5b,0xa8,0x5b,0xc8,0x5b,0xa8,0x5b,0xa8,0x5b,0xa8,0x5b,0xa8,0x5b,0xa8,0x5b,0xa8,0x5b,0xa8,0x5b,0xa8,0x5b,0xa8,0x5b,0xa8,0x5b,0xa8,0x5b,
    0xa8,0x5b,0xa8,0x5b,0xa8,0x5b,0xa8,0x5b,0xa8,0x5b,0xa8,0x5b,0xa8,0x5b,0xa8,0x5b,0xa8,0x5b,0xa8,0x5b,0xc8,0x5b,0xc9,0x5b,0xc9,0x5b,0xa8,0x5b,0xa8,0x5b,0xa8,0x5b,
    0xa8,0x5b,0xa8,0x5b,0xa8,0x5b,0xa8,0x5b,0xa8,0x5b,0xa9,0x5b,0x89,0x5b,0xa9,0x5b,0xa9,0x5b,0xa8,0x5b,0xa8,0x5b,0xa9,0x5b,0xa8,0x5b,0xa8,0x5b,0x88,0x5b,0xa8,0x5b,
    0x47,0x53,0x48,0x4b,0xc6,0x3a,0xc6,0x42,0xe7,0x42,0xe8,0x42,0xc7,0x42,0xc7,0x3a,0xa7,0x3a,0xc7,0x3a,0xa5,0x19,0x65,0x11,0x87,0x5a,0xc9,0xb3,0x0a,0xc4,0xc9,0xd4,
    0x0a,0xdd,0x0a,0xdd,0x0a,0xdd,0xea,0xdc,0x0a,0xdd,0x09,0xdd,0xea,0xd4,0xc9,0xd4,0xc9,0xd4,0xaa,0xd4,0xaa,0xcc,0xca,0xc4,0xea,0xcc,0xaa,0xcc,0xcb,0xcc,0xeb,0xcc,
    0xeb,0xcc,0xeb,0xcc,0xcb,0xcc,0xab,0xcc,0xcb,0xcc,0xcb,0xcc,0xab,0xc4,0xab,0xc4,0xaa,0xcc,0xcb,0xcc,0xeb,0xcc,0xcb,0xcc,0xab,0xc4,0xab,0xc4,0x8b,0xc4,0xab,0xc4,
    0xab,0xc4,0xab,0xc4,0xaa,0xc4,0x8a,0xc4,0xaa,0xc4,0xaa,0xcc,0xaa,0xc4,0xaa,0xc4,0x8a,0xc4,0xaa,0xc4,0xaa,0xc4,0x8a,0xbc,0x8a,0xbc,0x8a,0xbc,0x8a,0xbc,0xab,0xc4,
    0xab,0xc4,0x8a,0xbc,0x8b,0xc4,0x8a,0xc4,0x8b,0xc4,0x8b,0xc4,0x8b,0xc4,0x8b,0xbc,0x6a,0xc4,0x6a,0xbc,0x6a,0xbc,0x8b,0xc4,0x8b,0xc4,0x8a,0xc4,0x8a,0xbc,0x6a,0xbc,
    0x6a,0xbc,0x8b,0xc4,0x8c,0xc4,0x6a,0xc4,0x4a,0xc4,0xcc,0xc4,0xf9,0xe6,0x19,0xdf,0x19,0xdf,0x19,0xe7,0x19,0xe7,0x19,0xe7,0x19,0xe7,0x19,0xe7,0x19,0xe7,0x19,0xe7,
    0x19,0xe7,0x34,0xd6,0xac,0xc4,0x29,0xb4,0x4a,0xb4,0x29,0xb4,0x4a,0xb4,0x4a,0xbc,0x4a,0xbc,0x29,0xb4,0x29,0xb4,0x2a,0xb4,0x0a,0xb4,0x09,0xb4,0x09,0xac,0xe9,0xab,
    0xe9,0xab,0xe9,0xab,0xe9,0xab,0x0a,0xb4,0x2a,0xb4,0x2a,0xb4,0x2a,0xb4,0x29,0xb4,0x29,0xb4,0x2a,0xb4,0x2a,0xbc,0x29,0xb4,0x29,0xb4,0x49,0xb4,0x49,0xb4,0x4a,0xbc,
    0x6a,0xc4,0x2a,0xb4,0x2a,0xb4,0x2a,0xb4,0xe9,0xab,0x09,0xac,0x0a,0xb4,0x0a,0xb4,0x09,0xb4,0x09,0xb4,0x29,0xb4,0x4a,0xbc,0x29,0xbc,0x89,0xc4,0x69,0xc4,0x49,0xc4,
    0x49,0xc4,0xe9,0xb3,0xa8,0xab,0x07,0x8b,0x64,0x29,0x44,0x19,0x85,0x19,0xa8,0x42,0xc7,0x42,0xa7,0x3a,0xa7,0x3a,0xc8,0x42,0x08,0x4b,0xe7,0x42,0x08,0x43,0xe6,0x42,
    0xe6,0x42,0xe6,0x42,0xe7,0x42,0xe6,0x42,0xe6,0x42,0xe6,0x42,0xe6,0x42,0xe7,0x42,0xe6,0x42,0xe6,0x42,0xe6,0x42,0xc6,0x42,0xc6,0x42,0xe6,0x42,0xe7,0x42,0xe7,0x42,
    0xe7,0x42,0xe6,0x42,0x07,0x43,0xc7,0x42,0x07,0x4b,0xc7,0x42,0xc7,0x42,0xe6,0x42,0x07,0x43,0xe7,0x42,0x07,0x43,0xe7,0x42,0xe7,0x42,0xe7,0x42,0xe7,0x42,0xe7,0x42,
    0xe7,0x42,0xe7,0x42,0xe7,0x42,0xe6,0x42,0xe6,0x42,0xe6,0x42,0xe7,0x42,0xe7,0x42,0xe7,0x42,0xe7,0x42,0x07,0x43,0xe7,0x42,0x07,0x43,0xe7,0x42,0x07,0x43,0x07,0x43,
    0x07,0x43,0x07,0x43,0xe7,0x42,0xe7,0x42,0xe7,0x42,0xe7,0x42,0xe6,0x42,0xe6,0x42,0xe6,0x42,0xe6,0x42,0xe7,0x42,0xe6,0x42,0xe7,0x42,0xe7,0x42,0xe7,0x42,0xe7,0x42,
    0x07,0x43,0x07,0x43,0xe6,0x42,0xe6,0x42,0xe6,0x42,0xe7,0x42,0xe7,0x42,0xe7,0x42,0xc7,0x42,0xa7,0x3a,0xe7,0x42,0xe8,0x42,0xc7,0x42,0xa7,0x3a,0x87,0x32,0xc7,0x42,
    0x65,0x11,0x44,0x19,0x25,0x52,0xa8,0x9b,0xa9,0xcc,0xea,0xd4,0xea,0xd4,0x0a,0xdd,0x0a,0xdd,0x0a,0xdd,0x0a,0xdd,0x0a,0xdd,0x0a,0xdd,0x0a,0xdd,0xca,0xd4,0x89,0xd4,
    0x8a,0xd4,0x89,0xcc,0x89,0xd4,0xca,0xd4,0xaa,0xd4,0xaa,0xd4,0xaa,0xd4,0xa9,0xd4,0x89,0xcc,0x89,0xcc,0xaa,0xcc,0xaa,0xcc,0x8a,0xcc,0x8a,0xcc,0x8a,0xcc,0xaa,0xcc,
    0x8a,0xcc,0x8a,0xcc,0x8a,0xcc,0x89,0xcc,0x49,0xc4,0x69,0xcc,0x69,0xcc,0x49,0xcc,0x49,0xcc,0x4a,0xcc,0x6a,0xcc,0x6a,0xcc,0x6a,0xcc,0x4a,0xcc,0x4a,0xcc,0x6a,0xcc,
    0x4a,0xcc,0x4a,0xcc,0x4a,0xc4,0x2a,0xc4,0x49,0xc4,0x4a,0xbc,0x6a,0xc4,0x6a,0xc4,0x4a,0xc4,0x4a,0xc4,0x49,0xbc,0x49,0xbc,0x4a,0xc4,0x4a,0xc4,0x49,0xc4,0x49,0xc4,
    0x29,0xc4,0x29,0xc4,0x29,0xc4,0x29,0xc4,0x29,0xc4,0x29,0xc4,0x29,0xbc,0x29,0xbc,0x6a,0xc4,0x8b,0xc4,0x4a,0xbc,0xac,0xbc,0xf9,0xe6,0x19,0xdf,0x19,0xdf,0x19,0xe7,
    0x19,0xe7,0x19,0xe7,0x19,0xe7,0x19,0xe7,0x19,0xe7,0x19,0xe7,0x19,0xe7,0xb3,0xc5,0xaa,0x93,0x07,0x83,0x07,0x8b,0x07,0x8b,0x27,0x8b,0x27,0x8b,0x27,0x8b,0x86,0x72,
    0x87,0x72,0x86,0x72,0x86,0x72,0x86,0x72,0x86,0x72,0xa6,0x72,0xa7,0x6a,0xa7,0x72,0xa7,0x72,0xa7,0x72,0xa6,0x72,0xa6,0x6a,0x48,0x8b,0x28,0x8b,0x28,0x8b,0x27,0x8b,
    0x27,0x8b,0x27,0x8b,0x27,0x8b,0x27,0x8b,0x47,0x8b,0x47,0x8b,0x28,0x83,0xa7,0x72,0xc7,0x7a,0xc7,0x7a,0xa7,0x72,0xa7,0x72,0xa7,0x72,0xa7,0x72,0x87,0x72,0xa6,0x72,
    0x86,0x72,0x86,0x72,0x66,0x6a,0x07,0x8b,0x07,0x8b,0x28,0x8b,0x27,0x8b,0x08,0x8b,0x07,0x8b,0x27,0x8b,0x07,0x8b,0xc6,0x7a,0xc5,0x29,0xa6,0x19,0x85,0x11,0x65,0x11,
    0x86,0x19,0x46,0x11,0x46,0x32,0xc6,0x3a,0xe7,0x42,0xe7,0x42,0xe7,0x42,0xc7,0x42,0xc7,0x42,0xc7,0x42,0xc7,0x42,0xc7,0x42,0xc7,0x42,0xc7,0x42,0xc7,0x42,0xc7,0x42,
    0xc7,0x42,0xa7,0x3a,0xa7,0x3a,0xc7,0x3a,0xe7,0x42,0xe7,0x42,0xc7,0x42,0xc7,0x42,0xc7,0x42,0xc7,0x42,0xc7,0x42,0xc7,0x42,0xc7,0x42,0xc7,0x42,0xc7,0x42,0xc7,0x42,
    0xe7,0x42,0xe7,0x42,0xc7,0x42,0xc7,0x42,0xc7,0x42,0xc7,0x42,0xc7,0x3a,0xc7,0x3a,0xc7,0x3a,0xc7,0x3a,0xa7,0x3a,0xc7,0x42,0xe7,0x42,0xe7,0x42,0xc7,0x42,0xe7,0x42,
    0xe8,0x42,0xe8,0x42,0xe7,0x42,0xe7,0x42,0xc7,0x42,0xc7,0x42,0xc7,0x42,0xe7,0x42,0xe7,0x3a,0xc7,0x42,0xc7,0x42,0xc7,0x42,0xc7,0x42,0xc7,0x42,0xc7,0x42,0xc7,0x42,
    0xc7,0x42,0xc7,0x42,0xc7,0x42,0xc7,0x3a,0xa7,0x3a,0xc7,0x3a,0xc7,0x42,0xe7,0x42,0xc7,0x42,0xc7,0x42,0xc7,0x42,0xc7,0x42,0xc7,0x42,0xc7,0x42,0xc7,0x42,0xc7,0x42,
    0xa7,0x3a,0x86,0x19,0x86,0x19,0x66,0x19,0x86,0x19,0x65,0x11,0x65,0x21,0x25,0x5a,0x27,0x93,0x27,0x93,0x47,0x93,0x27,0x93,0x27,0x93,0x47,0x93,0x27,0x93,0x47,0x93,
    0x27,0x93,0x27,0x93,0x27,0x93,0x47,0x8b,0x27,0x8b,0x27,0x93,0x28,0x93,0x28,0x93,0x47,0x8b,0x48,0x8b,0xa6,0x72,0xa7,0x72,0xa6,0x72,0xa7,0x72,0xa7,0x72,0xa7,0x72,
    0xa6,0x72,0xa7,0x72,0xa7,0x72,0xa6,0x72,0x86,0x6a,0xa6,0x72,0x86,0x6a,0x86,0x6a,0x87,0x6a,0x86,0x6a,0xa6,0x6a,0x86,0x72,0xc7,0x7a,0x07,0x8b,0x27,0x8b,0x27,0x8b,
    0x27,0x8b,0x27,0x8b,0x28,0x93,0x27,0x8b,0x27,0x93,0x27,0x93,0x27,0x93,0x27,0x8b,0x28,0x93,0x28,0x8b,0x27,0x8b,0x27,0x8b,0xe7,0x82,0xa7,0x72,0xa7,0x72,0xa7,0x72,
    0xa6,0x6a,0x86,0x72,0xa7,0x72,0x86,0x6a,0xa6,0x6a,0x86,0x6a,0x86,0x6a,0xc6,0x72,0xa6,0x7a,0x07,0x8b,0x27,0x8b,0x27,0x8b,0x27,0x8b,0x07,0x8b,0x28,0x8b,0x07,0x8b,
    0x07,0x8b,0xeb,0x93,0xf9,0xde,0x19,0xdf,0x19,0xdf,0x19,0xe7,0x19,0xe7,0x19,0xe7,0x19,0xe7,0x19,0xe7,0x19,0xe7,0x19,0xe7,0x19,0xe7,0xb3,0xbd,0x89,0x93,0x07,0x8b,
    0x07,0x8b,0x07,0x8b,0x07,0x8b,0x07,0x8b,0x27,0x8b,0xc6,0x7a,0xc6,0x7a,0xc6,0x7a,0xc6,0x7a,0xc7,0x7a,0xc6,0x7a,0xc6,0x7a,0xc6,0x7a,0xc6,0x7a,0xc7,0x7a,0xc6,0x7a,
    0xc6,0x7a,0xa6,0x7a,0x48,0x8b,0x27,0x8b,0x27,0x8b,0x27,0x8b,0x27,0x8b,0x27,0x8b,0x27,0x8b,0x48,0x8b,0x27,0x8b,0x27,0x8b,0x28,0x8b,0xc7,0x7a,0xe6,0x7a,0xe7,0x82,
    0xe7,0x82,0xe6,0x7a,0xe6,0x7a,0xe7,0x82,0xe7,0x82,0xc6,0x7a,0xc6,0x7a,0xc6,0x7a,0xc6,0x7a,0x27,0x8b,0x27,0x8b,0x27,0x8b,0x27,0x8b,0x27,0x8b,0x27,0x8b,0x27,0x8b,
    0x07,0x8b,0xe6,0x82,0x05,0x4a,0x06,0x42,0xa4,0x31,0xc5,0x31,0xe6,0x39,0xe5,0x39,0xa6,0x29,0x27,0x32,0x27,0x2a,0x06,0x2a,0xe6,0x29,0x06,0x2a,0x27,0x2a,0x27,0x2a,
    0x26,0x2a,0x26,0x2a,0x06,0x2a,0x26,0x2a,0x26,0x2a,0x06,0x2a,0x06,0x2a,0x27,0x2a,0x27,0x2a,0x27,0x32,0x47,0x32,0x27,0x32,0x27,0x32,0x27,0x32,0x27,0x2a,0x27,0x32,
    0x26,0x32,0x26,0x2a,0x26,0x2a,0x47,0x32,0x27,0x32,0x27,0x32,0x27,0x2a,0x27,0x2a,0x26,0x2a,0x26,0x2a,0x27,0x2a,0x27,0x2a,0x26,0x2a,0x06,0x2a,0x06,0x2a,0x27,0x32,
    0x26,0x2a,0x27,0x32,0x27,0x2a,0x47,0x32,0x26,0x32,0x47,0x32,0x27,0x2a,0x26,0x32,0x27,0x32,0x27,0x2a,0x27,0x32,0x27,0x32,0x27,0x32,0x27,0x2a,0x27,0x2a,0x27,0x2a,
    0x47,0x2a,0x26,0x32,0x27,0x32,0x26,0x32,0x26,0x32,0x26,0x2a,0x26,0x2a,0x26,0x32,0x26,0x2a,0x26,0x2a,0x06,0x2a,0x06,0x2a,0x06,0x2a,0x26,0x2a,0x27,0x32,0x47,0x32,
    0x47,0x32,0x27,0x32,0x26,0x2a,0x47,0x32,0x47,0x32,0x47,0x32,0xe6,0x21,0xa5,0x21,0x44,0x11,0x23,0x11,0x84,0x29,0xc5,0x31,0xa7,0x72,0x65,0x72,0x27,0x93,0x47,0x93,
    0x47,0x93,0x47,0x93,0x47,0x93,0x47,0x93,0x47,0x93,0x27,0x93,0x27,0x93,0x27,0x93,0x27,0x93,0x27,0x93,0x27,0x8b,0x27,0x8b,0x27,0x93,0x48,0x93,0x27,0x93,0x48,0x8b,
    0x86,0x72,0xa6,0x72,0xa6,0x72,0xa6,0x72,0xa6,0x72,0xa6,0x72,0xa7,0x7a,0xa6,0x72,0xa6,0x72,0xa6,0x72,0xa6,0x72,0x86,0x72,0x86,0x72,0x86,0x72,0x86,0x6a,0x86,0x6a,
    0x86,0x6a,0x86,0x6a,0xc6,0x7a,0x07,0x8b,0x27,0x8b,0x27,0x8b,0x27,0x8b,0x27,0x8b,0x27,0x8b,0x27,0x8b,0x27,0x8b,0x27,0x8b,0x27,0x8b,0x27,0x8b,0x28,0x93,0x27,0x8b,
    0x27,0x8b,0x07,0x8b,0xe7,0x82,0x86,0x6a,0x86,0x72,0x86,0x72,0x86,0x72,0x86,0x72,0x86,0x72,0x86,0x6a,0x86,0x6a,0x86,0x72,0x86,0x72,0xa7,0x7a,0xa6,0x7a,0x28,0x8b,
    0x27,0x8b,0x27,0x8b,0x27,0x8b,0x27,0x8b,0x27,0x8b,0x27,0x8b,0x27,0x8b,0xeb,0x93,0xf9,0xde,0x19,0xdf,0x19,0xdf,0x19,0xe7,0x19,0xe7,0x19,0xe7,0x19,0xe7,0x19,0xe7,
    0x19,0xe7,0x19,0xe7,0x19,0xe7,0x93,0xbd,0x89,0x93,0x07,0x8b,0x07,0x8b,0x07,0x8b,0x07,0x8b,0x07,0x8b,0x27,0x8b,0x27,0x8b,0x27,0x8b,0x27,0x8b,0x27,0x8b,0x27,0x8b,
    0x27,0x8b,0x28,0x8b,0x27,0x8b,0x27,0x8b,0x07,0x8b,0x07,0x8b,0x28,0x8b,0x07,0x8b,0x27,0x8b,0x27,0x8b,0x27,0x8b,0x27,0x8b,0x27,0x8b,0x27,0x8b,0x27,0x8b,0x27,0x8b,
    0x27,0x8b,0x27,0x8b,0x28,0x93,0x27,0x8b,0x27,0x8b,0x27,0x8b,0x27,0x8b,0x27,0x8b,0x27,0x8b,0x27,0x8b,0x27,0x8b,0x27,0x8b,0x27,0x8b,0x07,0x8b,0x07,0x8b,0x27,0x8b,
    0x27,0x8b,0x27,0x8b,0x27,0x8b,0x27,0x8b,0x27,0x8b,0x27,0x8b,0x27,0x8b,0x07,0x8b,0x07,0x8b,0x07,0x8b,0x45,0x62,0x66,0x6a,0x46,0x62,0x66,0x62,0x44,0x21,0x45,0x11,
    0x45,0x11,0x45,0x11,0x65,0x11,0x65,0x11,0x65,0x11,0x65,0x11,0x85,0x11,0x85,0x11,0x85,0x11,0x65,0x11,0x65,0x11,0x65,0x11,0x85,0x11,0x85,0x11,0x85,0x11,0x65,0x11,
    0x85,0x11,0x85,0x19,0x86,0x19,0x65,0x11,0x65,0x11,0x65,0x11,0x66,0x11,0x65,0x11,0x66,0x11,0x66,0x11,0x65,0x19,0x65,0x19,0x65,0x11,0x86,0x19,0x65,0x11,0x65,0x11,
    0x65,0x11,0x65,0x11,0x85,0x11,0x86,0x19,0x86,0x19,0x65,0x11,0x65,0x11,0x65,0x11,0x65,0x11,0x65,0x11,0x65,0x11,0x65,0x11,0x65,0x11,0x65,0x11,0x65,0x11,0x65,0x11,
    0x65,0x11,0x65,0x11,0x65,0x11,0x65,0x11,0x65,0x11,0x85,0x11,0x85,0x11,0x65,0x19,0x65,0x19,0x66,0x19,0x65,0x11,0x65,0x11,0x65,0x11,0x65,0x11,0x65,0x11,0x45,0x11,
    0x45,0x11,0x45,0x11,0x45,0x11,0x65,0x11,0x65,0x11,0x65,0x11,0x65,0x11,0x65,0x11,0x65,0x11,0x86,0x11,0x86,0x11,0x66,0x11,0x65,0x11,0x66,0x62,0x46,0x62,0x46,0x5a,
    0x46,0x6a,0x45,0x6a,0x07,0x8b,0x27,0x8b,0x47,0x93,0x67,0x93,0x67,0x93,0x47,0x93,0x67,0x93,0x67,0x93,0x47,0x93,0x47,0x93,0x47,0x93,0x47,0x93,0x27,0x93,0x47,0x93,
    0x27,0x93,0x47,0x93,0x47,0x93,0x27,0x93,0x47,0x8b,0x27,0x93,0x27,0x8b,0x27,0x8b,0x27,0x93,0x27,0x93,0x27,0x93,0x27,0x93,0x27,0x8b,0x27,0x8b,0x27,0x8b,0x27,0x8b,
    0x27,0x8b,0x27,0x93,0x27,0x8b,0x27,0x8b,0x48,0x8b,0x27,0x8b,0x07,0x8b,0x27,0x8b,0x07,0x8b,0x07,0x8b,0x27,0x8b,0x07,0x8b,0x07,0x8b,0x07,0x8b,0x27,0x93,0x27,0x8b,
    0x27,0x8b,0x27,0x8b,0x27,0x8b,0x27,0x8b,0x28,0x93,0x27,0x8b,0x27,0x8b,0x07,0x8b,0x27,0x8b,0x27,0x8b,0x27,0x8b,0x27,0x8b,0x27,0x8b,0x28,0x93,0x27,0x93,0x27,0x8b,
    0x27,0x8b,0x27,0x8b,0x27,0x8b,0x07,0x8b,0x07,0x8b,0x27,0x8b,0x27,0x8b,0x27,0x8b,0x27,0x8b,0x27,0x8b,0x28,0x8b,0x27,0x8b,0x27,0x8b,0xeb,0x93,0x19,0xdf,0x19,0xdf,
    0x19,0xdf,0x19,0xe7,0x19,0xe7,0x19,0xe7,0x19,0xe7,0x19,0xe7,0x19,0xe7,0x19,0xdf,0x19,0xdf,0x93,0xbd,0xa9,0x93,0x07,0x8b,0x07,0x8b,0x07,0x8b,0x07,0x8b,0x07,0x8b,
    0x07,0x8b,0x27,0x8b,0x27,0x8b,0x27,0x8b,0x27,0x8b,0x27,0x8b,0x27,0x8b,0x27,0x8b,0x27,0x8b,0x27,0x8b,0x27,0x8b,0x08,0x8b,0x08,0x8b,0x08,0x8b,0x27,0x8b,0x27,0x8b,
    0x27,0x8b,0x07,0x8b,0x27,0x8b,0x27,0x93,0x27,0x8b,0x27,0x8b,0x27,0x8b,0x27,0x8b,0x27,0x8b,0x27,0x8b,0x27,0x8b,0x27,0x93,0x27,0x8b,0x27,0x8b,0x27,0x8b,0x27,0x8b,
    0x27,0x8b,0xe7,0x82,0xa6,0x72,0xa6,0x72,0xc6,0x72,0xc6,0x7a,0xc7,0x7a,0xc6,0x7a,0xc6,0x7a,0xa6,0x7a,0xa6,0x7a,0xc6,0x7a,0x27,0x8b,0x07,0x8b,0x07,0x8b,0x07,0x8b,
    0xe7,0x7a,0xc6,0x7a,0xc7,0x7a,0xc6,0x7a,0x46,0x5a,0x46,0x5a,0x46,0x5a,0x46,0x5a,0x46,0x52,0x47,0x52,0x47,0x5a,0x47,0x52,0x46,0x52,0x46,0x52,0x46,0x52,0x46,0x52,
    0x46,0x52,0x67,0x52,0x47,0x52,0x67,0x52,0x67,0x52,0x67,0x5a,0x67,0x5a,0x67,0x5a,0x66,0x5a,0x67,0x5a,0x66,0x52,0x66,0x5a,0x66,0x52,0x46,0x52,0x46,0x52,0x46,0x5a,
    0x46,0x5a,0x26,0x5a,0x66,0x5a,0x66,0x5a,0x87,0x5a,0x67,0x5a,0x87,0x5a,0x87,0x5a,0x67,0x5a,0x67,0x5a,0x67,0x5a,0x67,0x5a,0x67,0x5a,0x67,0x5a,0x67,0x5a,0x66,0x5a,
    0x66,0x5a,0x67,0x5a,0x67,0x52,0x46,0x52,0x66,0x52,0x46,0x52,0x47,0x5a,0x47,0x5a,0x46,0x52,0x47,0x5a,0x47,0x5a,0x47,0x5a,0x67,0x5a,0x47,0x5a,0x67,0x5a,0x67,0x5a,
    0x67,0x5a,0x67,0x5a,0x67,0x5a,0x67,0x5a,0x67,0x5a,0x66,0x5a,0x66,0x5a,0x66,0x5a,0x66,0x5a,0x66,0x5a,0x66,0x5a,0x47,0x5a,0x66,0x5a,0x67,0x5a,0x67,0x5a,0x67,0x5a,
    0x67,0x5a,0x47,0x5a,0x47,0x52,0xa6,0x72,0xa6,0x72,0xe7,0x82,0x07,0x83,0xe6,0x82,0x27,0x8b,0x27,0x93,0x27,0x93,0x47,0x93,0x47,0x93,0x27,0x93,0x47,0x8b,0xe6,0x8a,
    0x06,0x83,0x06,0x83,0x07,0x83,0x07,0x83,0xe7,0x82,0xe7,0x82,0xe7,0x82,0x07,0x8b,0x27,0x93,0x27,0x93,0x28,0x93,0x27,0x8b,0x27,0x93,0x27,0x93,0x27,0x93,0x27,0x93,
    0x27,0x93,0x47,0x8b,0x27,0x93,0x27,0x8b,0x27,0x8b,0x27,0x93,0x27,0x93,0x27,0x93,0x28,0x93,0x28,0x93,0x28,0x93,0x28,0x8b,0xc7,0x7a,0xa6,0x7a,0xa6,0x7a,0xc6,0x7a,
    0xc6,0x7a,0xc6,0x7a,0xc7,0x7a,0xc7,0x7a,0xc7,0x7a,0xe6,0x82,0x27,0x8b,0x27,0x8b,0x27,0x8b,0x27,0x8b,0x27,0x8b,0x27,0x8b,0x27,0x8b,0x27,0x8b,0x27,0x8b,0x28,0x8b,
    0x28,0x8b,0x27,0x8b,0x27,0x8b,0x28,0x8b,0x28,0x93,0x28,0x93,0x28,0x93,0x08,0x8b,0x08,0x8b,0x08,0x8b,0x27,0x8b,0x07,0x8b,0x07,0x8b,0x27,0x8b,0x27,0x8b,0x27,0x8b,
    0x27,0x8b,0x27,0x8b,0x27,0x8b,0x0b,0x94,0x19,0xdf,0x19,0xe7,0x19,0xdf,0x19,0xe7,0x19,0xe7,0x19,0xe7,0x19,0xe7,0x19,0xe7,0x19,0xe7,0x19,0xdf,0x19,0xdf,0xb3,0xbd,
    0xaa,0x9b,0x27,0x8b,0x27,0x8b,0x27,0x8b,0x07,0x8b,0x27,0x8b,0x27,0x8b,0x27,0x8b,0x27,0x8b,0x28,0x8b,0x27,0x8b,0x27,0x8b,0x27,0x8b,0x27,0x8b,0x27,0x8b,0x27,0x8b,
    0x27,0x8b,0x27,0x8b,0x27,0x8b,0x07,0x8b,0x27,0x8b,0x27,0x8b,0x07,0x8b,0x27,0x93,0x27,0x93,0x27,0x8b,0x27,0x8b,0x27,0x8b,0x28,0x93,0x27,0x8b,0x28,0x93,0x28,0x93,
    0x28,0x93,0x27,0x93,0x27,0x8b,0x27,0x8b,0x27,0x8b,0x27,0x8b,0x27,0x8b,0x07,0x83,0x86,0x72,0xa6,0x72,0x86,0x72,0x86,0x6a,0x86,0x72,0x86,0x6a,0x86,0x72,0x86,0x72,
    0x86,0x72,0x65,0x6a,0x48,0x8b,0x07,0x8b,0x27,0x8b,0x27,0x93,0x07,0x8b,0x07,0x8b,0x07,0x8b,0xe7,0x82,0x66,0x6a,0x66,0x6a,0x66,0x6a,0x66,0x6a,0x66,0x6a,0x66,0x6a,
    0x46,0x62,0x46,0x62,0x46,0x62,0x46,0x62,0x66,0x62,0x66,0x62,0x66,0x62,0x66,0x6a,0x66,0x6a,0x66,0x6a,0x66,0x6a,0x66,0x6a,0x66,0x6a,0x66,0x6a,0x66,0x6a,0x66,0x6a,
    0x66,0x62,0x46,0x62,0x46,0x62,0x66,0x62,0x46,0x62,0x46,0x6a,0x46,0x6a,0x66,0x6a,0x86,0x62,0x86,0x6a,0x66,0x6a,0x86,0x6a,0x86,0x6a,0x86,0x6a,0x86,0x6a,0x86,0x6a,
    0x86,0x6a,0x66,0x6a,0x66,0x6a,0x86,0x6a,0x86,0x6a,0x86,0x6a,0x66,0x6a,0x66,0x6a,0x66,0x6a,0x66,0x6a,0x66,0x6a,0x66,0x62,0x66,0x62,0x66,0x62,0x66,0x62,0x66,0x62,
    0x65,0x62,0x66,0x6a,0x46,0x6a,0x45,0x6a,0x66,0x6a,0x86,0x62,0x66,0x62,0x86,0x62,0x86,0x62,0x86,0x6a,0x66,0x6a,0x66,0x6a,0x66,0x6a,0x66,0x62,0x86,0x6a,0x86,0x6a,
    0x86,0x6a,0x66,0x6a,0x66,0x6a,0x45,0x6a,0x66,0x6a,0x66,0x6a,0x66,0x6a,0xa6,0x6a,0xa6,0x6a,0xc7,0x7a,0xe7,0x82,0x27,0x8b,0x27,0x93,0x47,0x93,0x47,0x93,0x47,0x93,
    0x47,0x93,0x47,0x93,0x27,0x93,0x26,0x8b,0x27,0x8b,0x86,0x72,0xa7,0x72,0xa7,0x72,0xa7,0x72,0xa7,0x72,0xa7,0x7a,0xc6,0x72,0xa6,0x7a,0x48,0x8b,0x27,0x93,0x27,0x8b,
    0x27,0x8b,0x27,0x93,0x48,0x93,0x48,0x93,0x27,0x8b,0x47,0x8b,0x27,0x8b,0x47,0x8b,0x47,0x8b,0x27,0x8b,0x27,0x8b,0x27,0x8b,0x27,0x8b,0x47,0x8b,0x27,0x8b,0x27,0x93,
    0x27,0x8b,0x27,0x83,0x86,0x6a,0x86,0x6a,0x86,0x6a,0x86,0x6a,0x86,0x6a,0x86,0x72,0x86,0x6a,0x86,0x72,0xa7,0x72,0xc6,0x7a,0x07,0x8b,0x27,0x8b,0x27,0x8b,0x27,0x8b,
    0x27,0x93,0x27,0x93,0x27,0x8b,0x47,0x8b,0x28,0x8b,0x27,0x8b,0x27,0x8b,0x27,0x8b,0x27,0x8b,0x27,0x8b,0x27,0x8b,0x27,0x8b,0x27,0x93,0x28,0x93,0x27,0x93,0x27,0x8b,
    0x27,0x93,0x27,0x93,0x07,0x8b,0x27,0x8b,0x28,0x8b,0x28,0x8b,0x47,0x8b,0x27,0x8b,0x27,0x8b,0x0c,0x94,0x19,0xe7,0x19,0xdf,0x19,0xdf,0x19,0xe7,0x19,0xe7,0x19,0xe7,
    0x19,0xe7,0x19,0xe7,0x19,0xe7,0x19,0xe7,0x19,0xe7,0x72,0xb5,0x08,0x7b,0x86,0x6a,0x66,0x6a,0x66,0x6a,0x67,0x6a,0x67,0x6a,0x87,0x72,0x87,0x72,0x87,0x72,0x87,0x72,
    0x87,0x72,0x87,0x6a,0x67,0x6a,0x66,0x6a,0x66,0x6a,0x66,0x6a,0x66,0x6a,0x66,0x6a,0x66,0x6a,0x66,0x6a,0x66,0x6a,0x66,0x6a,0x66,0x6a,0x67,0x6a,0x66,0x6a,0xa7,0x72,
    0xa7,0x72,0xa7,0x72,0xa6,0x72,0xa6,0x72,0xa6,0x72,0xa6,0x72,0xa6,0x72,0xa6,0x72,0x86,0x72,0x86,0x72,0x86,0x72,0x86,0x72,0x66,0x6a,0x86,0x72,0xa7,0x72,0xa7,0x72,
    0x86,0x72,0xa7,0x72,0x87,0x72,0x86,0x72,0xa7,0x72,0xa6,0x6a,0x86,0x72,0x86,0x6a,0x86,0x72,0x86,0x6a,0x66,0x6a,0x66,0x6a,0x86,0x72,0x86,0x6a,0x86,0x6a,0x86,0x72,
    0x86,0x72,0xa7,0x72,0xa7,0x72,0x86,0x72,0xa7,0x72,0xa7,0x72,0xa7,0x72,0xa7,0x72,0xa7,0x72,0xa7,0x72,0xa7,0x72,0xa7,0x72,0xa7,0x72,0xa7,0x72,0xa7,0x72,0xa7,0x72,
    0xa7,0x7a,0xa7,0x7a,0xc7,0x7a,0xc7,0x7a,0xa7,0x7a,0xa7,0x72,0xa7,0x72,0xa7,0x72,0xa6,0x72,0xa6,0x72,0x86,0x72,0xa7,0x72,0xa7,0x72,0xa7,0x72,0xa7,0x72,0xa7,0x72,
    0xa7,0x72,0xa7,0x72,0xa6,0x72,0xa7,0x72,0xa7,0x72,0xa7,0x6a,0xa7,0x6a,0xa7,0x6a,0xa7,0x72,0xa7,0x72,0xa7,0x72,0xa7,0x72,0xa7,0x72,0xa7,0x72,0xa7,0x72,0xa6,0x72,
    0xa7,0x72,0xa7,0x72,0xa7,0x6a,0x87,0x72,0x87,0x72,0xa7,0x72,0xa6,0x72,0x86,0x72,0x86,0x72,0x86,0x72,0xa7,0x72,0xa7,0x72,0xa7,0x72,0xa7,0x72,0xa7,0x72,0xa7,0x6a,
    0xa7,0x6a,0xa7,0x6a,0xa7,0x6a,0xa7,0x6a,0xa7,0x6a,0xa7,0x72,0xa7,0x72,0xa7,0x72,0x87,0x72,0x87,0x72,0x86,0x72,0xa7,0x72,0xa7,0x72,0xa6,0x6a,0xa7,0x72,0x86,0x72,
    0x66,0x72,0x86,0x6a,0x65,0x6a,0x66,0x6a,0x86,0x72,0x86,0x72,0xa7,0x72,0x86,0x72,0x66,0x72,0x86,0x6a,0x86,0x6a,0x86,0x6a,0xa6,0x6a,0xa6,0x6a,0xa6,0x6a,0xa6,0x72,
    0xa7,0x72,0xa7,0x72,0xa7,0x72,0x86,0x6a,0x86,0x6a,0x86,0x72,0x86,0x72,0x86,0x72,0x86,0x72,0x86,0x72,0x86,0x6a,0x86,0x6a,0x65,0x6a,0x66,0x6a,0x86,0x72,0x86,0x6a,
    0x86,0x6a,0x86,0x72,0x86,0x72,0x86,0x72,0x86,0x6a,0x66,0x6a,0x86,0x6a,0x66,0x6a,0x86,0x6a,0xa7,0x72,0xa7,0x72,0x87,0x6a,0xa7,0x6a,0xa7,0x72,0xa7,0x72,0xa7,0x72,
    0xa7,0x72,0xa7,0x72,0x66,0x6a,0x67,0x6a,0x66,0x6a,0x66,0x6a,0x66,0x6a,0x66,0x6a,0x66,0x6a,0x87,0x6a,0x87,0x6a,0x87,0x6a,0x66,0x6a,0x66,0x6a,0x66,0x6a,0x66,0x6a,
    0x66,0x6a,0x66,0x6a,0x66,0x6a,0x66,0x6a,0x66,0x6a,0x66,0x6a,0x66,0x62,0x66,0x62,0x66,0x6a,0x66,0x6a,0x66,0x6a,0x66,0x6a,0x46,0x6a,0x46,0x6a,0x46,0x6a,0x4a,0x83,
    0x3a,0xe7,0x19,0xdf,0x19,0xdf,0x19,0xe7,0x19,0xe7,0x19,0xe7,0x19,0xe7,0x19,0xe7,0x19,0xe7,0x19,0xe7,0x19,0xe7,0x73,0xb5,0x29,0x83,0x66,0x6a,0x66,0x6a,0x65,0x6a,
    0x65,0x6a,0x66,0x6a,0x66,0x6a,0x86,0x6a,0x66,0x6a,0x66,0x6a,0x66,0x6a,0x66,0x6a,0x66,0x6a,0x66,0x6a,0x66,0x6a,0x66,0x6a,0x86,0x6a,0x66,0x6a,0x86,0x6a,0x66,0x6a,
    0x66,0x6a,0x65,0x6a,0x45,0x6a,0x45,0x6a,0x66,0x6a,0x86,0x72,0x86,0x72,0x86,0x72,0xa6,0x72,0xa6,0x72,0x86,0x72,0x86,0x72,0x86,0x72,0x86,0x72,0x86,0x72,0x86,0x6a,
    0x86,0x72,0x86,0x72,0x65,0x6a,0x86,0x6a,0x86,0x72,0x86,0x72,0x66,0x72,0x66,0x72,0x66,0x72,0x86,0x72,0x66,0x72,0x65,0x72,0x65,0x72,0x65,0x6a,0x66,0x6a,0x86,0x6a,
    0x66,0x6a,0x66,0x6a,0x65,0x6a,0x65,0x6a,0x46,0x6a,0x66,0x72,0x66,0x72,0x65,0x72,0x86,0x72,0x85,0x72,0x85,0x72,0xa6,0x72,0xa6,0x72,0xa6,0x72,0x86,0x7a,0xa6,0x7a,
    0x85,0x72,0x85,0x72,0x85,0x72,0x85,0x72,0xa5,0x72,0xa6,0x7a,0x85,0x7a,0x85,0x7a,0x86,0x7a,0x86,0x7a,0x86,0x7a,0x86,0x72,0x86,0x72,0x85,0x72,0x85,0x72,0x85,0x72,
    0x86,0x72,0x85,0x72,0xa6,0x72,0xa6,0x72,0xa6,0x72,0x86,0x72,0x86,0x72,0x85,0x72,0x85,0x72,0x65,0x72,0x65,0x72,0x45,0x72,0x65,0x72,0x65,0x72,0x65,0x72,0x65,0x72,
    0x85,0x72,0x85,0x72,0x65,0x72,0x65,0x72,0x85,0x72,0x86,0x72,0xa6,0x72,0x86,0x72,0x86,0x72,0x65,0x72,0x86,0x72,0x85,0x72,0x85,0x72,0x65,0x72,0x65,0x72,0x86,0x72,
    0x85,0x72,0x85,0x72,0x65,0x72,0x85,0x72,0x66,0x72,0x65,0x72,0x65,0x72,0x65,0x72,0x65,0x72,0x66,0x72,0x65,0x72,0x65,0x72,0x86,0x72,0x86,0x72,0x65,0x72,0x65,0x72,
    0x66,0x72,0x66,0x72,0x65,0x72,0x65,0x72,0x66,0x72,0x66,0x72,0x66,0x6a,0x65,0x6a,0x86,0x72,0x86,0x72,0x85,0x6a,0x86,0x72,0x86,0x72,0x86,0x72,0x86,0x72,0x86,0x6a,
    0x86,0x72,0x66,0x72,0x66,0x72,0x66,0x6a,0x65,0x6a,0x65,0x6a,0x66,0x72,0x86,0x72,0x86,0x72,0x86,0x72,0x86,0x72,0x86,0x72,0x86,0x72,0x86,0x72,0x86,0x6a,0x86,0x6a,
    0x86,0x6a,0x86,0x6a,0x66,0x6a,0x66,0x6a,0x86,0x72,0x86,0x72,0x86,0x72,0x86,0x72,0x86,0x6a,0x66,0x6a,0x65,0x6a,0x66,0x6a,0x45,0x6a,0x65,0x6a,0x86,0x6a,0x86,0x72,
    0x86,0x72,0x86,0x72,0x85,0x72,0x85,0x72,0x86,0x72,0x86,0x72,0x86,0x72,0x86,0x72,0x66,0x6a,0x86,0x6a,0x65,0x6a,0x65,0x6a,0x65,0x6a,0x66,0x6a,0x66,0x6a,0x66,0x6a,
    0x66,0x6a,0x86,0x6a,0x86,0x6a,0x86,0x6a,0x66,0x6a,0x66,0x6a,0x86,0x6a,0x86,0x6a,0x65,0x6a,0x66,0x6a,0x66,0x6a,0x66,0x6a,0x66,0x6a,0x66,0x6a,0x66,0x6a,0x65,0x6a,
    0x65,0x6a,0x45,0x6a,0x45,0x62,0x45,0x62,0x45,0x62,0x6a,0x7b,0x19,0xdf,0x19,0xdf,0x19,0xdf,0x19,0xe7,0x19,0xe7,0x19,0xe7,0x19,0xe7,0x19,0xe7,0x19,0xe7,0x19,0xdf,
    0x19,0xdf,0x19,0xdf,0x19,0xe7,0x19,0xe7,0x19,0xe7,0x19,0xe7,0x19,0xdf,0x19,0xe7,0x19,0xe7,0x19,0xe7,0x19,0xdf,0x19,0xdf,0x19,0xdf,0xf9,0xde,0x19,0xdf,0x19,0xe7,
    0x19,0xdf,0x19,0xdf,0x19,0xdf,0x1a,0xe7,0x3a,0xe7,0x1a,0xe7,0x3a,0xe7,0x39,0xe7,0x1a,0xe7,0x1a,0xe7,0x19,0xe7,0x19,0xe7,0x19,0xdf,0x19,0xdf,0x19,0xe7,0x19,0xe7,
    0x1a,0xe7,0x19,0xdf,0x19,0xdf,0x19,0xdf,0x19,0xdf,0x19,0xe7,0x19,0xe7,0x19,0xe7,0x19,0xe7,0x19,0xdf,0x19,0xdf,0x19,0xdf,0x19,0xdf,0x19,0xe7,0x19,0xdf,0x19,0xdf,
    0x19,0xe7,0x19,0xe7,0x19,0xe7,0x19,0xdf,0x19,0xe7,0x19,0xe7,0xf9,0xde,0x19,0xdf,0x19,0xdf,0x19,0xdf,0x19,0xdf,0x19,0xe7,0x19,0xe7,0x1a,0xe7,0x1a,0xe7,0x3a,0xe7,
    0x19,0xe7,0x19,0xe7,0x19,0xdf,0x19,0xdf,0xf9,0xe6,0x19,0xe7,0x19,0xdf,0x19,0xdf,0x19,0xdf,0x39,0xe7,0x19,0xe7,0x1a,0xe7,0x19,0xe7,0x19,0xe7,0x19,0xe7,0x19,0xe7,
    0xf9,0xde,0xf9,0xde,0xf9,0xde,0x19,0xdf,0xf9,0xde,0x19,0xdf,0xf9,0xde,0x19,0xe7,0x1a,0xe7,0x3a,0xe7,0x19,0xdf,0x19,0xdf,0x19,0xdf,0x19,0xdf,0xf9,0xde,0xf9,0xde,
    0xf9,0xe6,0xf9,0xde,0xf9,0xe6,0xf9,0xe6,0x19,0xdf,0x19,0xe7,0x19,0xe7,0x19,0xe7,0x19,0xe7,0x19,0xe7,0x19,0xdf,0x19,0xe7,0x19,0xdf,0x19,0xdf,0x19,0xdf,0x19,0xdf,
    0x19,0xdf,0x19,0xdf,0x19,0xdf,0x19,0xdf,0x19,0xdf,0x19,0xdf,0x19,0xdf,0x19,0xdf,0xf9,0xde,0x19,0xdf,0xf9,0xe6,0x19,0xe7,0xf9,0xe6,0x19,0xe7,0xf9,0xe6,0xf9,0xe6,
    0xf9,0xe6,0xf9,0xe6,0x19,0xe7,0x19,0xe7,0xf9,0xe6,0x19,0xe7,0x19,0xe7,0x1a,0xe7,0x1a,0xe7,0x19,0xe7,0x19,0xe7,0x19,0xe7,0x19,0xdf,0x19,0xdf,0x19,0xdf,0x19,0xdf,
    0x19,0xe7,0x19,0xe7,0x19,0xe7,0x19,0xe7,0x19,0xdf,0x19,0xe7,0x19,0xe7,0x19,0xdf,0x19,0xdf,0x19,0xdf,0x19,0xdf,0x19,0xdf,0xf9,0xde,0xf9,0xde,0xf9,0xde,0x19,0xdf,
    0x19,0xdf,0x19,0xe7,0x19,0xe7,0x19,0xe7,0x19,0xdf,0x19,0xdf,0x19,0xdf,0x19,0xdf,0x19,0xdf,0x19,0xe7,0x19,0xe7,0x1a,0xe7,0x39,0xe7,0x19,0xdf,0x19,0xdf,0x19,0xdf,
    0x19,0xdf,0x19,0xdf,0x19,0xe7,0x19,0xe7,0x19,0xdf,0x1a,0xe7,0x1a,0xe7,0x1a,0xe7,0x19,0xe7,0x19,0xe7,0x19,0xdf,0x19,0xe7,0x19,0xe7,0x19,0xe7,0x1a,0xe7,0x19,0xdf,
    0x19,0xdf,0x19,0xdf,0x19,0xdf,0x19,0xe7,0x1a,0xe7,0x19,0xe7,0x19,0xe7,0x3a,0xe7,0x1a,0xe7,0x19,0xdf,0x19,0xdf,0x19,0xdf,0x1a,0xe7,0x19,0xe7,0x19,0xe7,0x19,0xe7,
    0x19,0xe7,0x19,0xe7,0x19,0xe7,0x1a,0xe7,0x19,0xe7,0x19,0xe7,0x19,0xdf,0x19,0xe7,0x19,0xe7,0x19,0xe7,0x19,0xe7,0x19,0xe7,0x19,0xdf,0x19,0xdf,0x19,0xdf,0x19,0xe7,
    0x19,0xe7,0x19,0xe7,0x19,0xe7,0x19,0xe7,0x19,0xe7,0x19,0xdf,0x19,0xdf,0x19,0xe7,0x19,0xe7,0x19,0xdf,0x19,0xdf,0x19,0xdf,0x19,0xdf,0x19,0xdf,0x19,0xdf,0x39,0xe7,
    0x19,0xe7,0x19,0xe7,0x19,0xe7,0x19,0xe7,0x19,0xe7,0x19,0xdf,0x19,0xdf,0x19,0xdf,0x19,0xdf,0x1a,0xe7,0x19,0xdf,0x19,0xdf,0x19,0xdf,0x19,0xdf,0x19,0xdf,0x19,0xdf,
    0x19,0xe7,0xf9,0xe6,0x19,0xdf,0x19,0xdf,0x19,0xdf,0x19,0xe7,0x19,0xe7,0x19,0xe7,0x19,0xe7,0x19,0xe7,0x19,0xdf,0xf9,0xde,0x19,0xdf,0x19,0xdf,0x19,0xdf,0xf9,0xde,
    0x19,0xdf,0x19,0xdf,0x19,0xdf,0x19,0xdf,0x19,0xdf,0x19,0xdf,0x19,0xdf,0x19,0xdf,0xf9,0xde,0x19,0xdf,0x19,0xdf,0x19,0xdf,0x19,0xdf,0x19,0xdf,0x19,0xdf,0x19,0xdf,
    0x19,0xe7,0x1a,0xe7,0x19,0xe7,0x19,0xdf,0x19,0xdf,0x19,0xe7,0x19,0xe7,0x19,0xdf,0x19,0xdf,0x19,0xdf,0x19,0xdf,0x19,0xdf,0x19,0xdf,0x19,0xdf,0x19,0xdf,0x19,0xdf,
    0x19,0xdf,0xf9,0xde,0xf9,0xde,0x19,0xdf,0x19,0xdf,0x19,0xdf,0x19,0xe7,0x19,0xdf,0x19,0xdf,0x19,0xdf,0x19,0xdf,0x19,0xdf,0x19,0xdf,0xf9,0xde,0x19,0xdf,0x19,0xdf,
    0x19,0xe7,0x19,0xe7,0x39,0xe7,0x39,0xe7,0x19,0xe7,0x19,0xe7,0x19,0xdf,0xf9,0xde,0x19,0xdf,0x19,0xdf,0x19,0xdf,0x19,0xdf,0x19,0xdf,0x19,0xdf,0x19,0xdf,0x19,0xdf,
    0x19,0xdf,0x19,0xdf,0x19,0xdf,0x19,0xdf,0x19,0xdf,0x19,0xdf,0x19,0xdf,0x19,0xdf,0x19,0xdf,0x19,0xdf,0x19,0xdf,0x19,0xdf,0x19,0xdf,0x19,0xdf,0x19,0xdf,0x19,0xdf,
    0x19,0xdf,0x19,0xdf,0x19,0xe7,0x19,0xdf,0x19,0xdf,0x19,0xdf,0x19,0xdf,0x19,0xe7,0x19,0xdf,0x19,0xe7,0x19,0xdf,0x19,0xdf,0x19,0xdf,0x19,0xdf,0x19,0xdf,0x19,0xdf,
    0x19,0xdf,0x19,0xdf,0x19,0xdf,0x19,0xdf,0x19,0xdf,0x19,0xdf,0x19,0xdf,0x19,0xdf,0x19,0xdf,0xf9,0xde,0x19,0xdf,0x19,0xdf,0x19,0xdf,0x19,0xdf,0x19,0xdf,0x19,0xdf,
    0x19,0xdf,0x19,0xdf,0x19,0xdf,0x19,0xdf,0x19,0xdf,0x19,0xdf,0x19,0xe7,0x19,0xe7,0x19,0xe7,0x19,0xe7,0x19,0xdf,0x19,0xdf,0x19,0xdf,0x19,0xdf,0x19,0xdf,0x19,0xe7,
    0x19,0xdf,0x19,0xdf,0xf9,0xde,0x19,0xdf,0xf9,0xde,0xf9,0xde,0xf9,0xde,0x19,0xdf,0x19,0xdf,0x19,0xdf,0x19,0xdf,0x19,0xdf,0x19,0xdf,0x19,0xdf,0x19,0xdf,0x19,0xdf,
    0x19,0xdf,0x19,0xdf,0x19,0xdf,0x19,0xdf,0x19,0xdf,0xf9,0xde,0x19,0xdf,0x19,0xdf,0x19,0xe7,0x19,0xdf,0x19,0xdf,0x19,0xdf,0x19,0xdf,0x19,0xe7,0x19,0xe7,0x19,0xe7,
    0x19,0xe7,0x19,0xdf,0x19,0xdf,0x19,0xdf,0x19,0xdf,0x19,0xdf,0x19,0xdf,0x19,0xdf,0x19,0xdf,0x19,0xdf,0x19,0xdf,0x19,0xdf,0x19,0xdf,0x19,0xdf,0x19,0xdf,0x19,0xdf,
    0x19,0xdf,0xf9,0xe6,0x19,0xdf,0x19,0xdf,0x19,0xdf,0x19,0xe7,0x19,0xe7,0x19,0xe7,0x19,0xe7,0x19,0xe7,0x19,0xe7,0x19,0xdf,0x19,0xdf,0x19,0xdf,0x19,0xdf,0x19,0xdf,
    0x19,0xdf,0x19,0xdf,0x19,0xdf,0x19,0xdf,0x19,0xe7,0x19,0xe7,0x19,0xe7,0x19,0xdf,0x19,0xdf,0x19,0xdf,0x19,0xe7,0x19,0xe7,0x19,0xe7,0x19,0xdf,0x19,0xdf,0x19,0xdf,
    0x19,0xdf,0x19,0xdf,0x19,0xdf,0x19,0xdf,0x19,0xe7,0x19,0xdf,0x19,0xdf,0x19,0xe7,0x19,0xdf,0x19,0xdf,0x19,0xdf,0x19,0xdf,0x19,0xdf,0x19,0xdf,0x19,0xdf,0x19,0xdf,
    0x19,0xdf,0x19,0xdf,0x19,0xdf,0x19,0xe7,0x19,0xe7,0x19,0xe7,0x19,0xdf,0x19,0xdf,0x19,0xdf,0x19,0xdf,0x19,0xdf,0x19,0xdf,0x19,0xdf,0x19,0xdf,0x19,0xdf,0x19,0xdf,
    0x19,0xdf,0x19,0xdf,0x19,0xdf,0x19,0xdf,0x19,0xe7,0x19,0xdf,0x19,0xe7,0x19,0xe7,0x19,0xe7,0x19,0xdf,0x19,0xdf,0x19,0xdf,0x19,0xdf,0x19,0xdf,0x19,0xdf,0x19,0xdf,
    0x19,0xdf,0x19,0xdf,0x19,0xdf,0x19,0xdf,0x19,0xdf,0x19,0xdf,0x19,0xdf,0x19,0xdf,0x19,0xdf,0x19,0xdf,0x19,0xdf,0x19,0xdf,0x19,0xdf,0x19,0xdf,0x19,0xe7,0x19,0xe7,
    0x19,0xe7,0x19,0xdf,0x19,0xdf,0x19,0xdf,0x19,0xdf,0x19,0xdf,0x19,0xdf,0x19,0xdf,0x19,0xe7,0x19,0xe7,0x19,0xe7,0x19,0xdf,0x19,0xdf,0x19,0xdf,0x19,0xdf,0x19,0xdf,
    0x19,0xdf,0x19,0xe7,0x19,0xe7,0x19,0xe7,0x19,0xdf,0x19,0xdf,0x19,0xdf,0x19,0xdf,0x19,0xdf,0x19,0xdf,0x19,0xdf,0x19,0xdf,0x19,0xdf,0x19,0xdf,0x19,0xdf,0x19,0xdf,
    0x19,0xdf,0x19,0xe7,0x19,0xdf,0x19,0xdf,0x19,0xdf,0x19,0xdf,0x19,0xdf,0x19,0xe7,0x19,0xe7,0x19,0xe7,0x19,0xdf,0x19,0xdf,0x19,0xdf,0x19,0xdf,0x19,0xdf,0x19,0xdf,
    0x19,0xdf,0x19,0xdf,0x19,0xdf,0x19,0xdf,0x19,0xdf,0x19,0xdf,0x19,0xdf,0x19,0xdf,0x19,0xdf,0x19,0xdf,0x19,0xe7,0x19,0xe7,0x19,0xe7,0x19,0xe7,0x19,0xdf,0x19,0xdf,
    0x19,0xdf,0x19,0xdf,0x19,0xdf,0x19,0xdf,0x19,0xdf,0x19,0xdf,0x19,0xdf,0x19,0xdf,0x19,0xdf,0x19,0xdf,0x19,0xdf,0x19,0xdf,0x19,0xdf,0x19,0xdf,0x19,0xdf,0x19,0xdf,
    0x19,0xdf,0x19,0xdf,0x19,0xdf,0x19,0xdf,0x19,0xdf,0x19,0xdf,0x19,0xdf,0x19,0xdf,0x19,0xdf,0x19,0xdf,0x19,0xdf,0x19,0xdf,0x19,0xe7,0x19,0xe7,0x19,0xdf,0x19,0xdf,
    0x19,0xdf,0x19,0xdf,0x19,0xdf,0x19,0xdf,0x19,0xdf,0x19,0xdf,0x19,0xdf,0x19,0xdf,0x19,0xdf,0x19,0xdf,0x19,0xdf,0x19,0xdf,0x19,0xe7,0x19,0xe7,0x19,0xdf,0x19,0xdf,
    0x19,0xdf,0x19,0xe7,0x19,0xdf,0x19,0xdf,0x19,0xdf,0x19,0xdf,0x19,0xdf,0x19,0xdf,0x19,0xdf,0x19,0xdf,0x19,0xdf,0x19,0xdf,0x19,0xe7,0x19,0xdf,0x19,0xdf,0x19,0xdf,
    0x19,0xe7,0x19,0xe7,0x19,0xdf,0x19,0xe7,0x19,0xdf,0x19,0xdf,0x19,0xdf,0x19,0xdf,0x19,0xdf,0x19,0xdf,0x19,0xdf,0x19,0xe7,0x19,0xe7,0x19,0xe7,0x19,0xe7,0x19,0xe7,
    0x19,0xe7,0x19,0xdf,0x19,0xdf,0x19,0xdf,0x19,0xdf,0x19,0xdf,0x19,0xdf,0x19,0xdf,0x19,0xdf,0x19,0xdf,0x19,0xdf,0x19,0xdf,0x19,0xdf,0x19,0xdf,0x19,0xdf,0x19,0xdf,
    0x19,0xdf,0x19,0xdf,0x19,0xdf,0x19,0xdf,0x19,0xdf,0x19,0xe7,0x19,0xdf,0x19,0xdf,0x19,0xdf,0x19,0xdf,0x19,0xdf,0x19,0xdf,0x19,0xdf,0x19,0xdf,0x19,0xdf,0x19,0xdf,
    0x19,0xdf,0x19,0xdf,0x19,0xdf,0x19,0xdf,0x19,0xdf,0x19,0xdf,0x19,0xdf,0x19,0xdf,0x19,0xdf,0x19,0xdf,0x19,0xdf,0x19,0xdf,0x19,0xdf,0x19,0xdf,0x19,0xdf,0x19,0xdf,
    0x19,0xdf,0x19,0xdf,0x19,0xdf,0x19,0xdf,0x19,0xdf,0x19,0xdf,0x19,0xdf,0x19,0xdf,0x19,0xdf,0x19,0xdf,0x19,0xdf,0x19,0xdf,0x19,0xe7,0x19,0xe7,0x19,0xdf,0x19,0xdf,
    0x19,0xdf,0x19,0xdf,0x19,0xdf,0x19,0xdf,0x19,0xdf,0x19,0xdf,0x19,0xdf,0x19,0xdf,0x19,0xdf,0x19,0xdf,0x19,0xdf,0x19,0xdf,0x19,0xdf,0x19,0xdf,0x19,0xdf,0x19,0xdf,
    0x19,0xdf,0x19,0xdf,0x19,0xdf,0x19,0xdf,0x19,0xdf,0x19,0xdf,0x19,0xdf,0x19,0xdf,0x19,0xdf,0x19,0xdf,0x19,0xdf,0x19,0xdf,0x19,0xdf,0x19,0xdf,0x19,0xdf,0x19,0xdf,
    0x19,0xdf,0x19,0xdf,0x19,0xdf,0x19,0xdf,0x19,0xdf,0x19,0xdf,0x19,0xdf,0x19,0xdf,0x19,0xdf,0x19,0xdf,0x19,0xdf,0x19,0xdf,0x19,0xdf,0x19,0xdf,0x19,0xdf,0x19,0xdf,
    0x19,0xdf,0x19,0xdf,0x19,0xdf,0x19,0xdf,0x19,0xdf,0x19,0xdf,0x19,0xdf,0x19,0xdf,0x19,0xdf,0x19,0xdf,0x19,0xdf,0x19,0xdf,0x19,0xdf,0x19,0xdf,0x19,0xdf,0x19,0xdf,
    0x19,0xdf,0x19,0xdf,0x19,0xdf,0x19,0xdf,0x19,0xdf,0x19,0xdf,0x19,0xdf,0x19,0xdf,0x19,0xdf,0x19,0xdf,0x19,0xdf,0x19,0xdf,0x19,0xdf,0x19,0xdf,0x19,0xdf,0x19,0xdf,
    0x19,0xdf,0x19,0xdf,0x19,0xdf,0x19,0xdf,0x19,0xdf,0x19,0xdf,0x19,0xdf,0x19,0xdf,0x19,0xdf,0x19,0xdf,0x19,0xdf,0x19,0xdf,0x19,0xdf,0x19,0xdf,0x19,0xdf,0x19,0xdf,
    0x19,0xdf,0x19,0xdf,0x19,0xdf,0x19,0xdf,0x19,0xdf,0x19,0xdf,0x19,0xdf,0x19,0xdf,0x19,0xdf,0x19,0xdf,0x19,0xdf,0x19,0xdf,0x19,0xdf,0x19,0xdf,0x19,0xdf,0x19,0xdf,
    0x19,0xdf,0x19,0xdf,0x19,0xdf,0x19,0xdf,0x19,0xdf,0x19,0xdf,0x19,0xdf,0x19,0xdf,0x19,0xdf,0x19,0xdf,0x19,0xdf,0x19,0xdf,0x19,0xdf,0x19,0xdf,0x19,0xdf,0x19,0xdf,
    0x19,0xdf,0x19,0xe7,0x19,0xe7,0x19,0xe7,0x19,0xe7,0x19,0xe7,0x19,0xe7,0x19,0xe7,0x19,0xe7,0x19,0xe7,0x19,0xdf,0x19,0xdf,0x19,0xdf,0x19,0xdf,0x19,0xdf,0x19,0xdf,
    0x19,0xdf,0x19,0xdf,0x19,0xe7,0x19,0xdf,0x19,0xdf,0x19,0xdf,0x19,0xe7,0x19,0xe7,0x19,0xe7,0x19,0xdf,0x19,0xdf,0x19,0xdf,0x19,0xdf,0x19,0xdf,0x19,0xdf,0x19,0xdf,
    0x19,0xdf,0x19,0xe7,0x19,0xe7,0x19,0xe7,0x19,0xe7,0x19,0xe7,0x19,0xe7,0x19,0xdf,0x19,0xdf,0x19,0xdf,0x19,0xdf,0x19,0xdf,0x19,0xdf,0x19,0xdf,0x19,0xdf,0x19,0xdf,
    0x19,0xdf,0x19,0xe7,0x19,0xdf,0x19,0xdf,0x19,0xdf,0x19,0xdf,0x19,0xdf,0x19,0xdf,0x19,0xdf,0x19,0xdf,0x19,0xdf,0x19,0xe7,0x19,0xdf,0x19,0xdf,0x19,0xdf,0x19,0xdf,
    0x19,0xdf,0x19,0xdf,0x19,0xdf,0x19,0xdf,0x19,0xdf,0x19,0xdf,0x19,0xdf,0x19,0xdf,0x19,0xdf,0x19,0xdf,0x19,0xdf,0x19,0xdf,0x19,0xdf,0x19,0xdf,0x19,0xdf,0x19,0xdf,
    0x19,0xdf,0x19,0xdf,0x19,0xdf,0x19,0xdf,0x19,0xdf,0x19,0xdf,0x19,0xdf,0x19,0xdf,0x19,0xdf,0x19,0xdf,0x19,0xdf,0x19,0xdf,0x19,0xdf,0x19,0xdf,0x19,0xdf,0x19,0xdf,
    0x19,0xdf,0x19,0xdf,0x19,0xdf,0x19,0xdf,0x19,0xdf,0x19,0xdf,0x19,0xdf,0x19,0xdf,0x19,0xdf,0x19,0xdf,0x19,0xe7,0x19,0xdf,0x19,0xdf,0x19,0xdf,0x19,0xdf,0x19,0xdf,
    0x19,0xdf,0x19,0xdf,0x19,0xdf,0x19,0xdf,0x19,0xdf,0x19,0xdf,0x19,0xdf,0x19,0xdf,0x19,0xdf,0x19,0xdf,0x19,0xdf,0x19,0xdf,0x19,0xdf,0x19,0xdf,0x19,0xdf,0x19,0xdf,
    0x19,0xdf,0x19,0xdf,0x19,0xdf,0x19,0xdf,0x19,0xdf,0x19,0xdf,0x19,0xdf,0x19,0xdf,0x19,0xdf,0x19,0xdf,0x19,0xdf,0x19,0xdf,0x19,0xdf,0x19,0xdf,0x19,0xdf,0x19,0xdf,
    0x19,0xdf,0x19,0xdf,0x19,0xdf,0x19,0xdf,0x19,0xdf,0x19,0xdf,0x19,0xdf,0x19,0xdf,0x19,0xdf,0x19,0xdf,0x19,0xdf,0x19,0xdf,0x19,0xdf,0x19,0xdf,0x19,0xdf,0x19,0xdf,
    0x19,0xdf,0x19,0xdf,0x19,0xdf,0x19,0xdf,0x19,0xdf,0x19,0xdf,0x19,0xdf,0x19,0xdf,0x19,0xdf,0x19,0xdf,0x19,0xdf,0x19,0xdf,0x19,0xdf,0x19,0xdf,0x19,0xdf,0x19,0xdf,
    0x19,0xdf,0x19,0xdf,0x19,0xdf,0x19,0xdf,0x19,0xdf,0x19,0xdf,0x19,0xdf,0x19,0xdf,0x19,0xdf,0x19,0xdf,0x19,0xdf,0x19,0xdf,0x19,0xdf,0x19,0xdf,0x19,0xdf,0x19,0xdf,
    0x19,0xdf,0x19,0xdf,0x19,0xdf,0x19,0xdf,0x19,0xdf,0x19,0xdf,0x19,0xdf,0x19,0xdf,0x19,0xdf,0x19,0xdf,0x19,0xdf,0x19,0xdf,0x19,0xdf,0x19,0xdf,0x19,0xdf,0x19,0xdf,
    0x19,0xdf,0x19,0xdf,0x19,0xdf,0x19,0xdf,0xf9,0xde,0x19,0xdf,0x19,0xdf,0x19,0xdf,0x19,0xdf,0x19,0xdf,0x19,0xdf,0x19,0xdf,0x19,0xdf,0x19,0xdf,0x19,0xdf,0x19,0xdf,
    0x19,0xdf,0x19,0xdf,0x19,0xdf,0x19,0xdf,0x19,0xdf,0x19,0xdf,0x19,0xdf,0x19,0xdf,0x19,0xdf,0x19,0xe7,0x19,0xe7,0x19,0xdf,0x19,0xdf,0x19,0xe7,0x19,0xe7,0x19,0xe7,
    0x19,0xe7,0x19,0xdf,0x19,0xdf,0x19,0xdf,0x19,0xdf,0x19,0xdf,0x19,0xdf,0x19,0xdf,0x19,0xdf,0x19,0xdf,0x19,0xdf,0x19,0xdf,0x19,0xe7,0x19,0xe7,0x19,0xe7,0x19,0xe7,
    0x19,0xe7,0x19,0xdf,0x19,0xdf,0x19,0xdf,0x19,0xdf,0x19,0xdf,0x19,0xdf,0x19,0xe7,0x19,0xe7,0x19,0xe7,0x19,0xe7,0x19,0xe7,0x19,0xe7,0x19,0xdf,0x19,0xdf,0x19,0xdf,
    0x19,0xdf,0x19,0xdf,0x19,0xdf,0x19,0xdf,0x19,0xdf,0x19,0xdf,0x19,0xdf,0x19,0xe7,0x19,0xdf,0x19,0xdf,0x19,0xdf,0x19,0xdf,0x19,0xdf,0x19,0xdf,0x19,0xdf,0x19,0xdf,
    0x19,0xdf,0x19,0xdf,0x19,0xdf,0x19,0xdf,0x19,0xdf,0x19,0xdf,0x19,0xdf,0x19,0xdf,0x19,0xdf,0x19,0xdf,0x19,0xdf,0x19,0xdf,0x19,0xdf,0x19,0xdf,0x19,0xdf,0x19,0xdf,
    0x19,0xdf,0x19,0xdf,0x19,0xdf,0x19,0xdf,0x19,0xdf,0x19,0xdf,0x19,0xdf,0x19,0xdf,0x19,0xdf,0x19,0xdf,0x19,0xdf,0x19,0xdf,0x19,0xdf,0x19,0xdf,0x19,0xdf,0x19,0xdf,
    0x19,0xdf,0x19,0xdf,0x19,0xdf,0x19,0xdf,0x19,0xdf,0x19,0xdf,0x19,0xdf,0x19,0xdf,0x19,0xdf,0x19,0xdf,0x19,0xdf,0x19,0xdf,0x19,0xdf,0x19,0xdf,0x19,0xdf,0x19,0xdf,
    0x19,0xdf,0x19,0xdf,0x19,0xdf,0x19,0xdf,0x19,0xdf,0x19,0xdf,0x19,0xdf,0x19,0xdf,0x19,0xdf,0x19,0xdf,0x19,0xdf,0x19,0xdf,0x19,0xdf,0x19,0xdf,0x19,0xdf,0x19,0xdf,
    0x19,0xdf,0x19,0xdf,0x19,0xdf,0x19,0xdf,0x19,0xdf,0x19,0xdf,0x19,0xdf,0x19,0xdf,0x19,0xdf,0x19,0xdf,0x19,0xdf,0x19,0xdf,0x19,0xdf,0x19,0xdf,0x19,0xdf,0x19,0xdf,
    0x19,0xdf,0x19,0xdf,0x19,0xdf,0x19,0xdf,0x19,0xdf,0x19,0xdf,0x19,0xdf,0x19,0xdf,0x19,0xdf,0x19,0xdf,0x19,0xdf,0x19,0xdf,0x19,0xdf,0x19,0xdf,0x19,0xdf,0x19,0xdf,
    0x19,0xdf,0x19,0xdf,0x19,0xdf,0x19,0xdf,0x19,0xdf,0x19,0xdf,0x19,0xdf,0x19,0xdf,0x19,0xdf,0x19,0xdf,0x19,0xdf,0x19,0xdf,0x19,0xdf,0x19,0xdf,0x19,0xdf,0x19,0xdf,
    0x19,0xdf,0x19,0xdf,0x19,0xdf,0x19,0xdf,0x19,0xdf,0x19,0xdf,0x19,0xdf,0x19,0xdf,0x19,0xdf,0x19,0xdf,0x19,0xdf,0x19,0xdf,0x19,0xdf,0x19,0xdf,0x19,0xdf,0x19,0xe7,
    0x19,0xdf,0x19,0xdf,0x19,0xdf,0x19,0xdf,0x19,0xdf,0x19,0xdf,0x19,0xdf,0x19,0xdf,0x19,0xdf,0x19,0xdf,0x19,0xdf,0x19,0xdf,0x19,0xdf,0x19,0xdf,0x19,0xdf,0x19,0xdf,
    0x19,0xdf,0x19,0xdf,0x19,0xdf,0x19,0xdf,0x19,0xdf,0x19,0xdf,0x19,0xdf,0x19,0xdf,0x19,0xdf,0x19,0xdf,0x19,0xdf,0x19,0xdf,0x19,0xdf,0x19,0xdf,0x19,0xdf,0x19,0xdf,
    0x19,0xdf,0x19,0xdf,0x19,0xdf,0x19,0xdf,0x19,0xdf,0x19,0xdf,0x19,0xdf,0x19,0xdf,0x19,0xdf,0x19,0xdf,0x19,0xdf,0x19,0xdf,0x19,0xdf,0x19,0xdf,0x19,0xdf,0x19,0xdf,
    0x19,0xdf,0x19,0xdf,0x19,0xdf,0x19,0xdf,0x19,0xdf,0x19,0xdf,0x19,0xe7,0x19,0xdf,0x19,0xdf,0x19,0xdf,0x19,0xdf,0x19,0xdf,0x19,0xdf,0x19,0xdf,0x19,0xdf,0x19,0xe7,
    0x19,0xdf,0x19,0xe7,0x19,0xe7,0x19,0xe7,0x19,0xe7,0x19,0xe7,0x19,0xdf,0x19,0xdf,0x19,0xdf,0x19,0xdf,0x19,0xdf,0x19,0xdf,0x19,0xdf,0x19,0xe7,0x19,0xe7,0x19,0xe7,
    0x19,0xe7,0x19,0xe7,0x19,0xe7,0x19,0xdf,0x19,0xdf,0x19,0xdf,0x19,0xdf,0x19,0xdf,0x19,0xdf,0x19,0xdf,0x19,0xdf,0x19,0xdf,0x19,0xdf,0x19,0xdf,0x19,0xdf,0x19,0xdf,
    0x19,0xdf,0x19,0xdf,0x19,0xdf,0x19,0xdf,0x19,0xdf,0x19,0xdf,0x19,0xdf,0x19,0xdf,0x19,0xdf,0x19,0xdf,0x19,0xdf,0x19,0xdf,0x19,0xdf,0x19,0xdf,0x19,0xdf,0x19,0xdf,
    0x19,0xdf,0x19,0xdf,0x19,0xdf,0x19,0xdf,0x19,0xdf,0x19,0xdf,0x19,0xdf,0x19,0xdf,0x19,0xdf,0x19,0xdf,0x19,0xdf,0x19,0xdf,0x19,0xdf,0x19,0xdf,0x19,0xdf,0x19,0xdf,
    0x19,0xdf,0x19,0xdf,0x19,0xdf,0x19,0xdf,0x19,0xdf,0x19,0xdf,0x19,0xdf,0x19,0xdf,0x19,0xdf,0x19,0xdf,0x19,0xdf,0x19,0xdf,0x19,0xdf,0x19,0xdf,0x19,0xdf,0x19,0xdf,
    0x19,0xdf,0x19,0xdf,0x19,0xdf,0x19,0xdf,0x19,0xdf,0x19,0xdf,0x19,0xdf,0x19,0xdf,0x19,0xdf,0x19,0xdf,0x19,0xdf,0x19,0xdf,0x19,0xdf,0x19,0xdf,0x19,0xdf,0x19,0xdf,
    0x19,0xdf,0x19,0xdf,0x19,0xdf,0x19,0xdf,0x19,0xdf,0x19,0xdf,0x19,0xdf,0x19,0xdf,0x19,0xdf,0x19,0xdf,0x19,0xdf,0x19,0xdf,0x19,0xdf,0x19,0xdf,0x19,0xdf,0x19,0xdf,
    0x19,0xdf,0x19,0xdf,0x19,0xdf,0x19,0xdf,0x19,0xdf,0x19,0xdf,0x19,0xdf,0x19,0xdf,0x19,0xdf,0x19,0xdf,0x19,0xdf,0x19,0xdf,0x19,0xdf,0x19,0xdf,0x19,0xdf,0x19,0xdf,
    0x19,0xdf,0x19,0xdf,0x19,0xdf,0x19,0xdf,0x19,0xdf,0x19,0xdf,0x19,0xdf,0x19,0xdf,0x19,0xdf,0x19,0xdf,0x19,0xdf,0x19,0xdf,0x19,0xdf,0x19,0xdf,0x19,0xdf,0x19,0xdf,
    0x19,0xdf,0x19,0xdf,0x19,0xdf,0x19,0xdf,0x19,0xdf,0x19,0xdf,0x19,0xdf,0x19,0xdf,0x19,0xdf,0x19,0xdf,0x19,0xdf,0x19,0xdf,0x19,0xdf,0x19,0xdf,0x19,0xdf,0x19,0xdf,
    0x19,0xdf,0x19,0xdf,0x19,0xdf,0x19,0xdf,0x19,0xdf,0x19,0xdf,0x19,0xdf,0x19,0xe7,0x19,0xdf,0x19,0xdf,0x19,0xdf,0x19,0xdf,0x19,0xdf,0x19,0xdf,0x19,0xdf,0x19,0xdf,
    0x19,0xdf,0x19,0xdf,0x19,0xdf,0x19,0xdf,0x19,0xdf,0x19,0xdf,0x19,0xdf,0x19,0xdf,0x19,0xdf,0x19,0xdf,0x19,0xdf,0x19,0xdf,0x19,0xdf,0x19,0xdf,0x19,0xdf,0x19,0xdf,
    0x19,0xdf,0x19,0xdf,0x19,0xdf,0x19,0xdf,0x19,0xdf,0x19,0xdf,0x19,0xdf,0x19,0xdf,0x19,0xdf,0x19,0xdf,0x19,0xdf,0x19,0xdf,0x19,0xdf,0x19,0xdf,0x19,0xdf,0x19,0xdf,
    0x19,0xdf,0x19,0xdf,0x19,0xdf,0x19,0xdf,0x19,0xdf,0x19,0xdf,0x19,0xdf,0x19,0xdf,0x19,0xdf,0x19,0xdf,0x19,0xdf,0x19,0xdf,0x19,0xdf,0x19,0xe7,0x19,0xdf,0x19,0xdf,
    0x19,0xdf,0x19,0xdf,0x19,0xdf,0x19,0xdf,0x19,0xdf,0x19,0xdf,0x19,0xe7,0x19,0xe7,0x19,0xe7,0x19,0xe7,0x19,0xe7,0x19,0xdf,0x19,0xdf,0x19,0xdf,0x19,0xdf,0x19,0xdf,
    0x19,0xdf,0x19,0xdf,0x19,0xdf,0x19,0xe7,0x19,0xe7,0x19,0xe7,0x19,0xe7,0x19,0xe7,0x19,0xe7,0x19,0xdf,0x19,0xdf,0x19,0xdf,0x19,0xdf,0x19,0xdf,0x19,0xdf,0x19,0xdf,
    0x19,0xdf,0x19,0xdf,0x19,0xdf,0x19,0xdf,0x19,0xdf,0x19,0xe7,0x19,0xdf,0x19,0xdf,0x19,0xdf,0x19,0xdf,0x19,0xdf,0x19,0xdf,0x19,0xdf,0x19,0xdf,0x19,0xdf,0x19,0xdf,
    0x19,0xe7,0x19,0xdf,0x19,0xdf,0x19,0xdf,0x19,0xdf,0x19,0xdf,0x19,0xdf,0x19,0xdf,0x19,0xdf,0x19,0xdf,0x19,0xdf,0x19,0xdf,0x19,0xdf,0x19,0xdf,0x19,0xdf,0x19,0xdf,
    0x19,0xdf,0x19,0xdf,0x19,0xdf,0x19,0xdf,0x19,0xdf,0x19,0xdf,0x19,0xdf,0x19,0xdf,0x19,0xdf,0x19,0xdf,0x19,0xdf,0x19,0xdf,0x19,0xdf,0x19,0xdf,0x19,0xdf,0x19,0xdf,
    0x19,0xdf,0x19,0xdf,0x19,0xdf,0x19,0xdf,0x19,0xdf,0x19,0xdf,0x19,0xdf,0x19,0xdf,0x19,0xdf,0x19,0xdf,0x19,0xdf,0x19,0xdf,0x19,0xdf,0x19,0xdf,0x19,0xdf,0x19,0xdf,
    0x19,0xdf,0x19,0xdf,0x19,0xdf,0x19,0xdf,0x19,0xdf,0x19,0xdf,0x19,0xdf,0x19,0xdf,0x19,0xdf,0x19,0xdf,0x19,0xdf,0x19,0xdf,0x19,0xdf,0x19,0xdf,0x19,0xdf,0x19,0xdf,
    0x19,0xdf,0x19,0xdf,0x19,0xdf,0x19,0xdf,0x19,0xdf,0x19,0xdf,0x19,0xdf,0x19,0xdf,0x19,0xdf,0x19,0xdf,0x19,0xdf,0x19,0xdf,0x19,0xdf,0x19,0xdf,0x19,0xdf,0x19,0xdf,
    0x19,0xdf,0x19,0xdf,0x19,0xdf,0x19,0xdf,0x19,0xdf,0x19,0xdf,0x19,0xdf,0x19,0xdf,0x19,0xdf,0x19,0xdf,0x19,0xdf,0x19,0xdf,0x19,0xdf,0x19,0xdf,0x19,0xdf,0x19,0xdf,
    0x19,0xdf,0x19,0xdf,0x19,0xdf,0x19,0xdf,0x19,0xdf,0x19,0xdf,0x19,0xdf,0x19,0xdf,0x19,0xdf,0x19,0xdf,0x19,0xdf,0x19,0xdf,0x19,0xdf,0x19,0xdf,0x19,0xdf,0x19,0xdf,
    0x19,0xdf,0x19,0xdf,0x19,0xdf,0x19,0xdf,0x19,0xdf,0x19,0xdf,0x19,0xdf,0x19,0xdf,0x19,0xdf,0x19,0xdf,0x19,0xdf,0x19,0xe7,0x19,0xdf,0x19,0xe7,0x19,0xe7,0x19,0xdf,
    0x19,0xdf,0x19,0xdf,0x19,0xdf,0x19,0xdf,0x19,0xdf,0x19,0xdf,0x19,0xdf,0x19,0xdf,0x19,0xdf,0x19,0xdf,0x19,0xdf,0x19,0xdf,0x19,0xdf,0x19,0xdf,0x19,0xdf,0x19,0xdf,
    0x19,0xdf,0x19,0xdf,0x19,0xdf,0x19,0xdf,0x19,0xdf,0x19,0xe7,0x19,0xdf,0x19,0xdf,0x19,0xdf,0x19,0xdf,0x19,0xdf,0x19,0xdf,0x19,0xdf,0x19,0xdf,0x19,0xdf,0x19,0xdf,
    0x19,0xdf,0x19,0xdf,0x19,0xdf,0x19,0xdf,0x19,0xdf,0x19,0xdf,0x19,0xdf,0x19,0xdf,0x19,0xdf,0x19,0xdf,0x19,0xdf,0x19,0xdf,0x19,0xdf,0x19,0xdf,0x19,0xdf,0x19,0xdf,
    0x19,0xdf,0x19,0xdf,0x19,0xdf,0x19,0xdf,0x19,0xdf,0x19,0xdf,0x19,0xdf,0x19,0xdf,0x19,0xdf,0x19,0xdf,0x19,0xdf,0x19,0xe7,0x19,0xe7,0x19,0xe7,0x19,0xe7,0x19,0xdf,
    0x19,0xdf,0x19,0xdf,0x19,0xdf,0x19,0xdf,0x19,0xdf,0x19,0xe7,0x19,0xe7,0x19,0xdf,0x19,0xdf,0x19,0xe7,0x19,0xe7,0x19,0xe7,0x19,0xe7,0x19,0xe7,0x19,0xe7,0x19,0xe7,
    0x19,0xe7,0x19,0xe7,0x19,0xe7,0x19,0xe7,0x19,0xe7,0x19,0xe7,0x19,0xe7,0x19,0xe7,0x19,0xe7,0x19,0xe7,0x19,0xe7,0x19,0xe7,0x19,0xe7,0x19,0xe7,0x19,0xe7,0x19,0xe7,
    0x19,0xe7,0x19,0xe7,0x19,0xe7,0x19,0xe7,0x19,0xe7,0x19,0xe7,0x19,0xe7,0x19,0xe7,0x19,0xe7,0x19,0xe7,0x19,0xe7,0x19,0xe7,0x19,0xe7,0x19,0xe7,0x19,0xe7,0x19,0xe7,
    0x19,0xe7,0x19,0xe7,0x19,0xe7,0x19,0xe7,0x19,0xe7,0x19,0xe7,0x19,0xe7,0x19,0xe7,0x19,0xe7,0x19,0xe7,0x19,0xe7,0x19,0xe7,0x19,0xe7,0x19,0xe7,0x19,0xe7,0x19,0xe7,
    0x19,0xe7,0x19,0xe7,0x19,0xe7,0x19,0xe7,0x19,0xe7,0x19,0xe7,0x19,0xe7,0x19,0xe7,0x19,0xe7,0x19,0xe7,0x19,0xe7,0x19,0xe7,0x19,0xe7,0x19,0xe7,0x19,0xe7,0x19,0xe7,
    0x19,0xe7,0x19,0xe7,0x19,0xe7,0x19,0xe7,0x19,0xe7,0x19,0xe7,0x19,0xe7,0x19,0xe7,0x19,0xe7,0x19,0xe7,0x19,0xe7,0x19,0xe7,0x19,0xe7,0x19,0xe7,0x19,0xe7,0x19,0xe7,
    0x19,0xe7,0x19,0xe7,0x19,0xe7,0x19,0xe7,0x19,0xe7,0x19,0xe7,0x19,0xe7,0x19,0xe7,0x19,0xe7,0x19,0xe7,0x19,0xe7,0x19,0xe7,0x19,0xe7,0x19,0xe7,0x19,0xe7,0x19,0xe7,
    0x19,0xe7,0x19,0xe7,0x19,0xe7,0x19,0xe7,0x19,0xe7,0x19,0xe7,0x19,0xe7,0x19,0xe7,0x19,0xe7,0x19,0xe7,0x19,0xe7,0x19,0xe7,0x19,0xe7,0x19,0xe7,0x19,0xe7,0x19,0xe7,
    0x19,0xe7,0x19,0xe7,0x19,0xe7,0x19,0xe7,0x19,0xe7,0x19,0xe7,0x19,0xe7,0x19,0xe7,0x19,0xe7,0x19,0xe7,0x19,0xe7,0x19,0xe7,0x19,0xe7,0x19,0xe7,0x19,0xe7,0x19,0xe7,
    0x19,0xe7,0x19,0xe7,0x19,0xe7,0x19,0xe7,0x19,0xe7,0x19,0xe7,0x19,0xe7,0x19,0xe7,0x19,0xe7,0x19,0xe7,0x19,0xe7,0x19,0xe7,0x19,0xe7,0x19,0xe7,0x19,0xe7,0x19,0xe7,
    0x19,0xe7,0x19,0xe7,0x19,0xe7,0x19,0xe7,0x19,0xe7,0x19,0xe7,0x19,0xe7,0x19,0xe7,0x19,0xe7,0x19,0xe7,0x19,0xe7,0x19,0xe7,0x19,0xe7,0x19,0xe7,0x19,0xe7,0x19,0xe7,
    0x19,0xe7,0x19,0xe7,0x19,0xe7,0x19,0xe7,0x19,0xe7,0x19,0xe7,0x19,0xe7,0x19,0xe7,0x19,0xe7,0x19,0xe7,0x19,0xe7,0x19,0xe7,0x19,0xe7,0x19,0xe7,0x19,0xe7,0x19,0xe7,
    0x19,0xe7,0x19,0xe7,0x19,0xe7,0x19,0xe7,0x19,0xe7,0x19,0xe7,0x19,0xe7,0x19,0xe7,0x19,0xe7,0x19,0xe7,0x19,0xe7,0x19,0xe7,0x19,0xe7,0x19,0xe7,0x19,0xe7,0x19,0xe7,
    0x19,0xe7,0x19,0xe7,0x19,0xe7,0x19,0xe7,0x19,0xe7,0x19,0xe7,0x19,0xe7,0x19,0xe7,0x19,0xe7,0x19,0xe7,0x19,0xe7,0x19,0xe7,0x19,0xe7,0x19,0xe7,0x19,0xe7,0x19,0xe7,
    0x19,0xe7,0x19,0xe7,0x19,0xe7,0x19,0xe7,0x19,0xe7,0x19,0xe7,0x19,0xe7,0x19,0xe7,0x19,0xe7,0x19,0xe7,0x19,0xe7,0x19,0xe7,0x19,0xe7,0x19,0xe7,0x19,0xe7,0x19,0xe7,
    0x19,0xe7,0x19,0xe7,
};

const lv_image_dsc_t folotoy_pomodoro_scene_night = {
  .header = {
    .magic = LV_IMAGE_HEADER_MAGIC,
    .cf = LV_COLOR_FORMAT_RGB565,
    .flags = 0,
    .w = 230,
    .h = 107,
    .stride = 460,
    .reserved_2 = 0,
  },
  .data_size = sizeof(folotoy_pomodoro_scene_night_map),
  .data = folotoy_pomodoro_scene_night_map,
  .reserved = NULL,
};
